t,dt,step,state_seq,control_mode,drive_mode,gripper_cmd,gripper_width,q0,q1,q2,q3,q4,q5,q6
0.012293338775634766,0.0,0,0,takeover,cartesian_freedrive,-1.0,0.07999776303768158,-0.12967008352279663,0.021472590044140816,-0.02204367332160473,-2.1751935482025146,0.059987664222717285,2.1971616744995117,1.647049903869629
0.034998178482055664,0.0227048397064209,1,1,takeover,cartesian_freedrive,-1.0,0.07999776303768158,-0.129672572016716,0.021478379145264626,-0.022043604403734207,-2.1751973628997803,0.059986505657434464,2.1971609592437744,1.6470530033111572
0.07306337356567383,0.038065195083618164,2,2,takeover,cartesian_freedrive,-1.0,0.07999776303768158,-0.12967175245285034,0.021478792652487755,-0.022045711055397987,-2.1751980781555176,0.059987664222717285,2.1971616744995117,1.6470566987991333
0.10112881660461426,0.02806544303894043,3,3,takeover,cartesian_freedrive,-1.0,0.07999776303768158,-0.12966807186603546,0.02148038148880005,-0.02204384095966816,-2.1751973628997803,0.05998615175485611,2.1971609592437744,1.6470528841018677
0.13452887535095215,0.03340005874633789,4,4,takeover,cartesian_freedrive,-1.0,0.07999776303768158,-0.1296696662902832,0.02147744782269001,-0.022047892212867737,-2.175201892852783,0.05998770892620087,2.1971609592437744,1.6470547914505005
0.19708728790283203,0.06255841255187988,5,5,takeover,cartesian_freedrive,-1.0,0.07999776303768158,-0.1296672374010086,0.021474644541740417,-0.022042524069547653,-2.1751980781555176,0.05998615175485611,2.1971609592437744,1.6470568180084229
0.20100736618041992,0.003920078277587891,6,6,takeover,cartesian_freedrive,-1.0,0.07999776303768158,-0.1296672224998474,0.021476007997989655,-0.022041480988264084,-2.175196409225464,0.05998842418193817,2.1971616744995117,1.6470540761947632
0.2393968105316162,0.03838944435119629,7,7,takeover,cartesian_freedrive,-1.0,0.07999776303768158,-0.1296694427728653,0.02147635631263256,-0.022043608129024506,-2.1751980781555176,0.05998603627085686,2.1971609592437744,1.6470547914505005
0.26785850524902344,0.028461694717407227,8,8,takeover,cartesian_freedrive,-1.0,0.07999776303768158,-0.1296709179878235,0.021480487659573555,-0.022045686841011047,-2.175199508666992,0.05998579412698746,2.1971614360809326,1.6470566987991333
0.301194429397583,0.03333592414855957,9,9,takeover,cartesian_freedrive,-1.0,0.07999776303768158,-0.1296732872724533,0.02147669717669487,-0.02204960398375988,-2.1751980781555176,0.05998654291033745,2.1971616744995117,1.6470558643341064
0.33983302116394043,0.03863859176635742,10,10,takeover,cartesian_freedrive,-1.0,0.07999709993600845,-0.12967167794704437,0.021477477625012398,-0.022045761346817017,-2.175196409225464,0.05999116599559784,2.1971616744995117,1.6470507383346558
0.3680601119995117,0.02822709083557129,11,11,takeover,cartesian_freedrive,-1.0,0.07999709993600845,-0.129669651389122,0.021479090675711632,-0.022043682634830475,-2.1752004623413086,0.059987664222717285,2.1971616744995117,1.647055745124817
0.40133166313171387,0.03327155113220215,12,12,takeover,cartesian_freedrive,-1.0,0.07999709993600845,-0.12966583669185638,0.021479198709130287,-0.022041847929358482,-2.1751980781555176,0.05998768284916878,2.1971609592437744,1.6470533609390259
0.44002413749694824,0.038692474365234375,13,13,takeover,cartesian_freedrive,-1.0,0.07999709993600845,-0.129665806889534,0.02147848717868328,-0.022045690566301346,-2.175196409225464,0.059986189007759094,2.197160482406616,1.6470555067062378
0.46805286407470703,0.02802872657775879,14,14,takeover,cartesian_freedrive,-1.0,0.07999709993600845,-0.1296675205230713,0.021475067362189293,-0.022045765072107315,-2.175200939178467,0.059987664222717285,2.197162628173828,1.647059440612793
0.5012102127075195,0.0331573486328125,15,15,takeover,cartesian_freedrive,-1.0,0.07999709993600845,-0.12966929376125336,0.021475747227668762,-0.022045686841011047,-2.1751980781555176,0.059986505657434464,2.197165012359619,1.6470553874969482
0.5403158664703369,0.03910565376281738,16,16,takeover,cartesian_freedrive,-1.0,0.07999776303768158,-0.1296672374010086,0.021481197327375412,-0.02204817533493042,-2.1751999855041504,0.05998702719807625,2.1971609592437744,1.64705228805542
0.567864179611206,0.02754831314086914,17,17,takeover,cartesian_freedrive,-1.0,0.07999776303768158,-0.1296658217906952,0.021482199430465698,-0.022045575082302094,-2.175203800201416,0.059988848865032196,2.1971609592437744,1.6470454931259155
0.6060779094696045,0.03821372985839844,18,18,takeover,cartesian_freedrive,-1.0,0.07999776303768158,-0.12967140972614288,0.021481117233633995,-0.022043289616703987,-2.1751980781555176,0.05998832732439041,2.1971609592437744,1.6470558643341064
0.6344826221466064,0.028404712677001953,19,19,takeover,cartesian_freedrive,-1.0,0.07999776303768158,-0.12966793775558472,0.021476777270436287,-0.022045709192752838,-2.1751999855041504,0.05998539179563522,2.197162389755249,1.6470584869384766
0.6733303070068359,0.03884768486022949,20,20,takeover,cartesian_freedrive,-1.0,0.07999776303768158,-0.1296672374010086,0.021479198709130287,-0.022043604403734207,-2.1751983165740967,0.0599869042634964,2.1971609592437744,1.6470584869384766
0.7011370658874512,0.027806758880615234,21,21,takeover,cartesian_freedrive,-1.0,0.07999776303768158,-0.12966793775558472,0.021477067843079567,-0.022045686841011047,-2.1751980781555176,0.05998574569821358,2.1971609592437744,1.6470544338226318
0.7345321178436279,0.03339505195617676,22,22,takeover,cartesian_freedrive,-1.0,0.07999776303768158,-0.12967175245285034,0.0214812234044075,-0.02204369194805622,-2.1751956939697266,0.05998702719807625,2.197160243988037,1.64705228805542
0.7729470729827881,0.038414955139160156,23,23,takeover,cartesian_freedrive,-1.0,0.07999776303768158,-0.12966792285442352,0.021479202434420586,-0.022046392783522606,-2.175194025039673,0.05998539552092552,2.1971616744995117,1.6470547914505005
0.8011555671691895,0.028208494186401367,24,24,takeover,cartesian_freedrive,-1.0,0.07999776303768158,-0.12966957688331604,0.021479196846485138,-0.022043604403734207,-2.175196409225464,0.059986505657434464,2.19716215133667,1.647057294845581
0.8344793319702148,0.03332376480102539,25,25,takeover,cartesian_freedrive,-1.0,0.07999776303768158,-0.1296750009059906,0.02148119919002056,-0.022047337144613266,-2.1752002239227295,0.05998527258634567,2.1971609592437744,1.6470544338226318
0.8727118968963623,0.03823256492614746,26,26,takeover,cartesian_freedrive,-1.0,0.07999776303768158,-0.12966793775558472,0.0214757788926363,-0.022045684978365898,-2.175196409225464,0.05998702719807625,2.1971609592437744,1.6470508575439453
0.9011352062225342,0.028423309326171875,27,27,takeover,cartesian_freedrive,-1.0,0.07999776303768158,-0.12966720759868622,0.021479278802871704,-0.022043604403734207,-2.175196409225464,0.05998372659087181,2.197162628173828,1.647050142288208
0.9344432353973389,0.03330802917480469,28,28,takeover,cartesian_freedrive,-1.0,0.07999776303768158,-0.12966793775558472,0.021479208022356033,-0.02204352430999279,-2.1752002239227295,0.05998843535780907,2.197162628173828,1.6470537185668945
0.9736907482147217,0.03924751281738281,29,29,takeover,cartesian_freedrive,-1.0,0.07999776303768158,-0.1296716183423996,0.021479172632098198,-0.022039689123630524,-2.1751980781555176,0.05999128893017769,2.1971628665924072,1.6470530033111572
1.0011825561523438,0.02749180793762207,30,30,takeover,cartesian_freedrive,-1.0,0.07999776303768158,-0.1296694427728653,0.021479208022356033,-0.022046402096748352,-2.1751980781555176,0.05998962000012398,2.197162628173828,1.6470561027526855
1.0409643650054932,0.039781808853149414,31,31,takeover,cartesian_freedrive,-1.0,0.07999776303768158,-0.1296694129705429,0.021481206640601158,-0.02204285003244877,-2.1751999855041504,0.05999011546373367,2.197160005569458,1.6470521688461304
1.068023920059204,0.027059555053710938,32,32,takeover,cartesian_freedrive,-1.0,0.07999776303768158,-0.1296723634004593,0.021480226889252663,-0.02204568311572075,-2.1752002239227295,0.05998614802956581,2.1971616744995117,1.6470507383346558
1.1013264656066895,0.03330254554748535,33,33,takeover,cartesian_freedrive,-1.0,0.07999776303768158,-0.1296698898077011,0.021477486938238144,-0.02204182930290699,-2.1751961708068848,0.059986911714076996,2.1971616744995117,1.647051453590393
1.1407525539398193,0.03942608833312988,34,34,takeover,cartesian_freedrive,-1.0,0.07999776303768158,-0.12966793775558472,0.021475857123732567,-0.02204386331140995,-2.1751980781555176,0.0599873811006546,2.1971633434295654,1.6470553874969482
1.1680378913879395,0.027285337448120117,35,35,takeover,cartesian_freedrive,-1.0,0.07999776303768158,-0.12966807186603546,0.021477486938238144,-0.02204650081694126,-2.175194263458252,0.059986162930727005,2.1971609592437744,1.6470553874969482
1.2012543678283691,0.03321647644042969,36,36,takeover,cartesian_freedrive,-1.0,0.07999776303768158,-0.12966622412204742,0.02148333750665188,-0.02204214036464691,-2.1751980781555176,0.05999042093753815,2.1971566677093506,1.6470530033111572
1.2394318580627441,0.038177490234375,37,37,takeover,cartesian_freedrive,-1.0,0.07999776303768158,-0.129669651389122,0.021477174013853073,-0.022045472636818886,-2.1751980781555176,0.059988733381032944,2.197162628173828,1.6470564603805542
1.2678439617156982,0.0284121036529541,38,38,takeover,cartesian_freedrive,-1.0,0.07999776303768158,-0.12967164814472198,0.021479198709130287,-0.02204253152012825,-2.175198793411255,0.0599910207092762,2.197157382965088,1.6470518112182617
1.3012125492095947,0.033368587493896484,39,39,takeover,cartesian_freedrive,-1.0,0.07999776303768158,-0.1296679675579071,0.021475775167346,-0.02204568311572075,-2.1751980781555176,0.05998629331588745,2.197160243988037,1.64705228805542
1.339365005493164,0.038152456283569336,40,40,takeover,cartesian_freedrive,-1.0,0.07999776303768158,-0.12966817617416382,0.021479198709130287,-0.022043602541089058,-2.175201892852783,0.059987571090459824,2.1971607208251953,1.6470544338226318
1.3678441047668457,0.02847909927368164,41,41,takeover,cartesian_freedrive,-1.0,0.07999776303768158,-0.129669651389122,0.021476037800312042,-0.02204568311572075,-2.175194025039673,0.05998694896697998,2.197160243988037,1.647051453590393
1.406087875366211,0.038243770599365234,42,42,takeover,cartesian_freedrive,-1.0,0.07999776303768158,-0.1296696662902832,0.02147577330470085,-0.022045688703656197,-2.1752002239227295,0.05998614802956581,2.1971616744995117,1.647048830986023
1.434415578842163,0.02832770347595215,43,43,takeover,cartesian_freedrive,-1.0,0.07999776303768158,-0.12967094779014587,0.021478142589330673,-0.02204255759716034,-2.175194263458252,0.059987228363752365,2.1971611976623535,1.6470513343811035
1.4731366634368896,0.03872108459472656,44,44,takeover,cartesian_freedrive,-1.0,0.07999776303768158,-0.129669651389122,0.021481910720467567,-0.022049494087696075,-2.1751983165740967,0.05998862534761429,2.1971614360809326,1.6470528841018677
1.5011730194091797,0.02803635597229004,45,45,takeover,cartesian_freedrive,-1.0,0.07999776303768158,-0.1296672374010086,0.02147749997675419,-0.022045837715268135,-2.175194263458252,0.05998694524168968,2.1971616744995117,1.6470530033111572
1.5344622135162354,0.033289194107055664,46,46,takeover,cartesian_freedrive,-1.0,0.07999776303768158,-0.12966986000537872,0.021479643881320953,-0.022043712437152863,-2.175196409225464,0.05998833104968071,2.197160005569458,1.6470528841018677
1.572840929031372,0.03837871551513672,47,47,takeover,cartesian_freedrive,-1.0,0.07999776303768158,-0.12967164814472198,0.021475864574313164,-0.022041114047169685,-2.175196409225464,0.05998694524168968,2.1971607208251953,1.647050380706787
1.601102590560913,0.028261661529541016,48,48,takeover,cartesian_freedrive,-1.0,0.07999776303768158,-0.12966769933700562,0.021477917209267616,-0.022045709192752838,-2.1751980781555176,0.059989385306835175,2.197157621383667,1.6470544338226318
1.6344614028930664,0.03335881233215332,49,49,takeover,cartesian_freedrive,-1.0,0.07999776303768158,-0.1296689510345459,0.02147773467004299,-0.0220428928732872,-2.1751980781555176,0.05999239534139633,2.1971614360809326,1.647050142288208
1.6727137565612793,0.03825235366821289,50,50,takeover,cartesian_freedrive,-1.0,0.07999776303768158,-0.1296689510345459,0.02147965505719185,-0.022043578326702118,-2.175194025039673,0.05998988449573517,2.197160243988037,1.6470506191253662
1.701258659362793,0.028544902801513672,51,51,takeover,cartesian_freedrive,-1.0,0.07999776303768158,-0.12965936958789825,0.021484309807419777,-0.02203981950879097,-2.175217866897583,0.05998871847987175,2.1971535682678223,1.6470537185668945
1.734482765197754,0.03322410583496094,52,52,takeover,cartesian_freedrive,-1.0,0.07999776303768158,-0.1296377182006836,0.021432893350720406,-0.022028498351573944,-2.1752336025238037,0.05998576059937477,2.197146415710449,1.6470496654510498
1.7727813720703125,0.038298606872558594,53,53,takeover,cartesian_freedrive,-1.0,0.07999776303768158,-0.12968985736370087,0.020805437117815018,-0.022069556638598442,-2.1752099990844727,0.05999646335840225,2.1971323490142822,1.6470521688461304
1.8011524677276611,0.028371095657348633,54,54,takeover,cartesian_freedrive,-1.0,0.07999776303768158,-0.1296961009502411,0.019927918910980225,-0.022106239572167397,-2.17513108253479,0.05999664589762688,2.1971335411071777,1.6470482349395752
1.8344721794128418,0.033319711685180664,55,55,takeover,cartesian_freedrive,-1.0,0.07999776303768158,-0.1296776831150055,0.01951580122113228,-0.022097855806350708,-2.1750431060791016,0.05999624356627464,2.1971254348754883,1.647048830986023
1.8729515075683594,0.03847932815551758,56,56,takeover,cartesian_freedrive,-1.0,0.07999776303768158,-0.1295977234840393,0.019675059244036674,-0.022049585357308388,-2.175056219100952,0.05999624356627464,2.1971230506896973,1.6470544338226318
1.9012229442596436,0.02827143669128418,57,57,takeover,cartesian_freedrive,-1.0,0.07999776303768158,-0.1293986588716507,0.02016465924680233,-0.02205999195575714,-2.175037145614624,0.059999313205480576,2.1971242427825928,1.6470552682876587
1.9344627857208252,0.03323984146118164,58,58,takeover,cartesian_freedrive,-1.0,0.07999776303768158,-0.12914253771305084,0.020855726674199104,-0.022055812180042267,-2.1750593185424805,0.060001444071531296,2.197126865386963,1.6470507383346558
1.973604440689087,0.03914165496826172,59,59,takeover,cartesian_freedrive,-1.0,0.07999776303768158,-0.12881575524806976,0.021684879437088966,-0.022060371935367584,-2.175044298171997,0.060004208236932755,2.197127342224121,1.6470526456832886
2.0014355182647705,0.027831077575683594,60,60,takeover,cartesian_freedrive,-1.0,0.07999776303768158,-0.12858834862709045,0.022479109466075897,-0.022051511332392693,-2.175016164779663,0.06000887230038643,2.1971354484558105,1.6470502614974976
2.0406100749969482,0.039174556732177734,61,61,takeover,cartesian_freedrive,-1.0,0.07999776303768158,-0.1281004250049591,0.0239678006619215,-0.022046608850359917,-2.174996852874756,0.06000998988747597,2.1971426010131836,1.6470444202423096
2.0679426193237305,0.027332544326782227,62,62,takeover,cartesian_freedrive,-1.0,0.07999776303768158,-0.12774525582790375,0.025373855605721474,-0.022028641775250435,-2.174891710281372,0.06001589074730873,2.1971449851989746,1.6470506191253662
2.1013150215148926,0.03337240219116211,63,63,takeover,cartesian_freedrive,-1.0,0.07999776303768158,-0.12727847695350647,0.02747071534395218,-0.022019075229763985,-2.174738883972168,0.06001747027039528,2.197145938873291,1.647047519683838
2.1404712200164795,0.039156198501586914,64,64,takeover,cartesian_freedrive,-1.0,0.07999776303768158,-0.12684375047683716,0.030270949006080627,-0.022020280361175537,-2.1745362281799316,0.06002212315797806,2.1971511840820312,1.647046685218811
2.1680517196655273,0.02758049964904785,65,65,takeover,cartesian_freedrive,-1.0,0.07999776303768158,-0.12651975452899933,0.03239032253623009,-0.022016827017068863,-2.1742587089538574,0.06002315878868103,2.1971583366394043,1.647045373916626
2.2065560817718506,0.03850436210632324,66,66,takeover,cartesian_freedrive,-1.0,0.07999776303768158,-0.12613262236118317,0.03544384241104126,-0.02201545238494873,-2.173541784286499,0.060027796775102615,2.19716739654541,1.6470365524291992
2.234605550765991,0.028049468994140625,67,67,takeover,cartesian_freedrive,-1.0,0.07999776303768158,-0.12584824860095978,0.03765241801738739,-0.022011080756783485,-2.1727936267852783,0.06003403663635254,2.1971757411956787,1.6470317840576172
2.268052577972412,0.0334470272064209,68,68,takeover,cartesian_freedrive,-1.0,0.07999776303768158,-0.12555617094039917,0.040540777146816254,-0.02201469987630844,-2.1715149879455566,0.060030240565538406,2.1971726417541504,1.647027850151062
2.306697368621826,0.03864479064941406,69,69,takeover,cartesian_freedrive,-1.0,0.07999776303768158,-0.1253243386745453,0.04348594322800636,-0.022012969478964806,-2.1700103282928467,0.060033414512872696,2.1971778869628906,1.647032380104065
2.3344614505767822,0.027764081954956055,70,70,takeover,cartesian_freedrive,-1.0,0.07999776303768158,-0.12528261542320251,0.04547406733036041,-0.022016756236553192,-2.1689345836639404,0.06003103032708168,2.1971797943115234,1.6470235586166382
2.367828845977783,0.03336739540100098,71,71,takeover,cartesian_freedrive,-1.0,0.07999776303768158,-0.12528447806835175,0.04778674617409706,-0.02201867289841175,-2.167527198791504,0.06003529205918312,2.1971755027770996,1.6470235586166382
2.406184196472168,0.038355350494384766,72,72,takeover,cartesian_freedrive,-1.0,0.07999776303768158,-0.1252913922071457,0.04991326108574867,-0.022033456712961197,-2.165872573852539,0.06003578379750252,2.1971774101257324,1.6470236778259277
2.4344918727874756,0.028307676315307617,73,73,takeover,cartesian_freedrive,-1.0,0.07999776303768158,-0.12529267370700836,0.051411740481853485,-0.022033710032701492,-2.16452693939209,0.060034703463315964,2.1971747875213623,1.6470192670822144
2.4727180004119873,0.03822612762451172,74,74,takeover,cartesian_freedrive,-1.0,0.07999776303768158,-0.12527310848236084,0.053022488951683044,-0.02202620916068554,-2.1625592708587646,0.060035690665245056,2.197183847427368,1.647013545036316
2.501166820526123,0.028448820114135742,75,75,takeover,cartesian_freedrive,-1.0,0.07999776303768158,-0.12527160346508026,0.05421062558889389,-0.02202562615275383,-2.161062717437744,0.060038842260837555,2.1971871852874756,1.6470123529434204
2.534511089324951,0.033344268798828125,76,76,takeover,cartesian_freedrive,-1.0,0.07999776303768158,-0.12525981664657593,0.055539846420288086,-0.022021789103746414,-2.1592729091644287,0.06003900244832039,2.1971840858459473,1.6470067501068115
2.573560953140259,0.03904986381530762,77,77,takeover,cartesian_freedrive,-1.0,0.07999776303768158,-0.12518100440502167,0.057084087282419205,-0.02202288992702961,-2.1567935943603516,0.06003977358341217,2.197185754776001,1.6470049619674683
2.601304054260254,0.027743101119995117,78,78,takeover,cartesian_freedrive,-1.0,0.07999776303768158,-0.12509070336818695,0.058357998728752136,-0.022015424445271492,-2.1546738147735596,0.06003900244832039,2.197178363800049,1.6470003128051758
2.6396567821502686,0.03835272789001465,79,79,takeover,cartesian_freedrive,-1.0,0.07999776303768158,-0.12490936368703842,0.06015533208847046,-0.02201079949736595,-2.1513564586639404,0.06004011631011963,2.1971867084503174,1.6470022201538086
2.667999744415283,0.02834296226501465,80,80,takeover,cartesian_freedrive,-1.0,0.07999776303768158,-0.12476996332406998,0.06151200085878372,-0.022013995796442032,-2.1488075256347656,0.06003931909799576,2.197190999984741,1.647003412246704
2.7073638439178467,0.03936409950256348,81,81,takeover,cartesian_freedrive,-1.0,0.07999776303768158,-0.12466109544038773,0.06316781044006348,-0.022014714777469635,-2.1459274291992188,0.06004464253783226,2.1971864700317383,1.647003412246704
2.734560489654541,0.027196645736694336,82,82,takeover,cartesian_freedrive,-1.0,0.07999776303768158,-0.12466929852962494,0.06427454948425293,-0.022027326747775078,-2.1441493034362793,0.06004123389720917,2.197185516357422,1.646999478340149
2.7678921222686768,0.03333163261413574,83,83,takeover,cartesian_freedrive,-1.0,0.07999776303768158,-0.1246984452009201,0.06555389612913132,-0.022049156948924065,-2.142130136489868,0.06004287302494049,2.1971774101257324,1.6470041275024414
2.8064424991607666,0.038550376892089844,84,84,takeover,cartesian_freedrive,-1.0,0.07999776303768158,-0.12475961446762085,0.06701434403657913,-0.022096341475844383,-2.140042543411255,0.060048509389162064,2.1971750259399414,1.6470046043395996
2.8347434997558594,0.028301000595092773,85,85,takeover,cartesian_freedrive,-1.0,0.07999776303768158,-0.12478547543287277,0.06803437322378159,-0.022111613303422928,-2.138606309890747,0.0600445531308651,2.197173595428467,1.647001028060913
2.867936372756958,0.03319287300109863,86,86,takeover,cartesian_freedrive,-1.0,0.07999776303768158,-0.12481788545846939,0.06934826821088791,-0.022144699469208717,-2.1368963718414307,0.060046423226594925,2.1971731185913086,1.647003412246704
2.907414436340332,0.03947806358337402,87,87,takeover,cartesian_freedrive,-1.0,0.07999776303768158,-0.12486584484577179,0.07070036977529526,-0.022268205881118774,-2.1353161334991455,0.060048699378967285,2.19718074798584,1.6470057964324951
2.9345643520355225,0.02714991569519043,88,88,takeover,cartesian_freedrive,-1.0,0.07999776303768158,-0.12498314678668976,0.0715213343501091,-0.02236696518957615,-2.13456392288208,0.06005052849650383,2.197173595428467,1.6470013856887817
2.973749876022339,0.039185523986816406,89,89,takeover,cartesian_freedrive,-1.0,0.07999776303768158,-0.12521961331367493,0.07247431576251984,-0.022593872621655464,-2.133714199066162,0.06005735695362091,2.1971664428710938,1.647001028060913
3.001126766204834,0.027376890182495117,90,90,takeover,cartesian_freedrive,-1.0,0.07999776303768158,-0.12548387050628662,0.073036327958107,-0.022894738242030144,-2.1331722736358643,0.06006375700235367,2.1971614360809326,1.6470041275024414
3.0348174571990967,0.033690690994262695,91,91,takeover,cartesian_freedrive,-1.0,0.07999776303768158,-0.1259186863899231,0.07346118986606598,-0.023324167355895042,-2.1326804161071777,0.060080673545598984,2.1971590518951416,1.646998643875122
3.073981285095215,0.039163827896118164,92,92,takeover,cartesian_freedrive,-1.0,0.07999776303768158,-0.12678466737270355,0.07361827045679092,-0.02393069490790367,-2.1323657035827637,0.06011456623673439,2.197157621383667,1.6469998359680176
3.1011674404144287,0.027186155319213867,93,93,takeover,cartesian_freedrive,-1.0,0.07999776303768158,-0.12746529281139374,0.07358208298683167,-0.024472538381814957,-2.1323373317718506,0.060713961720466614,2.197150945663452,1.647007942199707
3.14007830619812,0.038910865783691406,94,94,takeover,cartesian_freedrive,-1.0,0.07999776303768158,-0.12875214219093323,0.07348679006099701,-0.02551286481320858,-2.1323442459106445,0.06109173968434334,2.1971373558044434,1.6470074653625488
3.1679649353027344,0.027886629104614258,95,95,takeover,cartesian_freedrive,-1.0,0.07999776303768158,-0.12967900931835175,0.0734686627984047,-0.02660626545548439,-2.1323599815368652,0.061167456209659576,2.197124719619751,1.6470142602920532
3.201491117477417,0.03352618217468262,96,96,takeover,cartesian_freedrive,-1.0,0.07999776303768158,-0.13084396719932556,0.07350517064332962,-0.02842448279261589,-2.1323893070220947,0.061273522675037384,2.197096109390259,1.647007942199707
3.2399046421051025,0.03841352462768555,97,97,takeover,cartesian_freedrive,-1.0,0.07999776303768158,-0.13210658729076385,0.07353831082582474,-0.03066260740160942,-2.132384777069092,0.06132010370492935,2.1970534324645996,1.6470036506652832
3.2680397033691406,0.028135061264038086,98,98,takeover,cartesian_freedrive,-1.0,0.07999776303768158,-0.13301187753677368,0.07354972511529922,-0.03245317190885544,-2.132392644882202,0.06132897362112999,2.196962356567383,1.646999478340149
3.3072216510772705,0.03918194770812988,99,99,takeover,cartesian_freedrive,-1.0,0.07999776303768158,-0.134149968624115,0.0735052078962326,-0.034832119941711426,-2.1323752403259277,0.06133487820625305,2.196894407272339,1.6469992399215698
3.3345770835876465,0.027355432510375977,100,100,takeover,cartesian_freedrive,-1.0,0.07999776303768158,-0.1350068300962448,0.07345602661371231,-0.03640665486454964,-2.132378578186035,0.06134335696697235,2.196887493133545,1.6469981670379639
3.3680238723754883,0.0334467887878418,101,101,takeover,cartesian_freedrive,-1.0,0.07999709993600845,-0.13607634603977203,0.07335297763347626,-0.0382925420999527,-2.1323935985565186,0.06134456396102905,2.196855306625366,1.6469993591308594
3.4065020084381104,0.03847813606262207,102,102,takeover,cartesian_freedrive,-1.0,0.07999709993600845,-0.1373586505651474,0.07328607141971588,-0.040235280990600586,-2.1323904991149902,0.06134823337197304,2.1968207359313965,1.6469953060150146
3.434664726257324,0.028162717819213867,103,103,takeover,cartesian_freedrive,-1.0,0.07999709993600845,-0.13797971606254578,0.07330632954835892,-0.04184002801775932,-2.1324050426483154,0.06135183200240135,2.19673752784729,1.6469930410385132
3.4679064750671387,0.03324174880981445,104,104,takeover,cartesian_freedrive,-1.0,0.07999709993600845,-0.1384129673242569,0.07337018102407455,-0.04398306459188461,-2.132432222366333,0.0613514743745327,2.1964521408081055,1.6469937562942505
3.5060813426971436,0.03817486763000488,105,105,takeover,cartesian_freedrive,-1.0,0.07999709993600845,-0.13870777189731598,0.07357441633939743,-0.04603364318609238,-2.132415294647217,0.06135263666510582,2.196140766143799,1.6469897031784058
3.5346288681030273,0.02854752540588379,106,106,takeover,cartesian_freedrive,-1.0,0.07999709993600845,-0.13882197439670563,0.073834128677845,-0.04711537063121796,-2.1324267387390137,0.06135321408510208,2.1960883140563965,1.646981120109558
3.5679547786712646,0.033325910568237305,107,107,takeover,cartesian_freedrive,-1.0,0.07999776303768158,-0.13883458077907562,0.07428690046072006,-0.04796459898352623,-2.1324098110198975,0.06135387346148491,2.1960883140563965,1.6469799280166626
3.607074737548828,0.03911995887756348,108,108,takeover,cartesian_freedrive,-1.0,0.07999776303768158,-0.13882160186767578,0.07509502023458481,-0.04837603494524956,-2.132371664047241,0.06135327368974686,2.1960949897766113,1.646984577178955
3.634533643722534,0.027458906173706055,109,109,takeover,cartesian_freedrive,-1.0,0.07999776303768158,-0.13877907395362854,0.0757005363702774,-0.04835106432437897,-2.1323511600494385,0.06135936826467514,2.1960983276367188,1.6469767093658447
3.6678953170776367,0.03336167335510254,110,110,takeover,cartesian_freedrive,-1.0,0.07999776303768158,-0.13866829872131348,0.07648616284132004,-0.04830301180481911,-2.1323041915893555,0.061363495886325836,2.1961004734039307,1.646981120109558
3.7065834999084473,0.03868818283081055,111,111,takeover,cartesian_freedrive,-1.0,0.07999776303768158,-0.13848161697387695,0.07772917300462723,-0.04822985827922821,-2.1321349143981934,0.06137365847826004,2.196101427078247,1.6469757556915283
3.7345223426818848,0.0279388427734375,112,112,takeover,cartesian_freedrive,-1.0,0.07999776303768158,-0.13835665583610535,0.07891422510147095,-0.04814683645963669,-2.1318676471710205,0.0613752156496048,2.1961007118225098,1.646982192993164
3.767828941345215,0.03330659866333008,113,113,takeover,cartesian_freedrive,-1.0,0.07999776303768158,-0.13815158605575562,0.08073627948760986,-0.04804758355021477,-2.1312668323516846,0.06138553097844124,2.1961019039154053,1.6469788551330566
3.8065927028656006,0.03876376152038574,114,114,takeover,cartesian_freedrive,-1.0,0.07999776303768158,-0.13787056505680084,0.08327034115791321,-0.04794042930006981,-2.13006329536438,0.06139739602804184,2.196104049682617,1.6469796895980835
3.8346304893493652,0.02803778648376465,115,115,takeover,cartesian_freedrive,-1.0,0.07999776303768158,-0.1376667618751526,0.08540939539670944,-0.047749537974596024,-2.128783702850342,0.0614030659198761,2.196104049682617,1.6469818353652954
3.8729114532470703,0.03828096389770508,116,116,takeover,cartesian_freedrive,-1.0,0.07999776303768158,-0.1373537927865982,0.08865686506032944,-0.04744023457169533,-2.1264877319335938,0.06140618771314621,2.1961100101470947,1.6469736099243164
3.9013125896453857,0.02840113639831543,117,117,takeover,cartesian_freedrive,-1.0,0.07999776303768158,-0.13707908987998962,0.09111300110816956,-0.0471443235874176,-2.1246509552001953,0.06140774115920067,2.1961116790771484,1.6469780206680298
3.934647560119629,0.033334970474243164,118,118,takeover,cartesian_freedrive,-1.0,0.07999776303768158,-0.1368028223514557,0.09385260194540024,-0.046778906136751175,-2.122709035873413,0.061419226229190826,2.1961257457733154,1.646979570388794
3.973318099975586,0.03867053985595703,119,119,takeover,cartesian_freedrive,-1.0,0.07999776303768158,-0.13656605780124664,0.0965597853064537,-0.04639805108308792,-2.121236801147461,0.0614212267100811,2.1961264610290527,1.6469786167144775
4.00136661529541,0.02804851531982422,120,120,takeover,cartesian_freedrive,-1.0,0.07999776303768158,-0.13655562698841095,0.09809845685958862,-0.046274080872535706,-2.1206226348876953,0.06142599880695343,2.196124315261841,1.6469835042953491
4.034648418426514,0.033281803131103516,121,121,takeover,cartesian_freedrive,-1.0,0.07999776303768158,-0.136623352766037,0.09947765618562698,-0.04634470120072365,-2.1202285289764404,0.06142490357160568,2.196119785308838,1.6469842195510864
4.074307203292847,0.03965878486633301,122,122,takeover,cartesian_freedrive,-1.0,0.07999709993600845,-0.136769637465477,0.10020552575588226,-0.0467660166323185,-2.1202356815338135,0.0614275261759758,2.196112632751465,1.646981954574585
4.101311445236206,0.027004241943359375,123,123,takeover,cartesian_freedrive,-1.0,0.07999709993600845,-0.137019544839859,0.10030095279216766,-0.04722346365451813,-2.120255708694458,0.06142689287662506,2.1961028575897217,1.6469850540161133
4.1397552490234375,0.038443803787231445,124,124,takeover,cartesian_freedrive,-1.0,0.07999709993600845,-0.1375371813774109,0.10015301406383514,-0.04816579446196556,-2.1202104091644287,0.061431676149368286,2.196104049682617,1.6469871997833252
4.168448448181152,0.028693199157714844,125,125,takeover,cartesian_freedrive,-1.0,0.07999709993600845,-0.13803613185882568,0.0999034121632576,-0.04916849732398987,-2.1202359199523926,0.06144234538078308,2.196098566055298,1.6469870805740356
4.207898378372192,0.03944993019104004,126,126,takeover,cartesian_freedrive,-1.0,0.07999709993600845,-0.13897080719470978,0.09953702986240387,-0.050780560821294785,-2.1202242374420166,0.06145131587982178,2.1961007118225098,1.6469881534576416
4.234771966934204,0.02687358856201172,127,127,takeover,cartesian_freedrive,-1.0,0.07999776303768158,-0.13978822529315948,0.09926898032426834,-0.05210716649889946,-2.1202175617218018,0.06145421788096428,2.19610333442688,1.6469885110855103
4.2734057903289795,0.03863382339477539,128,128,takeover,cartesian_freedrive,-1.0,0.07999776303768158,-0.14100950956344604,0.09891265630722046,-0.05443570762872696,-2.120213508605957,0.06146050989627838,2.1961047649383545,1.6469841003417969
4.301165580749512,0.027759790420532227,129,129,takeover,cartesian_freedrive,-1.0,0.07999776303768158,-0.14207981526851654,0.09869212657213211,-0.05632464215159416,-2.1202120780944824,0.061464086174964905,2.1961052417755127,1.6469825506210327
4.33467435836792,0.0335087776184082,130,130,takeover,cartesian_freedrive,-1.0,0.07999776303768158,-0.14351677894592285,0.09845560044050217,-0.05876729637384415,-2.120192766189575,0.061468083411455154,2.1961076259613037,1.6469857692718506
4.373187303543091,0.0385129451751709,131,131,takeover,cartesian_freedrive,-1.0,0.07999776303768158,-0.14581537246704102,0.09830749034881592,-0.061514295637607574,-2.1201910972595215,0.06146853044629097,2.1961095333099365,1.6469810009002686
4.401182413101196,0.02799510955810547,132,132,takeover,cartesian_freedrive,-1.0,0.07999776303768158,-0.14772042632102966,0.09832347184419632,-0.06342907249927521,-2.120182752609253,0.06146928668022156,2.1961135864257812,1.646983027458191
4.434473276138306,0.033290863037109375,133,133,takeover,cartesian_freedrive,-1.0,0.07999776303768158,-0.1501682847738266,0.098365418612957,-0.06568081676959991,-2.1201770305633545,0.061472076922655106,2.196115493774414,1.646973967552185
4.473830938339233,0.039357662200927734,134,134,takeover,cartesian_freedrive,-1.0,0.07999776303768158,-0.15283210575580597,0.09840251505374908,-0.06865815073251724,-2.120159149169922,0.061471518129110336,2.1961188316345215,1.6469436883926392
4.501137018203735,0.027306079864501953,135,135,takeover,cartesian_freedrive,-1.0,0.07999776303768158,-0.15457351505756378,0.09841292351484299,-0.07102718204259872,-2.1201364994049072,0.061475589871406555,2.1961188316345215,1.6469297409057617
4.534514665603638,0.033377647399902344,136,136,takeover,cartesian_freedrive,-1.0,0.07999776303768158,-0.15645556151866913,0.09841214865446091,-0.07396821677684784,-2.1200716495513916,0.06147482991218567,2.1961238384246826,1.6469107866287231
4.572896957397461,0.03838229179382324,137,137,takeover,cartesian_freedrive,-1.0,0.07999776303768158,-0.1588672399520874,0.09843741357326508,-0.0771014615893364,-2.119818925857544,0.06148078292608261,2.196122646331787,1.646810531616211
4.601114273071289,0.028217315673828125,138,138,takeover,cartesian_freedrive,-1.0,0.07999709993600845,-0.1609291285276413,0.09848522394895554,-0.07927774637937546,-2.1195194721221924,0.061480794101953506,2.1961193084716797,1.6465983390808105
4.6393280029296875,0.03821372985839844,139,139,takeover,cartesian_freedrive,-1.0,0.07999709993600845,-0.16338661313056946,0.09865666925907135,-0.0825524851679802,-2.118917942047119,0.06148114427924156,2.196120500564575,1.6465586423873901
4.667880058288574,0.02855205535888672,140,140,takeover,cartesian_freedrive,-1.0,0.07999709993600845,-0.1649741232395172,0.09884373098611832,-0.08532042056322098,-2.1183738708496094,0.06148598715662956,2.1961257457733154,1.6465505361557007
4.701348304748535,0.03346824645996094,141,141,takeover,cartesian_freedrive,-1.0,0.07999709993600845,-0.16689735651016235,0.09914649277925491,-0.08872854709625244,-2.1176366806030273,0.061485566198825836,2.196120262145996,1.646527886390686
4.7394726276397705,0.03812432289123535,142,142,takeover,cartesian_freedrive,-1.0,0.07999709993600845,-0.1694672405719757,0.0993824377655983,-0.09216863662004471,-2.116840124130249,0.06148122251033783,2.19612455368042,1.6465046405792236
4.767918109893799,0.02844548225402832,143,143,takeover,cartesian_freedrive,-1.0,0.07999709993600845,-0.17151223123073578,0.09953378885984421,-0.09488634020090103,-2.1162734031677246,0.06148122623562813,2.1961190700531006,1.646490216255188
4.8060548305511475,0.03813672065734863,144,144,takeover,cartesian_freedrive,-1.0,0.07999776303768158,-0.17422761023044586,0.09966392815113068,-0.09867751598358154,-2.115502119064331,0.06148335710167885,2.196119785308838,1.6464812755584717
4.834441900253296,0.028387069702148438,145,145,takeover,cartesian_freedrive,-1.0,0.07999776303768158,-0.17662842571735382,0.09986378252506256,-0.10136949270963669,-2.114830255508423,0.061485935002565384,2.1961169242858887,1.6464651823043823
4.872904539108276,0.03846263885498047,146,146,takeover,cartesian_freedrive,-1.0,0.07999776303768158,-0.17998194694519043,0.10017340630292892,-0.10514181852340698,-2.1138017177581787,0.061491407454013824,2.196119546890259,1.646440029144287
4.901108741760254,0.02820420265197754,147,147,takeover,cartesian_freedrive,-1.0,0.07999776303768158,-0.18262992799282074,0.10054648667573929,-0.10837068408727646,-2.1128787994384766,0.06148853525519371,2.196117639541626,1.6463979482650757
4.934511423110962,0.03340268135070801,148,148,takeover,cartesian_freedrive,-1.0,0.07999776303768158,-0.18563061952590942,0.1011347696185112,-0.11239725351333618,-2.111610174179077,0.06149068847298622,2.1961207389831543,1.6463303565979004
4.97332239151001,0.03881096839904785,149,149,takeover,cartesian_freedrive,-1.0,0.07999776303768158,-0.1893473118543625,0.10219591110944748,-0.11713334172964096,-2.1099283695220947,0.061491046100854874,2.1961262226104736,1.6460942029953003
5.001163721084595,0.02784132957458496,150,150,takeover,cartesian_freedrive,-1.0,0.07999776303768158,-0.19195398688316345,0.10325076431035995,-0.12058207392692566,-2.108804225921631,0.06149113550782204,2.196127414703369,1.6459904909133911
5.039593935012817,0.038430213928222656,151,151,takeover,cartesian_freedrive,-1.0,0.07999776303768158,-0.1950688362121582,0.10511384159326553,-0.12541428208351135,-2.107088088989258,0.06149148941040039,2.196122646331787,1.6459132432937622
5.0679612159729,0.028367280960083008,152,152,takeover,cartesian_freedrive,-1.0,0.07999776303768158,-0.19758710265159607,0.10713167488574982,-0.12872955203056335,-2.1053426265716553,0.06148921698331833,2.196124315261841,1.645848035812378
5.101203441619873,0.033242225646972656,153,153,takeover,cartesian_freedrive,-1.0,0.07999776303768158,-0.20080241560935974,0.1100630834698677,-0.13186141848564148,-2.1027441024780273,0.06149040162563324,2.1961212158203125,1.6458030939102173
5.139394044876099,0.038190603256225586,154,154,takeover,cartesian_freedrive,-1.0,0.07999776303768158,-0.20430749654769897,0.11402328312397003,-0.1350773721933365,-2.099172830581665,0.06148921698331833,2.1961188316345215,1.6457183361053467
5.16788649559021,0.028492450714111328,155,155,takeover,cartesian_freedrive,-1.0,0.07999776303768158,-0.20663781464099884,0.11729572713375092,-0.13764722645282745,-2.096303939819336,0.061493318527936935,2.1961283683776855,1.6456776857376099
5.206250190734863,0.03836369514465332,156,156,takeover,cartesian_freedrive,-1.0,0.07999776303768158,-0.20929619669914246,0.12159959971904755,-0.14119751751422882,-2.0927469730377197,0.061495859175920486,2.1961238384246826,1.6456600427627563
5.234683275222778,0.02843308448791504,157,157,takeover,cartesian_freedrive,-1.0,0.07999776303768158,-0.2112829089164734,0.12469536066055298,-0.14376986026763916,-2.090252161026001,0.061495646834373474,2.196127414703369,1.6456489562988281
5.268020391464233,0.03333711624145508,158,158,takeover,cartesian_freedrive,-1.0,0.07999776303768158,-0.21357716619968414,0.1282801479101181,-0.14694096148014069,-2.087219476699829,0.061494771391153336,2.19612979888916,1.6456505060195923
5.306642770767212,0.038622379302978516,159,159,takeover,cartesian_freedrive,-1.0,0.07999709993600845,-0.21601124107837677,0.13170844316482544,-0.15064089000225067,-2.0842251777648926,0.06149672344326973,2.196127414703369,1.6456395387649536
5.334718465805054,0.028075695037841797,160,160,takeover,cartesian_freedrive,-1.0,0.07999709993600845,-0.21778152883052826,0.13386651873588562,-0.1533232480287552,-2.0823912620544434,0.061496004462242126,2.1961300373077393,1.6456384658813477
5.373337984085083,0.0386195182800293,161,161,takeover,cartesian_freedrive,-1.0,0.07999709993600845,-0.22054307162761688,0.1363184154033661,-0.15688185393810272,-2.0800418853759766,0.06149560958147049,2.1961262226104736,1.6456407308578491
5.401376247406006,0.02803826332092285,162,162,takeover,cartesian_freedrive,-1.0,0.07999709993600845,-0.2227078527212143,0.1377447247505188,-0.1594155877828598,-2.0783560276031494,0.06149984523653984,2.196122646331787,1.6456412076950073
5.434770107269287,0.03339385986328125,163,163,takeover,cartesian_freedrive,-1.0,0.07999709993600845,-0.22534601390361786,0.1392841637134552,-0.16238628327846527,-2.076288938522339,0.06149761751294136,2.1961171627044678,1.6456434726715088
5.473045349121094,0.03827524185180664,164,164,takeover,cartesian_freedrive,-1.0,0.07999776303768158,-0.22867704927921295,0.14074935019016266,-0.16557513177394867,-2.0737502574920654,0.06149589642882347,2.1961207389831543,1.6456371545791626
5.501128435134888,0.028083086013793945,165,165,takeover,cartesian_freedrive,-1.0,0.07999776303768158,-0.2309333235025406,0.14188241958618164,-0.16787904500961304,-2.071848154067993,0.061498042196035385,2.196119546890259,1.6456356048583984
5.53452730178833,0.03339886665344238,166,166,takeover,cartesian_freedrive,-1.0,0.07999776303768158,-0.23344437777996063,0.1430172622203827,-0.170599102973938,-2.06988263130188,0.06149956211447716,2.19612979888916,1.645636796951294
5.572792291641235,0.03826498985290527,167,167,takeover,cartesian_freedrive,-1.0,0.07999776303768158,-0.23587781190872192,0.144198477268219,-0.17388735711574554,-2.068190574645996,0.06149952858686447,2.196131706237793,1.6456314325332642
5.601260423660278,0.02846813201904297,168,168,takeover,cartesian_freedrive,-1.0,0.07999776303768158,-0.23756779730319977,0.1451779007911682,-0.17634402215480804,-2.0669798851013184,0.061496980488300323,2.196127414703369,1.645634412765503
5.640479803085327,0.03921937942504883,169,169,takeover,cartesian_freedrive,-1.0,0.07999776303768158,-0.23962663114070892,0.1465304046869278,-0.1795370727777481,-2.065293312072754,0.06149852275848389,2.196133613586426,1.6456347703933716
5.667830944061279,0.02735114097595215,170,170,takeover,cartesian_freedrive,-1.0,0.07999776303768158,-0.24110959470272064,0.14778365194797516,-0.1815505027770996,-2.0639147758483887,0.061501357704401016,2.1961286067962646,1.6456314325332642
5.70631217956543,0.03848123550415039,171,171,takeover,cartesian_freedrive,-1.0,0.07999776303768158,-0.24332714080810547,0.14979121088981628,-0.1841782182455063,-2.0615499019622803,0.06150253862142563,2.1961262226104736,1.6456354856491089
5.734581470489502,0.028269290924072266,172,172,takeover,cartesian_freedrive,-1.0,0.07999776303768158,-0.24470150470733643,0.15145765244960785,-0.18631649017333984,-2.0595948696136475,0.061503469944000244,2.1961300373077393,1.6456336975097656
5.767875909805298,0.0332944393157959,173,173,takeover,cartesian_freedrive,-1.0,0.07999776303768158,-0.2462131232023239,0.15383780002593994,-0.18902432918548584,-2.0568959712982178,0.0615168921649456,2.196136713027954,1.6456294059753418
5.806263446807861,0.03838753700256348,174,174,takeover,cartesian_freedrive,-1.0,0.07999776303768158,-0.24807144701480865,0.15672941505908966,-0.19174908101558685,-2.0539157390594482,0.06152212247252464,2.1961395740509033,1.6456298828125
5.834454536437988,0.028191089630126953,175,175,takeover,cartesian_freedrive,-1.0,0.07999776303768158,-0.24968691170215607,0.15960736572742462,-0.1934823989868164,-2.051136016845703,0.0615241676568985,2.1961333751678467,1.6456282138824463
5.867908000946045,0.03345346450805664,176,176,takeover,cartesian_freedrive,-1.0,0.07999776303768158,-0.2517376244068146,0.16373562812805176,-0.19522207975387573,-2.047064781188965,0.06153276562690735,2.196141481399536,1.6456329822540283
5.906249046325684,0.03834104537963867,177,177,takeover,cartesian_freedrive,-1.0,0.07999776303768158,-0.25404372811317444,0.16874757409095764,-0.19666935503482819,-2.042445421218872,0.06155135855078697,2.196164608001709,1.6456336975097656
5.9344563484191895,0.02820730209350586,178,178,takeover,cartesian_freedrive,-1.0,0.07999776303768158,-0.25551632046699524,0.17280898988246918,-0.1975587010383606,-2.0390617847442627,0.062118496745824814,2.196164131164551,1.6456267833709717
5.96781587600708,0.033359527587890625,179,179,takeover,cartesian_freedrive,-1.0,0.07999776303768158,-0.2569112181663513,0.17760170996189117,-0.1986941695213318,-2.034822702407837,0.062729611992836,2.196161985397339,1.645630121231079
6.006386756896973,0.03857088088989258,180,180,takeover,cartesian_freedrive,-1.0,0.07999709993600845,-0.25823774933815,0.1830376833677292,-0.20016823709011078,-2.0298638343811035,0.06295786798000336,2.1961846351623535,1.6456269025802612
6.034505605697632,0.02811884880065918,181,181,takeover,cartesian_freedrive,-1.0,0.07999709993600845,-0.2590726613998413,0.18721747398376465,-0.20135627686977386,-2.0262558460235596,0.06306149065494537,2.196169376373291,1.6456321477890015
6.073734521865845,0.03922891616821289,182,182,takeover,cartesian_freedrive,-1.0,0.07999709993600845,-0.2599896490573883,0.19276335835456848,-0.20314790308475494,-2.0208640098571777,0.06315188854932785,2.1961669921875,1.645625114440918
6.101619005203247,0.027884483337402344,183,183,takeover,cartesian_freedrive,-1.0,0.07999709993600845,-0.26080259680747986,0.1967073678970337,-0.20441822707653046,-2.0169878005981445,0.06320244073867798,2.196185827255249,1.6456316709518433
6.14064359664917,0.03902459144592285,184,184,takeover,cartesian_freedrive,-1.0,0.07999709993600845,-0.26219624280929565,0.20204544067382812,-0.2061404138803482,-2.0118978023529053,0.06330078095197678,2.1961686611175537,1.6456316709518433
6.167984247207642,0.02734065055847168,185,185,takeover,cartesian_freedrive,-1.0,0.07999776303768158,-0.26346585154533386,0.20568563044071198,-0.20731881260871887,-2.008263349533081,0.06333360075950623,2.196176290512085,1.6456365585327148
6.201327562332153,0.03334331512451172,186,186,takeover,cartesian_freedrive,-1.0,0.07999776303768158,-0.26531925797462463,0.2098398506641388,-0.208726704120636,-2.0040128231048584,0.0633530542254448,2.19618821144104,1.6456329822540283
6.239518404006958,0.03819084167480469,187,187,takeover,cartesian_freedrive,-1.0,0.07999776303768158,-0.26773181557655334,0.21417826414108276,-0.21072889864444733,-1.9997514486312866,0.06336795538663864,2.1961729526519775,1.6456297636032104
6.267925500869751,0.02840709686279297,188,188,takeover,cartesian_freedrive,-1.0,0.07999776303768158,-0.2695605456829071,0.21727386116981506,-0.212717667222023,-1.9966176748275757,0.06337780505418777,2.1961541175842285,1.6456360816955566
6.301129579544067,0.033204078674316406,189,189,takeover,cartesian_freedrive,-1.0,0.07999776303768158,-0.27171799540519714,0.22058621048927307,-0.21536575257778168,-1.9931615591049194,0.06338569521903992,2.196159601211548,1.645636796951294
6.33948540687561,0.03835582733154297,190,190,takeover,cartesian_freedrive,-1.0,0.07999709993600845,-0.2746877074241638,0.2236223816871643,-0.21847237646579742,-1.9902443885803223,0.06339648365974426,2.1961567401885986,1.645636796951294
6.367804527282715,0.028319120407104492,191,191,takeover,cartesian_freedrive,-1.0,0.07999709993600845,-0.2771502435207367,0.22561755776405334,-0.22063103318214417,-1.9885996580123901,0.06340492516756058,2.1961514949798584,1.6456390619277954
6.406636714935303,0.03883218765258789,192,192,takeover,cartesian_freedrive,-1.0,0.07999709993600845,-0.28095000982284546,0.228088840842247,-0.2233293205499649,-1.9866478443145752,0.06340856850147247,2.1961522102355957,1.6456353664398193
6.43451189994812,0.027875185012817383,193,193,takeover,cartesian_freedrive,-1.0,0.07999709993600845,-0.2835375964641571,0.22970980405807495,-0.2255069464445114,-1.9855549335479736,0.0634104311466217,2.1961469650268555,1.6456270217895508
6.467878103256226,0.03336620330810547,194,194,takeover,cartesian_freedrive,-1.0,0.07999709993600845,-0.2864484488964081,0.23147602379322052,-0.22847065329551697,-1.984498381614685,0.0634082779288292,2.196141242980957,1.6456304788589478
6.5062575340271,0.03837943077087402,195,195,takeover,cartesian_freedrive,-1.0,0.07999709993600845,-0.28966110944747925,0.2329069972038269,-0.23173043131828308,-1.983834981918335,0.06341230869293213,2.1961371898651123,1.6456234455108643
6.534508943557739,0.02825140953063965,196,196,takeover,cartesian_freedrive,-1.0,0.07999709993600845,-0.2920674979686737,0.23373627662658691,-0.23405228555202484,-1.983704686164856,0.06340917199850082,2.1961233615875244,1.6456248760223389
6.567869424819946,0.03336048126220703,197,197,takeover,cartesian_freedrive,-1.0,0.07999709993600845,-0.2952004075050354,0.23451732099056244,-0.23669485747814178,-1.9837605953216553,0.06340952962636948,2.196093797683716,1.6456224918365479
6.6060590744018555,0.03818964958190918,198,198,takeover,cartesian_freedrive,-1.0,0.07999709993600845,-0.2982451617717743,0.23533666133880615,-0.2399539202451706,-1.9838128089904785,0.06340739876031876,2.1960535049438477,1.6456190347671509
6.634774208068848,0.028715133666992188,199,199,takeover,cartesian_freedrive,-1.0,0.07999709993600845,-0.3003818094730377,0.23586972057819366,-0.24239510297775269,-1.9838919639587402,0.06341029703617096,2.196012258529663,1.6456217765808105
6.667808771133423,0.033034563064575195,200,200,takeover,cartesian_freedrive,-1.0,0.07999709993600845,-0.30317145586013794,0.23633871972560883,-0.2450408786535263,-1.9840351343154907,0.06340751051902771,2.1959714889526367,1.64561927318573
6.706876993179321,0.03906822204589844,201,201,takeover,cartesian_freedrive,-1.0,0.07999709993600845,-0.3064936399459839,0.236796572804451,-0.24728472530841827,-1.9840879440307617,0.06340669095516205,2.1956276893615723,1.6456201076507568
6.734527111053467,0.027650117874145508,202,202,takeover,cartesian_freedrive,-1.0,0.07999709993600845,-0.3087502717971802,0.237041637301445,-0.24841439723968506,-1.984130620956421,0.06340918689966202,2.1954495906829834,1.6456154584884644
6.76785683631897,0.03332972526550293,203,203,takeover,cartesian_freedrive,-1.0,0.07999709993600845,-0.3111647963523865,0.23718848824501038,-0.24990223348140717,-1.9841809272766113,0.06341017782688141,2.1951961517333984,1.6456154584884644
6.805959224700928,0.03810238838195801,204,204,takeover,cartesian_freedrive,-1.0,0.07999709993600845,-0.31309160590171814,0.23729641735553741,-0.2516842782497406,-1.9842252731323242,0.06340289115905762,2.1950085163116455,1.6456128358840942
6.834516763687134,0.028557538986206055,205,205,takeover,cartesian_freedrive,-1.0,0.07999709993600845,-0.3140360414981842,0.2373357117176056,-0.2529800534248352,-1.9842265844345093,0.063407301902771,2.19492506980896,1.6456172466278076
6.872751235961914,0.03823447227478027,206,206,takeover,cartesian_freedrive,-1.0,0.07999776303768158,-0.31494033336639404,0.2373613566160202,-0.2544560134410858,-1.984221339225769,0.06340266764163971,2.1948776245117188,1.6456184387207031
6.901280641555786,0.02852940559387207,207,207,takeover,cartesian_freedrive,-1.0,0.07999776303768158,-0.3155815601348877,0.23736275732517242,-0.25511640310287476,-1.9842166900634766,0.06340527534484863,2.194855213165283,1.645612359046936
6.934537172317505,0.03325653076171875,208,208,takeover,cartesian_freedrive,-1.0,0.07999776303768158,-0.31606245040893555,0.2373618483543396,-0.2554882764816284,-1.9842242002487183,0.06340644508600235,2.1948344707489014,1.6456186771392822
6.9728288650512695,0.03829169273376465,209,209,takeover,cartesian_freedrive,-1.0,0.07999776303768158,-0.31628090143203735,0.23739154636859894,-0.2556878924369812,-1.9842311143875122,0.06340191513299942,2.194810628890991,1.6456165313720703
7.001424312591553,0.028595447540283203,210,210,takeover,cartesian_freedrive,-1.0,0.07999776303768158,-0.3162454068660736,0.23742400109767914,-0.2556784451007843,-1.984228253364563,0.06340373307466507,2.1947836875915527,1.6456177234649658
7.034833669662476,0.03340935707092285,211,211,takeover,cartesian_freedrive,-1.0,0.07999776303768158,-0.3161185085773468,0.23761217296123505,-0.2555745840072632,-1.9841828346252441,0.06340625137090683,2.1947853565216064,1.6456197500228882
7.073125839233398,0.03829216957092285,212,212,takeover,cartesian_freedrive,-1.0,0.07999776303768158,-0.3158828020095825,0.2380385845899582,-0.25525856018066406,-1.9841567277908325,0.06340169906616211,2.1947872638702393,1.6456164121627808
7.10116171836853,0.028035879135131836,213,213,takeover,cartesian_freedrive,-1.0,0.07999776303768158,-0.3156462013721466,0.23866137862205505,-0.254938006401062,-1.9841382503509521,0.0634060949087143,2.194790840148926,1.6456255912780762
7.139811038970947,0.03864932060241699,214,214,takeover,cartesian_freedrive,-1.0,0.07999776303768158,-0.3152235150337219,0.23998305201530457,-0.2543672025203705,-1.984026312828064,0.06340260058641434,2.1947999000549316,1.645622730255127
7.16810941696167,0.028298377990722656,215,215,takeover,cartesian_freedrive,-1.0,0.07999776303768158,-0.31472334265708923,0.24139073491096497,-0.253928542137146,-1.9836841821670532,0.06340505182743073,2.194817304611206,1.6456162929534912
7.206517696380615,0.03840827941894531,216,216,takeover,cartesian_freedrive,-1.0,0.07999776303768158,-0.3136521577835083,0.24391615390777588,-0.2534118592739105,-1.9829952716827393,0.06340645253658295,2.194838762283325,1.6456235647201538
7.2345263957977295,0.028008699417114258,217,217,takeover,cartesian_freedrive,-1.0,0.07999776303768158,-0.3127272129058838,0.24603436887264252,-0.25296029448509216,-1.9823572635650635,0.0634065717458725,2.1948554515838623,1.6456196308135986
7.272987365722656,0.03846096992492676,218,218,takeover,cartesian_freedrive,-1.0,0.07999776303768158,-0.3113417327404022,0.24942800402641296,-0.25227028131484985,-1.9810853004455566,0.0634065717458725,2.194873332977295,1.6456167697906494
7.301381587982178,0.028394222259521484,219,219,takeover,cartesian_freedrive,-1.0,0.07999776303768158,-0.3104288578033447,0.25218647718429565,-0.25159952044487,-1.9798247814178467,0.0634102150797844,2.194895029067993,1.6456258296966553
7.334488391876221,0.03310680389404297,220,220,takeover,cartesian_freedrive,-1.0,0.07999776303768158,-0.30943772196769714,0.25538212060928345,-0.2507713735103607,-1.9783453941345215,0.0634070634841919,2.1949474811553955,1.6456310749053955
7.373084306716919,0.03859591484069824,221,221,takeover,cartesian_freedrive,-1.0,0.07999776303768158,-0.30853480100631714,0.2591865658760071,-0.24974942207336426,-1.9767988920211792,0.0634128749370575,2.1951448917388916,1.6456317901611328
7.401330947875977,0.028246641159057617,222,222,takeover,cartesian_freedrive,-1.0,0.07999776303768158,-0.3079845607280731,0.2617039382457733,-0.24912245571613312,-1.9756889343261719,0.06341364234685898,2.195175886154175,1.6456350088119507
7.434510231018066,0.033179283142089844,223,223,takeover,cartesian_freedrive,-1.0,0.07999776303768158,-0.307571142911911,0.2646592855453491,-0.24845156073570251,-1.9740782976150513,0.0634140893816948,2.195183515548706,1.6456341743469238
7.475335121154785,0.04082489013671875,224,224,takeover,cartesian_freedrive,-1.0,0.07999776303768158,-0.3074030876159668,0.2678808569908142,-0.24784421920776367,-1.9721741676330566,0.06341592967510223,2.195186138153076,1.6456358432769775
7.501418828964233,0.026083707809448242,225,225,takeover,cartesian_freedrive,-1.0,0.07999776303768158,-0.3074076473712921,0.26998764276504517,-0.24760699272155762,-1.9708726406097412,0.0634145587682724,2.1951894760131836,1.6456307172775269
7.534977912902832,0.03355908393859863,226,226,takeover,cartesian_freedrive,-1.0,0.07999776303768158,-0.30740901827812195,0.27256929874420166,-0.24749574065208435,-1.969135046005249,0.06341653317213058,2.1952011585235596,1.6456345319747925
7.573112487792969,0.03813457489013672,227,227,takeover,cartesian_freedrive,-1.0,0.07999709993600845,-0.30746838450431824,0.275734543800354,-0.24751953780651093,-1.967063069343567,0.06341737508773804,2.195232391357422,1.645631194114685
7.601424217224121,0.028311729431152344,228,228,takeover,cartesian_freedrive,-1.0,0.07999709993600845,-0.3075542151927948,0.2780742943286896,-0.24753133952617645,-1.96574866771698,0.06341898441314697,2.195266008377075,1.645639419555664
7.640420198440552,0.038995981216430664,229,229,takeover,cartesian_freedrive,-1.0,0.07999709993600845,-0.30768001079559326,0.2812158167362213,-0.2475532442331314,-1.9645240306854248,0.0634179413318634,2.195291519165039,1.6456362009048462
7.668002367019653,0.027582168579101562,230,230,takeover,cartesian_freedrive,-1.0,0.07999709993600845,-0.3078339993953705,0.2834462523460388,-0.24758043885231018,-1.9640241861343384,0.06342285871505737,2.195307493209839,1.6456401348114014
7.701324462890625,0.03332209587097168,231,231,takeover,cartesian_freedrive,-1.0,0.07999709993600845,-0.30807533860206604,0.2860543131828308,-0.2476627379655838,-1.9638177156448364,0.06342058628797531,2.1953279972076416,1.6456389427185059
7.739452600479126,0.03812813758850098,232,232,takeover,cartesian_freedrive,-1.0,0.07999709993600845,-0.30846095085144043,0.28883564472198486,-0.24784433841705322,-1.9638805389404297,0.06342058628797531,2.195321798324585,1.6456447839736938
7.768029451370239,0.02857685089111328,233,233,takeover,cartesian_freedrive,-1.0,0.07999709993600845,-0.30887505412101746,0.2907797396183014,-0.24812830984592438,-1.9640288352966309,0.0634191632270813,2.195312738418579,1.6456544399261475
7.80669641494751,0.03866696357727051,234,234,takeover,cartesian_freedrive,-1.0,0.07999709993600845,-0.30963537096977234,0.2928711473941803,-0.24873784184455872,-1.9646199941635132,0.06341852247714996,2.1952998638153076,1.645654320716858
7.834497690200806,0.0278012752532959,235,235,takeover,cartesian_freedrive,-1.0,0.07999709993600845,-0.3103078007698059,0.2940905690193176,-0.2493939846754074,-1.9654541015625,0.06341531872749329,2.1952946186065674,1.645648717880249
7.8678858280181885,0.03338813781738281,236,236,takeover,cartesian_freedrive,-1.0,0.07999709993600845,-0.3111603260040283,0.29532280564308167,-0.25045254826545715,-1.9667361974716187,0.06341474503278732,2.1952834129333496,1.6456562280654907
7.906084775924683,0.03819894790649414,237,237,takeover,cartesian_freedrive,-1.0,0.07999776303768158,-0.3121533691883087,0.296446830034256,-0.2518392503261566,-1.9679620265960693,0.06341368705034256,2.195276975631714,1.6456531286239624
7.934488534927368,0.028403759002685547,238,238,takeover,cartesian_freedrive,-1.0,0.07999776303768158,-0.31283387541770935,0.2970883250236511,-0.2531091868877411,-1.9686980247497559,0.06341552734375,2.1952648162841797,1.6456536054611206
7.973842144012451,0.03935360908508301,239,239,takeover,cartesian_freedrive,-1.0,0.07999776303768158,-0.31385910511016846,0.29754266142845154,-0.2549738585948944,-1.9696273803710938,0.06341475993394852,2.195251941680908,1.645647644996643
8.001314401626587,0.027472257614135742,240,240,takeover,cartesian_freedrive,-1.0,0.07999776303768158,-0.31485164165496826,0.2975601851940155,-0.256093293428421,-1.9701908826828003,0.06341364234685898,2.1952402591705322,1.6456552743911743
8.03457498550415,0.03326058387756348,241,241,takeover,cartesian_freedrive,-1.0,0.07999776303768158,-0.3162557780742645,0.2975139021873474,-0.2571776807308197,-1.9706040620803833,0.0634147897362709,2.1952340602874756,1.6456496715545654
8.073156595230103,0.03858160972595215,242,242,takeover,cartesian_freedrive,-1.0,0.07999709993600845,-0.3178536593914032,0.29746705293655396,-0.2584596574306488,-1.9707105159759521,0.06341550499200821,2.195225954055786,1.6456483602523804
8.101552724838257,0.028396129608154297,243,243,takeover,cartesian_freedrive,-1.0,0.07999709993600845,-0.3189849853515625,0.2974407970905304,-0.25932785868644714,-1.9707130193710327,0.06341471523046494,2.1952219009399414,1.6456471681594849
8.14047384262085,0.03892111778259277,244,244,takeover,cartesian_freedrive,-1.0,0.07999709993600845,-0.3206002414226532,0.29743334650993347,-0.26031649112701416,-1.9707200527191162,0.0634150579571724,2.1952121257781982,1.6456518173217773
8.168005466461182,0.02753162384033203,245,245,takeover,cartesian_freedrive,-1.0,0.07999709993600845,-0.32158368825912476,0.29745808243751526,-0.2610655128955841,-1.9707741737365723,0.06341304630041122,2.195204496383667,1.6456503868103027
8.20138692855835,0.03338146209716797,246,246,takeover,cartesian_freedrive,-1.0,0.07999709993600845,-0.3226636052131653,0.2974685728549957,-0.26195028424263,-1.9709374904632568,0.0634128749370575,2.195195198059082,1.645643949508667
8.239479064941406,0.03809213638305664,247,247,takeover,cartesian_freedrive,-1.0,0.07999709993600845,-0.32374241948127747,0.2974717915058136,-0.26293298602104187,-1.971152663230896,0.06341364234685898,2.195195436477661,1.6456425189971924
8.267945051193237,0.028465986251831055,248,248,takeover,cartesian_freedrive,-1.0,0.07999776303768158,-0.3245569169521332,0.29749155044555664,-0.2634601294994354,-1.9712430238723755,0.06341718882322311,2.1951920986175537,1.645645022392273
8.301153659820557,0.033208608627319336,249,249,takeover,cartesian_freedrive,-1.0,0.07999776303768158,-0.3253338038921356,0.29752790927886963,-0.26381754875183105,-1.9712204933166504,0.06341591477394104,2.195199489593506,1.6456414461135864
8.339381217956543,0.03822755813598633,250,250,takeover,cartesian_freedrive,-1.0,0.07999776303768158,-0.3258538842201233,0.29757216572761536,-0.2639129161834717,-1.9711930751800537,0.06341519951820374,2.1952123641967773,1.645641803741455
8.367929458618164,0.028548240661621094,251,251,takeover,cartesian_freedrive,-1.0,0.07999776303768158,-0.3258627653121948,0.29763084650039673,-0.2638595700263977,-1.9711358547210693,0.06341593712568283,2.195223808288574,1.6456443071365356
8.401249885559082,0.03332042694091797,252,252,takeover,cartesian_freedrive,-1.0,0.07999776303768158,-0.32572221755981445,0.29782697558403015,-0.2636878490447998,-1.9709709882736206,0.06341702491044998,2.195230484008789,1.6456393003463745
8.439409971237183,0.038160085678100586,253,253,takeover,cartesian_freedrive,-1.0,0.07999709993600845,-0.3255184292793274,0.298342227935791,-0.26326045393943787,-1.9704718589782715,0.06342106312513351,2.1952435970306396,1.6456472873687744
8.467869281768799,0.02845931053161621,254,254,takeover,cartesian_freedrive,-1.0,0.07999709993600845,-0.3252433240413666,0.29899877309799194,-0.2628514766693115,-1.9699690341949463,0.06341855973005295,2.1952505111694336,1.645642638206482
8.501156091690063,0.03328680992126465,255,255,takeover,cartesian_freedrive,-1.0,0.07999709993600845,-0.32483184337615967,0.3001590669155121,-0.2621939480304718,-1.9692022800445557,0.06342053413391113,2.195258855819702,1.6456425189971924
8.539709329605103,0.03855323791503906,256,256,takeover,cartesian_freedrive,-1.0,0.07999709993600845,-0.3243633806705475,0.3020402193069458,-0.2611377537250519,-1.9680298566818237,0.06343197822570801,2.1952688694000244,1.6456445455551147
8.568178415298462,0.028469085693359375,257,257,takeover,cartesian_freedrive,-1.0,0.07999709993600845,-0.32411202788352966,0.3039461672306061,-0.2600109577178955,-1.9668190479278564,0.06343624740839005,2.1952836513519287,1.6456431150436401
8.601518154144287,0.033339738845825195,258,258,takeover,cartesian_freedrive,-1.0,0.07999776303768158,-0.3238561451435089,0.30650630593299866,-0.25846588611602783,-1.9652996063232422,0.06344813853502274,2.195305585861206,1.645646333694458
8.640521049499512,0.03900289535522461,259,259,takeover,cartesian_freedrive,-1.0,0.07999776303768158,-0.32315507531166077,0.3100838363170624,-0.2567518651485443,-1.9637224674224854,0.06345881521701813,2.1953299045562744,1.6456371545791626
8.66779637336731,0.02727532386779785,260,260,takeover,cartesian_freedrive,-1.0,0.07999776303768158,-0.3224251866340637,0.31309330463409424,-0.2555030584335327,-1.9625589847564697,0.06346829235553741,2.1953320503234863,1.645642876625061
8.70650315284729,0.03870677947998047,261,261,takeover,cartesian_freedrive,-1.0,0.07999776303768158,-0.3212498724460602,0.3173619508743286,-0.2539101243019104,-1.9609489440917969,0.06348168849945068,2.195344924926758,1.6456466913223267
8.734496116638184,0.027992963790893555,262,262,takeover,cartesian_freedrive,-1.0,0.07999776303768158,-0.32019883394241333,0.3206905126571655,-0.25306811928749084,-1.9596751928329468,0.06348315626382828,2.1953489780426025,1.645647406578064
8.773480415344238,0.03898429870605469,263,263,takeover,cartesian_freedrive,-1.0,0.07999776303768158,-0.31894955039024353,0.3251838982105255,-0.2518719732761383,-1.9576095342636108,0.06348934024572372,2.195354461669922,1.6456420421600342
8.801105737686157,0.027625322341918945,264,264,takeover,cartesian_freedrive,-1.0,0.07999776303768158,-0.3182018995285034,0.3283282220363617,-0.25110286474227905,-1.955883264541626,0.06349916756153107,2.1953577995300293,1.6456466913223267
8.834513664245605,0.03340792655944824,265,265,takeover,cartesian_freedrive,-1.0,0.07999776303768158,-0.31759530305862427,0.33169353008270264,-0.2503030300140381,-1.9538166522979736,0.06350038200616837,2.1953577995300293,1.6456527709960938
8.872978925704956,0.038465261459350586,266,266,takeover,cartesian_freedrive,-1.0,0.07999776303768158,-0.31724467873573303,0.3346274495124817,-0.24979518353939056,-1.952226161956787,0.06351448595523834,2.1953537464141846,1.645647406578064
8.901710987091064,0.0287320613861084,267,267,takeover,cartesian_freedrive,-1.0,0.07999776303768158,-0.3172180652618408,0.33624374866485596,-0.24976381659507751,-1.9517321586608887,0.06351469457149506,2.1953487396240234,1.6456528902053833
8.939531326293945,0.03782033920288086,268,268,takeover,cartesian_freedrive,-1.0,0.07999776303768158,-0.3174409568309784,0.33728888630867004,-0.24997153878211975,-1.95173978805542,0.06351250410079956,2.195333957672119,1.6456512212753296
8.96785593032837,0.028324604034423828,269,269,takeover,cartesian_freedrive,-1.0,0.07999776303768158,-0.317802757024765,0.33756929636001587,-0.2502843141555786,-1.95172119140625,0.06351090967655182,2.1953365802764893,1.6456489562988281
9.001185894012451,0.03332996368408203,270,270,takeover,cartesian_freedrive,-1.0,0.07999776303768158,-0.318233847618103,0.33752700686454773,-0.25072604417800903,-1.9516915082931519,0.06351575255393982,2.1953372955322266,1.6456516981124878
9.039663553237915,0.03847765922546387,271,271,takeover,cartesian_freedrive,-1.0,0.07999776303768158,-0.3186124563217163,0.3373207449913025,-0.2513885498046875,-1.9516814947128296,0.0635087713599205,2.195338726043701,1.6456503868103027
9.067840337753296,0.02817678451538086,272,272,takeover,cartesian_freedrive,-1.0,0.07999776303768158,-0.3186986744403839,0.33716607093811035,-0.2519961893558502,-1.9516675472259521,0.06351156532764435,2.195338010787964,1.6456458568572998
9.105943202972412,0.03810286521911621,273,273,takeover,cartesian_freedrive,-1.0,0.07999776303768158,-0.31881770491600037,0.3371617794036865,-0.252685010433197,-1.9516910314559937,0.06351015716791153,2.1953248977661133,1.645646572113037
9.134462356567383,0.028519153594970703,274,274,takeover,cartesian_freedrive,-1.0,0.07999776303768158,-0.31883299350738525,0.3371688425540924,-0.2530632019042969,-1.95168936252594,0.0635128989815712,2.195327043533325,1.6456475257873535
9.167774438858032,0.033312082290649414,275,275,takeover,cartesian_freedrive,-1.0,0.07999776303768158,-0.3188316524028778,0.33718493580818176,-0.25328513979911804,-1.9517191648483276,0.06350771337747574,2.195319414138794,1.6456456184387207
9.206607103347778,0.038832664489746094,276,276,takeover,cartesian_freedrive,-1.0,0.07999776303768158,-0.3188396096229553,0.33715784549713135,-0.25347012281417847,-1.9517083168029785,0.06351194530725479,2.1953210830688477,1.6456468105316162
9.23466682434082,0.028059720993041992,277,277,takeover,cartesian_freedrive,-1.0,0.07999776303768158,-0.31883034110069275,0.3371533453464508,-0.25365716218948364,-1.9517061710357666,0.06351014226675034,2.195319414138794,1.6456449031829834
9.267956256866455,0.033289432525634766,278,278,takeover,cartesian_freedrive,-1.0,0.07999776303768158,-0.3188396096229553,0.33718588948249817,-0.25387462973594666,-1.9517043828964233,0.06350954622030258,2.1953201293945312,1.6456472873687744
9.305949211120605,0.03799295425415039,279,279,takeover,cartesian_freedrive,-1.0,0.07999776303768158,-0.3188277781009674,0.33723506331443787,-0.2539304792881012,-1.951675295829773,0.06351018697023392,2.195333242416382,1.645646095275879
9.334514617919922,0.028565406799316406,280,280,takeover,cartesian_freedrive,-1.0,0.07999776303768158,-0.3187527060508728,0.3372710943222046,-0.25385618209838867,-1.951633334159851,0.06351535022258759,2.1953392028808594,1.6456433534622192
9.372655630111694,0.03814101219177246,281,281,takeover,cartesian_freedrive,-1.0,0.07999776303768158,-0.3185199499130249,0.3375956416130066,-0.25350525975227356,-1.9512662887573242,0.063511423766613,2.1953492164611816,1.6456458568572998
9.401167392730713,0.028511762619018555,282,282,takeover,cartesian_freedrive,-1.0,0.07999776303768158,-0.3182809352874756,0.3379841148853302,-0.2529262602329254,-1.9505956172943115,0.06351401656866074,2.1953558921813965,1.6456440687179565
9.43951153755188,0.03834414482116699,283,283,takeover,cartesian_freedrive,-1.0,0.07999776303768158,-0.3178534507751465,0.3390972316265106,-0.25176045298576355,-1.9487335681915283,0.06351465731859207,2.195356845855713,1.6456458568572998
9.467895030975342,0.028383493423461914,284,284,takeover,cartesian_freedrive,-1.0,0.07999776303768158,-0.31739556789398193,0.34053340554237366,-0.2505423128604889,-1.9463444948196411,0.06351873278617859,2.195363759994507,1.645641803741455
9.50116753578186,0.033272504806518555,285,285,takeover,cartesian_freedrive,-1.0,0.07999776303768158,-0.3166741132736206,0.3427368700504303,-0.24890239536762238,-1.9427601099014282,0.06352481991052628,2.1953608989715576,1.6456459760665894
9.54015302658081,0.038985490798950195,286,286,takeover,cartesian_freedrive,-1.0,0.07999776303768158,-0.3156011402606964,0.3455561697483063,-0.24712224304676056,-1.9387091398239136,0.0635402575135231,2.1953659057617188,1.6456528902053833
9.56796908378601,0.027816057205200195,287,287,takeover,cartesian_freedrive,-1.0,0.07999776303768158,-0.3149789869785309,0.34717366099357605,-0.2460668534040451,-1.9368677139282227,0.06354731321334839,2.1953396797180176,1.6456679105758667
9.60627794265747,0.03830885887145996,288,288,takeover,cartesian_freedrive,-1.0,0.07999776303768158,-0.3144058883190155,0.348723441362381,-0.24542804062366486,-1.9359444379806519,0.06354863196611404,2.1953132152557373,1.645669937133789
9.634610652923584,0.02833271026611328,289,289,takeover,cartesian_freedrive,-1.0,0.07999776303768158,-0.3143666684627533,0.34941500425338745,-0.24549049139022827,-1.9363055229187012,0.06354299932718277,2.1952712535858154,1.6456650495529175
9.672951936721802,0.03834128379821777,290,290,takeover,cartesian_freedrive,-1.0,0.07999709993600845,-0.3149179220199585,0.34965816140174866,-0.24607230722904205,-1.9379868507385254,0.06353966146707535,2.195255994796753,1.6456687450408936
9.701332330703735,0.028380393981933594,291,291,takeover,cartesian_freedrive,-1.0,0.07999709993600845,-0.31571003794670105,0.349622517824173,-0.24671532213687897,-1.9399282932281494,0.06354042142629623,2.195241928100586,1.6456639766693115
9.734745025634766,0.03341269493103027,292,292,takeover,cartesian_freedrive,-1.0,0.07999709993600845,-0.3169029653072357,0.34960731863975525,-0.2477770298719406,-1.9424149990081787,0.06353969871997833,2.1952221393585205,1.6456680297851562
9.773073434829712,0.03832840919494629,293,293,takeover,cartesian_freedrive,-1.0,0.07999709993600845,-0.3186236023902893,0.3496364653110504,-0.24939489364624023,-1.9453567266464233,0.0635385513305664,2.1952059268951416,1.6456658840179443
9.801178693771362,0.02810525894165039,294,294,takeover,cartesian_freedrive,-1.0,0.07999709993600845,-0.3199443817138672,0.34961310029029846,-0.25072813034057617,-1.9475971460342407,0.06353814899921417,2.195213556289673,1.6456576585769653
9.834548950195312,0.033370256423950195,295,295,takeover,cartesian_freedrive,-1.0,0.07999709993600845,-0.32131505012512207,0.34955576062202454,-0.2524459958076477,-1.9504772424697876,0.06353738903999329,2.1952195167541504,1.6456518173217773
9.872853755950928,0.038304805755615234,296,296,takeover,cartesian_freedrive,-1.0,0.07999776303768158,-0.3226114809513092,0.34943655133247375,-0.2543715238571167,-1.954297423362732,0.06354057788848877,2.1952297687530518,1.6456423997879028
9.901496648788452,0.028642892837524414,297,297,takeover,cartesian_freedrive,-1.0,0.07999776303768158,-0.323609858751297,0.3493991792201996,-0.25544342398643494,-1.9573910236358643,0.06353722512722015,2.195251941680908,1.6456366777420044
9.93484902381897,0.03335237503051758,298,298,takeover,cartesian_freedrive,-1.0,0.07999776303768158,-0.3248749077320099,0.34940817952156067,-0.25628048181533813,-1.961083173751831,0.06353962421417236,2.195274591445923,1.6456385850906372
9.973552465438843,0.03870344161987305,299,299,takeover,cartesian_freedrive,-1.0,0.07999776303768158,-0.3263009190559387,0.3494623899459839,-0.25693780183792114,-1.9657000303268433,0.06354193389415741,2.1952927112579346,1.6456421613693237
10.00112795829773,0.02757549285888672,300,300,takeover,cartesian_freedrive,-1.0,0.07999776303768158,-0.3273649513721466,0.3495452105998993,-0.25722816586494446,-1.9690669775009155,0.06354344636201859,2.195291519165039,1.6456423997879028
10.039376735687256,0.03824877738952637,301,301,takeover,cartesian_freedrive,-1.0,0.07999776303768158,-0.3288019895553589,0.3499879837036133,-0.2573530375957489,-1.9729936122894287,0.06355080008506775,2.1953091621398926,1.6456377506256104
10.067790269851685,0.02841353416442871,302,302,takeover,cartesian_freedrive,-1.0,0.07999776303768158,-0.3297405242919922,0.35047948360443115,-0.2573481798171997,-1.9753386974334717,0.06356363743543625,2.1953365802764893,1.6456416845321655
10.106448411941528,0.03865814208984375,303,303,takeover,cartesian_freedrive,-1.0,0.07999776303768158,-0.330792635679245,0.35129672288894653,-0.2573350667953491,-1.9778614044189453,0.06358655542135239,2.195363759994507,1.6456413269042969
10.134994506835938,0.02854609489440918,304,304,takeover,cartesian_freedrive,-1.0,0.07999776303768158,-0.3312765955924988,0.3520578444004059,-0.25730690360069275,-1.9792300462722778,0.06427913904190063,2.195404529571533,1.6456378698349
10.168003797531128,0.03300929069519043,305,305,takeover,cartesian_freedrive,-1.0,0.07999776303768158,-0.3314942717552185,0.35354921221733093,-0.25728029012680054,-1.9800673723220825,0.06584224104881287,2.1957926750183105,1.645634651184082
10.20662260055542,0.03861880302429199,306,306,takeover,cartesian_freedrive,-1.0,0.07999776303768158,-0.33148062229156494,0.355895072221756,-0.25710269808769226,-1.9801316261291504,0.06731436401605606,2.197476625442505,1.6456432342529297
10.234670400619507,0.028047800064086914,307,307,takeover,cartesian_freedrive,-1.0,0.07999776303768158,-0.33146733045578003,0.3580177128314972,-0.2568570077419281,-1.9801058769226074,0.06833094358444214,2.1991708278656006,1.6456375122070312
10.2735915184021,0.03892111778259277,308,308,takeover,cartesian_freedrive,-1.0,0.07999776303768158,-0.33144229650497437,0.361491858959198,-0.25635480880737305,-1.980080008506775,0.0704917162656784,2.2025437355041504,1.6456331014633179
10.30115532875061,0.027563810348510742,309,309,takeover,cartesian_freedrive,-1.0,0.07999776303768158,-0.33143287897109985,0.3645195960998535,-0.2558903098106384,-1.9800843000411987,0.07248646765947342,2.2059099674224854,1.6456366777420044
10.334498643875122,0.03334331512451172,310,310,takeover,cartesian_freedrive,-1.0,0.07999776303768158,-0.33142298460006714,0.36846840381622314,-0.2553780674934387,-1.97999906539917,0.07512881606817245,2.2100582122802734,1.6456385850906372
10.372941017150879,0.038442373275756836,311,311,takeover,cartesian_freedrive,-1.0,0.07999776303768158,-0.3314253091812134,0.3733643889427185,-0.2549588680267334,-1.9797329902648926,0.07805728167295456,2.2132060527801514,1.6456292867660522
10.401142597198486,0.028201580047607422,312,312,takeover,cartesian_freedrive,-1.0,0.07999709993600845,-0.33142468333244324,0.3769880533218384,-0.25473082065582275,-1.9793972969055176,0.08054608851671219,2.215226411819458,1.6456204652786255
10.434492588043213,0.03334999084472656,313,313,takeover,cartesian_freedrive,-1.0,0.07999709993600845,-0.3314253091812134,0.38124141097068787,-0.25456032156944275,-1.9788835048675537,0.083352230489254,2.2185091972351074,1.6456190347671509
10.47317624092102,0.03868365287780762,314,314,takeover,cartesian_freedrive,-1.0,0.07999709993600845,-0.3314211666584015,0.3861680030822754,-0.25447168946266174,-1.9781112670898438,0.08561872690916061,2.2236897945404053,1.6456149816513062
10.501405954360962,0.028229713439941406,315,315,takeover,cartesian_freedrive,-1.0,0.07999709993600845,-0.33141404390335083,0.38969120383262634,-0.2543122172355652,-1.977557897567749,0.08710996806621552,2.228226661682129,1.6456159353256226
10.539573431015015,0.038167476654052734,316,316,takeover,cartesian_freedrive,-1.0,0.07999709993600845,-0.3313828706741333,0.3942699730396271,-0.25386711955070496,-1.9766268730163574,0.08939824998378754,2.23356556892395,1.645615816116333
10.568034410476685,0.028460979461669922,317,317,takeover,cartesian_freedrive,-1.0,0.07999709993600845,-0.3312983512878418,0.39793509244918823,-0.25337526202201843,-1.9753787517547607,0.09165044128894806,2.2368433475494385,1.6456127166748047
10.60117769241333,0.03314328193664551,318,318,takeover,cartesian_freedrive,-1.0,0.07999776303768158,-0.3311801254749298,0.40205118060112,-0.2526327967643738,-1.9736108779907227,0.09494265913963318,2.241234064102173,1.6456141471862793
10.639513731002808,0.03833603858947754,319,319,takeover,cartesian_freedrive,-1.0,0.07999776303768158,-0.3311344385147095,0.40665537118911743,-0.2516544461250305,-1.971407175064087,0.0984138548374176,2.2462453842163086,1.6456109285354614
10.667961120605469,0.028447389602661133,320,320,takeover,cartesian_freedrive,-1.0,0.07999776303768158,-0.33111995458602905,0.4103879928588867,-0.2509841322898865,-1.9694740772247314,0.10111234337091446,2.2492735385894775,1.6456133127212524
10.706287860870361,0.03832674026489258,321,321,takeover,cartesian_freedrive,-1.0,0.07999776303768158,-0.33113399147987366,0.41469743847846985,-0.25040915608406067,-1.9676467180252075,0.10388502478599548,2.252342700958252,1.645617961883545
10.734635591506958,0.02834773063659668,322,322,takeover,cartesian_freedrive,-1.0,0.07999776303768158,-0.3311516046524048,0.41787704825401306,-0.2502628266811371,-1.966740369796753,0.10570968687534332,2.2540652751922607,1.6456098556518555
10.767932891845703,0.03329730033874512,323,323,takeover,cartesian_freedrive,-1.0,0.07999776303768158,-0.3311598002910614,0.4212249219417572,-0.2502361536026001,-1.9664348363876343,0.10731106251478195,2.256028890609741,1.6456133127212524
10.806380987167358,0.03844809532165527,324,324,takeover,cartesian_freedrive,-1.0,0.07999776303768158,-0.3312457501888275,0.42461907863616943,-0.2502812147140503,-1.9664933681488037,0.10855702310800552,2.258157730102539,1.6456094980239868
10.835029602050781,0.02864861488342285,325,325,takeover,cartesian_freedrive,-1.0,0.07999776303768158,-0.3313800096511841,0.42700621485710144,-0.2502874732017517,-1.9664968252182007,0.10966955125331879,2.2600996494293213,1.6456141471862793
10.87337064743042,0.03834104537963867,326,326,takeover,cartesian_freedrive,-1.0,0.07999776303768158,-0.3316238522529602,0.4302522838115692,-0.2503049969673157,-1.9666178226470947,0.11209956556558609,2.2635498046875,1.6456109285354614
10.901268243789673,0.02789759635925293,327,327,takeover,cartesian_freedrive,-1.0,0.07999776303768158,-0.3317035436630249,0.4326134920120239,-0.25030362606048584,-1.9666508436203003,0.11413879692554474,2.266550302505493,1.6456085443496704
10.93459677696228,0.03332853317260742,328,328,takeover,cartesian_freedrive,-1.0,0.07999776303768158,-0.3317718505859375,0.43549248576164246,-0.2503325045108795,-1.9666781425476074,0.11683758348226547,2.269484519958496,1.6456092596054077
10.974375486373901,0.039778709411621094,329,329,takeover,cartesian_freedrive,-1.0,0.07999776303768158,-0.33185872435569763,0.438966304063797,-0.2503473162651062,-1.9667811393737793,0.11915665864944458,2.271317958831787,1.6456100940704346
11.00140905380249,0.027033567428588867,330,330,takeover,cartesian_freedrive,-1.0,0.07999776303768158,-0.3319399654865265,0.44147107005119324,-0.25036144256591797,-1.9669628143310547,0.12018400430679321,2.2725417613983154,1.6456066370010376
11.034790277481079,0.03338122367858887,331,331,takeover,cartesian_freedrive,-1.0,0.07999776303768158,-0.33210477232933044,0.4441317915916443,-0.2504004240036011,-1.9676423072814941,0.12132976204156876,2.274203062057495,1.645606517791748
11.073564529418945,0.03877425193786621,332,332,takeover,cartesian_freedrive,-1.0,0.07999776303768158,-0.3324699401855469,0.4471602737903595,-0.25042638182640076,-1.968483567237854,0.1218169629573822,2.275482654571533,1.6456098556518555
11.101093530654907,0.027529001235961914,333,333,takeover,cartesian_freedrive,-1.0,0.07999776303768158,-0.33282625675201416,0.4492786228656769,-0.25046810507774353,-1.9690903425216675,0.12210743874311447,2.27634859085083,1.6456077098846436
11.139859437942505,0.038765907287597656,334,334,takeover,cartesian_freedrive,-1.0,0.07999776303768158,-0.33341601490974426,0.4519500434398651,-0.2505817413330078,-1.9700368642807007,0.12248682975769043,2.2783522605895996,1.6456102132797241
11.167990446090698,0.02813100814819336,335,335,takeover,cartesian_freedrive,-1.0,0.07999776303768158,-0.33384522795677185,0.45412880182266235,-0.25073638558387756,-1.9707186222076416,0.12264556437730789,2.2806692123413086,1.6456042528152466
11.201313018798828,0.03332257270812988,336,336,takeover,cartesian_freedrive,-1.0,0.07999776303768158,-0.3343556523323059,0.4563780426979065,-0.2509165108203888,-1.9715701341629028,0.12271670997142792,2.283881664276123,1.6456100940704346
11.240114450454712,0.03880143165588379,337,337,takeover,cartesian_freedrive,-1.0,0.07999776303768158,-0.3349156975746155,0.4591241776943207,-0.251018762588501,-1.9721547365188599,0.12272399663925171,2.2874622344970703,1.6456081867218018
11.268064975738525,0.027950525283813477,338,338,takeover,cartesian_freedrive,-1.0,0.07999776303768158,-0.3352077305316925,0.461198091506958,-0.2510320246219635,-1.972127914428711,0.12273021787405014,2.289327383041382,1.6456061601638794
11.3065025806427,0.038437604904174805,339,339,takeover,cartesian_freedrive,-1.0,0.07999776303768158,-0.3353816270828247,0.46395865082740784,-0.2510056495666504,-1.9720877408981323,0.12273138016462326,2.292452335357666,1.6456024646759033
11.3346688747406,0.02816629409790039,340,340,takeover,cartesian_freedrive,-1.0,0.07999776303768158,-0.3353222608566284,0.4660113453865051,-0.25093331933021545,-1.9719865322113037,0.12273307144641876,2.2948007583618164,1.6455984115600586
11.373219966888428,0.03855109214782715,341,341,takeover,cartesian_freedrive,-1.0,0.07999776303768158,-0.3351990282535553,0.4688135087490082,-0.25050869584083557,-1.971795678138733,0.12274714559316635,2.2987940311431885,1.6456021070480347
11.401341915130615,0.0281219482421875,342,342,takeover,cartesian_freedrive,-1.0,0.07999776303768158,-0.3350641131401062,0.47069716453552246,-0.2500794529914856,-1.9716838598251343,0.12278573960065842,2.3019473552703857,1.6456024646759033
11.434665441513062,0.03332352638244629,343,343,takeover,cartesian_freedrive,-1.0,0.07999776303768158,-0.3348897695541382,0.4730103611946106,-0.2495114803314209,-1.971572756767273,0.12282092869281769,2.3061792850494385,1.645606517791748
11.474098920822144,0.03943347930908203,344,344,takeover,cartesian_freedrive,-1.0,0.07999776303768158,-0.33468344807624817,0.4756053388118744,-0.248870387673378,-1.971360206604004,0.12326046824455261,2.30924916267395,1.6456100940704346
11.501180171966553,0.02708125114440918,345,345,takeover,cartesian_freedrive,-1.0,0.07999776303768158,-0.33458834886550903,0.4774401783943176,-0.24843674898147583,-1.9711017608642578,0.12484706938266754,2.310508966445923,1.6456105709075928
11.539543628692627,0.03836345672607422,346,346,takeover,cartesian_freedrive,-1.0,0.07999776303768158,-0.3345491290092468,0.4800366163253784,-0.24796582758426666,-1.970771074295044,0.1274370700120926,2.312302350997925,1.645614743232727
11.567952394485474,0.02840876579284668,347,347,takeover,cartesian_freedrive,-1.0,0.07999776303768158,-0.334552139043808,0.482017457485199,-0.24773022532463074,-1.9706182479858398,0.12970216572284698,2.313115119934082,1.6456080675125122
11.60131287574768,0.03336048126220703,348,348,takeover,cartesian_freedrive,-1.0,0.07999776303768158,-0.33454835414886475,0.48421356081962585,-0.24744024872779846,-1.970615267753601,0.13255047798156738,2.31384539604187,1.6456058025360107
11.639560222625732,0.03824734687805176,349,349,takeover,cartesian_freedrive,-1.0,0.07999776303768158,-0.33452752232551575,0.486621618270874,-0.24695812165737152,-1.9706099033355713,0.13425752520561218,2.3145289421081543,1.6455971002578735
11.667932033538818,0.028371810913085938,350,350,takeover,cartesian_freedrive,-1.0,0.07999776303768158,-0.3345043659210205,0.48850080370903015,-0.2463550567626953,-1.9705992937088013,0.1349123865365982,2.3151659965515137,1.6455984115600586
11.701359033584595,0.03342700004577637,351,351,takeover,cartesian_freedrive,-1.0,0.07999776303768158,-0.33441823720932007,0.4906949996948242,-0.24549373984336853,-1.970656394958496,0.13554763793945312,2.31610369682312,1.6456001996994019
11.739359140396118,0.03800010681152344,352,352,takeover,cartesian_freedrive,-1.0,0.07999776303768158,-0.3341471254825592,0.4931754171848297,-0.2445850819349289,-1.9706518650054932,0.1357630342245102,2.3170723915100098,1.6455984115600586
11.767986059188843,0.02862691879272461,353,353,takeover,cartesian_freedrive,-1.0,0.07999776303768158,-0.33398208022117615,0.495133638381958,-0.2438105344772339,-1.9707156419754028,0.13576965034008026,2.317960500717163,1.6455936431884766
11.80137825012207,0.03339219093322754,354,354,takeover,cartesian_freedrive,-1.0,0.07999776303768158,-0.33384624123573303,0.4972500205039978,-0.24283412098884583,-1.9708386659622192,0.13576051592826843,2.3191704750061035,1.645585060119629
11.840124607086182,0.03874635696411133,355,355,takeover,cartesian_freedrive,-1.0,0.07999776303768158,-0.3336884379386902,0.4999125897884369,-0.2417583018541336,-1.970999836921692,0.13574764132499695,2.320805549621582,1.6455775499343872
11.868066787719727,0.027942180633544922,356,356,takeover,cartesian_freedrive,-1.0,0.07999776303768158,-0.33362141251564026,0.5019586682319641,-0.24110108613967896,-1.971213698387146,0.13573913276195526,2.3222317695617676,1.6455577611923218
11.906750917434692,0.03868412971496582,357,357,takeover,cartesian_freedrive,-1.0,0.07999776303768158,-0.3336266875267029,0.5045188069343567,-0.24062250554561615,-1.9719287157058716,0.1357201486825943,2.3249008655548096,1.6454992294311523
11.934727430343628,0.027976512908935547,358,358,takeover,cartesian_freedrive,-1.0,0.07999776303768158,-0.33369484543800354,0.5065321922302246,-0.2406318038702011,-1.9725085496902466,0.1356797069311142,2.326817512512207,1.6453245878219604
11.973990678787231,0.039263248443603516,359,359,takeover,cartesian_freedrive,-1.0,0.07999776303768158,-0.33396318554878235,0.5090599060058594,-0.24066302180290222,-1.9736241102218628,0.1355484277009964,2.3291707038879395,1.6449453830718994
12.001333713531494,0.027343034744262695,360,360,takeover,cartesian_freedrive,-1.0,0.07999776303768158,-0.3341722786426544,0.5107783079147339,-0.2406768500804901,-1.9744060039520264,0.13548628985881805,2.330676555633545,1.6447383165359497
12.034939765930176,0.03360605239868164,361,361,takeover,cartesian_freedrive,-1.0,0.07999776303768158,-0.3344317674636841,0.512826681137085,-0.2407139241695404,-1.9752321243286133,0.1354023963212967,2.33251690864563,1.644433617591858
12.074490308761597,0.0395505428314209,362,362,takeover,cartesian_freedrive,-1.0,0.07999776303768158,-0.33469706773757935,0.5152993202209473,-0.24072924256324768,-1.9758827686309814,0.1352006196975708,2.334367275238037,1.6439725160598755
12.101280450820923,0.026790142059326172,363,363,takeover,cartesian_freedrive,-1.0,0.07999776303768158,-0.33480721712112427,0.5169568657875061,-0.24071775376796722,-1.97634756565094,0.13504810631275177,2.336007833480835,1.6436187028884888
12.134676933288574,0.03339648246765137,364,364,takeover,cartesian_freedrive,-1.0,0.07999776303768158,-0.3348446190357208,0.518891453742981,-0.24072372913360596,-1.9772906303405762,0.13488639891147614,2.339411735534668,1.6432610750198364
12.175496339797974,0.040819406509399414,365,365,takeover,cartesian_freedrive,-1.0,0.07999776303768158,-0.3348064720630646,0.5209898352622986,-0.240685373544693,-1.9790037870407104,0.1348605901002884,2.3445310592651367,1.6428678035736084
12.201258182525635,0.025761842727661133,366,366,takeover,cartesian_freedrive,-1.0,0.07999709993600845,-0.33480554819107056,0.5221975445747375,-0.24068066477775574,-1.9801877737045288,0.13486385345458984,2.347764492034912,1.6426366567611694
12.234703540802002,0.03344535827636719,367,367,takeover,cartesian_freedrive,-1.0,0.07999709993600845,-0.3347858786582947,0.523613452911377,-0.2406613528728485,-1.9816110134124756,0.13486354053020477,2.351477861404419,1.6421478986740112
12.27325701713562,0.038553476333618164,368,368,takeover,cartesian_freedrive,-1.0,0.07999709993600845,-0.33471041917800903,0.5251803994178772,-0.24050654470920563,-1.982905387878418,0.13487474620342255,2.354823589324951,1.641420841217041
12.301404237747192,0.028147220611572266,369,369,takeover,cartesian_freedrive,-1.0,0.07999709993600845,-0.3346235454082489,0.5265721678733826,-0.24022331833839417,-1.9833698272705078,0.13489121198654175,2.3576395511627197,1.6408971548080444
12.33472204208374,0.03331780433654785,370,370,takeover,cartesian_freedrive,-1.0,0.07999709993600845,-0.33444246649742126,0.5284839272499084,-0.23964369297027588,-1.9835368394851685,0.13490718603134155,2.3624956607818604,1.6403687000274658
12.37314486503601,0.03842282295227051,371,371,takeover,cartesian_freedrive,-1.0,0.07999709993600845,-0.3342399001121521,0.53084397315979,-0.23864863812923431,-1.983486533164978,0.13492557406425476,2.367460250854492,1.6402314901351929
12.401341676712036,0.02819681167602539,372,372,takeover,cartesian_freedrive,-1.0,0.07999776303768158,-0.33411362767219543,0.5326996445655823,-0.2377922236919403,-1.9834895133972168,0.13494721055030823,2.3699779510498047,1.6401801109313965
12.4344162940979,0.03307461738586426,373,373,takeover,cartesian_freedrive,-1.0,0.07999776303768158,-0.33406969904899597,0.5348858833312988,-0.23662728071212769,-1.9834864139556885,0.13497191667556763,2.3727948665618896,1.6401594877243042
12.473396301269531,0.03898000717163086,374,374,takeover,cartesian_freedrive,-1.0,0.07999776303768158,-0.33404216170310974,0.5375393629074097,-0.2353220283985138,-1.9834442138671875,0.1350032091140747,2.3757476806640625,1.6401445865631104
12.50131607055664,0.027919769287109375,375,375,takeover,cartesian_freedrive,-1.0,0.07999776303768158,-0.3340655267238617,0.5395981073379517,-0.23438602685928345,-1.9834346771240234,0.13503941893577576,2.3785574436187744,1.6401317119598389
12.539665937423706,0.03834986686706543,376,376,takeover,cartesian_freedrive,-1.0,0.07999776303768158,-0.33407124876976013,0.5424280166625977,-0.23328366875648499,-1.9834463596343994,0.13527876138687134,2.3831698894500732,1.6401199102401733
12.56791877746582,0.028252840042114258,377,377,takeover,cartesian_freedrive,-1.0,0.07999776303768158,-0.33407995104789734,0.5446329116821289,-0.2325853556394577,-1.9834206104278564,0.1358240842819214,2.386826753616333,1.6401102542877197
12.601377725601196,0.03345894813537598,378,378,takeover,cartesian_freedrive,-1.0,0.07999776303768158,-0.3340792953968048,0.5470240712165833,-0.23208139836788177,-1.9834656715393066,0.1360737830400467,2.3900959491729736,1.640094518661499
12.640644311904907,0.03926658630371094,379,379,takeover,cartesian_freedrive,-1.0,0.07999776303768158,-0.33409231901168823,0.5494349598884583,-0.23183462023735046,-1.9834575653076172,0.13625681400299072,2.392313241958618,1.6400822401046753
12.668110609054565,0.027466297149658203,380,380,takeover,cartesian_freedrive,-1.0,0.07999776303768158,-0.3341318368911743,0.5510570406913757,-0.23185086250305176,-1.9834977388381958,0.13653329014778137,2.3937408924102783,1.6400721073150635
12.706305027008057,0.03819441795349121,381,381,takeover,cartesian_freedrive,-1.0,0.07999776303768158,-0.3343987762928009,0.553044855594635,-0.23185904324054718,-1.9836511611938477,0.13733534514904022,2.397043466567993,1.640060305595398
12.7346510887146,0.02834606170654297,382,382,takeover,cartesian_freedrive,-1.0,0.07999776303768158,-0.3347019553184509,0.5544538497924805,-0.2318866103887558,-1.9838744401931763,0.13788971304893494,2.4000728130340576,1.6400432586669922
12.768014669418335,0.03336358070373535,383,383,takeover,cartesian_freedrive,-1.0,0.07999776303768158,-0.3351905643939972,0.5560954213142395,-0.23191586136817932,-1.9843515157699585,0.13834206759929657,2.404202461242676,1.6400315761566162
12.80647587776184,0.03846120834350586,384,384,takeover,cartesian_freedrive,-1.0,0.07999776303768158,-0.3358694314956665,0.5577625036239624,-0.23197345435619354,-1.9850510358810425,0.13851289451122284,2.407309055328369,1.6400083303451538
12.834630489349365,0.028154611587524414,385,385,takeover,cartesian_freedrive,-1.0,0.07999776303768158,-0.3363953232765198,0.5590400099754333,-0.23206210136413574,-1.985681176185608,0.13863281905651093,2.409104347229004,1.6399909257888794
12.86806869506836,0.03343820571899414,386,386,takeover,cartesian_freedrive,-1.0,0.07999776303768158,-0.33717021346092224,0.5603597164154053,-0.2321368306875229,-1.9870299100875854,0.1387271136045456,2.411489486694336,1.6399544477462769
12.90691089630127,0.038842201232910156,387,387,takeover,cartesian_freedrive,-1.0,0.07999776303768158,-0.3381214141845703,0.5617095232009888,-0.23215803503990173,-1.989001989364624,0.1387472301721573,2.4137611389160156,1.6398948431015015
12.934725522994995,0.027814626693725586,388,388,takeover,cartesian_freedrive,-1.0,0.07999776303768158,-0.338763564825058,0.5627272129058838,-0.23216179013252258,-1.9907033443450928,0.13876233994960785,2.4160873889923096,1.6397737264633179
12.973063945770264,0.038338422775268555,389,389,takeover,cartesian_freedrive,-1.0,0.07999776303768158,-0.3395412564277649,0.5642812848091125,-0.2321544885635376,-1.9932059049606323,0.13877107203006744,2.4205782413482666,1.6396589279174805
13.001299619674683,0.028235673904418945,390,390,takeover,cartesian_freedrive,-1.0,0.07999776303768158,-0.33995699882507324,0.5657411813735962,-0.2321445196866989,-1.9945284128189087,0.13877752423286438,2.424133062362671,1.6395748853683472
13.039438009262085,0.038138389587402344,391,391,takeover,cartesian_freedrive,-1.0,0.07999776303768158,-0.3403249979019165,0.5680240988731384,-0.23213931918144226,-1.9954960346221924,0.1387893706560135,2.4279723167419434,1.6394904851913452
13.068094730377197,0.028656721115112305,392,392,takeover,cartesian_freedrive,-1.0,0.07999776303768158,-0.34043797850608826,0.5698768496513367,-0.23211538791656494,-1.9957317113876343,0.13880309462547302,2.4304769039154053,1.6394312381744385
13.101349830627441,0.03325510025024414,393,393,takeover,cartesian_freedrive,-1.0,0.07999776303768158,-0.34040507674217224,0.5720713138580322,-0.23206160962581635,-1.9956867694854736,0.13882292807102203,2.433525800704956,1.6393766403198242
13.140321254730225,0.0389714241027832,394,394,takeover,cartesian_freedrive,-1.0,0.07999776303768158,-0.3403775990009308,0.57435542345047,-0.23174361884593964,-1.9956811666488647,0.13883638381958008,2.437908411026001,1.6393252611160278
13.168046474456787,0.0277252197265625,395,395,takeover,cartesian_freedrive,-1.0,0.07999776303768158,-0.34036746621131897,0.5758984684944153,-0.23136746883392334,-1.9956574440002441,0.13885068893432617,2.4417848587036133,1.6393135786056519
13.201359510421753,0.03331303596496582,396,396,takeover,cartesian_freedrive,-1.0,0.07999776303768158,-0.3403598368167877,0.5775400996208191,-0.23082129657268524,-1.995619773864746,0.138858824968338,2.4461770057678223,1.6393141746520996
13.239529371261597,0.03816986083984375,397,397,takeover,cartesian_freedrive,-1.0,0.07999776303768158,-0.34034621715545654,0.5791770815849304,-0.23020364344120026,-1.9955519437789917,0.1388661116361618,2.4489095211029053,1.639309048652649
13.26790452003479,0.02837514877319336,398,398,takeover,cartesian_freedrive,-1.0,0.07999776303768158,-0.3403364419937134,0.5804985165596008,-0.22969229519367218,-1.9954971075057983,0.1388760656118393,2.4505743980407715,1.639305830001831
13.301549196243286,0.033644676208496094,399,399,takeover,cartesian_freedrive,-1.0,0.07999776303768158,-0.3403356075286865,0.5819500684738159,-0.22913436591625214,-1.9954878091812134,0.13888633251190186,2.4527764320373535,1.639302372932434
13.33966875076294,0.03811955451965332,400,400,takeover,cartesian_freedrive,-1.0,0.07999776303768158,-0.3403322696685791,0.5837289690971375,-0.22860915958881378,-1.9954873323440552,0.13890212774276733,2.4555373191833496,1.6393088102340698
13.367838621139526,0.028169870376586914,401,401,takeover,cartesian_freedrive,-1.0,0.07999776303768158,-0.340333491563797,0.5851489305496216,-0.22823229432106018,-1.995478630065918,0.13891108334064484,2.457934617996216,1.6393109560012817
13.406372308731079,0.038533687591552734,402,402,takeover,cartesian_freedrive,-1.0,0.07999776303768158,-0.34032464027404785,0.5870543122291565,-0.22775255143642426,-1.995468258857727,0.1389520913362503,2.4615185260772705,1.6393094062805176
13.434661865234375,0.0282895565032959,403,403,takeover,cartesian_freedrive,-1.0,0.07999776303768158,-0.3403152525424957,0.5886259078979492,-0.22738415002822876,-1.9954307079315186,0.13995565474033356,2.4642233848571777,1.6393061876296997
13.473155736923218,0.03849387168884277,404,404,takeover,cartesian_freedrive,-1.0,0.07999776303768158,-0.34030503034591675,0.5908717513084412,-0.2268758863210678,-1.9951798915863037,0.14103081822395325,2.4666690826416016,1.6392972469329834
13.501152276992798,0.027996540069580078,405,405,takeover,cartesian_freedrive,-1.0,0.07999776303768158,-0.3403056859970093,0.5925793051719666,-0.22648650407791138,-1.9949742555618286,0.1415369063615799,2.4680659770965576,1.6393024921417236
13.534752607345581,0.0336003303527832,406,406,takeover,cartesian_freedrive,-1.0,0.07999776303768158,-0.340303510427475,0.5946412682533264,-0.2259896844625473,-1.9947948455810547,0.14193078875541687,2.469799757003784,1.6392945051193237
13.573084592819214,0.03833198547363281,407,407,takeover,cartesian_freedrive,-1.0,0.07999776303768158,-0.34029361605644226,0.5969129800796509,-0.22536347806453705,-1.9947867393493652,0.14215250313282013,2.4714651107788086,1.6392982006072998
13.601358652114868,0.028274059295654297,408,408,takeover,cartesian_freedrive,-1.0,0.07999776303768158,-0.3402770161628723,0.5985819697380066,-0.22485050559043884,-1.9948188066482544,0.14227475225925446,2.472729206085205,1.6393005847930908
13.634754180908203,0.03339552879333496,409,409,takeover,cartesian_freedrive,-1.0,0.07999776303768158,-0.34027808904647827,0.6004102826118469,-0.22420381009578705,-1.9948618412017822,0.14247119426727295,2.4748592376708984,1.6392959356307983
13.67307448387146,0.038320302963256836,410,410,takeover,cartesian_freedrive,-1.0,0.07999776303768158,-0.3402690589427948,0.6024541258811951,-0.22361986339092255,-1.994856595993042,0.14266853034496307,2.477454900741577,1.6393014192581177
13.701268911361694,0.028194427490234375,411,411,takeover,cartesian_freedrive,-1.0,0.07999776303768158,-0.34027746319770813,0.6038778424263,-0.22324639558792114,-1.994856595993042,0.14270856976509094,2.479339122772217,1.6393002271652222
13.739661931991577,0.03839302062988281,412,412,takeover,cartesian_freedrive,-1.0,0.07999776303768158,-0.34027573466300964,0.6057740449905396,-0.22285036742687225,-1.994842529296875,0.14276844263076782,2.4823219776153564,1.639295220375061
13.76786756515503,0.02820563316345215,413,413,takeover,cartesian_freedrive,-1.0,0.07999776303768158,-0.3402875065803528,0.6072210073471069,-0.22258776426315308,-1.9948511123657227,0.14281560480594635,2.484288215637207,1.6393005847930908
13.80116605758667,0.033298492431640625,414,414,takeover,cartesian_freedrive,-1.0,0.07999776303768158,-0.34028229117393494,0.6087712645530701,-0.22239431738853455,-1.9948372840881348,0.14286909997463226,2.485926389694214,1.639297366142273
13.840126752853394,0.03896069526672363,415,415,takeover,cartesian_freedrive,-1.0,0.07999776303768158,-0.34027817845344543,0.610478937625885,-0.2221112847328186,-1.9948227405548096,0.14294539391994476,2.487091064453125,1.6393005847930908
13.867893695831299,0.027766942977905273,416,416,takeover,cartesian_freedrive,-1.0,0.07999776303768158,-0.3402794301509857,0.6116833090782166,-0.22178292274475098,-1.9948242902755737,0.14311809837818146,2.4879062175750732,1.639302134513855
13.901196002960205,0.03330230712890625,417,417,takeover,cartesian_freedrive,-1.0,0.07999776303768158,-0.34027963876724243,0.6130010485649109,-0.2212938368320465,-1.9948288202285767,0.14331325888633728,2.488870620727539,1.6392967700958252
13.939619779586792,0.038423776626586914,418,418,takeover,cartesian_freedrive,-1.0,0.07999776303768158,-0.3402703106403351,0.6143747568130493,-0.22064489126205444,-1.9948266744613647,0.14344850182533264,2.489291191101074,1.6393007040023804
13.968025922775269,0.028406143188476562,419,419,takeover,cartesian_freedrive,-1.0,0.07999776303768158,-0.34027373790740967,0.6154308915138245,-0.2200445681810379,-1.9948197603225708,0.14358912408351898,2.4895851612091064,1.639296293258667
14.001340627670288,0.03331470489501953,420,420,takeover,cartesian_freedrive,-1.0,0.07999776303768158,-0.3402564525604248,0.6166777014732361,-0.21931315958499908,-1.9948091506958008,0.14374640583992004,2.489964723587036,1.6393022537231445
14.040607690811157,0.03926706314086914,421,421,takeover,cartesian_freedrive,-1.0,0.07999776303768158,-0.3402343690395355,0.6182383894920349,-0.21854253113269806,-1.9948045015335083,0.14396342635154724,2.490370512008667,1.6392978429794312
14.068018436431885,0.02741074562072754,422,422,takeover,cartesian_freedrive,-1.0,0.07999776303768158,-0.3402164578437805,0.6194186210632324,-0.21796131134033203,-1.9947954416275024,0.14415130019187927,2.4908792972564697,1.6392964124679565
14.101345539093018,0.03332710266113281,423,423,takeover,cartesian_freedrive,-1.0,0.07999776303768158,-0.3402087986469269,0.6207585334777832,-0.21720506250858307,-1.9948052167892456,0.14447876811027527,2.4916250705718994,1.6392945051193237
14.139438390731812,0.038092851638793945,424,424,takeover,cartesian_freedrive,-1.0,0.07999776303768158,-0.3401845097541809,0.6222508549690247,-0.21636977791786194,-1.9948153495788574,0.14465126395225525,2.4924843311309814,1.6393014192581177
14.168455600738525,0.029017210006713867,425,425,takeover,cartesian_freedrive,-1.0,0.07999776303768158,-0.3401786983013153,0.6233165860176086,-0.21577808260917664,-1.9948023557662964,0.1447412222623825,2.493354320526123,1.6393038034439087
14.206514596939087,0.03805899620056152,426,426,takeover,cartesian_freedrive,-1.0,0.07999776303768158,-0.34016937017440796,0.6247287392616272,-0.21500496566295624,-1.9948101043701172,0.1450338512659073,2.4949700832366943,1.6392974853515625
14.234664916992188,0.028150320053100586,427,427,takeover,cartesian_freedrive,-1.0,0.07999776303768158,-0.34017789363861084,0.6257002353668213,-0.2145177125930786,-1.994812250137329,0.1453111171722412,2.496246337890625,1.6392974853515625
14.273926973342896,0.03926205635070801,428,428,takeover,cartesian_freedrive,-1.0,0.07999776303768158,-0.3401753306388855,0.6270002722740173,-0.21388521790504456,-1.9947991371154785,0.14564822614192963,2.498173952102661,1.6393070220947266
14.301440715789795,0.027513742446899414,429,429,takeover,cartesian_freedrive,-1.0,0.07999776303768158,-0.3401864171028137,0.6278577446937561,-0.21341292560100555,-1.9948039054870605,0.1458178013563156,2.4997105598449707,1.6393028497695923
14.334821462631226,0.033380746841430664,430,430,takeover,cartesian_freedrive,-1.0,0.07999776303768158,-0.340180903673172,0.6289511322975159,-0.21291832625865936,-1.9948065280914307,0.14607419073581696,2.501708745956421,1.6393022537231445
14.372874975204468,0.03805351257324219,431,431,takeover,cartesian_freedrive,-1.0,0.07999776303768158,-0.34018102288246155,0.6303114295005798,-0.21242016553878784,-1.9947890043258667,0.14643895626068115,2.503207206726074,1.6393038034439087
14.401125431060791,0.028250455856323242,432,432,takeover,cartesian_freedrive,-1.0,0.07999776303768158,-0.34017735719680786,0.6313823461532593,-0.2121157944202423,-1.9947783946990967,0.14664290845394135,2.5040204524993896,1.6393052339553833
14.439604759216309,0.03847932815551758,433,433,takeover,cartesian_freedrive,-1.0,0.07999776303768158,-0.34018945693969727,0.6329815983772278,-0.21174965798854828,-1.9947720766067505,0.14726851880550385,2.505239963531494,1.6393014192581177
14.46804141998291,0.028436660766601562,434,434,takeover,cartesian_freedrive,-1.0,0.07999776303768158,-0.34019508957862854,0.6342651844024658,-0.21153603494167328,-1.9947668313980103,0.14778219163417816,2.506101131439209,1.6393016576766968
14.506029844284058,0.03798842430114746,435,435,takeover,cartesian_freedrive,-1.0,0.07999776303768158,-0.3402027487754822,0.6360465884208679,-0.21135219931602478,-1.9947625398635864,0.14857803285121918,2.507349967956543,1.6392991542816162
14.53469181060791,0.02866196632385254,436,436,takeover,cartesian_freedrive,-1.0,0.07999776303768158,-0.34019961953163147,0.637420117855072,-0.2112978845834732,-1.9947688579559326,0.14932690560817719,2.508359432220459,1.6393052339553833
14.572828531265259,0.03813672065734863,437,437,takeover,cartesian_freedrive,-1.0,0.07999776303768158,-0.3402380347251892,0.6392514109611511,-0.2113015204668045,-1.9947798252105713,0.1506543755531311,2.509542226791382,1.6392958164215088
14.60133147239685,0.028502941131591797,438,438,takeover,cartesian_freedrive,-1.0,0.07999776303768158,-0.340298056602478,0.6406632661819458,-0.21131132543087006,-1.994755506515503,0.15174159407615662,2.510329246520996,1.6392935514450073
14.640693426132202,0.03936195373535156,439,439,takeover,cartesian_freedrive,-1.0,0.07999776303768158,-0.3403477966785431,0.6424939632415771,-0.21131344139575958,-1.9947720766067505,0.15316429734230042,2.5116403102874756,1.6392825841903687
14.668006420135498,0.0273129940032959,440,440,takeover,cartesian_freedrive,-1.0,0.07999776303768158,-0.34034794569015503,0.6438395380973816,-0.21129803359508514,-1.9947607517242432,0.15422159433364868,2.5129289627075195,1.6392757892608643
14.701379776000977,0.033373355865478516,441,441,takeover,cartesian_freedrive,-1.0,0.07999776303768158,-0.34032946825027466,0.6454973220825195,-0.21128952503204346,-1.9947524070739746,0.15555255115032196,2.5153698921203613,1.6392638683319092
14.739813804626465,0.03843402862548828,442,442,takeover,cartesian_freedrive,-1.0,0.07999776303768158,-0.3403341770172119,0.6473573446273804,-0.21128150820732117,-1.9947470426559448,0.15692736208438873,2.518862247467041,1.639248251914978
14.768420457839966,0.028606653213500977,443,443,takeover,cartesian_freedrive,-1.0,0.07999776303768158,-0.34032678604125977,0.6488040685653687,-0.21126659214496613,-1.994739294052124,0.15784837305545807,2.521825075149536,1.6392487287521362
14.806441068649292,0.03802061080932617,444,444,takeover,cartesian_freedrive,-1.0,0.07999776303768158,-0.34032267332077026,0.650564432144165,-0.21123892068862915,-1.994727611541748,0.1587490290403366,2.524698257446289,1.6392453908920288
14.835028171539307,0.02858710289001465,445,445,takeover,cartesian_freedrive,-1.0,0.07999776303768158,-0.34032440185546875,0.6517422199249268,-0.21123656630516052,-1.9947274923324585,0.15928074717521667,2.5259978771209717,1.6392486095428467
14.868060827255249,0.03303265571594238,446,446,takeover,cartesian_freedrive,-1.0,0.07999776303768158,-0.34031903743743896,0.652996301651001,-0.21122758090496063,-1.9947338104248047,0.15969735383987427,2.527500867843628,1.6392462253570557
14.906221628189087,0.03816080093383789,447,447,takeover,cartesian_freedrive,-1.0,0.07999776303768158,-0.3403182327747345,0.6540498733520508,-0.2112157791852951,-1.9947110414505005,0.1598633974790573,2.5285158157348633,1.6392422914505005
14.93479323387146,0.028571605682373047,448,448,takeover,cartesian_freedrive,-1.0,0.07999776303768158,-0.34031257033348083,0.6546403169631958,-0.21120861172676086,-1.994705319404602,0.1600455641746521,2.5290374755859375,1.6392399072647095
14.967881679534912,0.03308844566345215,449,449,takeover,cartesian_freedrive,-1.0,0.07999776303768158,-0.34031403064727783,0.6550797820091248,-0.21121539175510406,-1.9947105646133423,0.16028811037540436,2.529592275619507,1.6392399072647095
15.007038593292236,0.03915691375732422,450,450,takeover,cartesian_freedrive,-1.0,0.07999776303768158,-0.34032365679740906,0.6553629040718079,-0.21122555434703827,-1.9947307109832764,0.1604325771331787,2.529891014099121,1.6392399072647095
15.03447151184082,0.027432918548583984,451,451,takeover,cartesian_freedrive,-1.0,0.07999776303768158,-0.3403249979019165,0.6555068492889404,-0.21122385561466217,-1.9947242736816406,0.16051439940929413,2.5299808979034424,1.639244556427002
15.067909955978394,0.03343844413757324,452,452,takeover,cartesian_freedrive,-1.0,0.07999776303768158,-0.3403342366218567,0.6556352376937866,-0.2112327367067337,-1.9947268962860107,0.1605922281742096,2.5301060676574707,1.6392452716827393
15.107324600219727,0.03941464424133301,453,453,takeover,cartesian_freedrive,-1.0,0.07999776303768158,-0.340347021818161,0.6557954549789429,-0.21124430000782013,-1.9947264194488525,0.16063643991947174,2.530132532119751,1.6392384767532349
15.134459495544434,0.02713489532470703,454,454,takeover,cartesian_freedrive,-1.0,0.07999776303768158,-0.3403448164463043,0.6558895707130432,-0.21124635636806488,-1.994720458984375,0.16065023839473724,2.5301451683044434,1.6392399072647095
15.17378830909729,0.039328813552856445,455,455,takeover,cartesian_freedrive,-1.0,0.07999776303768158,-0.34033840894699097,0.6559334397315979,-0.2112375646829605,-1.9947088956832886,0.1606542319059372,2.530151844024658,1.6392462253570557
15.201313495635986,0.02752518653869629,456,456,takeover,cartesian_freedrive,-1.0,0.07999776303768158,-0.34033459424972534,0.6559315919876099,-0.2112368494272232,-1.9946950674057007,0.16066202521324158,2.5301597118377686,1.6392422914505005
15.23939847946167,0.038084983825683594,457,457,takeover,cartesian_freedrive,-1.0,0.07999776303768158,-0.3403362035751343,0.6559298038482666,-0.21123936772346497,-1.9946907758712769,0.1606742888689041,2.530162811279297,1.6392430067062378
15.267844676971436,0.028446197509765625,458,458,takeover,cartesian_freedrive,-1.0,0.07999776303768158,-0.34033557772636414,0.6559552550315857,-0.21123361587524414,-1.9947023391723633,0.16068945825099945,2.5301642417907715,1.6392472982406616
15.307520866394043,0.03967618942260742,459,459,takeover,cartesian_freedrive,-1.0,0.07999776303768158,-0.3403335511684418,0.6561156511306763,-0.211234450340271,-1.994686245918274,0.16069532930850983,2.5301668643951416,1.6392431259155273
15.334423542022705,0.02690267562866211,460,460,takeover,cartesian_freedrive,-1.0,0.07999776303768158,-0.3403315246105194,0.6562678813934326,-0.21122753620147705,-1.994692087173462,0.1606982946395874,2.5301692485809326,1.6392444372177124
15.36778211593628,0.03335857391357422,461,461,takeover,cartesian_freedrive,-1.0,0.07999776303768158,-0.34032052755355835,0.65652996301651,-0.21122561395168304,-1.9946614503860474,0.16070154309272766,2.530179262161255,1.6392406225204468
15.406493425369263,0.0387113094329834,462,462,takeover,cartesian_freedrive,-1.0,0.07999776303768158,-0.34030619263648987,0.6570303440093994,-0.21120774745941162,-1.9944257736206055,0.16069909930229187,2.5301928520202637,1.639240026473999
15.434460878372192,0.027967453002929688,463,463,takeover,cartesian_freedrive,-1.0,0.07999776303768158,-0.34029290080070496,0.6574544310569763,-0.21119989454746246,-1.9940416812896729,0.16070064902305603,2.5302045345306396,1.6392415761947632
15.467825412750244,0.03336453437805176,464,464,takeover,cartesian_freedrive,-1.0,0.07999776303768158,-0.34027013182640076,0.6580396294593811,-0.21117083728313446,-1.9933769702911377,0.1607038378715515,2.53021502494812,1.6392446756362915
15.50715184211731,0.03932642936706543,465,465,takeover,cartesian_freedrive,-1.0,0.07999776303768158,-0.34024569392204285,0.6588230133056641,-0.2110234647989273,-1.9922579526901245,0.16071297228336334,2.5302319526672363,1.6392446756362915
15.534521579742432,0.02736973762512207,466,466,takeover,cartesian_freedrive,-1.0,0.07999776303768158,-0.3402208685874939,0.6592583656311035,-0.2108008712530136,-1.9915086030960083,0.16071684658527374,2.5302388668060303,1.6392395496368408
15.567912340164185,0.03339076042175293,467,467,takeover,cartesian_freedrive,-1.0,0.07999776303768158,-0.3401753604412079,0.6598155498504639,-0.210390105843544,-1.990668773651123,0.16072499752044678,2.5302464962005615,1.6392391920089722
15.6063871383667,0.03847479820251465,468,468,takeover,cartesian_freedrive,-1.0,0.07999776303768158,-0.34016260504722595,0.6603478789329529,-0.2098059356212616,-1.9898691177368164,0.16074156761169434,2.5302462577819824,1.6392438411712646
15.634443283081055,0.02805614471435547,469,469,takeover,cartesian_freedrive,-1.0,0.07999709993600845,-0.3401649296283722,0.6607031226158142,-0.20933476090431213,-1.9893559217453003,0.16075381636619568,2.530242443084717,1.6392391920089722
15.672764539718628,0.03832125663757324,470,470,takeover,cartesian_freedrive,-1.0,0.07999709993600845,-0.3401680290699005,0.661253809928894,-0.20870985090732574,-1.9886350631713867,0.16076064109802246,2.5302417278289795,1.6392383575439453
15.701241254806519,0.028476715087890625,471,471,takeover,cartesian_freedrive,-1.0,0.07999709993600845,-0.3401806652545929,0.6617322564125061,-0.2082182765007019,-1.9880001544952393,0.1607682853937149,2.5302464962005615,1.6392438411712646
15.739800930023193,0.038559675216674805,472,472,takeover,cartesian_freedrive,-1.0,0.07999709993600845,-0.3401718735694885,0.6624760031700134,-0.20761846005916595,-1.9870610237121582,0.16077159345149994,2.5302441120147705,1.639244794845581
15.767797946929932,0.02799701690673828,473,473,takeover,cartesian_freedrive,-1.0,0.07999709993600845,-0.3401893675327301,0.6631264090538025,-0.2072368711233139,-1.9864046573638916,0.16077697277069092,2.5302414894104004,1.6392383575439453
15.801159620285034,0.03336167335510254,474,474,takeover,cartesian_freedrive,-1.0,0.07999776303768158,-0.3401849865913391,0.6638726592063904,-0.20704983174800873,-1.9858475923538208,0.16077935695648193,2.5302398204803467,1.6392370462417603
15.839513540267944,0.038353919982910156,475,475,takeover,cartesian_freedrive,-1.0,0.07999776303768158,-0.3402467370033264,0.6647511720657349,-0.20704860985279083,-1.9854458570480347,0.1607780009508133,2.5302371978759766,1.6392438411712646
15.867932319641113,0.028418779373168945,476,476,takeover,cartesian_freedrive,-1.0,0.07999776303768158,-0.34040650725364685,0.6653158664703369,-0.2070610523223877,-1.985426902770996,0.16077649593353271,2.530233144760132,1.6392438411712646
15.905898332595825,0.037966012954711914,477,477,takeover,cartesian_freedrive,-1.0,0.07999776303768158,-0.3407098054885864,0.666017472743988,-0.2070961445569992,-1.9854636192321777,0.16077229380607605,2.530230760574341,1.639246940612793
15.934620380401611,0.028722047805786133,478,478,takeover,cartesian_freedrive,-1.0,0.07999776303768158,-0.34103962779045105,0.6665658354759216,-0.2071453481912613,-1.9854599237442017,0.1607724279165268,2.530226707458496,1.6392433643341064
15.967840433120728,0.03322005271911621,479,479,takeover,cartesian_freedrive,-1.0,0.07999776303768158,-0.3415883779525757,0.6671674847602844,-0.20717661082744598,-1.9854631423950195,0.16076987981796265,2.5302202701568604,1.6392426490783691
16.005903244018555,0.03806281089782715,480,480,takeover,cartesian_freedrive,-1.0,0.07999776303768158,-0.34226110577583313,0.6678663492202759,-0.2072439342737198,-1.9854952096939087,0.16075757145881653,2.530212163925171,1.6392453908920288
16.034548044204712,0.028644800186157227,481,481,takeover,cartesian_freedrive,-1.0,0.07999776303768158,-0.3426826596260071,0.6683802604675293,-0.20735222101211548,-1.985506534576416,0.1607486605644226,2.5302019119262695,1.639246940612793
16.07269024848938,0.03814220428466797,482,482,takeover,cartesian_freedrive,-1.0,0.07999776303768158,-0.34313973784446716,0.6691033244132996,-0.2074240744113922,-1.9855282306671143,0.16074298322200775,2.5301902294158936,1.639244556427002
16.1012864112854,0.028596162796020508,483,483,takeover,cartesian_freedrive,-1.0,0.07999776303768158,-0.343373566865921,0.6696578860282898,-0.20746228098869324,-1.9855338335037231,0.16073726117610931,2.530179262161255,1.6392508745193481
16.140378952026367,0.0390925407409668,484,484,takeover,cartesian_freedrive,-1.0,0.07999776303768158,-0.3435210883617401,0.6703773140907288,-0.20748497545719147,-1.985521912574768,0.16072581708431244,2.5301616191864014,1.6392515897750854
16.16840362548828,0.028024673461914062,485,485,takeover,cartesian_freedrive,-1.0,0.07999776303768158,-0.3434985280036926,0.6708434224128723,-0.20746882259845734,-1.9855071306228638,0.16071081161499023,2.5301618576049805,1.6392539739608765
16.201369047164917,0.03296542167663574,486,486,takeover,cartesian_freedrive,-1.0,0.07999776303768158,-0.3433966636657715,0.67130446434021,-0.20741493999958038,-1.9854828119277954,0.16067947447299957,2.5301589965820312,1.639249324798584
16.239811182022095,0.038442134857177734,487,487,takeover,cartesian_freedrive,-1.0,0.07999776303768158,-0.3431297540664673,0.6715033054351807,-0.20740902423858643,-1.9854414463043213,0.16065290570259094,2.530155897140503,1.6392524242401123
16.267850160598755,0.028038978576660156,488,488,takeover,cartesian_freedrive,-1.0,0.07999776303768158,-0.3428390324115753,0.6714878678321838,-0.20740795135498047,-1.9853671789169312,0.16063061356544495,2.5301578044891357,1.6392543315887451
16.301181316375732,0.03333115577697754,489,489,takeover,cartesian_freedrive,-1.0,0.07999776303768158,-0.342454731464386,0.6714531183242798,-0.20740093290805817,-1.9850517511367798,0.16060809791088104,2.530158519744873,1.6392579078674316
16.339423179626465,0.03824186325073242,490,490,takeover,cartesian_freedrive,-1.0,0.07999776303768158,-0.34196728467941284,0.6714492440223694,-0.20740734040737152,-1.9843496084213257,0.16060103476047516,2.5301547050476074,1.63925302028656
16.367802619934082,0.028379440307617188,491,491,takeover,cartesian_freedrive,-1.0,0.07999776303768158,-0.341793417930603,0.6714440584182739,-0.20741355419158936,-1.9839967489242554,0.16059941053390503,2.5301434993743896,1.6392569541931152
16.40120840072632,0.03340578079223633,492,492,takeover,cartesian_freedrive,-1.0,0.07999776303768158,-0.3417365550994873,0.6714568138122559,-0.20741672813892365,-1.9837076663970947,0.1605970412492752,2.530130624771118,1.639253854751587
16.44034433364868,0.03913593292236328,493,493,takeover,cartesian_freedrive,-1.0,0.07999776303768158,-0.34175312519073486,0.6714688539505005,-0.20742839574813843,-1.9835710525512695,0.16060149669647217,2.530125856399536,1.6392558813095093
16.46802830696106,0.02768397331237793,494,494,takeover,cartesian_freedrive,-1.0,0.07999776303768158,-0.3417571485042572,0.6714804172515869,-0.20743757486343384,-1.9836103916168213,0.16059784591197968,2.530111074447632,1.6392555236816406
16.501410007476807,0.03338170051574707,495,495,takeover,cartesian_freedrive,-1.0,0.07999776303768158,-0.3417602777481079,0.6714769601821899,-0.2074400633573532,-1.9836126565933228,0.16060033440589905,2.530092239379883,1.6392619609832764
16.54016351699829,0.038753509521484375,496,496,takeover,cartesian_freedrive,-1.0,0.07999776303768158,-0.3417741656303406,0.6714813709259033,-0.20745189487934113,-1.9836267232894897,0.16059811413288116,2.5300867557525635,1.6392548084259033
16.56805109977722,0.027887582778930664,497,497,takeover,cartesian_freedrive,-1.0,0.07999776303768158,-0.3417937159538269,0.6714767217636108,-0.2074619084596634,-1.9836530685424805,0.16060131788253784,2.530078887939453,1.639262080192566
16.606003046035767,0.03795194625854492,498,498,takeover,cartesian_freedrive,-1.0,0.07999776303768158,-0.3418242335319519,0.6714888215065002,-0.20748376846313477,-1.9836505651474,0.1605970412492752,2.5300655364990234,1.6392616033554077
16.63448429107666,0.028481245040893555,499,499,takeover,cartesian_freedrive,-1.0,0.07999776303768158,-0.34182778000831604,0.6714887022972107,-0.20748251676559448,-1.9836375713348389,0.16059958934783936,2.530062675476074,1.639258861541748
16.667896270751953,0.03341197967529297,500,500,takeover,cartesian_freedrive,-1.0,0.07999776303768158,-0.34182247519493103,0.6714863181114197,-0.2074800431728363,-1.9836066961288452,0.16059888899326324,2.530062675476074,1.6392598152160645
16.70643925666809,0.038542985916137695,501,501,takeover,cartesian_freedrive,-1.0,0.07999776303768158,-0.3417923152446747,0.6714777946472168,-0.2074604332447052,-1.9835611581802368,0.1605977565050125,2.5300652980804443,1.6392635107040405
16.734571933746338,0.02813267707824707,502,502,takeover,cartesian_freedrive,-1.0,0.07999776303768158,-0.341778963804245,0.671485185623169,-0.2074441760778427,-1.9835898876190186,0.16060248017311096,2.530064344406128,1.6392613649368286
16.767868280410767,0.03329634666442871,503,503,takeover,cartesian_freedrive,-1.0,0.07999776303768158,-0.34182190895080566,0.671491801738739,-0.2074817419052124,-1.9835987091064453,0.16060742735862732,2.530064582824707,1.6392576694488525
16.805965423583984,0.03809714317321777,504,504,takeover,cartesian_freedrive,-1.0,0.07999776303768158,-0.3419141173362732,0.6714937686920166,-0.2074853777885437,-1.983618140220642,0.16060389578342438,2.530059337615967,1.639262080192566
16.83446955680847,0.028504133224487305,505,505,takeover,cartesian_freedrive,-1.0,0.07999776303768158,-0.3419487476348877,0.6715105175971985,-0.20748218894004822,-1.9836176633834839,0.16060350835323334,2.530055522918701,1.6392569541931152
16.87277841567993,0.03830885887145996,506,506,takeover,cartesian_freedrive,-1.0,0.07999776303768158,-0.34193700551986694,0.6715388298034668,-0.2074727565050125,-1.9836180210113525,0.1606067270040512,2.5300490856170654,1.639261245727539
16.90108609199524,0.028307676315307617,507,507,takeover,cartesian_freedrive,-1.0,0.07999776303768158,-0.3419269323348999,0.6715457439422607,-0.2074613869190216,-1.9836108684539795,0.16060598194599152,2.530046224594116,1.639259696006775
16.939488172531128,0.03840208053588867,508,508,takeover,cartesian_freedrive,-1.0,0.07999776303768158,-0.34194064140319824,0.6715396046638489,-0.20747701823711395,-1.9836081266403198,0.16060522198677063,2.530043125152588,1.6392581462860107
16.967878818511963,0.02839064598083496,509,509,takeover,cartesian_freedrive,-1.0,0.07999776303768158,-0.34192290902137756,0.6715430617332458,-0.20745721459388733,-1.9836081266403198,0.16059957444667816,2.5300323963165283,1.6392569541931152
17.001160860061646,0.03328204154968262,510,510,takeover,cartesian_freedrive,-1.0,0.07999776303768158,-0.34184250235557556,0.67156583070755,-0.20741066336631775,-1.9836078882217407,0.16059547662734985,2.5299718379974365,1.639262080192566
17.03948473930359,0.03832387924194336,511,511,takeover,cartesian_freedrive,-1.0,0.07999709993600845,-0.3416482210159302,0.671634316444397,-0.2073926031589508,-1.9836012125015259,0.160596564412117,2.5298357009887695,1.6392589807510376
17.06782817840576,0.02834343910217285,512,512,takeover,cartesian_freedrive,-1.0,0.07999709993600845,-0.34148868918418884,0.6716532111167908,-0.20739424228668213,-1.9836041927337646,0.16059623658657074,2.5297930240631104,1.6392565965652466
17.106315851211548,0.03848767280578613,513,513,takeover,cartesian_freedrive,-1.0,0.07999709993600845,-0.3413550853729248,0.671652615070343,-0.2073952704668045,-1.9835973978042603,0.16059501469135284,2.5297911167144775,1.6392580270767212
17.134461164474487,0.028145313262939453,514,514,takeover,cartesian_freedrive,-1.0,0.07999709993600845,-0.34130412340164185,0.6716507077217102,-0.20739102363586426,-1.9835768938064575,0.16059623658657074,2.529792308807373,1.6392605304718018
17.172907829284668,0.038446664810180664,515,515,takeover,cartesian_freedrive,-1.0,0.07999709993600845,-0.34124860167503357,0.6716393232345581,-0.20739701390266418,-1.9835381507873535,0.1605929434299469,2.5297927856445312,1.6392598152160645
17.201239347457886,0.028331518173217773,516,516,takeover,cartesian_freedrive,-1.0,0.07999709993600845,-0.3412090241909027,0.6716424822807312,-0.2073955088853836,-1.9835231304168701,0.16059379279613495,2.529792308807373,1.639262318611145
17.239325523376465,0.0380861759185791,517,517,takeover,cartesian_freedrive,-1.0,0.07999776303768158,-0.34115344285964966,0.6716434955596924,-0.2073955535888672,-1.9835213422775269,0.16059927642345428,2.5297892093658447,1.6392549276351929
17.267943382263184,0.02861785888671875,518,518,takeover,cartesian_freedrive,-1.0,0.07999776303768158,-0.3411170244216919,0.6716409921646118,-0.20739474892616272,-1.983508586883545,0.16059699654579163,2.5297927856445312,1.6392593383789062
17.301239728927612,0.03329634666442871,519,519,takeover,cartesian_freedrive,-1.0,0.07999776303768158,-0.34109190106391907,0.6716414093971252,-0.2073954939842224,-1.9834927320480347,0.16059739887714386,2.5297927856445312,1.6392613649368286
17.339258432388306,0.03801870346069336,520,520,takeover,cartesian_freedrive,-1.0,0.07999776303768158,-0.3410770893096924,0.6716434955596924,-0.20739483833312988,-1.9834845066070557,0.1605977565050125,2.529794216156006,1.6392592191696167
17.367891550064087,0.02863311767578125,521,521,takeover,cartesian_freedrive,-1.0,0.07999776303768158,-0.34104984998703003,0.67164546251297,-0.2073945552110672,-1.9834798574447632,0.16059376299381256,2.5297915935516357,1.6392565965652466
17.406225204467773,0.03833365440368652,522,522,takeover,cartesian_freedrive,-1.0,0.07999776303768158,-0.3410164415836334,0.6716417074203491,-0.20739451050758362,-1.9834645986557007,0.1605977565050125,2.529790163040161,1.6392549276351929
17.43451237678528,0.028287172317504883,523,523,takeover,cartesian_freedrive,-1.0,0.07999776303768158,-0.3410031199455261,0.6716400384902954,-0.20739923417568207,-1.9834579229354858,0.16059774160385132,2.5297913551330566,1.6392635107040405
17.472773790359497,0.03826141357421875,524,524,takeover,cartesian_freedrive,-1.0,0.07999776303768158,-0.34098929166793823,0.6716414093971252,-0.20739954710006714,-1.9834582805633545,0.1605963259935379,2.529789924621582,1.639262080192566
17.501187086105347,0.02841329574584961,525,525,takeover,cartesian_freedrive,-1.0,0.07999776303768158,-0.3409672677516937,0.6716378927230835,-0.2073974609375,-1.9834505319595337,0.16059347987174988,2.5297935009002686,1.6392616033554077
17.53448748588562,0.03330039978027344,526,526,takeover,cartesian_freedrive,-1.0,0.07999776303768158,-0.3409183621406555,0.6716396808624268,-0.2073993682861328,-1.9834445714950562,0.16059663891792297,2.5297930240631104,1.639258861541748
17.57287836074829,0.0383908748626709,527,527,takeover,cartesian_freedrive,-1.0,0.07999776303768158,-0.3408377766609192,0.671642541885376,-0.20740334689617157,-1.983441710472107,0.16059452295303345,2.5297911167144775,1.639261245727539
17.60107445716858,0.028196096420288086,528,528,takeover,cartesian_freedrive,-1.0,0.07999776303768158,-0.34077322483062744,0.6716393828392029,-0.20739533007144928,-1.983439326286316,0.16059771180152893,2.5297913551330566,1.6392613649368286
17.634496212005615,0.03342175483703613,529,529,takeover,cartesian_freedrive,-1.0,0.07999776303768158,-0.34069567918777466,0.6716451644897461,-0.207394540309906,-1.9834409952163696,0.16059225797653198,2.529792308807373,1.639261245727539
17.672784328460693,0.038288116455078125,530,530,takeover,cartesian_freedrive,-1.0,0.07999776303768158,-0.34058627486228943,0.6716426610946655,-0.20738834142684937,-1.9834394454956055,0.1605936735868454,2.529790163040161,1.6392565965652466
17.70123529434204,0.028450965881347656,531,531,takeover,cartesian_freedrive,-1.0,0.07999776303768158,-0.3405076265335083,0.671638011932373,-0.20739533007144928,-1.983428716659546,0.16059187054634094,2.5297951698303223,1.6392592191696167
17.740633249282837,0.0393979549407959,532,532,takeover,cartesian_freedrive,-1.0,0.07999709993600845,-0.3404163420200348,0.6716454029083252,-0.2073976993560791,-1.983432412147522,0.1605958491563797,2.5297927856445312,1.6392565965652466
17.767899990081787,0.027266740798950195,533,533,takeover,cartesian_freedrive,-1.0,0.07999709993600845,-0.3403569161891937,0.6716409921646118,-0.20739640295505524,-1.9834336042404175,0.1605965793132782,2.5297930240631104,1.639262318611145
17.801049947738647,0.03314995765686035,534,534,takeover,cartesian_freedrive,-1.0,0.07999709993600845,-0.3402990996837616,0.6716389060020447,-0.20739531517028809,-1.9834338426589966,0.16059544682502747,2.5297887325286865,1.6392576694488525
17.83946132659912,0.03841137886047363,535,535,takeover,cartesian_freedrive,-1.0,0.07999709993600845,-0.34025096893310547,0.6716408729553223,-0.20739039778709412,-1.9834263324737549,0.160593643784523,2.5297932624816895,1.6392656564712524
17.86789560317993,0.028434276580810547,536,536,takeover,cartesian_freedrive,-1.0,0.07999709993600845,-0.3402083218097687,0.6716417670249939,-0.20740310847759247,-1.98343026638031,0.1605960577726364,2.529789447784424,1.639264464378357
17.901206493377686,0.033310890197753906,537,537,takeover,cartesian_freedrive,-1.0,0.07999709993600845,-0.34014081954956055,0.6716387271881104,-0.2073974609375,-1.9834260940551758,0.16059540212154388,2.529791831970215,1.6392570734024048
17.939491033554077,0.0382845401763916,538,538,takeover,cartesian_freedrive,-1.0,0.07999709993600845,-0.3400800824165344,0.6716434955596924,-0.20739340782165527,-1.9834239482879639,0.16059301793575287,2.5297915935516357,1.6392550468444824
17.96799874305725,0.028507709503173828,539,539,takeover,cartesian_freedrive,-1.0,0.07999709993600845,-0.3400467336177826,0.6716424822807312,-0.20739243924617767,-1.9834212064743042,0.16059327125549316,2.5297935009002686,1.639260172843933
18.00123429298401,0.03323554992675781,540,540,takeover,cartesian_freedrive,-1.0,0.07999709993600845,-0.34001675248146057,0.6716415286064148,-0.20739853382110596,-1.9834250211715698,0.16059698164463043,2.529794216156006,1.6392605304718018
18.040371417999268,0.03913712501525879,541,541,takeover,cartesian_freedrive,-1.0,0.07999709993600845,-0.33998966217041016,0.6716395616531372,-0.20739760994911194,-1.9834246635437012,0.16059544682502747,2.5297932624816895,1.6392581462860107
18.0678448677063,0.02747344970703125,542,542,takeover,cartesian_freedrive,-1.0,0.07999709993600845,-0.33996978402137756,0.671637237071991,-0.20739629864692688,-1.9834229946136475,0.16059479117393494,2.5297927856445312,1.639261245727539
18.157759428024292,0.08991456031799316,543,543,takeover,cartesian_freedrive,1.0,0.07999776303768158,-0.3399289846420288,0.6716397404670715,-0.20739637315273285,-1.9834182262420654,0.16059331595897675,2.5297927856445312,1.6392574310302734
18.158483028411865,0.0007236003875732422,544,544,takeover,cartesian_freedrive,1.0,0.07999776303768158,-0.3399285078048706,0.6716395616531372,-0.20739667117595673,-1.9834197759628296,0.16059577465057373,2.5297937393188477,1.6392558813095093
18.197317600250244,0.038834571838378906,545,545,takeover,cartesian_freedrive,1.0,0.07999776303768158,-0.33993369340896606,0.6716431379318237,-0.2074025571346283,-1.9834158420562744,0.1605922132730484,2.529794692993164,1.639259696006775
18.22546076774597,0.02814316749572754,546,546,takeover,cartesian_freedrive,1.0,0.07999776303768158,-0.33993029594421387,0.671643078327179,-0.2073967456817627,-1.9834179878234863,0.160594642162323,2.5297904014587402,1.6392621994018555
18.258925914764404,0.03346514701843262,547,547,takeover,cartesian_freedrive,1.0,0.07999776303768158,-0.33992335200309753,0.6716408133506775,-0.20739665627479553,-1.9834215641021729,0.16059085726737976,2.5297930240631104,1.6392576694488525
18.29750347137451,0.03857755661010742,548,548,takeover,cartesian_freedrive,1.0,0.07999776303768158,-0.3399238884449005,0.6716371178627014,-0.2073991596698761,-1.9834176301956177,0.1605914831161499,2.529791831970215,1.6392605304718018
18.32548475265503,0.027981281280517578,549,549,takeover,cartesian_freedrive,1.0,0.07999776303768158,-0.33992433547973633,0.6716410517692566,-0.20739313960075378,-1.9834147691726685,0.16059300303459167,2.529792308807373,1.6392581462860107
18.364580154418945,0.039095401763916016,550,550,takeover,cartesian_freedrive,1.0,0.07999709993600845,-0.33991768956184387,0.6716410517692566,-0.20739030838012695,-1.9834203720092773,0.16059251129627228,2.5297915935516357,1.63926362991333
18.39249348640442,0.027913331985473633,551,551,takeover,cartesian_freedrive,1.0,0.07999709993600845,-0.339917927980423,0.6716409921646118,-0.20739269256591797,-1.9834187030792236,0.16059225797653198,2.5297930240631104,1.6392600536346436
18.425508737564087,0.03301525115966797,552,552,takeover,cartesian_freedrive,1.0,0.07999709993600845,-0.3399130403995514,0.6716371178627014,-0.20739483833312988,-1.9834147691726685,0.16059233248233795,2.5297935009002686,1.6392624378204346
18.46476173400879,0.03925299644470215,553,553,takeover,cartesian_freedrive,1.0,0.07999709993600845,-0.3399033844470978,0.6716336011886597,-0.20738786458969116,-1.9833897352218628,0.16058450937271118,2.529782772064209,1.6392546892166138
18.491997718811035,0.027235984802246094,554,554,takeover,cartesian_freedrive,1.0,0.0680030882358551,-0.3399178981781006,0.6716393232345581,-0.20741139352321625,-1.9834020137786865,0.16058339178562164,2.5297904014587402,1.6392624378204346
18.52531933784485,0.03332161903381348,555,555,takeover,cartesian_freedrive,1.0,0.0680030882358551,-0.33990800380706787,0.6716294884681702,-0.2074022740125656,-1.9833282232284546,0.16058431565761566,2.5297985076904297,1.639262080192566
18.564452409744263,0.03913307189941406,556,556,takeover,cartesian_freedrive,1.0,0.0680030882358551,-0.3399195969104767,0.6716233491897583,-0.20741420984268188,-1.983076810836792,0.1605864018201828,2.529797077178955,1.639264702796936
18.592071056365967,0.0276186466217041,557,557,takeover,cartesian_freedrive,1.0,0.0680030882358551,-0.3399145305156708,0.6716237664222717,-0.20741714537143707,-1.9828871488571167,0.16058258712291718,2.529794692993164,1.6392590999603271
18.63123917579651,0.03916811943054199,558,558,takeover,cartesian_freedrive,1.0,0.0680030882358551,-0.3399069309234619,0.6716273427009583,-0.20740655064582825,-1.9826587438583374,0.16058151423931122,2.529799222946167,1.6392632722854614
18.658693552017212,0.027454376220703125,559,559,takeover,cartesian_freedrive,1.0,0.05224308744072914,-0.33991721272468567,0.671628475189209,-0.2074131965637207,-1.982550859451294,0.16058258712291718,2.529797315597534,1.6392608880996704
18.6969895362854,0.03829598426818848,560,560,takeover,cartesian_freedrive,1.0,0.05224308744072914,-0.3399096131324768,0.6716311573982239,-0.20740409195423126,-1.9824862480163574,0.1605871021747589,2.529797315597534,1.6392613649368286
18.725367069244385,0.028377532958984375,561,561,takeover,cartesian_freedrive,1.0,0.05224308744072914,-0.3399123549461365,0.6716386079788208,-0.20740625262260437,-1.9824872016906738,0.1605798602104187,2.529794931411743,1.639266014099121
18.764112949371338,0.038745880126953125,562,562,takeover,cartesian_freedrive,1.0,0.05224308744072914,-0.3399026691913605,0.6716494560241699,-0.20739096403121948,-1.9825031757354736,0.1605834811925888,2.5297865867614746,1.6392656564712524
18.79194712638855,0.027834177017211914,563,563,takeover,cartesian_freedrive,1.0,0.05224308744072914,-0.3399037718772888,0.671643078327179,-0.2073986530303955,-1.9824819564819336,0.16058480739593506,2.5297963619232178,1.6392558813095093
18.825298309326172,0.03335118293762207,564,564,takeover,cartesian_freedrive,1.0,0.05224308744072914,-0.33990636467933655,0.671622097492218,-0.20740929245948792,-1.982434868812561,0.16058598458766937,2.5298027992248535,1.639264464378357
18.864460945129395,0.039162635803222656,565,565,takeover,cartesian_freedrive,1.0,0.03163228929042816,-0.3399035334587097,0.6716153621673584,-0.20741000771522522,-1.982213020324707,0.16058464348316193,2.5298078060150146,1.6392645835876465
18.891973972320557,0.02751302719116211,566,566,takeover,cartesian_freedrive,1.0,0.03163228929042816,-0.3399201035499573,0.6716167330741882,-0.20742519199848175,-1.9819446802139282,0.16058076918125153,2.529805898666382,1.6392627954483032
18.930766105651855,0.03879213333129883,567,567,takeover,cartesian_freedrive,1.0,0.03163228929042816,-0.33991655707359314,0.6716021299362183,-0.20742839574813843,-1.981476902961731,0.16058394312858582,2.5298070907592773,1.639266014099121
18.959044694900513,0.028278589248657227,568,568,takeover,cartesian_freedrive,1.0,0.03163228929042816,-0.33991020917892456,0.6715865731239319,-0.20742791891098022,-1.9810272455215454,0.16058449447155,2.5298094749450684,1.6392629146575928
18.99208927154541,0.03304457664489746,569,569,takeover,cartesian_freedrive,1.0,0.03163228929042816,-0.3399197459220886,0.6715814471244812,-0.20743916928768158,-1.9803963899612427,0.16058023273944855,2.529805898666382,1.6392624378204346
19.030385494232178,0.03829622268676758,570,570,takeover,cartesian_freedrive,1.0,0.023374050855636597,-0.33993205428123474,0.6715753078460693,-0.2074563056230545,-1.97968590259552,0.1605801284313202,2.5298075675964355,1.6392560005187988
19.05877423286438,0.02838873863220215,571,571,takeover,cartesian_freedrive,1.0,0.023374050855636597,-0.33992069959640503,0.6715636849403381,-0.20744401216506958,-1.9792124032974243,0.16058146953582764,2.5298032760620117,1.6392638683319092
19.09693169593811,0.03815746307373047,572,572,takeover,cartesian_freedrive,1.0,0.023374050855636597,-0.33991989493370056,0.6715608835220337,-0.20744255185127258,-1.9786725044250488,0.1605791449546814,2.5298078060150146,1.639257788658142
19.125428199768066,0.028496503829956055,573,573,takeover,cartesian_freedrive,1.0,0.023374050855636597,-0.33992376923561096,0.671561598777771,-0.2074509710073471,-1.978408932685852,0.160580113530159,2.5298054218292236,1.639266014099121
19.158770084381104,0.03334188461303711,574,574,takeover,cartesian_freedrive,1.0,0.023374050855636597,-0.3399251401424408,0.6715573072433472,-0.207444965839386,-1.9782648086547852,0.16058006882667542,2.5298068523406982,1.6392616033554077
19.197408437728882,0.03863835334777832,575,575,takeover,cartesian_freedrive,1.0,0.02337208017706871,-0.33992505073547363,0.6715620160102844,-0.20744794607162476,-1.9782283306121826,0.1605762392282486,2.5298056602478027,1.639261245727539
19.225502014160156,0.028093576431274414,576,576,takeover,cartesian_freedrive,1.0,0.02337208017706871,-0.3399222791194916,0.6715586185455322,-0.2074439525604248,-1.9782140254974365,0.1605766862630844,2.5298027992248535,1.6392642259597778
19.25897765159607,0.033475637435913086,577,577,takeover,cartesian_freedrive,1.0,0.02337208017706871,-0.339920312166214,0.6715600490570068,-0.20744256675243378,-1.978212594985962,0.1605754941701889,2.529802083969116,1.639260172843933
19.29842448234558,0.03944683074951172,578,578,takeover,cartesian_freedrive,1.0,0.02337208017706871,-0.33991995453834534,0.6715601086616516,-0.20744015276432037,-1.9782099723815918,0.16057702898979187,2.529802083969116,1.6392635107040405
19.32533621788025,0.02691173553466797,579,579,takeover,cartesian_freedrive,1.0,0.02337208017706871,-0.3399219810962677,0.671561598777771,-0.2074417769908905,-1.9782081842422485,0.16058097779750824,2.5298051834106445,1.639266014099121
19.35871148109436,0.03337526321411133,580,580,takeover,cartesian_freedrive,1.0,0.02337208017706871,-0.33992820978164673,0.671563446521759,-0.20744676887989044,-1.9782018661499023,0.16057828068733215,2.5298032760620117,1.6392658948898315
19.396785974502563,0.038074493408203125,581,581,takeover,cartesian_freedrive,1.0,0.023368140682578087,-0.33991995453834534,0.6715654134750366,-0.2074388861656189,-1.9781990051269531,0.16057749092578888,2.52980637550354,1.639261245727539
19.425361394882202,0.028575420379638672,582,582,takeover,cartesian_freedrive,1.0,0.023368140682578087,-0.3399260640144348,0.6715618371963501,-0.2074481099843979,-1.9782025814056396,0.1605798751115799,2.529803514480591,1.63926100730896
19.464741468429565,0.03938007354736328,583,583,takeover,cartesian_freedrive,1.0,0.023368140682578087,-0.33992210030555725,0.6715636849403381,-0.20744645595550537,-1.9781959056854248,0.16058075428009033,2.5298027992248535,1.6392627954483032
19.49198079109192,0.027239322662353516,584,584,takeover,cartesian_freedrive,1.0,0.023368140682578087,-0.3399226665496826,0.6715632677078247,-0.20744407176971436,-1.9781973361968994,0.16057667136192322,2.5298032760620117,1.639265537261963
19.53033709526062,0.03835630416870117,585,585,takeover,cartesian_freedrive,1.0,0.023368140682578087,-0.3399240970611572,0.6715598702430725,-0.20744609832763672,-1.9781895875930786,0.1605796366930008,2.5298075675964355,1.6392595767974854
19.558628797531128,0.028291702270507812,586,586,takeover,cartesian_freedrive,1.0,0.023368140682578087,-0.3399219810962677,0.6715612411499023,-0.20744262635707855,-1.9781806468963623,0.160574808716774,2.5298054218292236,1.6392613649368286
19.592015027999878,0.03338623046875,587,587,takeover,cartesian_freedrive,1.0,0.023368140682578087,-0.33991730213165283,0.6715476512908936,-0.2074447125196457,-1.9781646728515625,0.16058149933815002,2.529804229736328,1.6392593383789062
19.630308866500854,0.03829383850097656,588,588,takeover,cartesian_freedrive,1.0,0.023736530914902687,-0.33991819620132446,0.6715261340141296,-0.20744188129901886,-1.9781349897384644,0.1605767011642456,2.5298054218292236,1.6392616033554077
19.658637762069702,0.028328895568847656,589,589,takeover,cartesian_freedrive,1.0,0.023736530914902687,-0.3399174213409424,0.6715098023414612,-0.20744222402572632,-1.9781205654144287,0.16057579219341278,2.529808282852173,1.639268159866333
19.6920382976532,0.033400535583496094,590,590,takeover,cartesian_freedrive,1.0,0.023736530914902687,-0.33991140127182007,0.6714808940887451,-0.20743384957313538,-1.9780809879302979,0.16057583689689636,2.5298049449920654,1.6392666101455688
19.730384826660156,0.03834652900695801,591,591,takeover,cartesian_freedrive,1.0,0.023736530914902687,-0.3399074971675873,0.6714725494384766,-0.2074313908815384,-1.9779454469680786,0.160577192902565,2.5297930240631104,1.6392618417739868
19.7586612701416,0.028276443481445312,592,592,takeover,cartesian_freedrive,1.0,0.028366029262542725,-0.3399064540863037,0.6714730262756348,-0.20742692053318024,-1.9779154062271118,0.16057631373405457,2.529792308807373,1.6392667293548584
19.79195785522461,0.03329658508300781,593,593,takeover,cartesian_freedrive,1.0,0.028366029262542725,-0.33990538120269775,0.6714531183242798,-0.2074277400970459,-1.9778953790664673,0.16058039665222168,2.529792308807373,1.639266014099121
19.830320358276367,0.03836250305175781,594,594,takeover,cartesian_freedrive,1.0,0.028366029262542725,-0.33990493416786194,0.6714363694190979,-0.20743083953857422,-1.9778746366500854,0.16057631373405457,2.5297930240631104,1.6392613649368286
19.8586528301239,0.02833247184753418,595,595,takeover,cartesian_freedrive,1.0,0.028366029262542725,-0.3399029076099396,0.6714208722114563,-0.20743069052696228,-1.9778616428375244,0.16058030724525452,2.529792547225952,1.6392616033554077
19.896937131881714,0.0382843017578125,596,596,takeover,cartesian_freedrive,1.0,0.028366029262542725,-0.3398997485637665,0.6714032292366028,-0.20742669701576233,-1.977838158607483,0.16058117151260376,2.529792547225952,1.6392664909362793
19.925328254699707,0.028391122817993164,597,597,takeover,cartesian_freedrive,1.0,0.031881168484687805,-0.33990150690078735,0.6713931560516357,-0.20742598176002502,-1.97783625125885,0.16057631373405457,2.529788017272949,1.63926100730896
19.963970184326172,0.038641929626464844,598,598,takeover,cartesian_freedrive,1.0,0.031881168484687805,-0.33990076184272766,0.671375572681427,-0.20742595195770264,-1.9778249263763428,0.16057707369327545,2.529789924621582,1.6392592191696167
19.992001056671143,0.028030872344970703,599,599,takeover,cartesian_freedrive,1.0,0.031881168484687805,-0.33990082144737244,0.6713616847991943,-0.20743265748023987,-1.9778189659118652,0.16058026254177094,2.529792070388794,1.6392645835876465
20.025304317474365,0.033303260803222656,600,600,takeover,cartesian_freedrive,1.0,0.031881168484687805,-0.33992788195610046,0.6713401079177856,-0.20745161175727844,-1.9778352975845337,0.16058115661144257,2.5297768115997314,1.639261245727539
20.06365203857422,0.038347721099853516,601,601,takeover,cartesian_freedrive,1.0,0.031881168484687805,-0.3400486409664154,0.6713149547576904,-0.20750755071640015,-1.9778780937194824,0.16058556735515594,2.5297515392303467,1.6392602920532227
20.091956853866577,0.0283048152923584,602,602,takeover,cartesian_freedrive,1.0,0.031881168484687805,-0.3401992917060852,0.6712667942047119,-0.20753049850463867,-1.9778635501861572,0.16058531403541565,2.5297467708587646,1.6392691135406494
20.13092064857483,0.03896379470825195,603,603,takeover,cartesian_freedrive,1.0,0.034754738211631775,-0.34027934074401855,0.6712608337402344,-0.20782335102558136,-1.9778164625167847,0.16059093177318573,2.529754400253296,1.6392642259597778
20.15864109992981,0.02772045135498047,604,604,takeover,cartesian_freedrive,1.0,0.034754738211631775,-0.3403530716896057,0.6712543964385986,-0.20799210667610168,-1.9778194427490234,0.16059398651123047,2.529754877090454,1.6392613649368286
20.19735336303711,0.038712263107299805,605,605,takeover,cartesian_freedrive,1.0,0.034754738211631775,-0.34035053849220276,0.6710954308509827,-0.20800845324993134,-1.9778590202331543,0.16060440242290497,2.5297534465789795,1.6392613649368286
20.225505590438843,0.0281522274017334,606,606,takeover,cartesian_freedrive,1.0,0.034754738211631775,-0.34034332633018494,0.6707257628440857,-0.20799925923347473,-1.9778794050216675,0.16060298681259155,2.529749870300293,1.639266848564148
20.259117364883423,0.03361177444458008,607,607,takeover,cartesian_freedrive,1.0,0.034754738211631775,-0.34039631485939026,0.6700946688652039,-0.2080443799495697,-1.977929711341858,0.16060872375965118,2.5297350883483887,1.6392707824707031
20.297582864761353,0.03846549987792969,608,608,takeover,cartesian_freedrive,1.0,0.03599977865815163,-0.3404412567615509,0.6690742373466492,-0.20815780758857727,-1.9780555963516235,0.16061460971832275,2.5297012329101562,1.639285683631897
20.32531499862671,0.027732133865356445,609,609,takeover,cartesian_freedrive,1.0,0.03599977865815163,-0.3404957354068756,0.6680027842521667,-0.20838192105293274,-1.9783295392990112,0.16061575710773468,2.529672622680664,1.6392741203308105
20.363674879074097,0.038359880447387695,610,610,takeover,cartesian_freedrive,1.0,0.03599977865815163,-0.34065186977386475,0.6660879254341125,-0.2086700052022934,-1.9790043830871582,0.16062599420547485,2.529297113418579,1.6392802000045776
20.392164945602417,0.028490066528320312,611,611,takeover,cartesian_freedrive,1.0,0.03599977865815163,-0.3407694101333618,0.6641331315040588,-0.20892803370952606,-1.97981595993042,0.16062362492084503,2.5286872386932373,1.6392842531204224
20.430638313293457,0.03847336769104004,612,612,takeover,cartesian_freedrive,1.0,0.03599977865815163,-0.3409440815448761,0.6612354516983032,-0.20933085680007935,-1.9810850620269775,0.16062059998512268,2.528041124343872,1.6392792463302612
20.458882808685303,0.028244495391845703,613,613,takeover,cartesian_freedrive,1.0,0.03599977865815163,-0.34107348322868347,0.6587066650390625,-0.20965655148029327,-1.9822161197662354,0.16062135994434357,2.527602434158325,1.639276385307312
20.497889757156372,0.039006948471069336,614,614,takeover,cartesian_freedrive,1.0,0.036209914833307266,-0.341280460357666,0.6549640893936157,-0.20999567210674286,-1.9839491844177246,0.16061891615390778,2.5269486904144287,1.6392762660980225
20.525771379470825,0.027881622314453125,615,615,takeover,cartesian_freedrive,1.0,0.036209914833307266,-0.3413463532924652,0.6520180702209473,-0.21013469994068146,-1.9854909181594849,0.16062059998512268,2.5264015197753906,1.639276385307312
20.55898427963257,0.033212900161743164,616,616,takeover,cartesian_freedrive,1.0,0.036209914833307266,-0.34137389063835144,0.648369550704956,-0.21020913124084473,-1.987930178642273,0.16062211990356445,2.5255939960479736,1.639277458190918
20.597550868988037,0.03856658935546875,617,617,takeover,cartesian_freedrive,1.0,0.036209914833307266,-0.34134310483932495,0.6444759964942932,-0.21018384397029877,-1.9911760091781616,0.1606232225894928,2.524731159210205,1.6392810344696045
20.625437259674072,0.027886390686035156,618,618,takeover,cartesian_freedrive,1.0,0.036209914833307266,-0.34130215644836426,0.6419073939323425,-0.21015140414237976,-1.993569016456604,0.16062095761299133,2.524040937423706,1.6392813920974731
20.66443634033203,0.038999080657958984,619,619,takeover,cartesian_freedrive,1.0,0.03636160492897034,-0.34123292565345764,0.6387680768966675,-0.21006980538368225,-1.996120810508728,0.16061995923519135,2.523045778274536,1.6392731666564941
20.692062377929688,0.02762603759765625,620,620,takeover,cartesian_freedrive,1.0,0.03636160492897034,-0.34112879633903503,0.6366031169891357,-0.21005305647850037,-1.9974212646484375,0.16062059998512268,2.522548198699951,1.6392772197723389
20.73139262199402,0.039330244064331055,621,621,takeover,cartesian_freedrive,1.0,0.03636160492897034,-0.34102171659469604,0.6334903240203857,-0.20999133586883545,-1.9988096952438354,0.16061699390411377,2.5222208499908447,1.6392755508422852
20.759108781814575,0.02771615982055664,622,622,takeover,cartesian_freedrive,1.0,0.03636160492897034,-0.34095942974090576,0.6311985850334167,-0.20995919406414032,-1.999651551246643,0.16062197089195251,2.5220277309417725,1.639281153678894
20.79216718673706,0.03305840492248535,623,623,takeover,cartesian_freedrive,1.0,0.03636160492897034,-0.34090545773506165,0.6281368732452393,-0.2099602073431015,-2.0007944107055664,0.16061800718307495,2.521761894226074,1.639274001121521
20.830462217330933,0.03829503059387207,624,624,takeover,cartesian_freedrive,1.0,0.03664134442806244,-0.3409005403518677,0.6242886781692505,-0.2099725902080536,-2.0024149417877197,0.16062304377555847,2.521509885787964,1.6392755508422852
20.85929274559021,0.028830528259277344,625,625,takeover,cartesian_freedrive,1.0,0.03664134442806244,-0.3409067690372467,0.6209858059883118,-0.2099788784980774,-2.0041632652282715,0.16062138974666595,2.521458148956299,1.639276385307312
20.897645950317383,0.03835320472717285,626,626,takeover,cartesian_freedrive,1.0,0.03664134442806244,-0.3409059941768646,0.6164438724517822,-0.20998358726501465,-2.007004499435425,0.16061969101428986,2.521350860595703,1.639276385307312
20.925285816192627,0.02763986587524414,627,627,takeover,cartesian_freedrive,1.0,0.03664134442806244,-0.34090331196784973,0.6124707460403442,-0.2099817842245102,-2.0094857215881348,0.16062332689762115,2.52085280418396,1.6392748355865479
20.958693265914917,0.03340744972229004,628,628,takeover,cartesian_freedrive,1.0,0.03664134442806244,-0.3409077227115631,0.6073992848396301,-0.20998001098632812,-2.012666702270508,0.16063185036182404,2.5200839042663574,1.6392738819122314
20.998064279556274,0.03937101364135742,629,629,takeover,cartesian_freedrive,1.0,0.03664134442806244,-0.3408621549606323,0.60030198097229,-0.20995891094207764,-2.0170817375183105,0.16063791513442993,2.518939733505249,1.6392730474472046
21.025240421295166,0.0271761417388916,630,630,takeover,cartesian_freedrive,1.0,0.037415552884340286,-0.3408578932285309,0.5952785611152649,-0.20996682345867157,-2.0201830863952637,0.16063863039016724,2.517916202545166,1.6392767429351807
21.058621406555176,0.033380985260009766,631,631,takeover,cartesian_freedrive,1.0,0.037415552884340286,-0.34084945917129517,0.5894141793251038,-0.20996220409870148,-2.0233054161071777,0.16064053773880005,2.5159661769866943,1.6392786502838135
21.09688448905945,0.03826308250427246,632,632,takeover,cartesian_freedrive,1.0,0.037415552884340286,-0.3408639430999756,0.5821875333786011,-0.20999419689178467,-2.026294469833374,0.16063787043094635,2.513155698776245,1.6392762660980225
21.125382661819458,0.028498172760009766,633,633,takeover,cartesian_freedrive,1.0,0.037415552884340286,-0.34087374806404114,0.5767192840576172,-0.20999309420585632,-2.02810001373291,0.16063787043094635,2.510248899459839,1.6392762660980225
21.158679723739624,0.033297061920166016,634,634,takeover,cartesian_freedrive,1.0,0.037415552884340286,-0.34086471796035767,0.5701369047164917,-0.2099984735250473,-2.030258893966675,0.16063562035560608,2.506601333618164,1.6392767429351807
21.20105504989624,0.04237532615661621,635,635,takeover,cartesian_freedrive,1.0,0.03758825734257698,-0.34085315465927124,0.5620551109313965,-0.2099975049495697,-2.033144474029541,0.16063250601291656,2.5036423206329346,1.6392760276794434
21.225339889526367,0.024284839630126953,636,636,takeover,cartesian_freedrive,1.0,0.03758825734257698,-0.34086576104164124,0.5573795437812805,-0.21000128984451294,-2.0349056720733643,0.1606341153383255,2.5024147033691406,1.63927161693573
21.25888180732727,0.03354191780090332,637,637,takeover,cartesian_freedrive,1.0,0.03758825734257698,-0.340908408164978,0.5509987473487854,-0.21006307005882263,-2.037494659423828,0.16063019633293152,2.500624895095825,1.6392728090286255
21.297558069229126,0.03867626190185547,638,638,takeover,cartesian_freedrive,1.0,0.03758825734257698,-0.34091824293136597,0.5432095527648926,-0.21008256077766418,-2.0412962436676025,0.16063246130943298,2.4989113807678223,1.6392755508422852
21.32532262802124,0.027764558792114258,639,639,takeover,cartesian_freedrive,1.0,0.03758825734257698,-0.34092530608177185,0.5379775762557983,-0.2101505696773529,-2.044356346130371,0.16062943637371063,2.4975552558898926,1.6392747163772583
21.358649969100952,0.033327341079711914,640,640,takeover,cartesian_freedrive,1.0,0.03759482502937317,-0.3409425914287567,0.5320879220962524,-0.21027126908302307,-2.0477890968322754,0.16062943637371063,2.4952738285064697,1.6392786502838135
21.396817922592163,0.03816795349121094,641,641,takeover,cartesian_freedrive,1.0,0.03759482502937317,-0.3410232663154602,0.5257806181907654,-0.21046876907348633,-2.0509090423583984,0.16062907874584198,2.491706609725952,1.6392755508422852
21.425376415252686,0.02855849266052246,642,642,takeover,cartesian_freedrive,1.0,0.03759482502937317,-0.34111639857292175,0.5210093855857849,-0.2107067108154297,-2.053028106689453,0.16062593460083008,2.4879872798919678,1.639274001121521
21.46451210975647,0.03913569450378418,643,643,takeover,cartesian_freedrive,1.0,0.03759482502937317,-0.34123995900154114,0.5153131484985352,-0.2111281305551529,-2.0558321475982666,0.16063250601291656,2.4840757846832275,1.6392755508422852
21.491925716400146,0.027413606643676758,644,644,takeover,cartesian_freedrive,1.0,0.03759482502937317,-0.34125760197639465,0.5114731788635254,-0.2114337980747223,-2.0580151081085205,0.16062788665294647,2.4824459552764893,1.6392786502838135
21.525275468826294,0.03334975242614746,645,645,takeover,cartesian_freedrive,1.0,0.03759876266121864,-0.34135153889656067,0.5071000456809998,-0.21174897253513336,-2.0604183673858643,0.1606283187866211,2.480994939804077,1.6392741203308105
21.564152002334595,0.03887653350830078,646,646,takeover,cartesian_freedrive,1.0,0.03759876266121864,-0.3413887321949005,0.502077043056488,-0.21218204498291016,-2.06294584274292,0.16063019633293152,2.4798598289489746,1.639275312423706
21.592079162597656,0.027927160263061523,647,647,takeover,cartesian_freedrive,1.0,0.03759876266121864,-0.3413868844509125,0.49837279319763184,-0.21250811219215393,-2.064561128616333,0.16062943637371063,2.479165554046631,1.639274001121521
21.625343799591064,0.0332646369934082,648,648,takeover,cartesian_freedrive,1.0,0.03759876266121864,-0.3413991332054138,0.4940023422241211,-0.21279339492321014,-2.06638765335083,0.16063007712364197,2.478188991546631,1.6392755508422852
21.663931131362915,0.038587331771850586,649,649,takeover,cartesian_freedrive,1.0,0.03759876266121864,-0.3413875997066498,0.48901399970054626,-0.2130282074213028,-2.0682106018066406,0.160627543926239,2.477116823196411,1.639280915260315
21.692015171051025,0.02808403968811035,650,650,takeover,cartesian_freedrive,1.0,0.037602704018354416,-0.3413952887058258,0.48542356491088867,-0.21320345997810364,-2.0695159435272217,0.16062943637371063,2.4765021800994873,1.6392767429351807
21.7253360748291,0.03332090377807617,651,651,takeover,cartesian_freedrive,1.0,0.037602704018354416,-0.3413943350315094,0.4809889793395996,-0.21350623667240143,-2.0710270404815674,0.16062715649604797,2.475691318511963,1.6392806768417358
21.76368021965027,0.03834414482116699,652,652,takeover,cartesian_freedrive,1.0,0.037602704018354416,-0.34141018986701965,0.47574231028556824,-0.2140079140663147,-2.0721378326416016,0.16062293946743011,2.474433183670044,1.6392868757247925
21.79193925857544,0.0282590389251709,653,653,takeover,cartesian_freedrive,1.0,0.037602704018354416,-0.34142011404037476,0.4717123806476593,-0.21451807022094727,-2.0724973678588867,0.1606205850839615,2.473149061203003,1.6392822265625
21.82533860206604,0.033399343490600586,654,654,takeover,cartesian_freedrive,1.0,0.037602704018354416,-0.34143656492233276,0.467030793428421,-0.21526223421096802,-2.072678565979004,0.1606237292289734,2.4708752632141113,1.6392796039581299
21.863680124282837,0.038341522216796875,655,655,takeover,cartesian_freedrive,1.0,0.037602704018354416,-0.3414559066295624,0.4617111086845398,-0.21619682013988495,-2.0727386474609375,0.16062167286872864,2.468242645263672,1.6392823457717896
21.892006397247314,0.02832627296447754,656,656,takeover,cartesian_freedrive,1.0,0.03760730102658272,-0.34146204590797424,0.457680881023407,-0.2169775366783142,-2.0728275775909424,0.1606202870607376,2.4666664600372314,1.6392863988876343
21.925326585769653,0.03332018852233887,657,657,takeover,cartesian_freedrive,1.0,0.03760730102658272,-0.34157299995422363,0.4527692198753357,-0.21787399053573608,-2.0730276107788086,0.16061678528785706,2.4646480083465576,1.6392858028411865
21.963640928268433,0.0383143424987793,658,658,takeover,cartesian_freedrive,1.0,0.03760730102658272,-0.34172359108924866,0.44690388441085815,-0.21880781650543213,-2.073375940322876,0.16061781346797943,2.462938070297241,1.639285683631897
21.992114543914795,0.028473615646362305,659,659,takeover,cartesian_freedrive,1.0,0.03760730102658272,-0.3417934477329254,0.4421694278717041,-0.2195419818162918,-2.073840618133545,0.16061709821224213,2.461932897567749,1.6392881870269775
22.030359506607056,0.03824496269226074,660,660,takeover,cartesian_freedrive,1.0,0.03760730102658272,-0.3418739438056946,0.43630245327949524,-0.2204609364271164,-2.0742974281311035,0.16061705350875854,2.460432291030884,1.6392943859100342
22.058876991271973,0.028517484664916992,661,661,takeover,cartesian_freedrive,1.0,0.03761123865842819,-0.34188610315322876,0.431900292634964,-0.22110939025878906,-2.074532985687256,0.16061817109584808,2.459007978439331,1.6392964124679565
22.097979068756104,0.03910207748413086,662,662,takeover,cartesian_freedrive,1.0,0.03761123865842819,-0.34192171692848206,0.4259916841983795,-0.2218419313430786,-2.0746591091156006,0.16061554849147797,2.456221580505371,1.6392995119094849
22.125325918197632,0.02734684944152832,663,663,takeover,cartesian_freedrive,1.0,0.03761123865842819,-0.3419193923473358,0.42180702090263367,-0.2222563624382019,-2.074767827987671,0.16061636805534363,2.4539520740509033,1.6393071413040161
22.158929586410522,0.033603668212890625,664,664,takeover,cartesian_freedrive,1.0,0.03761123865842819,-0.341917484998703,0.4165630042552948,-0.22269487380981445,-2.0749051570892334,0.16061431169509888,2.4499545097351074,1.6393083333969116
22.197943687438965,0.03901410102844238,665,665,takeover,cartesian_freedrive,1.0,0.03761123865842819,-0.3419087827205658,0.4111233949661255,-0.22300906479358673,-2.075089693069458,0.16061316430568695,2.445809841156006,1.6393177509307861
22.225507736206055,0.027564048767089844,666,666,takeover,cartesian_freedrive,1.0,0.03761123865842819,-0.34189921617507935,0.40737345814704895,-0.22318044304847717,-2.0752859115600586,0.16061241924762726,2.4432876110076904,1.6393245458602905
22.263947010040283,0.038439273834228516,667,667,takeover,cartesian_freedrive,1.0,0.037615180015563965,-0.34190237522125244,0.40210646390914917,-0.22340910136699677,-2.0756995677948,0.16061316430568695,2.4404032230377197,1.639328122138977
22.291975021362305,0.028028011322021484,668,668,takeover,cartesian_freedrive,1.0,0.037615180015563965,-0.3419107496738434,0.398294061422348,-0.22354814410209656,-2.0759918689727783,0.16061092913150787,2.438382625579834,1.6393386125564575
22.325466871261597,0.03349184989929199,669,669,takeover,cartesian_freedrive,1.0,0.037615180015563965,-0.34190016984939575,0.3936517536640167,-0.22372153401374817,-2.0763137340545654,0.16061164438724518,2.43548321723938,1.639333724975586
22.3637273311615,0.038260459899902344,670,670,takeover,cartesian_freedrive,1.0,0.037615180015563965,-0.3419025242328644,0.38834935426712036,-0.2239072471857071,-2.076507806777954,0.16060973703861237,2.4314637184143066,1.6393351554870605
22.391958951950073,0.02823162078857422,671,671,takeover,cartesian_freedrive,1.0,0.037615180015563965,-0.3419053256511688,0.3844008445739746,-0.22406019270420074,-2.0765762329101562,0.16060559451580048,2.428159713745117,1.639338493347168
22.430410146713257,0.038451194763183594,672,672,takeover,cartesian_freedrive,1.0,0.037621088325977325,-0.3419021964073181,0.3794441819190979,-0.22421663999557495,-2.076603651046753,0.16061070561408997,2.424466609954834,1.6393393278121948
22.458647966384888,0.02823781967163086,673,673,takeover,cartesian_freedrive,1.0,0.037621088325977325,-0.34190312027931213,0.37568169832229614,-0.224280446767807,-2.0766468048095703,0.16060516238212585,2.4225165843963623,1.6393386125564575
22.492002964019775,0.033354997634887695,674,674,takeover,cartesian_freedrive,1.0,0.037621088325977325,-0.34189948439598083,0.37106725573539734,-0.22432292997837067,-2.076676845550537,0.1606060415506363,2.420454502105713,1.639332890510559
22.530700206756592,0.038697242736816406,675,675,takeover,cartesian_freedrive,1.0,0.037621088325977325,-0.3418924808502197,0.365903377532959,-0.22433355450630188,-2.07670259475708,0.16060705482959747,2.4183199405670166,1.6393332481384277
22.558874130249023,0.02817392349243164,676,676,takeover,cartesian_freedrive,1.0,0.037621088325977325,-0.3419139087200165,0.3620890974998474,-0.22441017627716064,-2.076775550842285,0.16060850024223328,2.4164977073669434,1.6393344402313232
22.59709095954895,0.03821682929992676,677,677,takeover,cartesian_freedrive,1.0,0.03763685002923012,-0.34191206097602844,0.3569408655166626,-0.2246759980916977,-2.0767788887023926,0.1606101393699646,2.4130406379699707,1.6393378973007202
22.625744581222534,0.028653621673583984,678,678,takeover,cartesian_freedrive,1.0,0.03763685002923012,-0.34191417694091797,0.3531889319419861,-0.22491256892681122,-2.076819896697998,0.1606093943119049,2.4098641872406006,1.639336109161377
22.664777278900146,0.039032697677612305,679,679,takeover,cartesian_freedrive,1.0,0.03763685002923012,-0.34190741181373596,0.34782204031944275,-0.22520841658115387,-2.0767760276794434,0.1606101244688034,2.4060683250427246,1.639331340789795
22.6921603679657,0.027383089065551758,680,680,takeover,cartesian_freedrive,1.0,0.03763685002923012,-0.34190312027931213,0.3438129723072052,-0.2253429889678955,-2.0768468379974365,0.16061048209667206,2.404026985168457,1.6393344402313232
22.725518226623535,0.033357858657836914,681,681,takeover,cartesian_freedrive,1.0,0.03763685002923012,-0.3419124484062195,0.33904945850372314,-0.22551333904266357,-2.0768661499023438,0.16060908138751984,2.4017720222473145,1.639341115951538
22.763740062713623,0.03822183609008789,682,682,takeover,cartesian_freedrive,1.0,0.03769003972411156,-0.34190693497657776,0.33370617032051086,-0.22575382888317108,-2.0768446922302246,0.16060857474803925,2.3994762897491455,1.6393382549285889
22.792001485824585,0.028261423110961914,683,683,takeover,cartesian_freedrive,1.0,0.03769003972411156,-0.3419078290462494,0.329795777797699,-0.2259301245212555,-2.076861619949341,0.16060861945152283,2.3976216316223145,1.6393344402313232
22.825435161590576,0.03343367576599121,684,684,takeover,cartesian_freedrive,1.0,0.03769003972411156,-0.3419070541858673,0.32547131180763245,-0.22618849575519562,-2.076876640319824,0.16060683131217957,2.395080804824829,1.6393399238586426
22.863792657852173,0.03835749626159668,685,685,takeover,cartesian_freedrive,1.0,0.03769003972411156,-0.3419061005115509,0.3205536901950836,-0.22655236721038818,-2.0768728256225586,0.16060592234134674,2.3913474082946777,1.639337182044983
22.891989946365356,0.028197288513183594,686,686,takeover,cartesian_freedrive,1.0,0.03769003972411156,-0.3419070839881897,0.3168524503707886,-0.22685009241104126,-2.0769362449645996,0.16060784459114075,2.388279914855957,1.639333963394165
22.930254459381104,0.03826451301574707,687,687,takeover,cartesian_freedrive,1.0,0.03772221505641937,-0.3419182300567627,0.3120969831943512,-0.22728893160820007,-2.077169895172119,0.16060711443424225,2.384579658508301,1.639338731765747
22.95860266685486,0.028348207473754883,688,688,takeover,cartesian_freedrive,1.0,0.03772221505641937,-0.34191495180130005,0.3086945712566376,-0.22768934071063995,-2.0775306224823,0.1606067419052124,2.3826611042022705,1.6393377780914307
22.996973752975464,0.03837108612060547,689,689,takeover,cartesian_freedrive,1.0,0.03772221505641937,-0.3419191539287567,0.3042987287044525,-0.2283056527376175,-2.0779237747192383,0.16060371696949005,2.380037546157837,1.6393394470214844
23.025402545928955,0.02842879295349121,690,690,takeover,cartesian_freedrive,1.0,0.03772221505641937,-0.3419245481491089,0.3013309836387634,-0.22876380383968353,-2.078082323074341,0.16060249507427216,2.3777740001678467,1.6393344402313232
23.058701515197754,0.03329896926879883,691,691,takeover,cartesian_freedrive,1.0,0.03772221505641937,-0.34193354845046997,0.29775506258010864,-0.22931475937366486,-2.078280210494995,0.16060250997543335,2.374756336212158,1.6393373012542725
23.09702205657959,0.03832054138183594,692,692,takeover,cartesian_freedrive,1.0,0.03772221505641937,-0.3419257700443268,0.29367440938949585,-0.22994747757911682,-2.0783278942108154,0.16059677302837372,2.370637893676758,1.6393394470214844
23.125319957733154,0.028297901153564453,693,693,takeover,cartesian_freedrive,1.0,0.037726812064647675,-0.3419257700443268,0.2907709777355194,-0.23034273087978363,-2.0783610343933105,0.16059660911560059,2.368007183074951,1.6393333673477173
23.16398000717163,0.03866004943847656,694,694,takeover,cartesian_freedrive,1.0,0.037726812064647675,-0.34192314743995667,0.2868925631046295,-0.23086945712566376,-2.078439950942993,0.16060064733028412,2.3646867275238037,1.639336347579956
23.192086696624756,0.028106689453125,695,695,takeover,cartesian_freedrive,1.0,0.037726812064647675,-0.34193238615989685,0.2841355502605438,-0.231162890791893,-2.0786118507385254,0.16059738397598267,2.363074779510498,1.63933527469635
23.22550058364868,0.03341388702392578,696,696,takeover,cartesian_freedrive,1.0,0.037726812064647675,-0.34192603826522827,0.2812352180480957,-0.23150573670864105,-2.0786969661712646,0.1605917513370514,2.361534833908081,1.6393370628356934
23.264464855194092,0.038964271545410156,697,697,takeover,cartesian_freedrive,1.0,0.037726812064647675,-0.34193044900894165,0.27808117866516113,-0.23182038962841034,-2.07871150970459,0.16059082746505737,2.359994649887085,1.6393351554870605
23.292343378067017,0.027878522872924805,698,698,takeover,cartesian_freedrive,1.0,0.03772878274321556,-0.34192708134651184,0.27591225504875183,-0.23212988674640656,-2.078775644302368,0.16058672964572906,2.3588826656341553,1.6393380165100098
23.325377941131592,0.033034563064575195,699,699,takeover,cartesian_freedrive,1.0,0.03772878274321556,-0.3419415354728699,0.27334070205688477,-0.2325315624475479,-2.0788075923919678,0.16058744490146637,2.3572826385498047,1.6393330097198486
23.363803148269653,0.03842520713806152,700,700,takeover,cartesian_freedrive,1.0,0.03772878274321556,-0.34197044372558594,0.27007177472114563,-0.23310862481594086,-2.0788843631744385,0.1605851650238037,2.354916572570801,1.6393368244171143
23.392112016677856,0.028308868408203125,701,701,takeover,cartesian_freedrive,1.0,0.03772878274321556,-0.3419974446296692,0.26728555560112,-0.2335468828678131,-2.0789246559143066,0.16058161854743958,2.352271556854248,1.6393325328826904
23.425358533859253,0.033246517181396484,702,702,takeover,cartesian_freedrive,1.0,0.03772878274321556,-0.34203675389289856,0.26401445269584656,-0.23403094708919525,-2.078913688659668,0.16058699786663055,2.3492794036865234,1.6393358707427979
23.463621139526367,0.03826260566711426,703,703,takeover,cartesian_freedrive,1.0,0.03773009777069092,-0.3420836627483368,0.25999265909194946,-0.23443542420864105,-2.0789337158203125,0.1605830043554306,2.3467483520507812,1.639345407485962
23.491943359375,0.028322219848632812,704,704,takeover,cartesian_freedrive,1.0,0.03773009777069092,-0.3421343266963959,0.2568187713623047,-0.2346062809228897,-2.0789225101470947,0.16058482229709625,2.345081090927124,1.6393377780914307
23.525268077850342,0.0333247184753418,705,705,takeover,cartesian_freedrive,1.0,0.03773009777069092,-0.3421329855918884,0.2531926929950714,-0.23472437262535095,-2.078939914703369,0.16058669984340668,2.343416213989258,1.6393355131149292
23.563922882080078,0.03865480422973633,706,706,takeover,cartesian_freedrive,1.0,0.03773009777069092,-0.3421359956264496,0.24905069172382355,-0.23476995527744293,-2.078949213027954,0.16058604419231415,2.3417930603027344,1.63934326171875
23.591946601867676,0.028023719787597656,707,707,takeover,cartesian_freedrive,1.0,0.03773009777069092,-0.34213945269584656,0.2455526888370514,-0.23481668531894684,-2.078937530517578,0.16058750450611115,2.340191602706909,1.6393409967422485
23.62526774406433,0.03332114219665527,708,708,takeover,cartesian_freedrive,1.0,0.03773075342178345,-0.3421561121940613,0.24133802950382233,-0.23490458726882935,-2.078932285308838,0.16058973968029022,2.3377928733825684,1.63934326171875
23.66454267501831,0.03927493095397949,709,709,takeover,cartesian_freedrive,1.0,0.03773075342178345,-0.3421528935432434,0.23588867485523224,-0.23500846326351166,-2.078904390335083,0.16059193015098572,2.33438777923584,1.639339804649353
23.69232153892517,0.02777886390686035,710,710,takeover,cartesian_freedrive,1.0,0.03773075342178345,-0.34215930104255676,0.23178045451641083,-0.23503154516220093,-2.0789265632629395,0.16058802604675293,2.331033945083618,1.6393394470214844
23.725319862365723,0.03299832344055176,711,711,takeover,cartesian_freedrive,1.0,0.03773075342178345,-0.3421323001384735,0.22717316448688507,-0.2350221872329712,-2.0789434909820557,0.1605900228023529,2.3275537490844727,1.6393464803695679
23.76369881629944,0.03837895393371582,712,712,takeover,cartesian_freedrive,1.0,0.03773075342178345,-0.34212976694107056,0.22209849953651428,-0.23502638936042786,-2.0789172649383545,0.16058745980262756,2.3250715732574463,1.6393436193466187
23.791926383972168,0.028227567672729492,713,713,takeover,cartesian_freedrive,1.0,0.03773140907287598,-0.3421279788017273,0.21814660727977753,-0.23502594232559204,-2.078915596008301,0.16058935225009918,2.3236546516418457,1.6393402814865112
23.82527732849121,0.03335094451904297,714,714,takeover,cartesian_freedrive,1.0,0.03773140907287598,-0.3421296775341034,0.21362213790416718,-0.23503418266773224,-2.0789239406585693,0.16058818995952606,2.321662425994873,1.6393452882766724
23.863444328308105,0.03816699981689453,715,715,takeover,cartesian_freedrive,1.0,0.03773140907287598,-0.3421519100666046,0.2084595412015915,-0.23505815863609314,-2.0789244174957275,0.16058559715747833,2.3192434310913086,1.6393470764160156
23.891982555389404,0.028538227081298828,716,716,takeover,cartesian_freedrive,1.0,0.03773140907287598,-0.3421739637851715,0.2045941948890686,-0.2351057380437851,-2.078897476196289,0.1605844348669052,2.317305326461792,1.6393457651138306
23.925296545028687,0.03331398963928223,717,717,takeover,cartesian_freedrive,1.0,0.03773140907287598,-0.34218016266822815,0.20033559203147888,-0.23528854548931122,-2.0788991451263428,0.16058635711669922,2.3146727085113525,1.6393393278121948
23.96387028694153,0.0385737419128418,718,718,takeover,cartesian_freedrive,1.0,0.037732724100351334,-0.3421775996685028,0.19557160139083862,-0.23558244109153748,-2.0788869857788086,0.16058336198329926,2.311373233795166,1.639340877532959
23.992154121398926,0.02828383445739746,719,719,takeover,cartesian_freedrive,1.0,0.037732724100351334,-0.3421924114227295,0.19186817109584808,-0.23589223623275757,-2.07887601852417,0.16058148443698883,2.3092174530029297,1.6393470764160156
24.025375604629517,0.03322148323059082,720,720,takeover,cartesian_freedrive,1.0,0.037732724100351334,-0.34218865633010864,0.18775376677513123,-0.23629805445671082,-2.078897476196289,0.16058509051799774,2.306964874267578,1.6393436193466187
24.065035104751587,0.03965950012207031,721,721,takeover,cartesian_freedrive,1.0,0.037732724100351334,-0.3421885669231415,0.18306611478328705,-0.2368401437997818,-2.078886032104492,0.16058354079723358,2.305237293243408,1.6393475532531738
24.09194278717041,0.026907682418823242,722,722,takeover,cartesian_freedrive,1.0,0.037732724100351334,-0.3421888053417206,0.18007972836494446,-0.23724834620952606,-2.0788958072662354,0.16057725250720978,2.3043406009674072,1.6393392086029053
24.13085961341858,0.038916826248168945,723,723,takeover,cartesian_freedrive,1.0,0.03773337975144386,-0.34219250082969666,0.17624859511852264,-0.23788033425807953,-2.0788888931274414,0.1605801284313202,2.302795171737671,1.639344334602356
24.158714532852173,0.02785491943359375,724,724,takeover,cartesian_freedrive,1.0,0.03773337975144386,-0.3421872854232788,0.1735730618238449,-0.23844577372074127,-2.078845739364624,0.16058103740215302,2.301445245742798,1.6393461227416992
24.197957515716553,0.03924298286437988,725,725,takeover,cartesian_freedrive,1.0,0.03773337975144386,-0.3421940803527832,0.17018155753612518,-0.23918700218200684,-2.0787973403930664,0.16058018803596497,2.2994279861450195,1.639336347579956
24.225887060165405,0.02792954444885254,726,726,takeover,cartesian_freedrive,1.0,0.03773337975144386,-0.34218141436576843,0.16785524785518646,-0.239662766456604,-2.0787770748138428,0.1605776995420456,2.2981553077697754,1.6393425464630127
24.258907794952393,0.033020734786987305,727,727,takeover,cartesian_freedrive,1.0,0.03773337975144386,-0.3421807289123535,0.1653469353914261,-0.24004432559013367,-2.0786678791046143,0.16058091819286346,2.296762704849243,1.639339566230774
24.29744267463684,0.03853487968444824,728,728,takeover,cartesian_freedrive,1.0,0.03773337975144386,-0.3421708941459656,0.16291385889053345,-0.24018697440624237,-2.0782718658447266,0.16057775914669037,2.295292377471924,1.6393400430679321
24.32559370994568,0.02815103530883789,729,729,takeover,cartesian_freedrive,1.0,0.03773403540253639,-0.34213629364967346,0.16163678467273712,-0.2401648610830307,-2.0778043270111084,0.160573810338974,2.2940988540649414,1.6393412351608276
24.358898401260376,0.033304691314697266,730,730,takeover,cartesian_freedrive,1.0,0.03773403540253639,-0.34208911657333374,0.16064061224460602,-0.24014097452163696,-2.077075481414795,0.1605793833732605,2.292783737182617,1.6393386125564575
24.396961450576782,0.03806304931640625,731,731,takeover,cartesian_freedrive,1.0,0.03773403540253639,-0.34200161695480347,0.16030403971672058,-0.2401459813117981,-2.0758891105651855,0.16057874262332916,2.292053699493408,1.6393386125564575
24.42541527748108,0.028453826904296875,732,732,takeover,cartesian_freedrive,1.0,0.03773403540253639,-0.34199053049087524,0.16034741699695587,-0.24014994502067566,-2.0749809741973877,0.1605769842863083,2.2917797565460205,1.6393355131149292
24.458647966384888,0.033232688903808594,733,733,takeover,cartesian_freedrive,1.0,0.03773403540253639,-0.3420279026031494,0.16042329370975494,-0.2401813417673111,-2.0740694999694824,0.1605783998966217,2.2915074825286865,1.6393346786499023
24.496970653533936,0.03832268714904785,734,734,takeover,cartesian_freedrive,1.0,0.03773469477891922,-0.3420383632183075,0.16041113436222076,-0.2402607947587967,-2.073262929916382,0.16057823598384857,2.291334629058838,1.6393400430679321
24.525262355804443,0.028291702270507812,735,735,takeover,cartesian_freedrive,1.0,0.03773469477891922,-0.3420441448688507,0.16039617359638214,-0.24030081927776337,-2.0726547241210938,0.1605745553970337,2.2913260459899902,1.639340877532959
24.55869960784912,0.033437252044677734,736,736,takeover,cartesian_freedrive,1.0,0.03773469477891922,-0.34206074476242065,0.16040769219398499,-0.24038976430892944,-2.0718798637390137,0.16057562828063965,2.291325807571411,1.6393412351608276
24.5969295501709,0.038229942321777344,737,737,takeover,cartesian_freedrive,1.0,0.03773469477891922,-0.34205362200737,0.1604110449552536,-0.24059531092643738,-2.0711493492126465,0.16057676076889038,2.291327476501465,1.6393378973007202
24.62525510787964,0.028325557708740234,738,738,takeover,cartesian_freedrive,1.0,0.03773469477891922,-0.34204792976379395,0.16042101383209229,-0.24071244895458221,-2.0707292556762695,0.16057541966438293,2.291327953338623,1.6393378973007202
24.663432836532593,0.0381777286529541,739,739,takeover,cartesian_freedrive,1.0,0.03773469477891922,-0.34203851222991943,0.16045187413692474,-0.24077682197093964,-2.070312976837158,0.160573810338974,2.291329860687256,1.6393417119979858
24.692076683044434,0.02864384651184082,740,740,takeover,cartesian_freedrive,1.0,0.03773469477891922,-0.3420069217681885,0.16058601438999176,-0.24075937271118164,-2.0700721740722656,0.16057369112968445,2.291329860687256,1.6393370628356934
24.730560541152954,0.03848385810852051,741,741,takeover,cartesian_freedrive,1.0,0.03773469477891922,-0.34188294410705566,0.16113586723804474,-0.24069930613040924,-2.0696535110473633,0.1605730652809143,2.2913284301757812,1.6393353939056396
24.758846521377563,0.028285980224609375,742,742,takeover,cartesian_freedrive,1.0,0.03773469477891922,-0.34166932106018066,0.16191507875919342,-0.24064165353775024,-2.069119930267334,0.1605786234140396,2.2913331985473633,1.6393346786499023
24.797334671020508,0.038488149642944336,743,743,takeover,cartesian_freedrive,1.0,0.03773469477891922,-0.3413957357406616,0.16372714936733246,-0.2403922826051712,-2.067894458770752,0.16057802736759186,2.2913410663604736,1.6393320560455322
24.82559061050415,0.028255939483642578,744,744,takeover,cartesian_freedrive,1.0,0.03773469477891922,-0.3411020040512085,0.16538165509700775,-0.24019600450992584,-2.0666909217834473,0.1605817973613739,2.291346549987793,1.6393316984176636
24.858848333358765,0.03325772285461426,745,745,takeover,cartesian_freedrive,1.0,0.03773535043001175,-0.34072884917259216,0.16728071868419647,-0.2401423156261444,-2.0650675296783447,0.16058692336082458,2.291350841522217,1.6393314599990845
24.898180723190308,0.03933238983154297,746,746,takeover,cartesian_freedrive,1.0,0.03773535043001175,-0.3404965400695801,0.16965903341770172,-0.24014130234718323,-2.062697410583496,0.16058491170406342,2.2913498878479004,1.6393338441848755
24.925302505493164,0.027121782302856445,747,747,takeover,cartesian_freedrive,1.0,0.03773535043001175,-0.3405255973339081,0.17134614288806915,-0.24017836153507233,-2.0606207847595215,0.16058844327926636,2.2913525104522705,1.6393287181854248
24.958885431289673,0.03358292579650879,748,748,takeover,cartesian_freedrive,1.0,0.03773535043001175,-0.34061020612716675,0.17346371710300446,-0.24023963510990143,-2.057558298110962,0.16058892011642456,2.2913599014282227,1.6393314599990845
24.999025583267212,0.04014015197753906,749,749,takeover,cartesian_freedrive,1.0,0.03773535043001175,-0.3407403826713562,0.1760597825050354,-0.24028955399990082,-2.0535824298858643,0.1605873554944992,2.2913661003112793,1.6393343210220337
25.02570080757141,0.02667522430419922,750,750,takeover,cartesian_freedrive,1.0,0.03773535043001175,-0.34080490469932556,0.17809802293777466,-0.2403339296579361,-2.0503931045532227,0.16058704257011414,2.2913599014282227,1.6393346786499023
25.06511950492859,0.039418697357177734,751,751,takeover,cartesian_freedrive,1.0,0.03773535043001175,-0.3407975733280182,0.18139684200286865,-0.24042625725269318,-2.045149803161621,0.16058704257011414,2.2913615703582764,1.6393280029296875
25.092100620269775,0.026981115341186523,752,752,takeover,cartesian_freedrive,1.0,0.03773535043001175,-0.3407911956310272,0.1838102638721466,-0.24041828513145447,-2.0417122840881348,0.16058588027954102,2.2913691997528076,1.6393297910690308
25.125470876693726,0.033370256423950195,753,753,takeover,cartesian_freedrive,1.0,0.03773535043001175,-0.3407650589942932,0.18703538179397583,-0.24040351808071136,-2.037518262863159,0.16058629751205444,2.2913684844970703,1.6393343210220337
25.16342329978943,0.037952423095703125,754,754,takeover,cartesian_freedrive,1.0,0.03773535043001175,-0.3407694697380066,0.19055934250354767,-0.24040959775447845,-2.032625198364258,0.1605893224477768,2.2913687229156494,1.6393309831619263
25.192105293273926,0.02868199348449707,755,755,takeover,cartesian_freedrive,1.0,0.03773600608110428,-0.34080204367637634,0.19317185878753662,-0.24044069647789001,-2.0289480686187744,0.16059239208698273,2.2913689613342285,1.6393330097198486
25.23048162460327,0.0383763313293457,756,756,takeover,cartesian_freedrive,1.0,0.03773600608110428,-0.34085357189178467,0.19643953442573547,-0.2405281662940979,-2.02394962310791,0.16059468686580658,2.2913625240325928,1.6393288373947144
25.258856773376465,0.02837514877319336,757,757,takeover,cartesian_freedrive,1.0,0.03773600608110428,-0.34091439843177795,0.1989728957414627,-0.24067257344722748,-2.019988775253296,0.16059860587120056,2.2913594245910645,1.6393338441848755
25.29735493659973,0.0384981632232666,758,758,takeover,cartesian_freedrive,1.0,0.03773600608110428,-0.34111955761909485,0.20223112404346466,-0.24097372591495514,-2.014841318130493,0.1606026142835617,2.291368246078491,1.6393327713012695
25.32548189163208,0.028126955032348633,759,759,takeover,cartesian_freedrive,1.0,0.03773600608110428,-0.34144145250320435,0.20471030473709106,-0.2411646693944931,-2.0113039016723633,0.16059942543506622,2.2913687229156494,1.6393308639526367
25.358834743499756,0.03335285186767578,760,760,takeover,cartesian_freedrive,1.0,0.03773666173219681,-0.3418014943599701,0.20746031403541565,-0.24139384925365448,-2.006991147994995,0.16059833765029907,2.2913663387298584,1.6393288373947144
25.39791512489319,0.03908038139343262,761,761,takeover,cartesian_freedrive,1.0,0.03773666173219681,-0.34210723638534546,0.21039921045303345,-0.24178722500801086,-2.002021551132202,0.16060049831867218,2.2913689613342285,1.639331340789795
25.425480842590332,0.027565717697143555,762,762,takeover,cartesian_freedrive,1.0,0.03773666173219681,-0.3422783315181732,0.21256212890148163,-0.2420388013124466,-1.9985299110412598,0.16059988737106323,2.2913615703582764,1.639330267906189
25.459031105041504,0.033550262451171875,763,763,takeover,cartesian_freedrive,1.0,0.03773666173219681,-0.3423742353916168,0.21524983644485474,-0.24237729609012604,-1.9938530921936035,0.16059917211532593,2.291365623474121,1.6393365859985352
25.497309923171997,0.038278818130493164,764,764,takeover,cartesian_freedrive,1.0,0.03773666173219681,-0.3425135910511017,0.2180757075548172,-0.24287477135658264,-1.9890310764312744,0.16060501337051392,2.291374683380127,1.6393357515335083
25.525426149368286,0.028116226196289062,765,765,takeover,cartesian_freedrive,1.0,0.03773666173219681,-0.3426348567008972,0.220305934548378,-0.24330411851406097,-1.9855141639709473,0.1606006622314453,2.2913661003112793,1.6393309831619263
25.56378936767578,0.03836321830749512,766,766,takeover,cartesian_freedrive,1.0,0.03773666173219681,-0.3428691029548645,0.22339172661304474,-0.2439115345478058,-1.9801183938980103,0.16060543060302734,2.2913737297058105,1.6393293142318726
25.592167139053345,0.028377771377563477,767,767,takeover,cartesian_freedrive,1.0,0.03773666173219681,-0.34307199716567993,0.22584757208824158,-0.2444423884153366,-1.9757360219955444,0.16060619056224823,2.291363000869751,1.6393319368362427
25.625370502471924,0.0332033634185791,768,768,takeover,cartesian_freedrive,1.0,0.03773666173219681,-0.3433597683906555,0.22906991839408875,-0.2451283186674118,-1.9703915119171143,0.16060496866703033,2.291363000869751,1.6393308639526367
25.663530349731445,0.038159847259521484,769,769,takeover,cartesian_freedrive,1.0,0.03773666173219681,-0.3438524007797241,0.23264293372631073,-0.24601443111896515,-1.9648288488388062,0.16060811281204224,2.291374921798706,1.6393376588821411
25.69201922416687,0.028488874435424805,770,770,takeover,cartesian_freedrive,1.0,0.037737321108579636,-0.34442055225372314,0.23540452122688293,-0.24669265747070312,-1.9611200094223022,0.16060812771320343,2.2913665771484375,1.6393355131149292
25.73021411895752,0.038194894790649414,771,771,takeover,cartesian_freedrive,1.0,0.037737321108579636,-0.3453621566295624,0.23915085196495056,-0.24768875539302826,-1.9561399221420288,0.16060775518417358,2.291367292404175,1.639331579208374
25.75880217552185,0.028588056564331055,772,772,takeover,cartesian_freedrive,1.0,0.037737321108579636,-0.346207857131958,0.24192506074905396,-0.24846160411834717,-1.9522331953048706,0.16060766577720642,2.291368246078491,1.6393295526504517
25.79198145866394,0.033179283142089844,773,773,takeover,cartesian_freedrive,1.0,0.037737321108579636,-0.34719398617744446,0.2452704906463623,-0.2496258169412613,-1.9474985599517822,0.16060771048069,2.2913615703582764,1.63933527469635
25.830713748931885,0.038732290267944336,774,774,takeover,cartesian_freedrive,1.0,0.037737321108579636,-0.3481052815914154,0.24888332188129425,-0.2512759864330292,-1.9423255920410156,0.1606052666902542,2.2913637161254883,1.6393338441848755
25.858744382858276,0.0280306339263916,775,775,takeover,cartesian_freedrive,1.0,0.037737321108579636,-0.34868600964546204,0.2517332136631012,-0.2527121305465698,-1.9386615753173828,0.16060753166675568,2.2913615703582764,1.6393344402313232
25.8919620513916,0.033217668533325195,776,776,takeover,cartesian_freedrive,1.0,0.037737321108579636,-0.34940630197525024,0.2549285590648651,-0.25472626090049744,-1.9347785711288452,0.16060271859169006,2.291358232498169,1.639334797859192
25.931337118148804,0.03937506675720215,777,777,takeover,cartesian_freedrive,1.0,0.037737321108579636,-0.35078907012939453,0.2583754062652588,-0.2567470669746399,-1.9308490753173828,0.16060194373130798,2.2913498878479004,1.639331340789795
25.958789587020874,0.027452468872070312,778,778,takeover,cartesian_freedrive,1.0,0.037737321108579636,-0.35204336047172546,0.2604914605617523,-0.25799843668937683,-1.9283556938171387,0.16059890389442444,2.291341781616211,1.639334797859192
25.991985321044922,0.03319573402404785,779,779,takeover,cartesian_freedrive,1.0,0.037737321108579636,-0.3537942171096802,0.26268652081489563,-0.2596428692340851,-1.925674557685852,0.16059531271457672,2.291346549987793,1.639333724975586
26.030821800231934,0.03883647918701172,780,780,takeover,cartesian_freedrive,1.0,0.037737321108579636,-0.3562282919883728,0.2646777629852295,-0.2609366774559021,-1.9233285188674927,0.160592183470726,2.2913260459899902,1.6393367052078247
26.058616161346436,0.027794361114501953,781,781,takeover,cartesian_freedrive,1.0,0.037737321108579636,-0.35819727182388306,0.26595422625541687,-0.26179635524749756,-1.9217078685760498,0.16058911383152008,2.2913222312927246,1.639336109161377
26.096851110458374,0.03823494911193848,782,782,takeover,cartesian_freedrive,1.0,0.037737976759672165,-0.3607502281665802,0.26727309823036194,-0.26314228773117065,-1.919721007347107,0.16058729588985443,2.291303873062134,1.6393308639526367
26.125588417053223,0.028737306594848633,783,783,takeover,cartesian_freedrive,1.0,0.037737976759672165,-0.3626469671726227,0.26830294728279114,-0.2643411457538605,-1.9181008338928223,0.160586878657341,2.2912802696228027,1.6393346786499023
26.158698320388794,0.03310990333557129,784,784,takeover,cartesian_freedrive,1.0,0.037737976759672165,-0.36463090777397156,0.26946282386779785,-0.2657783329486847,-1.9161477088928223,0.1605837345123291,2.291275978088379,1.6393250226974487
26.197318077087402,0.0386197566986084,785,785,takeover,cartesian_freedrive,1.0,0.037737976759672165,-0.3666846752166748,0.2709658741950989,-0.26759177446365356,-1.9138039350509644,0.1605844348669052,2.29128360748291,1.6393272876739502
26.225656509399414,0.02833843231201172,786,786,takeover,cartesian_freedrive,1.0,0.037737976759672165,-0.3681061267852783,0.2720430791378021,-0.2687602937221527,-1.912418007850647,0.16058684885501862,2.2912909984588623,1.6393243074417114
26.25883150100708,0.033174991607666016,787,787,takeover,cartesian_freedrive,1.0,0.037737976759672165,-0.3697758913040161,0.2733827829360962,-0.26990941166877747,-1.9108502864837646,0.16059276461601257,2.291292667388916,1.6393133401870728
26.29693055152893,0.038099050521850586,788,788,takeover,cartesian_freedrive,1.0,0.037737976759672165,-0.37150129675865173,0.27549657225608826,-0.27101096510887146,-1.908612847328186,0.16058650612831116,2.2913014888763428,1.6393135786056519
26.325427055358887,0.028496503829956055,789,789,takeover,cartesian_freedrive,1.0,0.037737976759672165,-0.37268945574760437,0.2775075137615204,-0.27175602316856384,-1.9065377712249756,0.1605846881866455,2.291303873062134,1.6393165588378906
26.358742475509644,0.033315420150756836,790,790,takeover,cartesian_freedrive,1.0,0.037737976759672165,-0.3738706409931183,0.28029465675354004,-0.2725520133972168,-1.9035495519638062,0.16059145331382751,2.291304111480713,1.6393132209777832
26.397013664245605,0.038271188735961914,791,791,takeover,cartesian_freedrive,1.0,0.037737976759672165,-0.37528789043426514,0.28378555178642273,-0.27327221632003784,-1.8996223211288452,0.16059108078479767,2.291327476501465,1.639307975769043
26.42532515525818,0.028311491012573242,792,792,takeover,cartesian_freedrive,1.0,0.037737976759672165,-0.3762785494327545,0.28648877143859863,-0.2736707329750061,-1.8967262506484985,0.16058993339538574,2.2913100719451904,1.639312505722046
26.4587082862854,0.03338313102722168,793,793,takeover,cartesian_freedrive,1.0,0.037737976759672165,-0.37757566571235657,0.28992876410484314,-0.2739313244819641,-1.8928322792053223,0.16058789193630219,2.2913079261779785,1.6393115520477295
26.497082948684692,0.03837466239929199,794,794,takeover,cartesian_freedrive,1.0,0.037737976759672165,-0.3790607452392578,0.2942420542240143,-0.2741784155368805,-1.8878602981567383,0.16059108078479767,2.2913143634796143,1.6393115520477295
26.525224447250366,0.028141498565673828,795,795,takeover,cartesian_freedrive,1.0,0.037737976759672165,-0.38015398383140564,0.2973859906196594,-0.27429139614105225,-1.8844608068466187,0.1605909913778305,2.2913169860839844,1.6393097639083862
26.56353998184204,0.038315534591674805,796,796,takeover,cartesian_freedrive,1.0,0.037737976759672165,-0.381788045167923,0.30146297812461853,-0.2743343710899353,-1.8798890113830566,0.16059143841266632,2.2913129329681396,1.639312982559204
26.591922760009766,0.02838277816772461,797,797,takeover,cartesian_freedrive,1.0,0.037738632410764694,-0.38305559754371643,0.3049074709415436,-0.2743438482284546,-1.8758125305175781,0.16059505939483643,2.2913122177124023,1.6393077373504639
26.62526297569275,0.0333402156829834,798,798,takeover,cartesian_freedrive,1.0,0.037738632410764694,-0.38462284207344055,0.3084367513656616,-0.2743688225746155,-1.8711981773376465,0.1605919599533081,2.2913081645965576,1.639311671257019
26.663739919662476,0.03847694396972656,799,799,takeover,cartesian_freedrive,1.0,0.037738632410764694,-0.38646918535232544,0.3127208948135376,-0.2744303047657013,-1.8658074140548706,0.1605890393257141,2.291306734085083,1.6393104791641235
26.69201946258545,0.028279542922973633,800,800,takeover,cartesian_freedrive,1.0,0.037738632410764694,-0.387805700302124,0.31592169404029846,-0.2746596038341522,-1.8618364334106445,0.1605941206216812,2.2913036346435547,1.6393061876296997
26.725260496139526,0.03324103355407715,801,801,takeover,cartesian_freedrive,1.0,0.037738632410764694,-0.38937556743621826,0.3193097412586212,-0.2750384509563446,-1.8577535152435303,0.1605941206216812,2.291308879852295,1.6393159627914429
26.765908241271973,0.04064774513244629,802,802,takeover,cartesian_freedrive,1.0,0.037738632410764694,-0.391303151845932,0.32313013076782227,-0.2757818400859833,-1.8530617952346802,0.16059336066246033,2.291304588317871,1.6393101215362549
26.79209613800049,0.026187896728515625,803,803,takeover,cartesian_freedrive,1.0,0.037738632410764694,-0.392529159784317,0.32546815276145935,-0.2764039635658264,-1.849904179573059,0.16059517860412598,2.291304588317871,1.6393084526062012
26.825281143188477,0.03318500518798828,804,804,takeover,cartesian_freedrive,1.0,0.037738632410764694,-0.3941164016723633,0.3281416893005371,-0.27701491117477417,-1.8456743955612183,0.1605949103832245,2.291311740875244,1.6392982006072998
26.863797426223755,0.03851628303527832,805,805,takeover,cartesian_freedrive,1.0,0.037738632410764694,-0.3958117365837097,0.33150163292884827,-0.2775450348854065,-1.8401923179626465,0.1605978161096573,2.2913060188293457,1.6392942667007446
26.892215728759766,0.028418302536010742,806,806,takeover,cartesian_freedrive,1.0,0.037738632410764694,-0.39695778489112854,0.33433783054351807,-0.27786004543304443,-1.8355622291564941,0.1606050431728363,2.291308641433716,1.6392830610275269
26.925503730773926,0.033288002014160156,807,807,takeover,cartesian_freedrive,1.0,0.037738632410764694,-0.39816030859947205,0.3375202417373657,-0.27800318598747253,-1.8304675817489624,0.160606250166893,2.291307210922241,1.6392936706542969
26.96408200263977,0.03857827186584473,808,808,takeover,cartesian_freedrive,1.0,0.037738632410764694,-0.39930975437164307,0.34130409359931946,-0.2780378758907318,-1.824513554573059,0.16061361134052277,2.291313648223877,1.6392912864685059
26.99222707748413,0.02814507484436035,809,809,takeover,cartesian_freedrive,1.0,0.037738632410764694,-0.39988842606544495,0.3439878821372986,-0.27805057168006897,-1.8200366497039795,0.160616934299469,2.291316270828247,1.6392898559570312
27.02549433708191,0.03326725959777832,810,810,takeover,cartesian_freedrive,1.0,0.037738632410764694,-0.40040403604507446,0.3472591042518616,-0.2780526876449585,-1.8144844770431519,0.16062773764133453,2.291304349899292,1.6392933130264282
27.063512086868286,0.03801774978637695,811,811,takeover,cartesian_freedrive,1.0,0.037738632410764694,-0.4009937047958374,0.3510279357433319,-0.27806350588798523,-1.8082959651947021,0.1606365293264389,2.2913122177124023,1.6392968893051147
27.09195041656494,0.028438329696655273,812,812,takeover,cartesian_freedrive,1.0,0.037738632410764694,-0.40141811966896057,0.3537193834781647,-0.27807050943374634,-1.8042097091674805,0.16064120829105377,2.291299819946289,1.6393013000488281
27.130635023117065,0.03868460655212402,813,813,takeover,cartesian_freedrive,1.0,0.03773929178714752,-0.40207263827323914,0.3575420379638672,-0.27811092138290405,-1.7985420227050781,0.1606498658657074,2.2913005352020264,1.6393088102340698
27.158564805984497,0.02792978286743164,814,814,takeover,cartesian_freedrive,1.0,0.03773929178714752,-0.40277305245399475,0.3601505756378174,-0.27812257409095764,-1.7942322492599487,0.16065466403961182,2.2913081645965576,1.6393100023269653
27.19780206680298,0.039237260818481445,815,815,takeover,cartesian_freedrive,1.0,0.03773929178714752,-0.4039941728115082,0.3641851544380188,-0.2781437635421753,-1.7880457639694214,0.1606530398130417,2.29129695892334,1.6393013000488281
27.22531032562256,0.027508258819580078,816,816,takeover,cartesian_freedrive,1.0,0.03773929178714752,-0.4050203263759613,0.3670307993888855,-0.2781429886817932,-1.7837622165679932,0.16065725684165955,2.2912919521331787,1.6393048763275146
27.25866985321045,0.033359527587890625,817,817,takeover,cartesian_freedrive,1.0,0.03773929178714752,-0.4063791334629059,0.37029901146888733,-0.2781435549259186,-1.7792004346847534,0.1606558859348297,2.291295051574707,1.6393028497695923
27.296769857406616,0.03810000419616699,818,818,takeover,cartesian_freedrive,1.0,0.03773929178714752,-0.4079815745353699,0.3740599751472473,-0.2781417667865753,-1.7742544412612915,0.16065694391727448,2.2912960052490234,1.6393076181411743
27.325483322143555,0.028713464736938477,819,819,takeover,cartesian_freedrive,1.0,0.03773929178714752,-0.4092383086681366,0.37702974677085876,-0.2781321108341217,-1.7702265977859497,0.16065356135368347,2.2912960052490234,1.6393051147460938
27.364104986190796,0.03862166404724121,820,820,takeover,cartesian_freedrive,1.0,0.03773929178714752,-0.41087278723716736,0.38080742955207825,-0.27813225984573364,-1.7647868394851685,0.16065599024295807,2.291287899017334,1.6393040418624878
27.39192843437195,0.027823448181152344,821,821,takeover,cartesian_freedrive,1.0,0.03773929178714752,-0.4121338725090027,0.38387444615364075,-0.2781299352645874,-1.760538935661316,0.16065554320812225,2.291280508041382,1.6393017768859863
27.43051290512085,0.03858447074890137,822,822,takeover,cartesian_freedrive,1.0,0.03773929178714752,-0.4138028919696808,0.38790538907051086,-0.27813029289245605,-1.7550370693206787,0.16065704822540283,2.29129958152771,1.6392987966537476
27.458719968795776,0.028207063674926758,823,823,takeover,cartesian_freedrive,1.0,0.03773929178714752,-0.4149695932865143,0.3910626173019409,-0.2781215310096741,-1.7514023780822754,0.16065625846385956,2.291287422180176,1.639291763305664
27.491928577423096,0.033208608627319336,824,824,takeover,cartesian_freedrive,1.0,0.03773929178714752,-0.4161907732486725,0.39486929774284363,-0.27811765670776367,-1.7470850944519043,0.16065484285354614,2.2912862300872803,1.6392897367477417
27.530300617218018,0.038372039794921875,825,825,takeover,cartesian_freedrive,1.0,0.03773929178714752,-0.41733208298683167,0.3987770676612854,-0.27812764048576355,-1.7423083782196045,0.1606570929288864,2.291299819946289,1.6392934322357178
27.558839797973633,0.028539180755615234,826,826,takeover,cartesian_freedrive,1.0,0.03773929178714752,-0.4180673062801361,0.4015263020992279,-0.2781231105327606,-1.738874912261963,0.16065630316734314,2.2912843227386475,1.639288067817688
27.59214448928833,0.033304691314697266,827,827,takeover,cartesian_freedrive,1.0,0.03773929178714752,-0.41901057958602905,0.4047532379627228,-0.2781250774860382,-1.7343164682388306,0.16065554320812225,2.2912838459014893,1.6392920017242432
27.630370616912842,0.03822612762451172,828,828,takeover,cartesian_freedrive,1.0,0.03773929178714752,-0.42013514041900635,0.40816187858581543,-0.27813103795051575,-1.7292068004608154,0.16065630316734314,2.2913014888763428,1.6392927169799805
27.658793210983276,0.02842259407043457,829,829,takeover,cartesian_freedrive,1.0,0.03773994743824005,-0.4210383892059326,0.41052812337875366,-0.27812933921813965,-1.7257453203201294,0.16065630316734314,2.2912886142730713,1.6392942667007446
27.692152500152588,0.03335928916931152,830,830,takeover,cartesian_freedrive,1.0,0.03773994743824005,-0.4222148656845093,0.4130885899066925,-0.2781302034854889,-1.7215741872787476,0.16065706312656403,2.2912864685058594,1.6392934322357178
27.73039937019348,0.038246870040893555,831,831,takeover,cartesian_freedrive,1.0,0.03773994743824005,-0.4236549437046051,0.41588857769966125,-0.2781304121017456,-1.7166318893432617,0.16065387427806854,2.291295289993286,1.6392943859100342
27.75879693031311,0.028397560119628906,832,832,takeover,cartesian_freedrive,1.0,0.03773994743824005,-0.42470911145210266,0.41763928532600403,-0.27812281250953674,-1.7132220268249512,0.16065436601638794,2.2912817001342773,1.639290690422058
27.797170162200928,0.03837323188781738,833,833,takeover,cartesian_freedrive,1.0,0.03773994743824005,-0.42622002959251404,0.4203144907951355,-0.27814075350761414,-1.707867980003357,0.16065311431884766,2.2912776470184326,1.639298439025879
27.825544595718384,0.028374433517456055,834,834,takeover,cartesian_freedrive,1.0,0.03773994743824005,-0.4273642599582672,0.4223387539386749,-0.27814388275146484,-1.7039239406585693,0.16065478324890137,2.2912864685058594,1.639293909072876
27.8588809967041,0.03333640098571777,835,835,takeover,cartesian_freedrive,1.0,0.03773994743824005,-0.42874959111213684,0.4246523082256317,-0.2781447768211365,-1.6997359991073608,0.16065554320812225,2.2912871837615967,1.6392937898635864
27.89723563194275,0.03835463523864746,836,836,takeover,cartesian_freedrive,1.0,0.03773994743824005,-0.4304248094558716,0.42714226245880127,-0.2781643867492676,-1.6952803134918213,0.1606559008359909,2.291287660598755,1.6392958164215088
27.925479412078857,0.0282437801361084,837,837,takeover,cartesian_freedrive,1.0,0.03773994743824005,-0.4317834675312042,0.4290577173233032,-0.2781620919704437,-1.6919914484024048,0.16065217554569244,2.291285514831543,1.6392983198165894
27.963951587677002,0.03847217559814453,838,838,takeover,cartesian_freedrive,1.0,0.03773994743824005,-0.43384814262390137,0.43113869428634644,-0.27815619111061096,-1.6880667209625244,0.1606532782316208,2.291285514831543,1.6392974853515625
27.992085933685303,0.02813434600830078,839,839,takeover,cartesian_freedrive,1.0,0.03773994743824005,-0.43563252687454224,0.4330346882343292,-0.27816498279571533,-1.6849313974380493,0.16065086424350739,2.2912776470184326,1.6392903327941895
28.03066349029541,0.03857755661010742,840,840,takeover,cartesian_freedrive,1.0,0.03773994743824005,-0.4381990432739258,0.43547379970550537,-0.27817270159721375,-1.6806703805923462,0.1606532633304596,2.2912771701812744,1.6392947435379028
28.05870771408081,0.02804422378540039,841,841,takeover,cartesian_freedrive,1.0,0.03773994743824005,-0.44022735953330994,0.43741360306739807,-0.27818647027015686,-1.6775860786437988,0.16065099835395813,2.2912824153900146,1.639297366142273
28.092013835906982,0.033306121826171875,842,842,takeover,cartesian_freedrive,1.0,0.03773994743824005,-0.4427368938922882,0.43946999311447144,-0.27819180488586426,-1.6745895147323608,0.16064947843551636,2.291283369064331,1.6392903327941895
28.130180835723877,0.03816699981689453,843,843,takeover,cartesian_freedrive,1.0,0.03773994743824005,-0.4454892575740814,0.441618949174881,-0.2782144546508789,-1.6717618703842163,0.16065023839473724,2.2912862300872803,1.6392875909805298
28.158586502075195,0.02840566635131836,844,844,takeover,cartesian_freedrive,1.0,0.03773994743824005,-0.44746848940849304,0.4430665969848633,-0.27820396423339844,-1.6698583364486694,0.1606479436159134,2.2912752628326416,1.6392865180969238
28.197269916534424,0.038683414459228516,845,845,takeover,cartesian_freedrive,1.0,0.03773994743824005,-0.4503127932548523,0.4450499415397644,-0.27821946144104004,-1.6670286655426025,0.16064533591270447,2.2912840843200684,1.6392805576324463
28.225588083267212,0.028318166732788086,846,846,takeover,cartesian_freedrive,1.0,0.03773994743824005,-0.452316015958786,0.4463897943496704,-0.2782219648361206,-1.665083408355713,0.16064605116844177,2.291287660598755,1.6392765045166016
28.258729457855225,0.033141374588012695,847,847,takeover,cartesian_freedrive,1.0,0.03773994743824005,-0.4545695185661316,0.44775915145874023,-0.27822622656822205,-1.6632046699523926,0.1606418490409851,2.291285991668701,1.639272689819336
28.298003673553467,0.03927421569824219,848,848,takeover,cartesian_freedrive,1.0,0.03773994743824005,-0.45747318863868713,0.44955161213874817,-0.27832093834877014,-1.660902500152588,0.16064539551734924,2.2912850379943848,1.6392662525177002
28.32564425468445,0.027640581130981445,849,849,takeover,cartesian_freedrive,1.0,0.03774060308933258,-0.45949774980545044,0.4506169557571411,-0.2785453200340271,-1.6593217849731445,0.1606401950120926,2.291285991668701,1.6392581462860107
28.358803272247314,0.03315901756286621,850,850,takeover,cartesian_freedrive,1.0,0.03774060308933258,-0.46230462193489075,0.4521014094352722,-0.27861782908439636,-1.6570302248001099,0.16064171493053436,2.2912814617156982,1.6392405033111572
28.39759659767151,0.038793325424194336,851,851,takeover,cartesian_freedrive,1.0,0.03774060308933258,-0.4657072424888611,0.45398417115211487,-0.27864351868629456,-1.6537455320358276,0.16064096987247467,2.2912895679473877,1.63919198513031
28.4254469871521,0.02785038948059082,852,852,takeover,cartesian_freedrive,1.0,0.03774060308933258,-0.4679825007915497,0.4553963541984558,-0.2786650061607361,-1.6512959003448486,0.16064460575580597,2.291297197341919,1.6390308141708374
28.45874261856079,0.033295631408691406,853,853,takeover,cartesian_freedrive,1.0,0.03774060308933258,-0.47033166885375977,0.4570988118648529,-0.27869611978530884,-1.6486494541168213,0.16064198315143585,2.2912991046905518,1.638829231262207
28.49675679206848,0.03801417350769043,854,854,takeover,cartesian_freedrive,1.0,0.03774060308933258,-0.47263941168785095,0.45936864614486694,-0.2786979377269745,-1.6455198526382446,0.16064026951789856,2.291299819946289,1.6387791633605957
28.525794982910156,0.029038190841674805,855,855,takeover,cartesian_freedrive,1.0,0.03774060308933258,-0.4741925001144409,0.46139153838157654,-0.2786959707736969,-1.6427963972091675,0.16063983738422394,2.291294574737549,1.6387720108032227
28.56467366218567,0.038878679275512695,856,856,takeover,cartesian_freedrive,1.0,0.03774060308933258,-0.47637906670570374,0.46441930532455444,-0.27870622277259827,-1.6385923624038696,0.1606394499540329,2.2913079261779785,1.6387630701065063
28.59198498725891,0.027311325073242188,857,857,takeover,cartesian_freedrive,1.0,0.03774060308933258,-0.47801369428634644,0.466506689786911,-0.2787281274795532,-1.6358263492584229,0.16063974797725677,2.2913033962249756,1.6387639045715332
28.625316381454468,0.03333139419555664,858,858,takeover,cartesian_freedrive,1.0,0.03774060308933258,-0.480207622051239,0.46912992000579834,-0.27876967191696167,-1.6324596405029297,0.16064326465129852,2.29130220413208,1.6387566328048706
28.663421392440796,0.038105010986328125,859,859,takeover,cartesian_freedrive,1.0,0.03774060308933258,-0.48320865631103516,0.4715052545070648,-0.2788335382938385,-1.6290369033813477,0.1606394499540329,2.2913007736206055,1.6387437582015991
28.69200348854065,0.028582096099853516,860,860,takeover,cartesian_freedrive,1.0,0.03774060308933258,-0.48581668734550476,0.47322291135787964,-0.2790539562702179,-1.6265579462051392,0.16063718497753143,2.2913007736206055,1.6386655569076538
28.730417251586914,0.03841376304626465,861,861,takeover,cartesian_freedrive,1.0,0.03774060308933258,-0.48965737223625183,0.47485920786857605,-0.27917516231536865,-1.6238327026367188,0.16063323616981506,2.291311264038086,1.638392448425293
28.758758068084717,0.028340816497802734,862,862,takeover,cartesian_freedrive,1.0,0.03774060308933258,-0.492665559053421,0.47598013281822205,-0.27933037281036377,-1.622009515762329,0.16063398122787476,2.291309356689453,1.638036847114563
28.79198384284973,0.03322577476501465,863,863,takeover,cartesian_freedrive,1.0,0.03774060308933258,-0.4961915612220764,0.4772261381149292,-0.27972277998924255,-1.6198018789291382,0.16062895953655243,2.291311502456665,1.6375248432159424
28.83026099205017,0.03827714920043945,864,864,takeover,cartesian_freedrive,1.0,0.03774060308933258,-0.4998672902584076,0.478748619556427,-0.28034281730651855,-1.6171579360961914,0.16063398122787476,2.2913100719451904,1.6372038125991821
28.8588228225708,0.028561830520629883,865,865,takeover,cartesian_freedrive,1.0,0.03774060308933258,-0.5024124979972839,0.4800723195075989,-0.28074395656585693,-1.6149123907089233,0.1606329381465912,2.291311502456665,1.6371060609817505
28.892047882080078,0.033225059509277344,866,866,takeover,cartesian_freedrive,1.0,0.03774060308933258,-0.5055788159370422,0.48166802525520325,-0.28105488419532776,-1.6120692491531372,0.16063304245471954,2.2913219928741455,1.6370975971221924
28.93032455444336,0.03827667236328125,867,867,takeover,cartesian_freedrive,1.0,0.03774060308933258,-0.5089944005012512,0.48341643810272217,-0.2814943492412567,-1.6092828512191772,0.16063550114631653,2.291318655014038,1.637088418006897
28.9586820602417,0.028357505798339844,868,868,takeover,cartesian_freedrive,1.0,0.03774060308933258,-0.5115319490432739,0.48498067259788513,-0.2818250060081482,-1.6069093942642212,0.16063292324543,2.2913119792938232,1.637085199356079
28.991945028305054,0.03326296806335449,869,869,takeover,cartesian_freedrive,1.0,0.03774060308933258,-0.5149122476577759,0.4870055019855499,-0.28206580877304077,-1.6036863327026367,0.16063576936721802,2.2913167476654053,1.6370829343795776
29.030672311782837,0.0387272834777832,870,870,takeover,cartesian_freedrive,1.0,0.03774060308933258,-0.5187090635299683,0.4895700216293335,-0.2824151813983917,-1.5999246835708618,0.16063261032104492,2.2913148403167725,1.6370822191238403
29.05880117416382,0.028128862380981445,871,871,takeover,cartesian_freedrive,1.0,0.03774060308933258,-0.5214813351631165,0.49122586846351624,-0.2827622592449188,-1.5977849960327148,0.16063550114631653,2.291321039199829,1.6370779275894165
29.092164993286133,0.03336381912231445,872,872,takeover,cartesian_freedrive,1.0,0.03774060308933258,-0.5247241258621216,0.49331897497177124,-0.2831527888774872,-1.5954742431640625,0.16063550114631653,2.291321039199829,1.6370655298233032
29.130588054656982,0.03842306137084961,873,873,takeover,cartesian_freedrive,1.0,0.03774060308933258,-0.5281369090080261,0.4955010414123535,-0.28334954380989075,-1.5933083295822144,0.1606387197971344,2.2913198471069336,1.637019157409668
29.158881187438965,0.028293132781982422,874,874,takeover,cartesian_freedrive,1.0,0.03774125874042511,-0.5304390788078308,0.4972079396247864,-0.28337976336479187,-1.5918523073196411,0.16063246130943298,2.291314125061035,1.6369930505752563
29.198418617248535,0.03953742980957031,875,875,takeover,cartesian_freedrive,1.0,0.03774125874042511,-0.5332846641540527,0.4999224841594696,-0.2833893597126007,-1.5893553495407104,0.16063153743743896,2.291314125061035,1.6369737386703491
29.225494146347046,0.027075529098510742,876,876,takeover,cartesian_freedrive,1.0,0.03774125874042511,-0.5351053476333618,0.5019817352294922,-0.283393919467926,-1.5873194932937622,0.16063940525054932,2.291315793991089,1.6369781494140625
29.264652967453003,0.03915882110595703,877,877,takeover,cartesian_freedrive,1.0,0.03774125874042511,-0.5376613736152649,0.5047624111175537,-0.28339895606040955,-1.5844156742095947,0.16063939034938812,2.2913191318511963,1.6369749307632446
29.29194164276123,0.02728867530822754,878,878,takeover,cartesian_freedrive,1.0,0.03774125874042511,-0.5396619439125061,0.506770670413971,-0.2833951711654663,-1.5821595191955566,0.16063863039016724,2.2913196086883545,1.6369729042053223
29.325331211090088,0.03338956832885742,879,879,takeover,cartesian_freedrive,1.0,0.03774125874042511,-0.542262077331543,0.5088207125663757,-0.28341221809387207,-1.579181432723999,0.16064046323299408,2.291315793991089,1.6369816064834595
29.36359143257141,0.03826022148132324,880,880,takeover,cartesian_freedrive,1.0,0.03774125874042511,-0.5454555749893188,0.5110111236572266,-0.28365063667297363,-1.5755112171173096,0.16064049303531647,2.2913196086883545,1.6369866132736206
29.391957998275757,0.028366565704345703,881,881,takeover,cartesian_freedrive,1.0,0.03774125874042511,-0.5480911731719971,0.512566864490509,-0.2840214669704437,-1.5728061199188232,0.16064198315143585,2.291327953338623,1.6369826793670654
29.425310850143433,0.03335285186767578,882,882,takeover,cartesian_freedrive,1.0,0.03774125874042511,-0.5512124300003052,0.5140632390975952,-0.2846180498600006,-1.570144534111023,0.16064360737800598,2.2913243770599365,1.6369889974594116
29.46389651298523,0.038585662841796875,883,883,takeover,cartesian_freedrive,1.0,0.03774125874042511,-0.5549806952476501,0.5158351063728333,-0.2853934168815613,-1.567305564880371,0.16064243018627167,2.2913265228271484,1.6369866132736206
29.491979122161865,0.028082609176635742,884,884,takeover,cartesian_freedrive,1.0,0.03774125874042511,-0.5579685568809509,0.5170553922653198,-0.28588658571243286,-1.5652949810028076,0.1606459766626358,2.291320323944092,1.6369843482971191
29.525344848632812,0.033365726470947266,885,885,takeover,cartesian_freedrive,1.0,0.03774125874042511,-0.5613788962364197,0.5185464024543762,-0.2863462269306183,-1.5628143548965454,0.16064243018627167,2.2913222312927246,1.6369843482971191
29.56370496749878,0.0383601188659668,886,886,takeover,cartesian_freedrive,1.0,0.03774125874042511,-0.5651135444641113,0.5201490521430969,-0.2867310643196106,-1.560144066810608,0.16063927114009857,2.291327714920044,1.6369826793670654
29.591980934143066,0.02827596664428711,887,887,takeover,cartesian_freedrive,1.0,0.03774125874042511,-0.5679298639297485,0.5212501287460327,-0.2868559658527374,-1.5585740804672241,0.16064128279685974,2.291325807571411,1.636986255645752
29.625286102294922,0.03330516815185547,888,888,takeover,cartesian_freedrive,1.0,0.03774125874042511,-0.5710731744766235,0.5224325656890869,-0.2869105637073517,-1.5568885803222656,0.16064156591892242,2.2913243770599365,1.6369866132736206
29.66360855102539,0.03832244873046875,889,889,takeover,cartesian_freedrive,1.0,0.03774125874042511,-0.5745531916618347,0.5237653255462646,-0.287075400352478,-1.554967999458313,0.16064414381980896,2.291318416595459,1.6369858980178833
29.69200348854065,0.02839493751525879,890,890,takeover,cartesian_freedrive,1.0,0.03774125874042511,-0.5771289467811584,0.5248444676399231,-0.2873160243034363,-1.5534340143203735,0.16064433753490448,2.2913126945495605,1.6369807720184326
29.7252779006958,0.03327441215515137,891,891,takeover,cartesian_freedrive,1.0,0.03774125874042511,-0.580151379108429,0.5261495113372803,-0.2874649167060852,-1.5513559579849243,0.16064485907554626,2.291314125061035,1.6369839906692505
29.763612031936646,0.03833413124084473,892,892,takeover,cartesian_freedrive,1.0,0.03774125874042511,-0.5834919214248657,0.5277172923088074,-0.28770655393600464,-1.5488156080245972,0.16064274311065674,2.291315793991089,1.6369826793670654
29.791935920715332,0.028323888778686523,893,893,takeover,cartesian_freedrive,1.0,0.03774125874042511,-0.5858661532402039,0.5288428068161011,-0.28795126080513,-1.5470777750015259,0.16064457595348358,2.291316509246826,1.6369850635528564
29.830230236053467,0.038294315338134766,894,894,takeover,cartesian_freedrive,1.0,0.03774125874042511,-0.5889519453048706,0.5297608375549316,-0.28807398676872253,-1.5456790924072266,0.16064102947711945,2.291318893432617,1.6369801759719849
29.858831882476807,0.028601646423339844,895,895,takeover,cartesian_freedrive,1.0,0.03774125874042511,-0.5912145972251892,0.5302924513816833,-0.2880689799785614,-1.5449609756469727,0.1606394201517105,2.29131817817688,1.6369755268096924
29.89198589324951,0.03315401077270508,896,896,takeover,cartesian_freedrive,1.0,0.03774125874042511,-0.59378981590271,0.5307919979095459,-0.28807955980300903,-1.5441739559173584,0.16064102947711945,2.2913150787353516,1.6369802951812744
29.93070149421692,0.03871560096740723,897,897,takeover,cartesian_freedrive,1.0,0.03774191811680794,-0.5964629054069519,0.5313245058059692,-0.28814437985420227,-1.5432828664779663,0.16064046323299408,2.2913169860839844,1.6369749307632446
29.9588406085968,0.028139114379882812,898,898,takeover,cartesian_freedrive,1.0,0.03774191811680794,-0.5983068943023682,0.5316450595855713,-0.2882196009159088,-1.5427509546279907,0.16064046323299408,2.291311740875244,1.6369738578796387
29.99749732017517,0.03865671157836914,899,899,takeover,cartesian_freedrive,1.0,0.03774191811680794,-0.600800633430481,0.5319100022315979,-0.28843387961387634,-1.5423223972320557,0.1606370210647583,2.291306495666504,1.6369811296463013
30.025334358215332,0.027837038040161133,900,900,takeover,cartesian_freedrive,1.0,0.03774191811680794,-0.6026063561439514,0.5320043563842773,-0.28876322507858276,-1.542313575744629,0.16064050793647766,2.2912917137145996,1.6369801759719849
30.059065341949463,0.03373098373413086,901,901,takeover,cartesian_freedrive,1.0,0.03774191811680794,-0.6049350500106812,0.5321448445320129,-0.28933894634246826,-1.5423345565795898,0.16063474118709564,2.2912771701812744,1.6369786262512207
30.097570657730103,0.03850531578063965,902,902,takeover,cartesian_freedrive,1.0,0.03774191811680794,-0.6077731251716614,0.5322738289833069,-0.29044026136398315,-1.5423349142074585,0.1606309562921524,2.2912774085998535,1.6369824409484863
30.12528347969055,0.02771282196044922,903,903,takeover,cartesian_freedrive,1.0,0.03774191811680794,-0.6099668741226196,0.5323904156684875,-0.29157721996307373,-1.5423409938812256,0.16063007712364197,2.2912707328796387,1.6369807720184326
30.16351819038391,0.038234710693359375,904,904,takeover,cartesian_freedrive,1.0,0.03774191811680794,-0.6131192445755005,0.5325125455856323,-0.29343825578689575,-1.5423294305801392,0.1606266349554062,2.291273355484009,1.6369802951812744
30.192031860351562,0.028513669967651367,905,905,takeover,cartesian_freedrive,1.0,0.03774191811680794,-0.6155812740325928,0.5326449275016785,-0.29487958550453186,-1.542327642440796,0.16062623262405396,2.291271924972534,1.6369763612747192
30.232352256774902,0.040320396423339844,906,906,takeover,cartesian_freedrive,1.0,0.03774191811680794,-0.6192754507064819,0.5328672528266907,-0.29640018939971924,-1.542339563369751,0.16062740981578827,2.2912631034851074,1.6369534730911255
30.25891423225403,0.026561975479125977,907,907,takeover,cartesian_freedrive,1.0,0.03774191811680794,-0.621835470199585,0.5330802798271179,-0.29715031385421753,-1.5423330068588257,0.16062891483306885,2.2912542819976807,1.6368829011917114
30.292157649993896,0.033243417739868164,908,908,takeover,cartesian_freedrive,1.0,0.03774191811680794,-0.6247406601905823,0.5334950089454651,-0.2980906665325165,-1.5423465967178345,0.16062504053115845,2.291247844696045,1.6366503238677979
30.330483198165894,0.03832554817199707,909,909,takeover,cartesian_freedrive,1.0,0.03774191811680794,-0.6279305219650269,0.5341083407402039,-0.299174427986145,-1.5423779487609863,0.1606200933456421,2.291239023208618,1.6365852355957031
30.358766794204712,0.02828359603881836,910,910,takeover,cartesian_freedrive,1.0,0.03774191811680794,-0.6302551031112671,0.5346028804779053,-0.30000510811805725,-1.5423979759216309,0.1606193333864212,2.29123854637146,1.6365641355514526
30.392008543014526,0.03324174880981445,911,911,takeover,cartesian_freedrive,1.0,0.03774191811680794,-0.6330880522727966,0.535194993019104,-0.30103224515914917,-1.542455792427063,0.16061286628246307,2.291228771209717,1.6365267038345337
30.430426120758057,0.03841757774353027,912,912,takeover,cartesian_freedrive,1.0,0.03774191811680794,-0.6361309289932251,0.5358491539955139,-0.302461177110672,-1.5426312685012817,0.16061019897460938,2.2912161350250244,1.6364030838012695
30.458751440048218,0.028325319290161133,913,913,takeover,cartesian_freedrive,1.0,0.03774191811680794,-0.6382434964179993,0.5362957715988159,-0.30366331338882446,-1.5428376197814941,0.16061100363731384,2.2912068367004395,1.636203646659851
30.497204065322876,0.0384526252746582,914,914,takeover,cartesian_freedrive,1.0,0.03774191811680794,-0.6410348415374756,0.5370457172393799,-0.3052673041820526,-1.5429613590240479,0.16060836613178253,2.2912020683288574,1.6358650922775269
30.525311708450317,0.028107643127441406,915,915,takeover,cartesian_freedrive,1.0,0.03774191811680794,-0.643003523349762,0.537639319896698,-0.3062615692615509,-1.5429741144180298,0.16060557961463928,2.2912023067474365,1.635453224182129
30.55864691734314,0.033335208892822266,916,916,takeover,cartesian_freedrive,1.0,0.03774191811680794,-0.6452016234397888,0.5384302139282227,-0.30711859464645386,-1.542987585067749,0.16060824692249298,2.291186571121216,1.6347038745880127
30.59711217880249,0.038465261459350586,917,917,takeover,cartesian_freedrive,1.0,0.03774191811680794,-0.6477329730987549,0.5394270420074463,-0.30746889114379883,-1.5430262088775635,0.16060912609100342,2.2911570072174072,1.6336116790771484
30.625269174575806,0.02815699577331543,918,918,takeover,cartesian_freedrive,1.0,0.03774191811680794,-0.6491272449493408,0.5401941537857056,-0.30747318267822266,-1.5431244373321533,0.16061019897460938,2.2908151149749756,1.6326191425323486
30.663854360580444,0.03858518600463867,919,919,takeover,cartesian_freedrive,1.0,0.03774191811680794,-0.6503763794898987,0.5411021113395691,-0.3074820041656494,-1.5433915853500366,0.16060972213745117,2.288172721862793,1.6311423778533936
30.692384958267212,0.028530597686767578,920,920,takeover,cartesian_freedrive,1.0,0.03774191811680794,-0.6510686874389648,0.5415586829185486,-0.3074721693992615,-1.54390549659729,0.16061171889305115,2.2856972217559814,1.6298816204071045
30.72540307044983,0.03301811218261719,921,921,takeover,cartesian_freedrive,1.0,0.03774191811680794,-0.6516911387443542,0.5417561531066895,-0.3074696660041809,-1.5448763370513916,0.16060663759708405,2.2831742763519287,1.6280136108398438
30.76472306251526,0.03931999206542969,922,922,takeover,cartesian_freedrive,1.0,0.03774191811680794,-0.6524781584739685,0.541710615158081,-0.30747851729393005,-1.5463632345199585,0.16060760617256165,2.280012607574463,1.6254887580871582
30.79196858406067,0.027245521545410156,923,923,takeover,cartesian_freedrive,1.0,0.03774257376790047,-0.6531741619110107,0.5416190028190613,-0.30748170614242554,-1.547170639038086,0.16060610115528107,2.277071952819824,1.6236110925674438
30.82547688484192,0.03350830078125,924,924,takeover,cartesian_freedrive,1.0,0.03774257376790047,-0.654218316078186,0.541459321975708,-0.3074810206890106,-1.5474001169204712,0.16061067581176758,2.271660566329956,1.6204183101654053
30.863821983337402,0.0383450984954834,925,925,takeover,cartesian_freedrive,1.0,0.03774257376790047,-0.6553723812103271,0.5412379503250122,-0.3074740469455719,-1.5474014282226562,0.1606106162071228,2.2662694454193115,1.6163116693496704
30.891903400421143,0.028081417083740234,926,926,takeover,cartesian_freedrive,1.0,0.03774257376790047,-0.6560788750648499,0.5410426259040833,-0.3074645698070526,-1.547361135482788,0.16061295568943024,2.2631146907806396,1.6133414506912231
30.92531394958496,0.03341054916381836,927,927,takeover,cartesian_freedrive,1.0,0.03774257376790047,-0.6566407680511475,0.5407742857933044,-0.30747178196907043,-1.5473829507827759,0.16061651706695557,2.2588746547698975,1.6110198497772217
30.963538885116577,0.03822493553161621,928,928,takeover,cartesian_freedrive,1.0,0.03774257376790047,-0.6572790145874023,0.5403851270675659,-0.307488352060318,-1.547370195388794,0.16061829030513763,2.2535619735717773,1.6097832918167114
30.99198341369629,0.028444528579711914,929,929,takeover,cartesian_freedrive,1.0,0.03774257376790047,-0.657874584197998,0.5400602221488953,-0.30749276280403137,-1.5473744869232178,0.16061455011367798,2.249403476715088,1.6088314056396484
31.031358003616333,0.039374589920043945,930,930,takeover,cartesian_freedrive,1.0,0.03774257376790047,-0.6589285135269165,0.5396752953529358,-0.30754396319389343,-1.5474028587341309,0.16061216592788696,2.2445571422576904,1.6068847179412842
31.05891466140747,0.027556657791137695,931,931,takeover,cartesian_freedrive,1.0,0.03774257376790047,-0.6599526405334473,0.5395209193229675,-0.3076283633708954,-1.5473926067352295,0.16061216592788696,2.241478681564331,1.6058214902877808
31.09775137901306,0.03883671760559082,932,932,takeover,cartesian_freedrive,1.0,0.03774257376790047,-0.6615667343139648,0.5394183397293091,-0.30791720747947693,-1.5474190711975098,0.16060872375965118,2.2369179725646973,1.6043455600738525
31.1255145072937,0.02776312828063965,933,933,takeover,cartesian_freedrive,1.0,0.03774257376790047,-0.6629121899604797,0.5394203066825867,-0.3082919418811798,-1.5474152565002441,0.16060534119606018,2.233027458190918,1.60293447971344
31.158668756484985,0.03315424919128418,934,934,takeover,cartesian_freedrive,1.0,0.03774257376790047,-0.6647305488586426,0.5394381284713745,-0.3087501525878906,-1.5475174188613892,0.1605987846851349,2.2291488647460938,1.6002601385116577
31.19769024848938,0.03902149200439453,935,935,takeover,cartesian_freedrive,1.0,0.03774257376790047,-0.6671920418739319,0.5394830107688904,-0.3090752065181732,-1.5478156805038452,0.16058208048343658,2.2266769409179688,1.5967048406600952
31.22576141357422,0.028071165084838867,936,936,takeover,cartesian_freedrive,1.0,0.03774257376790047,-0.669172465801239,0.5395059585571289,-0.30909261107444763,-1.5481282472610474,0.1605778932571411,2.225310802459717,1.5935131311416626
31.25887131690979,0.03310990333557129,937,937,takeover,cartesian_freedrive,1.0,0.03774257376790047,-0.6715074777603149,0.5395936965942383,-0.3090987205505371,-1.54841148853302,0.16056768596172333,2.222761392593384,1.5896623134613037
31.29865026473999,0.039778947830200195,938,938,takeover,cartesian_freedrive,1.0,0.03774257376790047,-0.674236536026001,0.5399460196495056,-0.3091042637825012,-1.548753261566162,0.160544291138649,2.219041109085083,1.5848979949951172
31.325721502304077,0.027071237564086914,939,939,takeover,cartesian_freedrive,1.0,0.03774257376790047,-0.6759910583496094,0.5403228998184204,-0.3090721368789673,-1.5490022897720337,0.1605248898267746,2.2160608768463135,1.5812665224075317
31.358768463134766,0.03304696083068848,940,940,takeover,cartesian_freedrive,1.0,0.03774257376790047,-0.6779903173446655,0.5408992767333984,-0.30907124280929565,-1.5494153499603271,0.1605251133441925,2.2111382484436035,1.5753819942474365
31.39724564552307,0.038477182388305664,941,941,takeover,cartesian_freedrive,1.0,0.03774257376790047,-0.6798974275588989,0.5417132377624512,-0.3090532720088959,-1.550500750541687,0.16052572429180145,2.2062160968780518,1.5681204795837402
31.425264358520508,0.028018712997436523,942,942,takeover,cartesian_freedrive,1.0,0.03774257376790047,-0.6810082197189331,0.5424489974975586,-0.30900996923446655,-1.5515592098236084,0.16052359342575073,2.2033944129943848,1.5624178647994995
31.46376919746399,0.038504838943481445,943,943,takeover,cartesian_freedrive,1.0,0.03774257376790047,-0.6823195815086365,0.5434641242027283,-0.308968722820282,-1.5528396368026733,0.16051678359508514,2.1987884044647217,1.5528438091278076
31.492217302322388,0.028448104858398438,944,944,takeover,cartesian_freedrive,1.0,0.03774257376790047,-0.683003842830658,0.5443704128265381,-0.3089160919189453,-1.553584337234497,0.1605045348405838,2.1944961547851562,1.5457630157470703
31.52530264854431,0.03308534622192383,945,945,takeover,cartesian_freedrive,1.0,0.03774257376790047,-0.6833939552307129,0.5455529093742371,-0.3087131083011627,-1.5544415712356567,0.16050271689891815,2.1897850036621094,1.5369291305541992
31.56423807144165,0.03893542289733887,946,946,takeover,cartesian_freedrive,1.0,0.03774257376790047,-0.683417558670044,0.5471070408821106,-0.30835163593292236,-1.5558170080184937,0.16050100326538086,2.1865434646606445,1.5276803970336914
31.59196710586548,0.027729034423828125,947,947,takeover,cartesian_freedrive,1.0,0.03774257376790047,-0.6833932995796204,0.5482991933822632,-0.30783581733703613,-1.5569301843643188,0.16048863530158997,2.185055732727051,1.521293044090271
31.625431776046753,0.033464670181274414,948,948,takeover,cartesian_freedrive,1.0,0.03774257376790047,-0.6833767890930176,0.5496659874916077,-0.3071020841598511,-1.5582906007766724,0.1604916900396347,2.1825289726257324,1.5126005411148071
31.66369605064392,0.03826427459716797,949,949,takeover,cartesian_freedrive,1.0,0.03774257376790047,-0.6833261251449585,0.5510219931602478,-0.30629560351371765,-1.5603970289230347,0.16048412024974823,2.180225133895874,1.5048707723617554
31.692101001739502,0.028404951095581055,950,950,takeover,cartesian_freedrive,1.0,0.03774257376790047,-0.6833075284957886,0.551989734172821,-0.30575841665267944,-1.5620474815368652,0.16048674285411835,2.178891897201538,1.4990441799163818
31.730899810791016,0.03879880905151367,951,951,takeover,cartesian_freedrive,1.0,0.037743229418992996,-0.6833165884017944,0.5529446005821228,-0.3053804337978363,-1.5639492273330688,0.16048765182495117,2.1761856079101562,1.4907282590866089
31.758795261383057,0.027895450592041016,952,952,takeover,cartesian_freedrive,1.0,0.037743229418992996,-0.683376133441925,0.5533776879310608,-0.30540093779563904,-1.5651309490203857,0.16048812866210938,2.1739511489868164,1.4852508306503296
31.797277212142944,0.038481950759887695,953,953,takeover,cartesian_freedrive,1.0,0.037743229418992996,-0.683731734752655,0.5535471439361572,-0.3054921627044678,-1.5668914318084717,0.16048580408096313,2.1713922023773193,1.4759314060211182
31.825467109680176,0.028189897537231445,954,954,takeover,cartesian_freedrive,1.0,0.037743229418992996,-0.6842254996299744,0.5535422563552856,-0.30558621883392334,-1.56817626953125,0.1604824960231781,2.170239210128784,1.4698233604431152
31.858840227127075,0.033373117446899414,955,955,takeover,cartesian_freedrive,1.0,0.037743229418992996,-0.6848978400230408,0.5535714626312256,-0.30574098229408264,-1.569406270980835,0.16047899425029755,2.169628381729126,1.463315725326538
31.897013425827026,0.03817319869995117,956,956,takeover,cartesian_freedrive,1.0,0.037743229418992996,-0.6855713129043579,0.5539751648902893,-0.3060218393802643,-1.5700963735580444,0.1604941040277481,2.1696572303771973,1.4580657482147217
31.925333738327026,0.0283203125,957,957,takeover,cartesian_freedrive,1.0,0.037743229418992996,-0.6857770085334778,0.5543580651283264,-0.3062269687652588,-1.5700595378875732,0.1604948192834854,2.1697041988372803,1.4565112590789795
31.958661556243896,0.03332781791687012,958,958,takeover,cartesian_freedrive,1.0,0.037743229418992996,-0.6856976747512817,0.5548284649848938,-0.30625972151756287,-1.5700796842575073,0.1604951173067093,2.1697499752044678,1.4562119245529175
31.997238874435425,0.03857731819152832,959,959,takeover,cartesian_freedrive,1.0,0.037743229418992996,-0.6852954030036926,0.5554518103599548,-0.3060998320579529,-1.5700846910476685,0.16050182282924652,2.169766664505005,1.4562205076217651
32.02535676956177,0.028117895126342773,960,960,takeover,cartesian_freedrive,1.0,0.037743229418992996,-0.6849775314331055,0.5558579564094543,-0.30604246258735657,-1.5700982809066772,0.16050143539905548,2.1697709560394287,1.4562276601791382
32.063830614089966,0.03847384452819824,961,961,takeover,cartesian_freedrive,1.0,0.037743229418992996,-0.6847503781318665,0.5562044978141785,-0.30603933334350586,-1.570084810256958,0.16050831973552704,2.169780969619751,1.4562373161315918
32.09198546409607,0.028154850006103516,962,962,takeover,cartesian_freedrive,1.0,0.037743229418992996,-0.6846816539764404,0.5563772320747375,-0.3060345947742462,-1.5700898170471191,0.16050677001476288,2.1697864532470703,1.4562392234802246
32.12543845176697,0.03345298767089844,963,963,takeover,cartesian_freedrive,1.0,0.037743229418992996,-0.6845682263374329,0.5564637780189514,-0.30602240562438965,-1.5700912475585938,0.16050681471824646,2.1697909832000732,1.4562386274337769
32.1644332408905,0.038994789123535156,964,964,takeover,cartesian_freedrive,1.0,0.037743229418992996,-0.6844088435173035,0.5564725399017334,-0.30600762367248535,-1.5700939893722534,0.16050605475902557,2.169793128967285,1.4562387466430664
32.19206953048706,0.027636289596557617,965,965,takeover,cartesian_freedrive,1.0,0.037743229418992996,-0.68431556224823,0.5564600229263306,-0.3060092329978943,-1.5700725317001343,0.16050757467746735,2.169797658920288,1.4562362432479858
32.23121380805969,0.039144277572631836,966,966,takeover,cartesian_freedrive,1.0,0.037743229418992996,-0.6841687560081482,0.5564661026000977,-0.306000292301178,-1.5700849294662476,0.16050602495670319,2.169796943664551,1.4562374353408813
32.2586305141449,0.027416706085205078,967,967,takeover,cartesian_freedrive,1.0,0.037743229418992996,-0.6840696930885315,0.5564674735069275,-0.30600011348724365,-1.570081114768982,0.16050755977630615,2.169797897338867,1.4562335014343262
32.29677891731262,0.03814840316772461,968,968,takeover,cartesian_freedrive,1.0,0.037743229418992996,-0.683893620967865,0.5564678907394409,-0.3059934079647064,-1.570085883140564,0.1605033427476883,2.16979718208313,1.4562366008758545
32.32547378540039,0.028694868087768555,969,969,takeover,cartesian_freedrive,1.0,0.037743229418992996,-0.6837378144264221,0.5564665794372559,-0.30598947405815125,-1.5700774192810059,0.1605064570903778,2.169800281524658,1.456243634223938
32.36490988731384,0.03943610191345215,970,970,takeover,cartesian_freedrive,1.0,0.037743229418992996,-0.683508038520813,0.5564720034599304,-0.30598536133766174,-1.5700801610946655,0.16050176322460175,2.169799566268921,1.4562408924102783
32.391953229904175,0.02704334259033203,971,971,takeover,cartesian_freedrive,1.0,0.037743229418992996,-0.6833695769309998,0.5564720034599304,-0.30598244071006775,-1.5700849294662476,0.1605038344860077,2.1697998046875,1.4562420845031738
32.425320863723755,0.03336763381958008,972,972,takeover,cartesian_freedrive,1.0,0.037743229418992996,-0.6832072734832764,0.5564723610877991,-0.30597686767578125,-1.5700801610946655,0.16050250828266144,2.1698009967803955,1.456234335899353
32.46348571777344,0.03816485404968262,973,973,takeover,cartesian_freedrive,1.0,0.037743229418992996,-0.6830211877822876,0.5564676523208618,-0.30597248673439026,-1.5700792074203491,0.1605071723461151,2.1698007583618164,1.4562437534332275
32.49189519882202,0.028409481048583984,974,974,takeover,cartesian_freedrive,1.0,0.037743229418992996,-0.6828911304473877,0.5564724206924438,-0.3059737980365753,-1.5700793266296387,0.16050605475902557,2.169801712036133,1.4562408924102783
32.52533793449402,0.03344273567199707,975,975,takeover,cartesian_freedrive,1.0,0.037743229418992996,-0.6827539801597595,0.5564671158790588,-0.30596962571144104,-1.5700849294662476,0.16050757467746735,2.16980242729187,1.4562397003173828
32.56346368789673,0.03812575340270996,976,976,takeover,cartesian_freedrive,1.0,0.037743229418992996,-0.6825761795043945,0.5564730763435364,-0.30596619844436646,-1.5700809955596924,0.16050362586975098,2.1698033809661865,1.4562435150146484
32.59190821647644,0.028444528579711914,977,977,takeover,cartesian_freedrive,1.0,0.037743229418992996,-0.6824337244033813,0.5564672350883484,-0.30596333742141724,-1.5700753927230835,0.1605066955089569,2.169799566268921,1.4562418460845947
32.63019323348999,0.038285017013549805,978,978,takeover,cartesian_freedrive,1.0,0.037743229418992996,-0.6822574138641357,0.5564714670181274,-0.3059564232826233,-1.5700792074203491,0.1605028510093689,2.1698007583618164,1.4562413692474365
32.65861630439758,0.028423070907592773,979,979,takeover,cartesian_freedrive,1.0,0.037743229418992996,-0.6821736097335815,0.556469738483429,-0.3059554398059845,-1.5700809955596924,0.1605025976896286,2.1698036193847656,1.4562444686889648
32.697925090789795,0.039308786392211914,980,980,takeover,cartesian_freedrive,1.0,0.037743229418992996,-0.6820793151855469,0.5564671754837036,-0.3059522211551666,-1.5700817108154297,0.16050797700881958,2.1698036193847656,1.456241250038147
32.725380182266235,0.02745509147644043,981,981,takeover,cartesian_freedrive,1.0,0.037743229418992996,-0.6820195913314819,0.5564669966697693,-0.3059503734111786,-1.5700775384902954,0.1605057716369629,2.1698036193847656,1.4562389850616455
32.758673667907715,0.03329348564147949,982,982,takeover,cartesian_freedrive,1.0,0.037743229418992996,-0.6819746494293213,0.5564689040184021,-0.30594727396965027,-1.5700799226760864,0.16050788760185242,2.169802665710449,1.4562360048294067
32.79694604873657,0.03827238082885742,983,983,takeover,cartesian_freedrive,1.0,0.037743229418992996,-0.6819180250167847,0.5564672350883484,-0.30594193935394287,-1.5700809955596924,0.16050757467746735,2.16980242729187,1.4562386274337769
32.8253710269928,0.028424978256225586,984,984,takeover,cartesian_freedrive,1.0,0.037743229418992996,-0.6818958520889282,0.5564693808555603,-0.3059448301792145,-1.5700809955596924,0.16050314903259277,2.169804334640503,1.4562424421310425
32.85869884490967,0.03332781791687012,985,985,takeover,cartesian_freedrive,1.0,0.037743229418992996,-0.6818819642066956,0.5564633011817932,-0.30594006180763245,-1.5700809955596924,0.16050569713115692,2.169807195663452,1.4562357664108276
32.89677381515503,0.03807497024536133,986,986,takeover,cartesian_freedrive,1.0,0.037743229418992996,-0.6818704009056091,0.5564693808555603,-0.30593985319137573,-1.5700851678848267,0.16050569713115692,2.169804334640503,1.4562398195266724
32.92560076713562,0.02882695198059082,987,987,takeover,cartesian_freedrive,1.0,0.037743229418992996,-0.6818702816963196,0.5564717650413513,-0.30594402551651,-1.5700833797454834,0.1605052798986435,2.169804811477661,1.4562357664108276
32.95865511894226,0.033054351806640625,988,988,takeover,cartesian_freedrive,1.0,0.037743229418992996,-0.6818744540214539,0.5564692616462708,-0.30594226717948914,-1.5700793266296387,0.16050970554351807,2.1698050498962402,1.4562382698059082
32.99729037284851,0.03863525390625,989,989,takeover,cartesian_freedrive,1.0,0.037743229418992996,-0.6818661689758301,0.5564709901809692,-0.30594444274902344,-1.5700831413269043,0.1605049967765808,2.169806718826294,1.4562404155731201
33.02525472640991,0.027964353561401367,990,990,takeover,cartesian_freedrive,1.0,0.037743229418992996,-0.6818597912788391,0.5564691424369812,-0.3059355914592743,-1.5700799226760864,0.16050726175308228,2.169806718826294,1.4562442302703857
33.06384563446045,0.03859090805053711,991,991,takeover,cartesian_freedrive,1.0,0.037743229418992996,-0.6818422079086304,0.5564745664596558,-0.3059366047382355,-1.5700792074203491,0.16050103306770325,2.1698060035705566,1.4562420845031738
33.09192252159119,0.028076887130737305,992,992,takeover,cartesian_freedrive,1.0,0.037743229418992996,-0.6818423271179199,0.5564652681350708,-0.3059369921684265,-1.5700809955596924,0.16050831973552704,2.1698076725006104,1.456241250038147
33.125303745269775,0.03338122367858887,993,993,takeover,cartesian_freedrive,1.0,0.037743229418992996,-0.6818452477455139,0.5564680695533752,-0.3059408664703369,-1.5700838565826416,0.1605065017938614,2.169806718826294,1.4562407732009888
33.16359567642212,0.03829193115234375,994,994,takeover,cartesian_freedrive,1.0,0.037743229418992996,-0.6818466782569885,0.5564690232276917,-0.30594080686569214,-1.5700774192810059,0.16050556302070618,2.1698055267333984,1.456241250038147
33.19200134277344,0.02840566635131836,995,995,takeover,cartesian_freedrive,1.0,0.037743229418992996,-0.6818413138389587,0.5564727783203125,-0.3059362769126892,-1.5700799226760864,0.1605072170495987,2.169806718826294,1.4562374353408813
33.23112440109253,0.0391230583190918,996,996,takeover,cartesian_freedrive,1.0,0.037743229418992996,-0.6818413138389587,0.5564688444137573,-0.3059372901916504,-1.5700831413269043,0.16050757467746735,2.169806718826294,1.456236720085144
33.25868201255798,0.0275576114654541,997,997,takeover,cartesian_freedrive,1.0,0.037743229418992996,-0.6818413138389587,0.5564679503440857,-0.30593839287757874,-1.5700799226760864,0.16050726175308228,2.1698060035705566,1.456234335899353
33.296924114227295,0.03824210166931152,998,998,takeover,cartesian_freedrive,1.0,0.037743229418992996,-0.6818422675132751,0.5564678311347961,-0.3059366047382355,-1.5700831413269043,0.16050483286380768,2.1698076725006104,1.4562358856201172
33.32556438446045,0.028640270233154297,999,999,takeover,cartesian_freedrive,1.0,0.037743229418992996,-0.6818383932113647,0.5564687252044678,-0.3059324324131012,-1.5700809955596924,0.1605066955089569,2.1698060035705566,1.4562424421310425
33.3639714717865,0.038407087326049805,1000,1000,takeover,cartesian_freedrive,1.0,0.037743229418992996,-0.6818376779556274,0.556468665599823,-0.30593469738960266,-1.5700833797454834,0.16050361096858978,2.1698060035705566,1.4562393426895142
33.39212656021118,0.028155088424682617,1001,1001,takeover,cartesian_freedrive,1.0,0.037743229418992996,-0.681842029094696,0.5564696788787842,-0.30593839287757874,-1.5700809955596924,0.1605064570903778,2.1698076725006104,1.4562374353408813
33.43136811256409,0.03924155235290527,1002,1002,takeover,cartesian_freedrive,1.0,0.037743229418992996,-0.6818414330482483,0.5564670562744141,-0.30593544244766235,-1.5700817108154297,0.16050787270069122,2.169806718826294,1.4562424421310425
33.45879626274109,0.027428150177001953,1003,1003,takeover,cartesian_freedrive,1.0,0.037743229418992996,-0.6818391680717468,0.5564706325531006,-0.30593928694725037,-1.5700831413269043,0.1605028659105301,2.1698052883148193,1.456243634223938
33.491939544677734,0.03314328193664551,1004,1004,takeover,cartesian_freedrive,1.0,0.037743229418992996,-0.6818356513977051,0.5564698576927185,-0.30593833327293396,-1.570081114768982,0.1605086326599121,2.1698081493377686,1.4562382698059082
33.53030014038086,0.038360595703125,1005,1005,takeover,cartesian_freedrive,1.0,0.037743885070085526,-0.6818356513977051,0.5564652681350708,-0.30593591928482056,-1.5700809955596924,0.1605035811662674,2.1698079109191895,1.4562400579452515
33.55873203277588,0.02843189239501953,1006,1006,takeover,cartesian_freedrive,1.0,0.037743885070085526,-0.6818388104438782,0.5564700365066528,-0.30593380331993103,-1.5700792074203491,0.16050681471824646,2.1698110103607178,1.456241488456726
33.596959352493286,0.03822731971740723,1007,1007,takeover,cartesian_freedrive,1.0,0.037743885070085526,-0.6818390488624573,0.5564649105072021,-0.3059312701225281,-1.5700809955596924,0.16050757467746735,2.1698060035705566,1.4562439918518066
33.62555909156799,0.02859973907470703,1008,1008,takeover,cartesian_freedrive,1.0,0.037743885070085526,-0.6818388104438782,0.556469738483429,-0.30593588948249817,-1.5700775384902954,0.16050361096858978,2.1698052883148193,1.4562424421310425
33.65864849090576,0.033089399337768555,1009,1009,takeover,cartesian_freedrive,1.0,0.037743885070085526,-0.6818356513977051,0.5564694404602051,-0.3059372901916504,-1.5700831413269043,0.160506010055542,2.1698060035705566,1.4562413692474365
33.69721293449402,0.038564443588256836,1010,1010,takeover,cartesian_freedrive,1.0,0.037743885070085526,-0.6818390488624573,0.5564655661582947,-0.30593305826187134,-1.5700831413269043,0.16050757467746735,2.1698100566864014,1.456242322921753
33.72526550292969,0.028052568435668945,1011,1011,takeover,cartesian_freedrive,1.0,0.037743885070085526,-0.6818356513977051,0.5564669370651245,-0.30593329668045044,-1.5700788497924805,0.1605040282011032,2.1698083877563477,1.456241250038147
33.75870752334595,0.033442020416259766,1012,1012,takeover,cartesian_freedrive,1.0,0.037743885070085526,-0.6818345785140991,0.5564659237861633,-0.3059382438659668,-1.5700809955596924,0.1605025678873062,2.1698057651519775,1.4562424421310425
33.84884476661682,0.09013724327087402,1013,1013,takeover,cartesian_freedrive,-1.0,0.037743885070085526,-0.6818395853042603,0.5564680695533752,-0.305935800075531,-1.5700809955596924,0.16050797700881958,2.1698105335235596,1.4562389850616455
33.84943222999573,0.00058746337890625,1014,1014,takeover,cartesian_freedrive,-1.0,0.037743885070085526,-0.6818395853042603,0.5564680695533752,-0.305935800075531,-1.5700809955596924,0.16050797700881958,2.1698105335235596,1.4562389850616455
33.890763998031616,0.04133176803588867,1015,1015,takeover,cartesian_freedrive,-1.0,0.037743885070085526,-0.6818420886993408,0.5564717650413513,-0.3059404790401459,-1.5700831413269043,0.16050326824188232,2.169811487197876,1.4562420845031738
33.91681432723999,0.026050329208374023,1016,1016,takeover,cartesian_freedrive,-1.0,0.037743885070085526,-0.681827962398529,0.5564737915992737,-0.305928111076355,-1.5700832605361938,0.16050328314304352,2.169807195663452,1.456238865852356
33.94975209236145,0.03293776512145996,1017,1017,takeover,cartesian_freedrive,-1.0,0.037743885070085526,-0.6818147897720337,0.5564779043197632,-0.3059207499027252,-1.57008695602417,0.1605035811662674,2.1698110103607178,1.4562366008758545
33.988738775253296,0.0389866828918457,1018,1018,takeover,cartesian_freedrive,-1.0,0.037743885070085526,-0.6818320751190186,0.5564700961112976,-0.30592402815818787,-1.5700753927230835,0.1605057567358017,2.1698131561279297,1.4562389850616455
34.01665782928467,0.02791905403137207,1019,1019,takeover,cartesian_freedrive,-1.0,0.037743885070085526,-0.681839644908905,0.5564720034599304,-0.30592235922813416,-1.5700792074203491,0.1605025678873062,2.169811487197876,1.4562427997589111
34.04979419708252,0.03313636779785156,1020,1020,takeover,cartesian_freedrive,-1.0,0.037743885070085526,-0.6818056702613831,0.556485652923584,-0.30590930581092834,-1.5700972080230713,0.1605052500963211,2.1698079109191895,1.4562404155731201
34.088892698287964,0.039098501205444336,1021,1021,takeover,cartesian_freedrive,-1.0,0.037743885070085526,-0.6818152666091919,0.5564893484115601,-0.30584198236465454,-1.570109486579895,0.1605028659105301,2.1698148250579834,1.456238865852356
34.11644434928894,0.027551651000976562,1022,1022,takeover,cartesian_freedrive,-1.0,0.037743885070085526,-0.6818078756332397,0.5564968585968018,-0.3057998716831207,-1.5700865983963013,0.1605091243982315,2.1698200702667236,1.4562362432479858
34.14977836608887,0.03333401679992676,1023,1023,takeover,cartesian_freedrive,-1.0,0.037743885070085526,-0.6818286776542664,0.5564951300621033,-0.3058030307292938,-1.5700926780700684,0.16051016747951508,2.1698195934295654,1.4562407732009888
34.18799686431885,0.03821849822998047,1024,1024,takeover,cartesian_freedrive,-1.0,0.04756433516740799,-0.6818322539329529,0.5564875602722168,-0.30580687522888184,-1.5700665712356567,0.16050805151462555,2.1698315143585205,1.4562371969223022
34.21639084815979,0.028393983840942383,1025,1025,takeover,cartesian_freedrive,-1.0,0.04756433516740799,-0.6818189024925232,0.556496262550354,-0.3057903051376343,-1.57009756565094,0.16050833463668823,2.16982364654541,1.4562445878982544
34.25565052032471,0.03925967216491699,1026,1026,takeover,cartesian_freedrive,-1.0,0.04756433516740799,-0.6817995309829712,0.5564823746681213,-0.3057739734649658,-1.570053219795227,0.16050904989242554,2.169835329055786,1.4562382698059082
34.28302049636841,0.027369976043701172,1027,1027,takeover,cartesian_freedrive,-1.0,0.04756433516740799,-0.6818101406097412,0.5564630627632141,-0.30578312277793884,-1.5700570344924927,0.1605098396539688,2.1698431968688965,1.4562418460845947
34.31640434265137,0.033383846282958984,1028,1028,takeover,cartesian_freedrive,-1.0,0.06218830496072769,-0.6818184852600098,0.556453287601471,-0.3057810068130493,-1.5700427293777466,0.16050942242145538,2.1698691844940186,1.4562424421310425
34.35571551322937,0.03931117057800293,1029,1029,takeover,cartesian_freedrive,-1.0,0.06218830496072769,-0.6818042993545532,0.5564590692520142,-0.30577537417411804,-1.570044755935669,0.16050909459590912,2.1698877811431885,1.4562443494796753
34.38316464424133,0.02744913101196289,1030,1030,takeover,cartesian_freedrive,-1.0,0.06218830496072769,-0.6818156242370605,0.5564705729484558,-0.30577921867370605,-1.5700470209121704,0.16050799190998077,2.169888734817505,1.4562402963638306
34.41642165184021,0.03325700759887695,1031,1031,takeover,cartesian_freedrive,-1.0,0.06218830496072769,-0.6818128228187561,0.5564624071121216,-0.3057831823825836,-1.57003915309906,0.1605091243982315,2.1698951721191406,1.4562442302703857
34.4549126625061,0.038491010665893555,1032,1032,takeover,cartesian_freedrive,-1.0,0.06218830496072769,-0.6818147897720337,0.5564576983451843,-0.3057793080806732,-1.5700408220291138,0.1605040729045868,2.1698968410491943,1.4562411308288574
34.48296356201172,0.028050899505615234,1033,1033,takeover,cartesian_freedrive,-1.0,0.07518438994884491,-0.681814968585968,0.5564630031585693,-0.30578139424324036,-1.57003915309906,0.16050897538661957,2.169901132583618,1.4562475681304932
34.521443128585815,0.03847956657409668,1034,1034,takeover,cartesian_freedrive,-1.0,0.07518438994884491,-0.6818064451217651,0.5564572215080261,-0.3057802617549896,-1.5700427293777466,0.1605105996131897,2.1698999404907227,1.4562464952468872
34.549747705459595,0.028304576873779297,1035,1035,takeover,cartesian_freedrive,-1.0,0.07518438994884491,-0.6818023324012756,0.5564630627632141,-0.30577248334884644,-1.5700349807739258,0.16050665080547333,2.169903039932251,1.4562468528747559
34.583038568496704,0.033290863037109375,1036,1036,takeover,cartesian_freedrive,-1.0,0.07518438994884491,-0.6818078756332397,0.5564630627632141,-0.30577683448791504,-1.5700417757034302,0.16050954163074493,2.1699061393737793,1.456247329711914
34.621432304382324,0.03839373588562012,1037,1037,takeover,cartesian_freedrive,-1.0,0.07518438994884491,-0.6818228363990784,0.5564572811126709,-0.30578693747520447,-1.570044755935669,0.16050831973552704,2.1699070930480957,1.456238031387329
34.64970111846924,0.028268814086914062,1038,1038,takeover,cartesian_freedrive,-1.0,0.07885187864303589,-0.6818211078643799,0.5564572811126709,-0.3057897984981537,-1.5700353384017944,0.16051024198532104,2.1699113845825195,1.4562408924102783
34.68805766105652,0.03835654258728027,1039,1039,takeover,cartesian_freedrive,-1.0,0.07885187864303589,-0.6818166971206665,0.5564576387405396,-0.30578410625457764,-1.5700371265411377,0.1605098396539688,2.169912099838257,1.4562410116195679
34.71651029586792,0.028452634811401367,1040,1040,takeover,cartesian_freedrive,-1.0,0.07885187864303589,-0.6818064451217651,0.5564631223678589,-0.30577537417411804,-1.570044755935669,0.16050845384597778,2.1699154376983643,1.456244945526123
34.749775648117065,0.03326535224914551,1041,1041,takeover,cartesian_freedrive,-1.0,0.07885187864303589,-0.6818034648895264,0.5564613938331604,-0.30577078461647034,-1.5700401067733765,0.16050665080547333,2.1699161529541016,1.4562454223632812
34.78914737701416,0.03937172889709473,1042,1042,takeover,cartesian_freedrive,-1.0,0.07885187864303589,-0.6818117499351501,0.5564594268798828,-0.3057798743247986,-1.5700353384017944,0.16050909459590912,2.1699159145355225,1.4562472105026245
34.81656885147095,0.02742147445678711,1043,1043,takeover,cartesian_freedrive,-1.0,0.07971210777759552,-0.6818135380744934,0.5564587116241455,-0.30577701330184937,-1.5700408220291138,0.16050754487514496,2.1699211597442627,1.4562405347824097
34.84979033470154,0.03322148323059082,1044,1044,takeover,cartesian_freedrive,-1.0,0.07971210777759552,-0.681813657283783,0.5564611554145813,-0.30577826499938965,-1.5700424909591675,0.1605081707239151,2.1699202060699463,1.4562451839447021
34.88794302940369,0.03815269470214844,1045,1045,takeover,cartesian_freedrive,-1.0,0.07971210777759552,-0.6818079352378845,0.5564594268798828,-0.30577823519706726,-1.5700407028198242,0.16050797700881958,2.1699233055114746,1.4562464952468872
34.91655993461609,0.028616905212402344,1046,1046,takeover,cartesian_freedrive,-1.0,0.07971210777759552,-0.6818061470985413,0.5564598441123962,-0.30577781796455383,-1.5700379610061646,0.16050590574741364,2.169926166534424,1.4562467336654663
34.95504140853882,0.03848147392272949,1047,1047,takeover,cartesian_freedrive,-1.0,0.07971210777759552,-0.6818155646324158,0.5564556121826172,-0.30578288435935974,-1.570042610168457,0.16050802171230316,2.169921636581421,1.456244945526123
34.983264684677124,0.028223276138305664,1048,1048,takeover,cartesian_freedrive,-1.0,0.07971210777759552,-0.6818146705627441,0.5564613938331604,-0.305778831243515,-1.5700409412384033,0.16050873696804047,2.1699254512786865,1.4562429189682007
35.016491413116455,0.033226728439331055,1049,1049,takeover,cartesian_freedrive,-1.0,0.0799504816532135,-0.6818109750747681,0.5564587116241455,-0.30577898025512695,-1.5700384378433228,0.16050831973552704,2.1699275970458984,1.4562413692474365
35.054622650146484,0.0381312370300293,1050,1050,takeover,cartesian_freedrive,-1.0,0.0799504816532135,-0.681804358959198,0.5564591884613037,-0.30577391386032104,-1.5700427293777466,0.16050828993320465,2.1699304580688477,1.456238865852356
35.08307480812073,0.028452157974243164,1051,1051,takeover,cartesian_freedrive,-1.0,0.0799504816532135,-0.6818032264709473,0.5564590096473694,-0.3057708442211151,-1.5700381994247437,0.16050985455513,2.169933557510376,1.45624577999115
35.12262845039368,0.03955364227294922,1052,1052,takeover,cartesian_freedrive,-1.0,0.0799504816532135,-0.681827187538147,0.5564613938331604,-0.3057848811149597,-1.570042610168457,0.1605105996131897,2.169929265975952,1.4562435150146484
35.14971303939819,0.0270845890045166,1053,1053,takeover,cartesian_freedrive,-1.0,0.0799504816532135,-0.6818228960037231,0.5564613938331604,-0.30578094720840454,-1.5700381994247437,0.16050909459590912,2.1699297428131104,1.4562417268753052
35.18298649787903,0.03327345848083496,1054,1054,takeover,cartesian_freedrive,-1.0,0.0799504816532135,-0.6818101406097412,0.5564628839492798,-0.30577608942985535,-1.5700407028198242,0.16050873696804047,2.169933795928955,1.4562441110610962
35.221487522125244,0.03850102424621582,1055,1055,takeover,cartesian_freedrive,-1.0,0.0799892246723175,-0.6818014979362488,0.5564597845077515,-0.3057708740234375,-1.5700417757034302,0.16050590574741364,2.1699352264404297,1.4562420845031738
35.24967074394226,0.0281832218170166,1056,1056,takeover,cartesian_freedrive,-1.0,0.0799892246723175,-0.6818069219589233,0.5564621090888977,-0.30577290058135986,-1.57003915309906,0.1605074554681778,2.169938325881958,1.4562402963638306
35.283048152923584,0.03337740898132324,1057,1057,takeover,cartesian_freedrive,-1.0,0.0799892246723175,-0.681811511516571,0.5564594268798828,-0.3057801425457001,-1.5700385570526123,0.16050590574741364,2.1699366569519043,1.456234335899353
35.32123255729675,0.038184404373168945,1058,1058,takeover,cartesian_freedrive,-1.0,0.0799892246723175,-0.6818147301673889,0.5564630627632141,-0.3057767152786255,-1.570040225982666,0.16051019728183746,2.169940233230591,1.4562450647354126
35.34979963302612,0.028567075729370117,1059,1059,takeover,cartesian_freedrive,-1.0,0.0799892246723175,-0.6818073987960815,0.5564637184143066,-0.3057711124420166,-1.5700405836105347,0.16050514578819275,2.169940233230591,1.4562413692474365
35.38923788070679,0.03943824768066406,1060,1060,takeover,cartesian_freedrive,-1.0,0.07999776303768158,-0.6818089485168457,0.5564631223678589,-0.30577173829078674,-1.5700418949127197,0.16050907969474792,2.169940710067749,1.4562433958053589
35.416300773620605,0.02706289291381836,1061,1061,takeover,cartesian_freedrive,-1.0,0.07999776303768158,-0.6818123459815979,0.5564576983451843,-0.305776983499527,-1.5700387954711914,0.16050833463668823,2.1699447631835938,1.4562433958053589
35.45562696456909,0.03932619094848633,1062,1062,takeover,cartesian_freedrive,-1.0,0.07999776303768158,-0.6818135380744934,0.5564613342285156,-0.30578380823135376,-1.5700404644012451,0.1605105996131897,2.1699414253234863,1.456241250038147
35.48351812362671,0.027891159057617188,1063,1063,takeover,cartesian_freedrive,-1.0,0.07999776303768158,-0.6818128228187561,0.5564593076705933,-0.30578210949897766,-1.5700420141220093,0.1605098396539688,2.1699423789978027,1.4562475681304932
35.52158999443054,0.03807187080383301,1064,1064,takeover,cartesian_freedrive,-1.0,0.07999776303768158,-0.6818014979362488,0.5564572811126709,-0.30576980113983154,-1.570036768913269,0.16050833463668823,2.1699459552764893,1.456246018409729
35.54990768432617,0.028317689895629883,1065,1065,takeover,cartesian_freedrive,-1.0,0.07999776303768158,-0.6818039417266846,0.5564641952514648,-0.30577075481414795,-1.5700364112854004,0.16050666570663452,2.1699440479278564,1.4562441110610962
35.58958053588867,0.0396728515625,1066,1066,takeover,cartesian_freedrive,-1.0,0.07999776303768158,-0.6818086504936218,0.5564613342285156,-0.3057757318019867,-1.5700427293777466,0.16050946712493896,2.169947385787964,1.4562437534332275
35.61638021469116,0.026799678802490234,1067,1067,takeover,cartesian_freedrive,-1.0,0.07999776303768158,-0.6818171739578247,0.5564559102058411,-0.30577993392944336,-1.570040225982666,0.16050904989242554,2.169950246810913,1.4562427997589111
35.6497597694397,0.033379554748535156,1068,1068,takeover,cartesian_freedrive,-1.0,0.07999776303768158,-0.6818135380744934,0.5564593076705933,-0.30578166246414185,-1.5700371265411377,0.1605074107646942,2.169945478439331,1.456248164176941
35.687877893447876,0.03811812400817871,1069,1069,takeover,cartesian_freedrive,-1.0,0.07999776303768158,-0.681807279586792,0.55646151304245,-0.30577361583709717,-1.570036768913269,0.16050833463668823,2.1699471473693848,1.4562429189682007
35.716429233551025,0.028551340103149414,1070,1070,takeover,cartesian_freedrive,-1.0,0.07999776303768158,-0.6818039417266846,0.5564613342285156,-0.30577099323272705,-1.5700401067733765,0.16050896048545837,2.1699488162994385,1.4562429189682007
35.75498914718628,0.038559913635253906,1071,1071,takeover,cartesian_freedrive,-1.0,0.07999776303768158,-0.6818088889122009,0.5564611554145813,-0.30577754974365234,-1.570042371749878,0.16050985455513,2.169950008392334,1.4562450647354126
35.78295922279358,0.027970075607299805,1072,1072,takeover,cartesian_freedrive,-1.0,0.07999776303768158,-0.6818147301673889,0.5564576983451843,-0.3057796061038971,-1.5700390338897705,0.16050909459590912,2.1699488162994385,1.4562410116195679
35.81660199165344,0.03364276885986328,1073,1073,takeover,cartesian_freedrive,-1.0,0.07999776303768158,-0.6818069219589233,0.5564613938331604,-0.3057735860347748,-1.5700385570526123,0.1605098396539688,2.1699488162994385,1.4562450647354126
35.855666399002075,0.03906440734863281,1074,1074,takeover,cartesian_freedrive,-1.0,0.07999776303768158,-0.6818051934242249,0.5564613938331604,-0.305775910615921,-1.5700370073318481,0.16050921380519867,2.169950246810913,1.456241250038147
35.88318920135498,0.027522802352905273,1075,1075,takeover,cartesian_freedrive,-1.0,0.07999776303768158,-0.6818069219589233,0.5564594268798828,-0.3057767450809479,-1.5700370073318481,0.16050904989242554,2.169949769973755,1.4562389850616455
35.91635227203369,0.03316307067871094,1076,1076,takeover,cartesian_freedrive,-1.0,0.07999776303768158,-0.6818147897720337,0.5564594268798828,-0.3057798743247986,-1.5700408220291138,0.16051025688648224,2.169950485229492,1.4562411308288574
35.954742431640625,0.038390159606933594,1077,1077,takeover,cartesian_freedrive,-1.0,0.07999776303768158,-0.6818113923072815,0.5564559102058411,-0.3057801127433777,-1.5700379610061646,0.16050833463668823,2.1699516773223877,1.4562382698059082
35.98302507400513,0.028282642364501953,1078,1078,takeover,cartesian_freedrive,-1.0,0.07999776303768158,-0.6818076372146606,0.556460440158844,-0.3057760000228882,-1.5700385570526123,0.16050973534584045,2.1699540615081787,1.4562417268753052
36.016380310058594,0.0333552360534668,1079,1079,takeover,cartesian_freedrive,-1.0,0.07999776303768158,-0.6818069219589233,0.5564613938331604,-0.30577152967453003,-1.5700384378433228,0.1605098396539688,2.169949531555176,1.4562472105026245
36.05463361740112,0.0382533073425293,1080,1080,takeover,cartesian_freedrive,-1.0,0.07999776303768158,-0.6818110346794128,0.5564631223678589,-0.3057795464992523,-1.5700397491455078,0.16050714254379272,2.169954299926758,1.4562444686889648
36.082963705062866,0.028330087661743164,1081,1081,takeover,cartesian_freedrive,-1.0,0.07999776303768158,-0.6818078756332397,0.5564651489257812,-0.305778443813324,-1.5700381994247437,0.16050831973552704,2.1699535846710205,1.4562443494796753
36.11633658409119,0.03337287902832031,1082,1082,takeover,cartesian_freedrive,-1.0,0.07999776303768158,-0.681812584400177,0.5564630627632141,-0.30578044056892395,-1.5700424909591675,0.16050919890403748,2.169954538345337,1.456246018409729
36.15460419654846,0.03826761245727539,1083,1083,takeover,cartesian_freedrive,-1.0,0.07999776303768158,-0.6818162798881531,0.5564594268798828,-0.30577778816223145,-1.5700418949127197,0.16050665080547333,2.169954538345337,1.4562355279922485
36.183011054992676,0.028406858444213867,1084,1084,takeover,cartesian_freedrive,-1.0,0.07999776303768158,-0.6818032264709473,0.5564658045768738,-0.3057710826396942,-1.5700398683547974,0.16050909459590912,2.169954538345337,1.456239938735962
36.22181487083435,0.038803815841674805,1085,1085,takeover,cartesian_freedrive,-1.0,0.07999776303768158,-0.6818086504936218,0.5564613938331604,-0.3057757019996643,-1.570037841796875,0.16050969064235687,2.1699564456939697,1.4562419652938843
36.24994397163391,0.028129100799560547,1086,1086,takeover,cartesian_freedrive,-1.0,0.07999776303768158,-0.6818069219589233,0.5564557313919067,-0.3057790696620941,-1.5700438022613525,0.1605098396539688,2.169952869415283,1.4562368392944336
36.283071756362915,0.033127784729003906,1087,1087,takeover,cartesian_freedrive,-1.0,0.07999709993600845,-0.6818086504936218,0.5564631223678589,-0.30577775835990906,-1.5700340270996094,0.1605098396539688,2.169952869415283,1.4562430381774902
36.32219338417053,0.03912162780761719,1088,1088,takeover,cartesian_freedrive,-1.0,0.07999709993600845,-0.68180912733078,0.5564613938331604,-0.30577391386032104,-1.570043921470642,0.16050909459590912,2.169954538345337,1.4562441110610962
36.35063338279724,0.028439998626708984,1089,1089,takeover,cartesian_freedrive,-1.0,0.07999709993600845,-0.6818032264709473,0.5564613938331604,-0.30577707290649414,-1.5700440406799316,0.16050972044467926,2.1699540615081787,1.4562422037124634
36.3894829750061,0.038849592208862305,1090,1090,takeover,cartesian_freedrive,-1.0,0.07999709993600845,-0.6818069219589233,0.5564631223678589,-0.30577754974365234,-1.5700398683547974,0.16050900518894196,2.1699554920196533,1.4562397003173828
36.4163703918457,0.02688741683959961,1091,1091,takeover,cartesian_freedrive,-1.0,0.07999709993600845,-0.6818079352378845,0.5564593076705933,-0.30577531456947327,-1.5700404644012451,0.1605105698108673,2.169954538345337,1.4562397003173828
36.44973635673523,0.03336596488952637,1092,1092,takeover,cartesian_freedrive,-1.0,0.07999776303768158,-0.6818104386329651,0.5564600825309753,-0.30578377842903137,-1.5700416564941406,0.16050797700881958,2.169955253601074,1.4562389850616455
36.48823881149292,0.03850245475769043,1093,1093,takeover,cartesian_freedrive,-1.0,0.07999776303768158,-0.6818107962608337,0.5564624071121216,-0.30577778816223145,-1.5700397491455078,0.1605098396539688,2.1699578762054443,1.4562468528747559
36.51632738113403,0.02808856964111328,1094,1094,takeover,cartesian_freedrive,-1.0,0.07999776303768158,-0.6817994713783264,0.5564600229263306,-0.30576905608177185,-1.5700427293777466,0.16050802171230316,2.169957160949707,1.4562429189682007
36.549763202667236,0.033435821533203125,1095,1095,takeover,cartesian_freedrive,-1.0,0.07999776303768158,-0.6818069219589233,0.5564576387405396,-0.30577319860458374,-1.5700398683547974,0.16050909459590912,2.1699533462524414,1.4562463760375977
36.58806753158569,0.03830432891845703,1096,1096,takeover,cartesian_freedrive,-1.0,0.07999776303768158,-0.681811511516571,0.5564613938331604,-0.30577749013900757,-1.570042371749878,0.16050995886325836,2.169955015182495,1.4562382698059082
36.61629581451416,0.028228282928466797,1097,1097,takeover,cartesian_freedrive,-1.0,0.07999776303768158,-0.6818029880523682,0.5564613938331604,-0.30576688051223755,-1.5700420141220093,0.16050873696804047,2.1699583530426025,1.4562376737594604
36.649741888046265,0.03344607353210449,1098,1098,takeover,cartesian_freedrive,-1.0,0.07999776303768158,-0.6818047761917114,0.5564590692520142,-0.3057774007320404,-1.5700381994247437,0.16050897538661957,2.169954299926758,1.4562407732009888
36.68803548812866,0.03829360008239746,1099,1099,takeover,cartesian_freedrive,-1.0,0.07999776303768158,-0.6818125247955322,0.5564624071121216,-0.3057718873023987,-1.5700416564941406,0.1605098396539688,2.1699581146240234,1.4562366008758545
36.71650719642639,0.028471708297729492,1100,1100,takeover,cartesian_freedrive,-1.0,0.07999776303768158,-0.6818068623542786,0.5564591884613037,-0.30577078461647034,-1.5700403451919556,0.16050802171230316,2.169959306716919,1.4562467336654663
36.75560927391052,0.03910207748413086,1101,1101,takeover,cartesian_freedrive,-1.0,0.07999776303768158,-0.6818141341209412,0.5564631223678589,-0.30577555298805237,-1.5700396299362183,0.1605094075202942,2.169957399368286,1.4562407732009888
36.782958030700684,0.027348756790161133,1102,1102,takeover,cartesian_freedrive,-1.0,0.07999709993600845,-0.6818155646324158,0.5564591288566589,-0.30577707290649414,-1.5700361728668213,0.16050909459590912,2.169956684112549,1.45623779296875
36.821383237838745,0.03842520713806152,1103,1103,takeover,cartesian_freedrive,-1.0,0.07999709993600845,-0.6818070411682129,0.5564613938331604,-0.30576932430267334,-1.570036768913269,0.16050785779953003,2.1699588298797607,1.456246018409729
36.84970307350159,0.028319835662841797,1104,1104,takeover,cartesian_freedrive,-1.0,0.07999709993600845,-0.6818046569824219,0.5564594268798828,-0.3057728111743927,-1.5700405836105347,0.16051003336906433,2.169959306716919,1.4562419652938843
36.88309597969055,0.033392906188964844,1105,1105,takeover,cartesian_freedrive,-1.0,0.07999709993600845,-0.6818086504936218,0.5564613938331604,-0.3057746887207031,-1.5700418949127197,0.16050909459590912,2.1699585914611816,1.4562450647354126
36.921231508255005,0.038135528564453125,1106,1106,takeover,cartesian_freedrive,-1.0,0.07999709993600845,-0.6818078756332397,0.5564594268798828,-0.3057751953601837,-1.5700383186340332,0.16051150858402252,2.1699583530426025,1.456243634223938
36.94973087310791,0.028499364852905273,1107,1107,takeover,cartesian_freedrive,-1.0,0.07999776303768158,-0.6818103194236755,0.5564610362052917,-0.30577707290649414,-1.570039987564087,0.16050726175308228,2.1699600219726562,1.4562413692474365
36.98298478126526,0.03325390815734863,1108,1108,takeover,cartesian_freedrive,-1.0,0.07999776303768158,-0.6818086504936218,0.5564651489257812,-0.3057798743247986,-1.5700386762619019,0.1605081707239151,2.1699607372283936,1.4562450647354126
37.021419525146484,0.038434743881225586,1109,1109,takeover,cartesian_freedrive,-1.0,0.07999776303768158,-0.681804895401001,0.5564539432525635,-0.30577293038368225,-1.570037841796875,0.16050919890403748,2.1699585914611816,1.4562398195266724
37.04988980293274,0.028470277786254883,1110,1110,takeover,cartesian_freedrive,-1.0,0.07999776303768158,-0.6818086504936218,0.5564591288566589,-0.30577707290649414,-1.5700364112854004,0.1605076789855957,2.16995906829834,1.4562444686889648
37.083000898361206,0.0331110954284668,1111,1111,takeover,cartesian_freedrive,-1.0,0.07999776303768158,-0.6818086504936218,0.5564631223678589,-0.3057756721973419,-1.5700390338897705,0.16050878167152405,2.1699624061584473,1.4562402963638306
37.12180233001709,0.03880143165588379,1112,1112,takeover,cartesian_freedrive,-1.0,0.07999709993600845,-0.6817973256111145,0.5564606785774231,-0.3057668209075928,-1.5700401067733765,0.16050904989242554,2.1699585914611816,1.45624577999115
37.149704694747925,0.02790236473083496,1113,1113,takeover,cartesian_freedrive,-1.0,0.07999709993600845,-0.6818014979362488,0.5564609169960022,-0.3057687282562256,-1.570037841796875,0.1605098396539688,2.1699581146240234,1.4562451839447021
37.188271284103394,0.03856658935546875,1114,1114,takeover,cartesian_freedrive,-1.0,0.07999709993600845,-0.6818128228187561,0.5564607381820679,-0.30577391386032104,-1.570036768913269,0.1605105996131897,2.1699600219726562,1.4562437534332275
37.21642804145813,0.028156757354736328,1115,1115,takeover,cartesian_freedrive,-1.0,0.07999709993600845,-0.681812584400177,0.556460440158844,-0.3057798743247986,-1.5700418949127197,0.16050873696804047,2.1699576377868652,1.4562427997589111
37.24972105026245,0.03329300880432129,1116,1116,takeover,cartesian_freedrive,-1.0,0.07999709993600845,-0.6818155646324158,0.5564593076705933,-0.3057797849178314,-1.5700383186340332,0.16050514578819275,2.169959306716919,1.456241488456726
37.28925108909607,0.039530038833618164,1117,1117,takeover,cartesian_freedrive,-1.0,0.07999776303768158,-0.6817967295646667,0.5564593076705933,-0.3057650625705719,-1.570042371749878,0.16050618886947632,2.1699585914611816,1.4562467336654663
37.316439390182495,0.02718830108642578,1118,1118,takeover,cartesian_freedrive,-1.0,0.07999776303768158,-0.6817979216575623,0.5564606785774231,-0.3057650625705719,-1.570042371749878,0.16051118075847626,2.1699602603912354,1.4562389850616455
37.349783182144165,0.03334379196166992,1119,1119,takeover,cartesian_freedrive,-1.0,0.07999776303768158,-0.681805431842804,0.5564592480659485,-0.30577224493026733,-1.5700434446334839,0.1605072319507599,2.169959306716919,1.4562429189682007
37.388275384902954,0.03849220275878906,1120,1120,takeover,cartesian_freedrive,-1.0,0.07999776303768158,-0.6818093657493591,0.5564593076705933,-0.30577436089515686,-1.5700403451919556,0.1605086624622345,2.1699600219726562,1.4562389850616455
37.41638517379761,0.02810978889465332,1121,1121,takeover,cartesian_freedrive,-1.0,0.07999776303768158,-0.6818068623542786,0.5564574003219604,-0.3057698905467987,-1.570037841796875,0.16050896048545837,2.1699581146240234,1.4562455415725708
37.449758529663086,0.033373355865478516,1122,1122,takeover,cartesian_freedrive,-1.0,0.07999776303768158,-0.6818084716796875,0.5564630627632141,-0.30577000975608826,-1.5700438022613525,0.16050763428211212,2.169959306716919,1.4562444686889648
