t,dt,step,state_seq,control_mode,drive_mode,gripper_cmd,gripper_width,q0,q1,q2,q3,q4,q5,q6
0.0,0.0,0,0,takeover,cartesian_freedrive,-1.0,0.079999997472947,-0.14967702550226736,0.6074854274214351,-0.06906277666114143,-1.6398823691627795,0.11185553523165438,2.4145085682941443,0.5051293824039763
0.03333333333333333,0.03333333333333333,1,1,takeover,cartesian_freedrive,-1.0,0.0799999842352922,-0.14953206331330193,0.6039541965749216,-0.06943610624004443,-1.63781579382704,0.11130514067498096,2.4089171714061988,0.5056373994068978
0.06666666666666667,0.03333333333333333,2,2,takeover,cartesian_freedrive,-1.0,0.0799999831614101,-0.14936449978512326,0.599893150333548,-0.06986578860693124,-1.635438698594829,0.11067128983188033,2.4024821557213403,0.5062228863322991
0.1,0.03333333333333334,3,3,takeover,cartesian_freedrive,-1.0,0.07999998262303742,-0.14919682202081494,0.5958295802574458,-0.07029576218041785,-1.6330600976350935,0.11003698807459451,2.396042940482902,0.506808801895968
0.13333333333333333,0.033333333333333326,4,4,takeover,cartesian_freedrive,-1.0,0.07999998267694694,-0.14902913683275926,0.5917660143418109,-0.07072571973027336,-1.6306815003721333,0.10940266043825955,2.3896036121401356,0.5073947541134144
0.16666666666666666,0.033333333333333326,5,5,takeover,cartesian_freedrive,-1.0,0.07999998253322407,-0.14886145221721026,0.5877024321190794,-0.07115567694836483,-1.628302903294691,0.10876836304166745,2.383164372135587,0.5079806703681904
0.2,0.033333333333333354,6,6,takeover,cartesian_freedrive,-1.0,0.07999998238586878,-0.14869376813221985,0.5836388498420461,-0.07158563412879679,-1.6259243062237942,0.10813406529575058,2.3767251322074547,0.5085665868690767
0.23333333333333334,0.033333333333333326,7,7,takeover,cartesian_freedrive,-1.0,0.07999998223638023,-0.14852608459024633,0.579575267586759,-0.07201559126836413,-1.6235457091576257,0.10749976705148667,2.370285891940681,0.5091525037862364
0.26666666666666666,0.033333333333333326,8,8,takeover,cartesian_freedrive,-1.0,0.07999998208485914,-0.1483584016026213,0.5755116853530708,-0.07244554836249387,-1.6211671120952245,0.10686546830402589,2.3638466513330703,0.5097384211179087
0.3,0.033333333333333326,9,9,takeover,cartesian_freedrive,-1.0,0.07999998193140906,-0.14819071918057636,0.5714481031404299,-0.07287550540647637,-1.6187885150356238,0.10623116904979057,2.3574074103847535,0.5103243388610206
0.3333333333333333,0.033333333333333326,10,10,takeover,cartesian_freedrive,-1.0,0.07999998177613808,-0.148023037335243,0.5673845209482358,-0.07330546239547735,-1.6164099179778475,0.10559686928581476,2.350968169096256,0.5109102570119887
0.36666666666666664,0.033333333333333326,11,11,takeover,cartesian_freedrive,-1.0,0.07999999725121422,-0.1480600715794401,0.5674569299265875,-0.07330421521570941,-1.615603489464064,0.10554196943367705,2.3502303817244017,0.5109506304062253
0.4,0.03333333333333338,12,12,takeover,cartesian_freedrive,-1.0,0.07999999779278508,-0.1482606046576145,0.5706468061911685,-0.07297938441470447,-1.615774497431462,0.10590917167889599,2.353588567427981,0.5105902717320758
0.43333333333333335,0.033333333333333326,13,13,takeover,cartesian_freedrive,-1.0,0.07999999779401862,-0.1484621016293572,0.5738515653134002,-0.07265304501292712,-1.6159463034692971,0.1062780892563614,2.3569624896419636,0.510228218983938
0.4666666666666667,0.033333333333333326,14,14,takeover,cartesian_freedrive,-1.0,0.07999999779521016,-0.14866360344129223,0.5770563958500666,-0.0723266983501692,-1.6161181133456923,0.10664701535822464,2.3603364887841103,0.509866157686907
0.5,0.033333333333333326,15,15,takeover,cartesian_freedrive,-1.0,0.07999999779648698,-0.14886510522996957,0.5802612267117947,-0.07200035165246375,-1.6162899232383703,0.10701594157663495,2.3637104884284357,0.5095040962547858
0.5333333333333333,0.033333333333333326,16,16,takeover,cartesian_freedrive,-1.0,0.07999999779784642,-0.14906660697300908,0.5834660575576125,-0.07167400495459011,-1.6164617331289042,0.10738486786833931,2.367084488200255,0.5091420347304819
0.5666666666666667,0.033333333333333326,17,17,takeover,cartesian_freedrive,-1.0,0.0799999977992881,-0.14926810867228396,0.5866708883861265,-0.07134765825671567,-1.616633543017176,0.10775379423137599,2.370458488095887,0.5087799731150793
0.6,0.033333333333333326,18,18,takeover,cartesian_freedrive,-1.0,0.07999999780081174,-0.14946961032976025,0.5898757191975741,-0.07102131155884121,-1.6168053529031583,0.10812272066397702,2.373832488113444,0.5084179114094711
0.6333333333333333,0.033333333333333326,19,19,takeover,cartesian_freedrive,-1.0,0.07999999780241689,-0.14967111194737703,0.5930805499922045,-0.07069496486096677,-1.616977162786825,0.10849164716436627,2.377206488251036,0.5080558496145695
0.6666666666666666,0.033333333333333326,20,20,takeover,cartesian_freedrive,-1.0,0.07999999771440779,-0.1498726054186787,0.5962854018558768,-0.07036861816309231,-1.6171489726421895,0.10886054033691488,2.3805803744751732,0.5076938289250982
0.7,0.033333333333333326,21,21,takeover,cartesian_freedrive,-1.0,0.07999999771300884,-0.1500741064281008,0.5994902341074545,-0.07004227146521787,-1.617320782514155,0.10922946451006169,2.3839543668330423,0.5073317701841273
0.7333333333333333,0.033333333333333326,22,22,takeover,cartesian_freedrive,-1.0,0.07999999771486482,-0.15027560794898448,0.6026950647882185,-0.06971592476734341,-1.6174925923852983,0.10959839124144458,2.3873283676652006,0.5069697082430697
0.7666666666666667,0.03333333333333344,23,23,takeover,cartesian_freedrive,-1.0,0.0799999977168071,-0.150477109438038,0.6058998954451726,-0.06938957806946897,-1.617664402254031,0.1099673180488592,2.39070236865408,0.5066076461972826
0.8,0.033333333333333326,24,24,takeover,cartesian_freedrive,-1.0,0.07999999771883157,-0.15067861089494988,0.6091047260859774,-0.06906323137159451,-1.6178362121203325,0.11033624491829716,2.3940763697580696,0.5062455840629587
0.8333333333333334,0.033333333333333326,25,25,takeover,cartesian_freedrive,-1.0,0.07999999772093787,-0.15088011232152926,0.612309556710933,-0.06873688467372005,-1.6180080219841921,0.11070517184785252,2.397450370974977,0.505883521841188
0.8666666666666667,0.033333333333333326,26,26,takeover,cartesian_freedrive,-1.0,0.07999999772312556,-0.15108161371956563,0.6155143873203064,-0.0684105379758456,-1.6181798318456027,0.1110740988356777,2.4008243723027944,0.5055214595330002
0.9,0.033333333333333326,27,27,takeover,cartesian_freedrive,-1.0,0.07999999772539423,-0.15128311509082076,0.6187192179143656,-0.06808419127797115,-1.6183516417045578,0.11144302587992602,2.404198373739506,0.5051593971394358
0.9333333333333333,0.033333333333333326,28,28,takeover,cartesian_freedrive,-1.0,0.07999999772774344,-0.15148461643702849,0.6219240484933795,-0.0677578445800967,-1.6185234515610554,0.1118119529787527,2.4075723752830926,0.5047973346615457
0.9666666666666667,0.033333333333333326,29,29,takeover,cartesian_freedrive,-1.0,0.07999999773017277,-0.15168611775989496,0.6251288790576194,-0.06743149788222226,-1.6186952614150965,0.11218088013031607,2.41094637693153,0.5044352721003911
1.0,0.033333333333333326,30,30,takeover,cartesian_freedrive,-1.0,0.07999999773268174,-0.15188761906109857,0.6283337096073562,-0.0671051511843478,-1.6188670712666848,0.11254980733277882,2.41432037868279,0.5040732094570405
1.0333333333333334,0.03333333333333344,31,31,takeover,cartesian_freedrive,-1.0,0.07999999765163435,-0.15208911258329014,0.6315385595701278,-0.06677880448647336,-1.6190388810355538,0.1129187033320345,2.417694275497185,0.5037111869358261
1.0666666666666667,0.033333333333333215,32,32,takeover,cartesian_freedrive,-1.0,0.0799999976513722,-0.15229061332168817,0.6347433914570448,-0.0664524577885989,-1.619210690871404,0.11328762836013563,2.4210682701204216,0.5033491272344763
1.1,0.03333333333333344,33,33,takeover,cartesian_freedrive,-1.0,0.0799999976541482,-0.1524921145656949,0.6379482218977666,-0.06612611109072444,-1.619382500710076,0.11365655576969529,2.4244422725401815,0.5029870644237329
1.1333333333333333,0.033333333333333215,34,34,takeover,cartesian_freedrive,-1.0,0.0799999976570078,-0.15269361579547744,0.6411530523177652,-0.06579976439285,-1.6195543105463261,0.11402548323686951,2.4278162750950107,0.5026250015167181
1.1666666666666667,0.03333333333333344,35,35,takeover,cartesian_freedrive,-1.0,0.07999999765994706,-0.1528951170104977,0.6443578827241527,-0.06547341769497556,-1.6197261203801507,0.11439441074843659,2.4311902777462584,0.5022629385293073
1.2,0.033333333333333215,36,36,takeover,cartesian_freedrive,-1.0,0.07999999766296553,-0.1530966182123029,0.6475627131172385,-0.0651470709971011,-1.6198979302115717,0.11476333830252079,2.4345642804917,0.5019008754626783
1.2333333333333334,0.03333333333333344,37,37,takeover,cartesian_freedrive,-1.0,0.07999999766606272,-0.15329811940241975,0.6507675434973007,-0.06482072429922664,-1.6200697400406134,0.11513226589731165,2.4379382833292755,0.5015388123179425
1.2666666666666666,0.033333333333333215,38,38,takeover,cartesian_freedrive,-1.0,0.0799999976692381,-0.15349962058234307,0.6539723738646253,-0.0644943776013522,-1.6202415498673053,0.11550119353100374,2.4413122862568954,0.5011767490962252
1.3,0.03333333333333344,39,39,takeover,cartesian_freedrive,-1.0,0.07999999767249122,-0.15370112175353978,0.6571772042194978,-0.06416803090347775,-1.6204133596916772,0.11587012120180601,2.4446862892724712,0.5008146857986516
1.3333333333333333,0.033333333333333215,40,40,takeover,cartesian_freedrive,-1.0,0.07999999767582147,-0.1539026229174495,0.6603820345622046,-0.0638416842056033,-1.6205851695137647,0.1162390489079432,2.44806029237392,0.5004526224263471
1.3666666666666667,0.03333333333333344,41,41,takeover,cartesian_freedrive,-1.0,0.07999999761341535,-0.15410411824092513,0.663586879087288,-0.06351533750772884,-1.6207569792330796,0.11660795351030205,2.451434218868946,0.5000905897828894
1.4,0.033333333333333215,42,42,takeover,cartesian_freedrive,-1.0,0.07999999760201955,-0.15430561741369989,0.6667917143789772,-0.06318899080985439,-1.6209287890114308,0.11697687308842047,2.4548081954125593,0.4997285373848007
1.4333333333333333,0.03333333333333344,43,43,takeover,cartesian_freedrive,-1.0,0.07999999760561219,-0.15450711854352533,0.6699965446367636,-0.06286264411197995,-1.6211005988210745,0.11734580094697122,2.4581821990508637,0.4993664738707533
1.4666666666666666,0.033333333333333215,44,44,takeover,cartesian_freedrive,-1.0,0.07999999760929935,-0.15470861967895477,0.6732013748591377,-0.06253629741410549,-1.6212724086287005,0.11771472887618406,2.461556202898115,0.49900441022921227
1.5,0.03333333333333344,45,45,takeover,cartesian_freedrive,-1.0,0.07999999761306315,-0.15491012081330438,0.6764062050702915,-0.06220995071623106,-1.6214442184342215,0.11808365683424372,2.4649302068244388,0.4986423465151124
1.5333333333333334,0.03333333333333344,46,46,takeover,cartesian_freedrive,-1.0,0.07999999761690299,-0.1551116219478456,0.6796110352706334,-0.06188360401835662,-1.6216160282376904,0.118452584819251,2.4683042108271156,0.49828028272984265
1.5666666666666667,0.033333333333333215,47,47,takeover,cartesian_freedrive,-1.0,0.07999999767993524,-0.15531313343463374,0.6828158505249162,-0.06155725732048216,-1.6217878382516375,0.11882153476361437,2.471678295533099,0.4979181871526015
1.6,0.03333333333333344,48,48,takeover,cartesian_freedrive,-1.0,0.07999999768397703,-0.15551463461214363,0.6860206806863758,-0.061230910622607715,-1.6219596480592855,0.11919046285740877,2.4750522997673223,0.4975561230274209
1.6333333333333333,0.033333333333333215,49,49,takeover,cartesian_freedrive,-1.0,0.07999999768802195,-0.15571613575241114,0.6892255109095533,-0.060904563924733264,-1.6221314578642694,0.11955939086252679,2.4784263036884386,0.4971940589940616
1.6666666666666667,0.03333333333333344,50,50,takeover,cartesian_freedrive,-1.0,0.07999999769213827,-0.15591763689963475,0.6924303411238247,-0.06057821722685881,-1.6223032676675164,0.11992831888514968,2.4818003076730966,0.49683199489771424
1.7,0.033333333333333215,51,51,takeover,cartesian_freedrive,-1.0,0.07999999762121071,-0.15611913127122112,0.695635188899697,-0.060251870528984355,-1.6224750773031362,0.12029721756635589,2.485174217184739,0.49646997098688184
1.7333333333333334,0.03333333333333344,52,52,takeover,cartesian_freedrive,-1.0,0.07999999762532889,-0.15632063235136387,0.698840019188071,-0.05992552383110991,-1.6226468870962292,0.12066614545721531,2.4885482208364893,0.49610790713958336
1.7666666666666666,0.033333333333333215,53,53,takeover,cartesian_freedrive,-1.0,0.07999999762972276,-0.15652213349728522,0.7020448493033647,-0.059599177133235454,-1.6228186968891005,0.12103507364220868,2.491922225427571,0.4957458428449885
1.8,0.03333333333333344,54,54,takeover,cartesian_freedrive,-1.0,0.07999999759464463,-0.1567236331888506,0.7052496873730895,-0.05927283043536101,-1.6229905066374835,0.12140398750663053,2.4952961873488277,0.49538379756793666
1.8333333333333333,0.033333333333333215,55,55,takeover,cartesian_freedrive,-1.0,0.07999999756942491,-0.15692513284788762,0.7084545257548533,-0.05894648373748655,-1.623162316381201,0.12177290077743763,2.4986701477640683,0.49502175322467923
1.8666666666666667,0.03333333333333344,56,56,takeover,cartesian_freedrive,-1.0,0.07999999757405793,-0.1571266339762409,0.7116593558164952,-0.05862013703961211,-1.6233341261663603,0.12214182906419342,2.5020441527270374,0.4946596887996554
1.9,0.033333333333333215,57,57,takeover,cartesian_freedrive,-1.0,0.07999999757879639,-0.15732813512468513,0.7148641858305734,-0.05829379034173766,-1.6235059359504178,0.12251075743385463,2.5054181579574433,0.4942976242157582
1.9333333333333333,0.03333333333333344,58,58,takeover,cartesian_freedrive,-1.0,0.07999999758360513,-0.15752963628839556,0.7180690158369606,-0.057967443643863206,-1.62367774573329,0.1228796858129034,2.5087921632425334,0.49393555957057644
1.9666666666666666,0.033333333333333215,59,59,takeover,cartesian_freedrive,-1.0,0.07999999758848349,-0.15773113746826728,0.7212738458361418,-0.057641096945988755,-1.6238495555150723,0.12324861419964465,2.5121661685792844,0.4935734948655572
2.0,0.03333333333333344,60,60,takeover,cartesian_freedrive,-1.0,0.07999999759343077,-0.15793263866519308,0.7244786758284134,-0.057314750248114305,-1.624021365295862,0.12361754259276123,2.515540173965692,0.49321143010166973
2.033333333333333,0.033333333333333215,61,61,takeover,cartesian_freedrive,-1.0,0.07999999759844631,-0.1581341398800409,0.727683505814069,-0.05698840355023985,-1.6241931750757599,0.12398647099096977,2.5189141793997707,0.4928493652798659
2.066666666666667,0.03333333333333366,62,62,takeover,cartesian_freedrive,-1.0,0.0799999974718466,-0.15833563242746965,0.7308883622692744,-0.0566620568523654,-1.6243649845686396,0.12435535365982257,2.5222880430843895,0.4924873643783513
2.1,0.033333333333333215,63,63,takeover,cartesian_freedrive,-1.0,0.07999999747677597,-0.15853713356351934,0.7340931923732605,-0.05633571015449095,-1.6245367943370468,0.1247242818391085,2.525662047987187,0.4921252999863189
2.1333333333333333,0.033333333333333215,64,64,takeover,cartesian_freedrive,-1.0,0.07999999748213349,-0.1587386347996783,0.7372980222224699,-0.056009363456616494,-1.624708604107403,0.1250932104518048,2.5290360542562706,0.4917632349278019
2.1666666666666665,0.033333333333333215,65,65,takeover,cartesian_freedrive,-1.0,0.07999999748756008,-0.1589401360571325,0.74050285206472,-0.05568301675874205,-1.6248804138772468,0.12546213906860465,2.532410060574095,0.49140116980805465
2.2,0.03333333333333366,66,66,takeover,cartesian_freedrive,-1.0,0.07999999749305467,-0.15914163733632364,0.7437076819014926,-0.0553566700608676,-1.6250522236466785,0.1258310676862534,2.535784066932397,0.49103910463090833
2.2333333333333334,0.033333333333333215,67,67,takeover,cartesian_freedrive,-1.0,0.07999999749861653,-0.15934313863800004,0.7469125117330918,-0.05503032336299315,-1.6252240334158154,0.12619999630359566,2.539158073329173,0.49067703939727464
2.2666666666666666,0.033333333333333215,68,68,takeover,cartesian_freedrive,-1.0,0.07999999750424494,-0.159544639962887,0.7501173415598139,-0.0547039766651187,-1.6253958431847744,0.12656892491952096,2.542532079762466,0.4903149741080324
2.3,0.033333333333333215,69,69,takeover,cartesian_freedrive,-1.0,0.0799999973863637,-0.15974613115132966,0.7533221962409968,-0.05437762996724425,-1.6255676525720146,0.12693781143378136,2.5459059534023947,0.4899529697836995
2.3333333333333335,0.03333333333333366,70,70,takeover,cartesian_freedrive,-1.0,0.07999999739193916,-0.1599476324070792,0.7565270261751932,-0.054051283269369796,-1.6257394623292147,0.12730673984439272,2.5492799593611646,0.4895909048860415
2.3666666666666667,0.033333333333333215,71,71,takeover,cartesian_freedrive,1.0,0.07799998208040763,-0.1600240872147414,0.7577430182988502,-0.05392747362778443,-1.6258046438116531,0.12744642779280851,2.550559224613215,0.4894539021726905
2.4,0.033333333333333215,72,72,takeover,cartesian_freedrive,1.0,0.07533329488162224,-0.16002458868812633,0.7577506880475671,-0.05392669149857578,-1.6258050562613788,0.12744732284734914,2.5505673718706316,0.48945301167082206
2.433333333333333,0.033333333333333215,73,73,takeover,cartesian_freedrive,1.0,0.07266660772407144,-0.16002459122267507,0.7577507247145051,-0.05392668773414379,-1.6258050582509096,0.12744732735422645,2.550567412635645,0.48945300660504104
2.466666666666667,0.03333333333333366,74,74,takeover,cartesian_freedrive,1.0,0.06999982262927415,-0.1600250363756573,0.7577500560595284,-0.0539269032919875,-1.6258050565576871,0.12744832644797896,2.5505710867908333,0.48945154704739396
2.5,0.033333333333333215,75,75,takeover,cartesian_freedrive,1.0,0.06733290090367763,-0.16002503840449828,0.7577500527493787,-0.053926953750850944,-1.6258050567619218,0.12744832499921832,2.550571137288945,0.48945155331893847
2.533333333333333,0.033333333333333215,76,76,takeover,cartesian_freedrive,1.0,0.06466598189086444,-0.16002503955432001,0.7577500523274838,-0.053926961183043555,-1.6258050948828098,0.12744832155337568,2.5505710975421585,0.4894514695630515
2.566666666666667,0.03333333333333366,77,77,takeover,cartesian_freedrive,1.0,0.061999029941272,-0.16002504351146435,0.7577500523238233,-0.05392710678680464,-1.6258051300074414,0.12744832224443098,2.550571040955153,0.4894513506438096
2.6,0.033333333333333215,78,78,takeover,cartesian_freedrive,1.0,0.05933186928461463,-0.1600250370567299,0.757750059919265,-0.05392744032339127,-1.625805062077955,0.12744823696654817,2.5505710272009154,0.48945129419550093
2.6333333333333333,0.033333333333333215,79,79,takeover,cartesian_freedrive,1.0,0.056664696314079555,-0.16002502579802017,0.757750069744604,-0.05392737083289813,-1.6258051190671023,0.127448216621543,2.5505711608232997,0.4894513058039283
2.6666666666666665,0.033333333333333215,80,80,takeover,cartesian_freedrive,1.0,0.05399756263421002,-0.16002502005018893,0.7577500737559694,-0.05392748150498809,-1.625805043035208,0.12744815410484403,2.550571190601277,0.4894512628990029
2.7,0.03333333333333366,81,81,takeover,cartesian_freedrive,1.0,0.051330366149977484,-0.16002501696131033,0.7577500738713431,-0.053927575817332846,-1.6258050059749107,0.12744812067759434,2.550571179371483,0.48945123077498687
2.7333333333333334,0.033333333333333215,82,82,takeover,cartesian_freedrive,1.0,0.04866310782923575,-0.16002501304265576,0.7577500742674776,-0.05392767723841097,-1.625804965133095,0.12744808078593498,2.5505711565666154,0.48945118924627423
2.7666666666666666,0.033333333333333215,83,83,takeover,cartesian_freedrive,1.0,0.045995798548676844,-0.16002500943800094,0.7577500766608455,-0.05392776965882185,-1.6258049336915923,0.1274480469889552,2.550571162870485,0.48945116920912074
2.8,0.033333333333333215,84,84,takeover,cartesian_freedrive,1.0,0.04332846408148344,-0.16002500594581978,0.7577500792918606,-0.05392785731407998,-1.6258049166166457,0.12744802053013507,2.5505711658709616,0.4894511518679697
2.8333333333333335,0.03333333333333366,85,85,takeover,cartesian_freedrive,1.0,0.04066103594170276,-0.16002500312480186,0.7577500814793628,-0.05392794529239771,-1.6258048995659466,0.1274479974137692,2.550571159510615,0.48945113476796
2.8666666666666667,0.033333333333333215,86,86,takeover,cartesian_freedrive,1.0,0.03799351963701918,-0.16002500085257554,0.7577500829240116,-0.0539280239587517,-1.6258048988885014,0.12744798472636915,2.5505711467924197,0.48945112314280215
2.9,0.033333333333333215,87,87,takeover,cartesian_freedrive,1.0,0.03532610690467534,-0.16002499610071308,0.7577500898433096,-0.0539281221276568,-1.6258048467649429,0.12744794366685577,2.550571226527519,0.4894511281469458
2.933333333333333,0.033333333333333215,88,88,takeover,cartesian_freedrive,1.0,0.032658487623394974,-0.1600249951280075,0.7577500875975465,-0.053928187692577,-1.6258048801789722,0.127447948089912,2.5505711513010367,0.48945109999474884
2.966666666666667,0.03333333333333366,89,89,takeover,cartesian_freedrive,1.0,0.029990934478497835,-0.1600249895913953,0.7577500940957864,-0.05392828651936015,-1.6258048297805119,0.12744790354706578,2.5505711937411815,0.48945109145332816
3.0,0.033333333333333215,90,90,takeover,cartesian_freedrive,1.0,0.027323203229176182,-0.16002498894527092,0.7577500932249454,-0.05392835877653666,-1.6258048398678118,0.12744790286308874,2.550571150284445,0.48945107706889845
3.033333333333333,0.033333333333333215,91,91,takeover,cartesian_freedrive,1.0,0.024655383510054415,-0.1600249878646031,0.7577500941679504,-0.05392842845614811,-1.6258048471782534,0.1274479013369608,2.550571143772327,0.48945107497685
3.066666666666667,0.03333333333333366,92,92,takeover,cartesian_freedrive,1.0,0.02198767947465284,-0.16002498608497565,0.7577500955490855,-0.05392849382394339,-1.6258048583809697,0.1274478996357591,2.550571144132935,0.48945107676146077
3.1,0.033333333333333215,93,93,takeover,cartesian_freedrive,1.0,0.019319877097631596,-0.1600249820254509,0.7577501007701031,-0.05392858760613645,-1.6258048154455889,0.12744786577229217,2.5505711773969058,0.4894510709251286
3.1333333333333333,0.033333333333333215,94,94,takeover,cartesian_freedrive,1.0,0.016651993470807945,-0.16002497833021012,0.7577501055257254,-0.053928678825571424,-1.6258047745015194,0.12744783642150878,2.5505712161401033,0.48945107389134296
3.1666666666666665,0.033333333333333215,95,95,takeover,cartesian_freedrive,1.0,0.013984119479137348,-0.16002497681071487,0.7577501097509258,-0.05392875155163121,-1.6258047603589845,0.12744782545763128,2.550571252765839,0.4894510775943419
3.2,0.03333333333333366,96,96,takeover,cartesian_freedrive,1.0,0.011316136538427252,-0.16002497970037613,0.7577501034596075,-0.05392875335905529,-1.625804833152608,0.1274478656883678,2.5505711315022976,0.4894510509083673
3.2333333333333334,0.033333333333333215,97,97,takeover,cartesian_freedrive,1.0,0.009396312353303831,-0.16002507785259232,0.7577500652348619,-0.05392656673382851,-1.6258055240618163,0.12744867641460447,2.5505713113341013,0.4894512735244062
3.2666666666666666,0.033333333333333215,98,98,takeover,cartesian_freedrive,1.0,0.00867326197798159,-0.16002507159304158,0.7577500649403466,-0.05392650125477457,-1.6258056357729538,0.12744865666512664,2.5505709817663638,0.4894513824626181
3.3,0.033333333333333215,99,99,takeover,cartesian_freedrive,1.0,0.008406175277851572,-0.16002507119517634,0.7577500651536397,-0.053926503896222916,-1.6258056249857116,0.1274486475972945,2.5505709853707144,0.4894513763703954
3.3333333333333335,0.03333333333333366,100,100,takeover,cartesian_freedrive,1.0,0.008307246862577413,-0.16002507054730475,0.757750063952757,-0.05392650618857229,-1.6258056265172465,0.1274486432394888,2.5505709677818884,0.4894513672431134
3.3666666666666667,0.033333333333333215,101,101,takeover,cartesian_freedrive,1.0,0.00827098135041763,-0.159940498261095,0.756016633216259,-0.05408373444910992,-1.6252822781469167,0.12721465305952964,2.5483184094899096,0.4896791148633173
3.4,0.033333333333333215,102,102,takeover,cartesian_freedrive,1.0,0.008259228685123667,-0.15980455801040863,0.7532302643095742,-0.05433644626936733,-1.6244410027116203,0.1268385190392572,2.5446976285473877,0.49004508712463707
3.433333333333333,0.033333333333333215,103,103,takeover,cartesian_freedrive,1.0,0.008256157822601097,-0.15966829294581428,0.7504372337228727,-0.05458976143126352,-1.6235977157921782,0.1264614847358657,2.541068190518854,0.4904119240507799
3.466666666666667,0.03333333333333366,104,104,takeover,cartesian_freedrive,1.0,0.008256274441974486,-0.15953202631935115,0.7476441710732188,-0.054843079495664464,-1.6227544191906254,0.12608444609766417,2.537438710821544,0.49077876507652596
3.5,0.033333333333333215,105,105,takeover,cartesian_freedrive,1.0,0.008257548000301339,-0.1593957596858878,0.7448511082693038,-0.055096397575932064,-1.6219111225421399,0.1257074074388438,2.533809230924401,0.4911456061049549
3.533333333333333,0.033333333333333215,106,106,takeover,cartesian_freedrive,1.0,0.008259227681017521,-0.1592594930528704,0.742058045464708,-0.05534971565780754,-1.6210678258930955,0.12533036878000378,2.5301797510270836,0.4915124471171645
3.566666666666667,0.03333333333333366,107,107,takeover,cartesian_freedrive,1.0,0.008261035736777523,-0.1591232264203372,0.739264982660172,-0.05560303374098327,-1.6202245292437125,0.12495333012115237,2.5265502711305414,0.49187928811273623
3.6,0.033333333333333215,108,108,takeover,cartesian_freedrive,1.0,0.008262869298639793,-0.15898695978829586,0.736471919855701,-0.05585635182531279,-1.6193812325939922,0.12457629146224909,2.522920791234767,0.4922461290913828
3.6333333333333333,0.033333333333333215,109,109,takeover,cartesian_freedrive,1.0,0.008264690144870048,-0.1588506931567525,0.7336788570512953,-0.056109669910697976,-1.6185379359439387,0.12419925280327905,2.519291311339752,0.4926129700529761
3.6666666666666665,0.033333333333333215,110,110,takeover,cartesian_freedrive,1.0,0.008266483952099876,-0.1587144265257117,0.7308857942469551,-0.05636298799706016,-1.617694639293556,0.12382221414424023,2.5156618314454966,0.4929798109974995
3.7,0.03333333333333366,111,111,takeover,cartesian_freedrive,1.0,0.008268245231199055,-0.1585781598951768,0.7280927314426814,-0.056616306084325246,-1.6168513426428504,0.12344517548513685,2.512032351552005,0.4933466519249952
3.7333333333333334,0.033333333333333215,112,112,takeover,cartesian_freedrive,1.0,0.008269971759278186,-0.15844189326515068,0.7252996686384735,-0.05686962417241846,-1.6160080459918302,0.12306813682597678,2.5084028716592788,0.4937134928355338
3.7666666666666666,0.033333333333333215,113,113,takeover,cartesian_freedrive,1.0,0.008271662521280806,-0.15830562663563588,0.7225066058343315,-0.057122942261261016,-1.6151647493405026,0.1226910981667699,2.5047733917673245,0.4940803337291973
3.8,0.033333333333333215,114,114,takeover,cartesian_freedrive,1.0,0.008273316948895246,-0.15816936000663456,0.7197135430302548,-0.057376260350768024,-1.6143214526888758,0.12231405950752777,2.5011439118761434,0.49444717460607185
3.8333333333333335,0.03333333333333366,115,115,takeover,cartesian_freedrive,1.0,0.008274934639113236,-0.15803309337814891,0.7169204802262433,-0.05762957844084853,-1.61347815603696,0.12193702084826331,2.4975144319857443,0.4948140154662443
3.8666666666666667,0.033333333333333215,116,116,takeover,cartesian_freedrive,1.0,0.008276515250474266,-0.1578968267501809,0.7141274174222958,-0.05788289653140542,-1.6126348593847641,0.1215599821889907,2.4938849520961295,0.49518085630980097
3.9,0.033333333333333215,117,117,takeover,cartesian_freedrive,1.0,0.008278058464555326,-0.1577605601227324,0.7113343546184119,-0.058136214622335945,-1.6117915627322987,0.12118294352972513,2.490255472207305,0.4955476971368262
3.933333333333333,0.033333333333333215,118,118,takeover,cartesian_freedrive,1.0,0.008279563971604093,-0.15762429349580515,0.70854129181459,-0.0583895327135304,-1.6109482660795749,0.12080590487048308,2.486625992319275,0.4959145379474035
3.966666666666667,0.03333333333333366,119,119,takeover,cartesian_freedrive,1.0,0.00828103146534722,-0.1574880268694008,0.705748229010829,-0.058642850804873754,-1.610104969426604,0.12042886621128202,2.482996512432043,0.4962813787416147
4.0,0.033333333333333215,120,120,takeover,cartesian_freedrive,1.0,0.008282460641480856,-0.15735176024352093,0.7029551662071276,-0.05889616889624648,-1.6092616727733977,0.12005182755214042,2.479367032545615,0.4966482195195402
4.033333333333333,0.033333333333333215,121,121,takeover,cartesian_freedrive,1.0,0.008283851196674866,-0.15721549361816692,0.700162103403484,-0.059149486987523044,-1.6084183761199689,0.11967478889307775,2.4757375526599947,0.4970150602812594
4.066666666666666,0.033333333333333215,122,122,takeover,cartesian_freedrive,1.0,0.008285202827765313,-0.15707922699334015,0.6973690405998961,-0.05940280507857262,-1.6075750794663297,0.11929775023411437,2.4721080727751867,0.4973819010268511
4.1,0.033333333333333215,123,123,takeover,cartesian_freedrive,1.0,0.008286515232363099,-0.15694296036904168,0.694575977796362,-0.059656123169261756,-1.6067317828124945,0.11892071157527169,2.468478592891195,0.4977487417563932
4.133333333333334,0.0333333333333341,124,124,takeover,cartesian_freedrive,1.0,0.008287788108791886,-0.1568066937452634,0.6917829149928755,-0.059909441257511596,-1.6058884861584986,0.11854367291656738,2.464849113008005,0.4981155824699685
4.166666666666667,0.033333333333333215,125,125,takeover,cartesian_freedrive,1.0,0.008289021155495532,-0.15667042712199156,0.6889898521894265,-0.06016275933974166,-1.6050451895043862,0.11816663425801455,2.461219633125585,0.4984824231676471
4.2,0.033333333333333215,126,126,takeover,cartesian_freedrive,1.0,0.008290214071736619,-0.15653416049924856,0.6861967893860222,-0.06041607742003997,-1.6042018928501196,0.11778959559964593,2.4575901532439834,0.49884926384950934
4.233333333333333,0.033333333333333215,127,127,takeover,cartesian_freedrive,1.0,0.008291366557684827,-0.15639789387703706,0.6834037265826601,-0.060669395498604124,-1.6033585961957069,0.11741255694148657,2.4539606733632064,0.49921610451564025
4.266666666666667,0.033333333333333215,128,128,takeover,cartesian_freedrive,1.0,0.008292478312138182,-0.15626162725537643,0.6806106637793462,-0.06092271357973148,-1.602515299541128,0.11703551828357443,2.450331193483302,0.49958294516611707
4.3,0.033333333333333215,129,129,takeover,cartesian_freedrive,1.0,0.008293549033723126,-0.15612536063426388,0.6778176009760756,-0.061176031663032426,-1.6016720028864102,0.11665847962593674,2.4467017136042672,0.4999497858010417
4.333333333333333,0.033333333333333215,130,130,takeover,cartesian_freedrive,1.0,0.008294578426189353,-0.15598909401368538,0.6750245381728383,-0.06142934974492221,-1.6008287062315991,0.11628144096859001,2.443072233726074,0.5003166264204965
4.366666666666666,0.033333333333333215,131,131,takeover,cartesian_freedrive,1.0,0.008295566192881585,-0.15585282739364104,0.6722314753696301,-0.06168266782520828,-1.599985409576713,0.11590440231156104,2.4394427538487227,0.5006834670245744
4.4,0.0333333333333341,132,132,takeover,cartesian_freedrive,1.0,0.00829651203660292,-0.1557165607741309,0.6694384125664471,-0.06193598590374951,-1.5991421129217684,0.11552736365487738,2.435813273972217,0.5010503076133752
4.433333333333334,0.033333333333333215,133,133,takeover,cartesian_freedrive,1.0,0.00829741566074528,-0.15558029415515506,0.666645349763285,-0.06218930398041457,-1.5982988162667837,0.11515032499856712,2.4321837940965594,0.5014171481870049
4.466666666666667,0.033333333333333215,134,134,takeover,cartesian_freedrive,1.0,0.008298276769683671,-0.15544402753671335,0.6638522869601394,-0.06244262205507721,-1.5974555196117768,0.11477328634265874,2.4285543142217514,0.501783988745576
4.5,0.033333333333333215,135,135,takeover,cartesian_freedrive,1.0,0.008299095067939025,-0.1553077609188055,0.6610592241570055,-0.06269594012762136,-1.596612222956767,0.11439624768718122,2.4249248343477947,0.5021508292892093
4.533333333333333,0.033333333333333215,136,136,takeover,cartesian_freedrive,1.0,0.008299865679511,-0.15517149518291656,0.6582661616778942,-0.06294961013852456,-1.5957689302585976,0.11401921173588099,2.421295357201342,0.5025176684629498
4.566666666666666,0.033333333333333215,137,137,takeover,cartesian_freedrive,1.0,0.008300595445136663,-0.15503522865480968,0.6554730989097883,-0.06320300227623027,-1.5949256350136645,0.11364217380294267,2.417665877871583,0.5028845094611486
4.6,0.033333333333333215,138,138,takeover,cartesian_freedrive,1.0,0.00830120358292179,-0.1548991264973903,0.6526801391650667,-0.06345622765851197,-1.5940823757372682,0.1132648369279645,2.4140358346525406,0.5032516874184751
4.633333333333334,0.0333333333333341,139,139,takeover,cartesian_freedrive,1.0,0.008301710126578543,-0.154762662621478,0.6498871397466479,-0.06370920101542912,-1.5932390362285698,0.11288784837195392,2.410405954574408,0.5036186877403463
4.666666666666667,0.033333333333333215,140,140,takeover,cartesian_freedrive,1.0,0.008301328637667766,-0.15462643502284534,0.6470939369394055,-0.06396249840046649,-1.5923960099728247,0.11251112451086144,2.40677716386361,0.5039852128462008
4.7,0.033333333333333215,141,141,takeover,cartesian_freedrive,1.0,0.008300752486506836,-0.15449019003629857,0.6443008629505614,-0.06421584134237454,-1.591552959965023,0.11213419269609513,2.403147645468506,0.5043521104540363
4.733333333333333,0.033333333333333215,142,142,takeover,cartesian_freedrive,1.0,0.008300203266913596,-0.15435394075908404,0.6415077977582218,-0.06446921291065597,-1.5907097841087552,0.11175719496374159,2.399518127774053,0.5047189921721784
4.766666666666667,0.033333333333333215,143,143,takeover,cartesian_freedrive,1.0,0.008299729924018465,-0.15421759936753954,0.6387147057414702,-0.06472261832682774,-1.5898666539379618,0.11138031969274999,2.3958887364766177,0.50508576201655
4.8,0.033333333333333215,144,144,takeover,cartesian_freedrive,1.0,0.008299580580724355,-0.1540813899087975,0.6359217389047922,-0.06497595407085961,-1.5890231560267287,0.11100298580481598,2.3922587843061844,0.5054528940243647
4.833333333333333,0.033333333333333215,145,145,takeover,cartesian_freedrive,1.0,0.008298839686418204,-0.1539453339320469,0.6331289437460548,-0.0652291095159803,-1.5881792678089064,0.1106251691855331,2.3886279945243563,0.5058205516099931
4.866666666666666,0.033333333333333215,146,146,takeover,cartesian_freedrive,1.0,0.00829875259324169,-0.15380912634540658,0.6303358849783135,-0.06548242467551783,-1.5873359613698304,0.11024807729147668,2.3849985007560357,0.5061874300438353
4.9,0.0333333333333341,147,147,takeover,cartesian_freedrive,1.0,0.008299006245231583,-0.15367291874935401,0.6275428218651039,-0.0657357429518678,-1.586492664728976,0.10987099357192243,2.381369030769064,0.5065542966390061
4.933333333333334,0.033333333333333215,148,148,takeover,cartesian_freedrive,1.0,0.00829939289616329,-0.15353671300921243,0.6247497587906811,-0.06598906129282849,-1.5856493680604817,0.10949390695865398,2.3777395626033693,0.5069211638864753
4.966666666666667,0.033333333333333215,149,149,takeover,cartesian_freedrive,1.0,0.008299802528730965,-0.15340050835216457,0.6219566957214986,-0.06624237963304085,-1.5848060713266514,0.10911681926723228,2.3741100942766895,0.5072880319211308
5.0,0.033333333333333215,150,150,takeover,cartesian_freedrive,1.0,0.008300191437915643,-0.15326430461022011,0.619163632654324,-0.0664956979704806,-1.5839627745266789,0.10873973066535615,2.3704806257495283,0.5076549006134782
5.033333333333333,0.033333333333333215,151,151,takeover,cartesian_freedrive,1.0,0.008300543117353974,-0.15312810172416055,0.6163705695879244,-0.06674901630450873,-1.5831194776602908,0.10836264121649244,2.366851157013274,0.5080217699073742
5.066666666666666,0.033333333333333215,152,152,takeover,cartesian_freedrive,1.0,0.008300748638306541,-0.15299181368402145,0.613577462059717,-0.06700242675207559,-1.582276272050225,0.10798572528977432,2.363221871390775,0.5083884870358728
5.1,0.033333333333333215,153,153,takeover,cartesian_freedrive,1.0,0.008300798824574792,-0.15285542712359917,0.6107842682811068,-0.06725596200191378,-1.5814332597001668,0.10760906437046755,2.3595930007252264,0.5087549560754747
5.133333333333334,0.0333333333333341,154,154,takeover,cartesian_freedrive,1.0,0.008301819966904388,-0.1527190449764242,0.6079911350478355,-0.06750924417575423,-1.580589899125637,0.10723218804004903,2.355963965890624,0.5091214630202271
5.166666666666667,0.033333333333333215,155,155,takeover,cartesian_freedrive,1.0,0.00830364582135707,-0.1525824969899158,0.605197954016907,-0.06776267286001424,-1.5797465910252348,0.10685552715858085,2.352335191956283,0.5094877375787731
5.2,0.033333333333333215,156,156,takeover,cartesian_freedrive,1.0,0.008305011271139015,-0.1524462426661817,0.6024049078138227,-0.06801562144199069,-1.5789030032191678,0.10647837623856396,2.34870573793031,0.5098545409338532
5.233333333333333,0.033333333333333215,157,157,takeover,cartesian_freedrive,1.0,0.008305437486263506,-0.15230991037613353,0.5996118423147256,-0.06826892657748133,-1.5780596967205236,0.10610138841422329,2.3450762777398153,0.5102213392624756
5.266666666666667,0.033333333333333215,158,158,takeover,cartesian_freedrive,1.0,0.008305420672019018,-0.15217362883098595,0.5968187796221748,-0.06852224569281604,-1.5772164001442743,0.10572436081817914,2.341446797824449,0.5105881737852836
5.3,0.033333333333333215,159,159,takeover,cartesian_freedrive,1.0,0.008305209091417812,-0.15203736205554605,0.5940257168125705,-0.06877556424011759,-1.5763731035513397,0.10534732264716129,2.3378173180392983,0.5109550166656264
5.333333333333333,0.033333333333333215,160,160,takeover,cartesian_freedrive,1.0,0.008304894060234777,-0.15190109541786895,0.5912326540015679,-0.06902888279791522,-1.575529806957725,0.10497028437674485,2.3341878382564305,0.5113218596448602
5.366666666666666,0.033333333333333215,161,161,takeover,cartesian_freedrive,1.0,0.008304508996517855,-0.1517648287803502,0.588439591190512,-0.0692822013939778,-1.574686510365189,0.10459324610596328,2.330558358474459,0.5116887026397383
5.4,0.0333333333333341,162,162,takeover,cartesian_freedrive,1.0,0.008304066039504543,-0.15162856214229392,0.5856465283794153,-0.06953552003053988,-1.5738432137737692,0.10421620783500082,2.3269288786933595,0.5120555456490843
5.433333333333334,0.033333333333333215,163,163,takeover,cartesian_freedrive,1.0,0.008303569487155466,-0.1514922955036692,0.5828534655682813,-0.06978883870948854,-1.5729999171834987,0.10383916956362607,2.3232993989131034,0.5124223886721373
5.466666666666667,0.033333333333333215,164,164,takeover,cartesian_freedrive,1.0,0.008303020748287412,-0.15135602886445043,0.5800604027571135,-0.07004215743248594,-1.572156620594412,0.1034621312916311,2.319669919133664,0.512789231708159
5.5,0.033333333333333215,165,165,takeover,cartesian_freedrive,1.0,0.008302420167510578,-0.15121976222461217,0.5772673399459147,-0.07029547620112755,-1.5713133240065473,0.1030850930188213,2.3160404393550094,0.5131560747564344
5.533333333333333,0.033333333333333215,166,166,takeover,cartesian_freedrive,1.0,0.008301767697703457,-0.15108349558412726,0.5744742771346879,-0.07054879501752133,-1.5704700274199501,0.10270805474501365,2.3124109595771154,0.5135229178162697
5.566666666666666,0.033333333333333215,167,167,takeover,cartesian_freedrive,1.0,0.008301063147832861,-0.15094722894296786,0.5716812143234358,-0.0708021138836147,-1.569626730834666,0.10233101647003104,2.308781479799952,0.5138897608869968
5.6,0.033333333333333215,168,168,takeover,cartesian_freedrive,1.0,0.008300306274332694,-0.15081096230110397,0.568888151512161,-0.07105543280179662,-1.5687834342507507,0.10195397819370526,2.3051520000234964,0.5142566039679703
5.633333333333334,0.0333333333333341,169,169,takeover,cartesian_freedrive,1.0,0.008299496814760809,-0.15067469565850536,0.5660950887008659,-0.07130875177408522,-1.5679401376682538,0.10157693991587115,2.3015225202477234,0.514623447058566
5.666666666666667,0.033333333333333215,170,170,takeover,cartesian_freedrive,1.0,0.008298634500161549,-0.1505384290151395,0.5633020258895529,-0.07156207080284856,-1.567096841087235,0.10119990163637317,2.2978930404726086,0.5149902901581975
5.7,0.033333333333333215,171,171,takeover,cartesian_freedrive,1.0,0.00829771905972889,-0.15040216237097884,0.560508963078223,-0.07181538988955166,-1.5662535445077417,0.10082286335506667,2.294263560698124,0.5153571332662559
5.733333333333333,0.033333333333333215,172,172,takeover,cartesian_freedrive,1.0,0.008296750221855645,-0.15026589572599663,0.5577159002668755,-0.07206870903557994,-1.565410247929828,0.10044582507182882,2.2906340809242414,0.5157239763821998
5.766666666666667,0.033333333333333215,173,173,takeover,cartesian_freedrive,1.0,0.008295727716056614,-0.15012962908015542,0.5549228374555137,-0.07232202824352103,-1.5645669513535516,0.10006878678650186,2.2870046011509393,0.5160908195054511
5.8,0.033333333333333215,174,174,takeover,cartesian_freedrive,1.0,0.008294651272493302,-0.14999336243341477,0.5521297746441403,-0.07257534751647882,-1.563723654778985,0.09969174849894728,2.2833751213782,0.5164576626354977
5.833333333333333,0.033333333333333215,175,175,takeover,cartesian_freedrive,1.0,0.008293520622068689,-0.1498570957857388,0.5493367118327561,-0.07282866685666223,-1.5628803582061905,0.09931471020903351,2.2797456416060013,0.5168245057718046
5.866666666666666,0.033333333333333215,176,176,takeover,cartesian_freedrive,1.0,0.008292335496409505,-0.14972082913708876,0.5465436490213629,-0.07308198626649284,-1.5620370616352315,0.09893767191663225,2.2761161618343215,0.5171913489138714
5.9,0.0333333333333341,177,177,takeover,cartesian_freedrive,1.0,0.008291095628081292,-0.14958456248742524,0.5437505862099623,-0.0733353057482698,-1.5611937650661691,0.0985606336216156,2.2724866820631378,0.5175581920612008
5.933333333333334,0.033333333333333215,178,178,takeover,cartesian_freedrive,1.0,0.008289800750340984,-0.1494482958367055,0.5409575233985554,-0.07358862530482757,-1.5603504684990774,0.0981835953238696,2.2688572022924323,0.517925035213349
5.966666666666667,0.033333333333333215,179,179,takeover,cartesian_freedrive,1.0,0.008288450597290789,-0.14931202918488737,0.538164460587143,-0.0738419449388465,-1.5595071719340303,0.09780655702328464,2.2652277225221864,0.5182918783698515
6.0,0.033333333333333215,180,180,takeover,cartesian_freedrive,1.0,0.008287044903792532,-0.1491757625319307,0.5353713977757256,-0.07409526465250578,-1.558663875371091,0.09742951871975597,2.2615982427523753,0.5186587215302519
6.033333333333333,0.033333333333333215,181,181,takeover,cartesian_freedrive,1.0,0.008285583405578719,-0.14903949587778323,0.5325783349643048,-0.07434858444964242,-1.557820578810354,0.09705248041318416,2.2579687629829888,0.5190255646941785
6.066666666666666,0.033333333333333215,182,182,takeover,cartesian_freedrive,1.0,0.008284065839304283,-0.14890322922240173,0.5297852721528806,-0.07460190433239183,-1.5569772822518806,0.096675442103465,2.2543392832140032,0.5193924078611992
6.1,0.033333333333333215,183,183,takeover,cartesian_freedrive,1.0,0.008282491942416934,-0.14876696256573568,0.5269922093414541,-0.07485522430412699,-1.5561339856957592,0.09629840379051458,2.250709803445404,0.5197592510309541
6.133333333333334,0.0333333333333341,184,184,takeover,cartesian_freedrive,1.0,0.008280861453124197,-0.14863069590773378,0.5241991465300253,-0.07510854436810226,-1.5552906891420766,0.09592136547424582,2.247080323677174,0.520126094203067
6.166666666666667,0.033333333333333215,185,185,takeover,cartesian_freedrive,1.0,0.008279174110648841,-0.1484944292483493,0.5214060837185941,-0.07536186452657519,-1.5544473925908957,0.0955443271545716,2.2434508439092933,0.5204929373771676
6.2,0.033333333333333215,186,186,takeover,cartesian_freedrive,1.0,0.008277429654898603,-0.14835816258752754,0.5186130209071608,-0.07561518478312589,-1.5536040960423105,0.09516728883142006,2.2398213641417466,0.5208597805529198
6.233333333333333,0.033333333333333215,187,187,takeover,cartesian_freedrive,1.0,0.008275627826734923,-0.14822189592521684,0.5158199580957247,-0.07586850514070662,-1.5527607994964037,0.09479025050472625,2.2361918843745165,0.521226623730013
6.266666666666667,0.033333333333333215,188,188,takeover,cartesian_freedrive,1.0,0.008273768367713593,-0.14808562926136337,0.5130268952842856,-0.07612182560228167,-1.5519175029532517,0.0944132121744177,2.2325624046075854,0.5215934669081193
6.3,0.033333333333333215,189,189,takeover,cartesian_freedrive,1.0,0.008271851020609405,-0.14794936259591263,0.5102338324728427,-0.07637514617088016,-1.5510742064129361,0.09403617384042731,2.2289329248409357,0.5219603100869101
6.333333333333333,0.033333333333333215,190,190,takeover,cartesian_freedrive,1.0,0.008269875528811733,-0.147813095928804,0.5074407696613957,-0.07662846685022054,-1.5502309098755536,0.09365913550270129,2.225303445074554,0.5223271532661374
6.366666666666666,0.033333333333333215,191,191,takeover,cartesian_freedrive,1.0,0.008267841636617927,-0.14767682925998132,0.5046477068499438,-0.07688178764337991,-1.5493876133411877,0.09328209716118824,2.2216739653084225,0.522693996445519
6.4,0.0333333333333341,192,192,takeover,cartesian_freedrive,1.0,0.008265749089230823,-0.1475405625893902,0.5018546440384847,-0.07713510855311385,-1.5485443168099187,0.09290505881583987,2.2180444855425243,0.5230608396247567
6.433333333333334,0.033333333333333215,193,193,takeover,cartesian_freedrive,1.0,0.0082635976326837,-0.1474042959169752,0.49906158122701627,-0.07738842958216184,-1.5477010202818302,0.09252802046661696,2.214415005776838,0.5234276828036052
6.466666666666667,0.033333333333333215,194,194,takeover,cartesian_freedrive,1.0,0.008261387013798622,-0.14726802924267626,0.49626851841553526,-0.07764175073381797,-1.5468577237570318,0.09215098211349432,2.210785526011349,0.5237945259818634
6.5,0.033333333333333215,195,195,takeover,cartesian_freedrive,1.0,0.008259116980319304,-0.14713176256644145,0.4934754556040355,-0.07789507201044853,-1.546014427235637,0.09177394375645935,2.2071560462460345,0.5241613691592638
6.533333333333333,0.033333333333333215,196,196,takeover,cartesian_freedrive,1.0,0.0082567872806163,-0.14699549588821992,0.4906823927925071,-0.07814839341409024,-1.5451711307178064,0.09139690539552184,2.203526566480869,0.5245282123355899
6.566666666666666,0.033333333333333215,197,197,takeover,cartesian_freedrive,1.0,0.008254397663768197,-0.14685922920797112,0.48788932998092827,-0.07840171494529521,-1.5443278342038143,0.09101986703074252,2.199897086715815,0.5248950555106356
6.6,0.033333333333333215,198,198,takeover,cartesian_freedrive,1.0,0.008251947879015205,-0.1467229625256598,0.48509626716924426,-0.07865503660364632,-1.5434845376943491,0.09064282866233583,2.1962676069508116,0.5252618986842839
6.633333333333334,0.0333333333333341,199,199,takeover,cartesian_freedrive,0.942794738429015,0.020594450673603788,-0.15363384689885892,0.6679233112958912,-0.024741550363689174,-1.1872451746090675,0.03618912827045763,2.018423569942321,0.7879775030335003
6.666666666666667,0.033333333333333215,200,200,takeover,cartesian_freedrive,0.942794738429015,0.04015559439641518,0.10137029436410681,0.746664727852954,-0.014564254324682793,-1.0675136924380733,0.02775507097048984,1.9907563820881153,0.8288080598239195
6.7,0.033333333333333215,201,201,takeover,cartesian_freedrive,0.942794738429015,0.04863203754329425,0.0753500773006448,0.7470406702639586,-0.01451526473122013,-1.0669585539293542,0.02771460359762315,1.9906231757028874,0.829004887442155
6.733333333333333,0.033333333333333215,202,202,takeover,cartesian_freedrive,0.942794738429015,0.051661067163861624,0.04470442608472005,0.7470424778177754,-0.014514637944598226,-1.0669558943345359,0.02771430936771751,1.9906224932411776,0.829005451530796
6.766666666666667,0.033333333333333215,203,203,takeover,cartesian_freedrive,0.942794738429015,0.052515583499668166,0.04571772467929143,0.7470424855132547,-0.014515056314994374,-1.0669559077828727,0.027714324804247313,1.9906224791862943,0.8290057117466402
6.8,0.033333333333333215,204,204,takeover,cartesian_freedrive,0.942794738429015,0.05283171624404644,0.04572260892025386,0.7470424846578959,-0.014515150578672777,-1.0669559114701186,0.027714275485305643,1.9906224733460203,0.8290055832886468
6.833333333333333,0.033333333333333215,205,205,takeover,cartesian_freedrive,0.942794738429015,0.05294971533329974,0.04572263177177478,0.7470424846546471,-0.014515141579490848,-1.0669559116185352,0.027714272375938116,1.9906224714376555,0.8290055508302819
6.866666666666666,0.033333333333333215,206,206,takeover,cartesian_freedrive,0.942794738429015,0.052993773225718244,0.045722631556124424,0.7470424846926164,-0.014515134092399634,-1.0669559113329454,0.027714271148659844,1.9906224707115594,0.8290055415938539
6.9,0.0333333333333341,207,207,takeover,cartesian_freedrive,0.9414774147615006,0.053126633348264146,0.07047601259951077,0.8083271780609971,-0.011166318497167375,-0.9779032549089488,0.019844334710064637,1.9550525154035778,0.8472428297171816
6.933333333333334,0.033333333333333215,208,208,takeover,cartesian_freedrive,0.9414774147615006,0.053029133173519455,0.07096669901496644,0.8090915454204154,-0.011135054966598492,-0.9769981346360094,0.019770162050725074,1.9547173996313256,0.8474143892112463
6.966666666666667,0.033333333333333215,209,209,takeover,cartesian_freedrive,0.9414774147615006,0.05299150513348736,0.07096906207319784,0.809095224234994,-0.01113491292811762,-0.9769937774799299,0.019769796535901826,1.9547157870473264,0.8474152137194316
7.0,0.033333333333333215,210,210,takeover,cartesian_freedrive,0.9414774147615006,0.05297230032761739,0.07096907698736606,0.8090952421388098,-0.01113499040812161,-0.9769937581910274,0.019769785862226805,1.9547157768849097,0.8474152220628363
7.033333333333333,0.033333333333333215,211,211,takeover,cartesian_freedrive,0.9414774147615006,0.05297026000035209,0.07096907169747517,0.809095242122552,-0.01113485477308836,-0.9769937526398175,0.019769794544374403,1.9547157795360748,0.8474152217713393
7.066666666666666,0.033333333333333215,212,212,takeover,cartesian_freedrive,0.9414774147615006,0.05296942945607988,0.07096907152234466,0.8090952421189822,-0.011134848996524756,-0.9769937523255705,0.019769794606224186,1.9547157795919718,0.8474152214767194
7.1,0.033333333333333215,213,213,takeover,cartesian_freedrive,0.9414774147615006,0.052969089260130685,0.07096907138354054,0.80909524211043,-0.01113484416180314,-0.9769937520810783,0.01976979464664991,1.9547157796269794,0.8474152209390877
7.133333333333334,0.0333333333333341,214,214,takeover,cartesian_freedrive,0.943998217102866,0.053135476055647446,0.09239025667463194,0.832083153180386,-0.02162497743973328,-0.9372206212201056,0.01317635136602523,1.9417911953704676,0.8763632564141678
7.166666666666667,0.033333333333333215,215,215,takeover,cartesian_freedrive,0.943998217102866,0.05305841104425722,0.09834545567720661,0.8358994953439944,-0.02325722829854658,-0.9308601129465187,0.012150716616883661,1.939780699307614,0.8808663596746825
7.2,0.033333333333333215,216,216,takeover,cartesian_freedrive,0.943998217102866,0.053018313672022706,0.09837412273106548,0.8359178625469923,-0.02326510476415483,-0.9308294981373285,0.012145753211846399,1.93977102472432,0.8808880070850313
7.233333333333333,0.033333333333333215,217,217,takeover,cartesian_freedrive,0.943998217102866,0.05300333685812077,0.09837426065642405,0.8359179509601175,-0.023265140418138222,-0.9308293504794226,0.012145729412231628,1.9397709784021042,0.8808881126971019
7.266666666666667,0.033333333333333215,218,218,takeover,cartesian_freedrive,0.943998217102866,0.052997722176043635,0.09837426126301407,0.8359179513860239,-0.023265138419973595,-0.9308293495790996,0.012145729353545038,1.9397709782826027,0.8808881135986955
7.3,0.033333333333333215,219,219,takeover,cartesian_freedrive,0.943998217102866,0.05299560601330365,0.09837426120433385,0.8359179513837997,-0.023265136226052596,-0.9308293494294178,0.012145729395375287,1.9397709783341694,0.8808881134593146
7.333333333333333,0.033333333333333215,220,220,takeover,cartesian_freedrive,0.943998217102866,0.05299479594945316,0.09837426114175603,0.8359179513769122,-0.023265134031894154,-0.9308293493036804,0.012145729437895618,1.939770978368762,0.8808881130585045
7.366666666666666,0.033333333333333215,221,221,takeover,cartesian_freedrive,0.943998217102866,0.052994472155296124,0.09837426107997511,0.8359179513681498,-0.02326513184483402,-0.9308293491896797,0.0121457294857732,1.9397709783973398,0.8808881125112614
7.4,0.0333333333333341,222,222,takeover,cartesian_freedrive,0.9425083974083037,0.05314356804834711,0.12711160990775525,0.8166692597270823,-0.0173878758798524,-0.984656433332857,0.0072326985306760795,1.9635016997798462,0.9006088531536117
7.433333333333334,0.033333333333333215,223,223,takeover,cartesian_freedrive,0.9425083974083037,0.05302191863785432,0.1277439630977249,0.8164996331061317,-0.017332759052796423,-0.9851811535455689,0.007186398979940807,1.9637252819615427,0.9007944282849644
7.466666666666667,0.033333333333333215,224,224,takeover,cartesian_freedrive,0.9425083974083037,0.05297217265593566,0.12774700772112815,0.8164988161780937,-0.017332461752288416,-0.9851836755866038,0.007186160295013272,1.9637263583447924,0.9007953141180264
7.5,0.033333333333333215,225,225,takeover,cartesian_freedrive,0.9425083974083037,0.05295605298728262,0.12774702224939585,0.8164988122636195,-0.017332456344636985,-0.9851836872923134,0.007186159204176357,1.9637263638251796,0.900795318513331
7.533333333333333,0.033333333333333215,226,226,takeover,cartesian_freedrive,0.9425083974083037,0.05295001438849578,0.12774702224152537,0.816498812249634,-0.017332453611463898,-0.9851836871060083,0.007186159215357996,1.9637263639603608,0.9007953183796638
7.566666666666666,0.033333333333333215,227,227,takeover,cartesian_freedrive,0.9425083974083037,0.0529477405649339,0.12774702216577502,0.8164988122488888,-0.017332450909460145,-0.9851836869155184,0.007186159241797517,1.963726364013139,0.9007953180504302
7.6,0.033333333333333215,228,228,takeover,cartesian_freedrive,0.9425083974083037,0.05294686962665696,0.12774702209178843,0.8164988122453348,-0.017332448222798762,-0.9851836867484891,0.007186159277926365,1.9637263640457798,0.9007953176043243
7.633333333333334,0.0333333333333341,229,229,takeover,cartesian_freedrive,0.9426221827972583,0.05310846965206324,0.14640825903714086,0.7508141308395282,-0.02169933487725372,-1.1059489369371474,0.007422869656393304,2.0286150574629995,0.9268667782690341
7.666666666666667,0.033333333333333215,230,230,takeover,cartesian_freedrive,0.9426221827972583,0.05305205977916969,0.1517957582179223,0.7381220004507328,-0.022379094164820666,-1.1273357215783153,0.007459702105068999,2.038708865567009,0.9309222938003296
7.7,0.033333333333333215,231,231,takeover,cartesian_freedrive,0.9426221827972583,0.05301099284205439,0.15182169780719384,0.7380609102958611,-0.022382457912105712,-1.1274386658932496,0.0074598393558599225,2.03875744653823,0.9309418132914005
7.733333333333333,0.033333333333333215,232,232,takeover,cartesian_freedrive,0.9426221827972583,0.05299850549407836,0.15182182246611514,0.7380606162671877,-0.02238246514835166,-1.1274391607777208,0.007459840100738867,2.0387576806550527,0.9309419085937983
7.766666666666667,0.033333333333333215,233,233,takeover,cartesian_freedrive,0.9426221827972583,0.05299382261347875,0.15182182296158742,0.7380606148529272,-0.02238246036204296,-1.1274391628656195,0.007459840171386677,2.0387576818696806,0.9309419092734874
7.8,0.033333333333333215,234,234,takeover,cartesian_freedrive,0.9426221827972583,0.0529920550562505,0.1518218228594499,0.7380606148430192,-0.022382455528061142,-1.1274391626154197,0.007459840223648581,2.0387576819240314,0.9309419089964763
7.833333333333333,0.033333333333333215,235,235,takeover,cartesian_freedrive,0.9426221827972583,0.0529913717077523,0.15182182275642447,0.7380606148368232,-0.022382450710738435,-1.1274391623733593,0.0074598402807712835,2.038757681961067,0.9309419084474477
7.866666666666666,0.033333333333333215,236,236,takeover,cartesian_freedrive,0.9426221827972583,0.05299108940310733,0.15182182265612132,0.7380606148279246,-0.022382445913217835,-1.1274391621457571,0.007459840350640521,2.038757681995265,0.9309419077210224
7.9,0.0333333333333341,237,237,takeover,cartesian_freedrive,0.9430541977260916,0.0531405107828966,0.17462913233819619,0.6778321721204965,-0.006025259437961978,-1.2710479018340697,0.003665066628531451,2.1059272746913065,0.9526591141781476
7.933333333333334,0.033333333333333215,238,238,takeover,cartesian_freedrive,0.9430541977260916,0.051448880622757244,0.17521097625181134,0.6772413940138245,-0.005871457276741824,-1.2726236602771164,0.003629273875621207,2.106560104217193,0.9528633087103077
7.966666666666667,0.033333333333333215,239,239,takeover,cartesian_freedrive,0.9430541977260916,0.05085888650737095,0.17521377732971058,0.6772385508527825,-0.005870720539857821,-1.272631239240408,0.0036291020197743314,2.1065631646538474,0.9528643281368572
8.0,0.033333333333333215,240,240,takeover,cartesian_freedrive,0.9430541977260916,0.05065149975175608,0.17521379062043765,0.677238537423332,-0.005870693271393323,-1.2726312720415662,0.0036290999932334094,2.1065631835363186,0.9528643451555397
8.033333333333333,0.033333333333333215,241,241,takeover,cartesian_freedrive,0.9430541977260916,0.05058133466122133,0.1752137899569547,0.6772385374632548,-0.005870661343933078,-1.2726312699571278,0.0036291009684457634,2.1065631858961376,0.9528643474033852
8.066666666666666,0.033333333333333215,242,242,takeover,cartesian_freedrive,0.9430541977260916,0.05055687362800329,0.17521378983472558,0.6772385374869926,-0.005870653533132211,-1.2726312693397202,0.0036291009773448094,2.1065631864944643,0.9528643482386143
8.1,0.033333333333333215,243,243,takeover,cartesian_freedrive,0.9430541977260916,0.05054831472338907,0.17521378970901771,0.6772385374888382,-0.005870645804165718,-1.27263126894453,0.003629101005334844,2.106563186719258,0.9528643479646005
8.133333333333333,0.033333333333333215,244,244,takeover,cartesian_freedrive,0.9364678178073547,0.05074079450332093,0.2004531360679994,0.6159311632635077,-0.012924169438243833,-1.3733000340075905,0.0008867738549459077,2.1605459387964303,0.9838007893960097
8.166666666666666,0.033333333333333215,245,245,takeover,cartesian_freedrive,0.9364678178073547,0.05065184726828374,0.20881364638145594,0.6024149861191574,-0.014022055644214671,-1.3916975892392567,0.0004602381386622498,2.1689432698523046,0.9886132219742144
8.2,0.033333333333333215,246,246,takeover,cartesian_freedrive,0.9364678178073547,0.05058875052883484,0.20885390005029103,0.6023499278758,-0.014027487085009626,-1.391786159655887,0.0004581301207863524,2.1689836854610935,0.9886363659927897
8.233333333333333,0.033333333333333215,247,247,takeover,cartesian_freedrive,0.9364678178073547,0.05056876991033038,0.20885409368047145,0.6023496147543131,-0.014027499929240553,-1.3917865853263427,0.0004581202923411227,2.1689838806246606,0.9886364808601964
8.266666666666667,0.03333333333333499,248,248,takeover,cartesian_freedrive,0.9364678178073547,0.0505616495449038,0.20885409448847433,0.6023496132405792,-0.014027487631991253,-1.391786586942644,0.00045812035756284344,2.1689838817928493,0.9886364819572413
8.3,0.033333333333333215,249,249,takeover,cartesian_freedrive,0.9364678178073547,0.050559082652923734,0.20885409435738236,0.6023496132175823,-0.014027475145326582,-1.3917865865878614,0.000458120446477905,2.16898388190544,0.988636481236876
8.333333333333334,0.033333333333333215,250,250,takeover,cartesian_freedrive,0.9364678178073547,0.050558124846412235,0.2088540942204717,0.6023496131939338,-0.014027462660991792,-1.3917865862682697,0.000458120553615306,2.1689838819756355,0.9886364798585822
8.366666666666667,0.033333333333333215,251,251,takeover,cartesian_freedrive,0.9364678178073547,0.05055773379064658,0.20885409408576397,0.6023496131627579,-0.014027450204910983,-1.3917865859848015,0.0004581206980140967,2.168983882037538,0.9886364780964971
8.4,0.033333333333333215,252,252,takeover,cartesian_freedrive,0.9583704024939976,0.05058122230514283,0.2345146313013383,0.561877947641769,-0.02562750363520114,-1.4984438616916618,-0.015343724210416606,2.218410582489631,1.0156136544784873
8.433333333333334,0.033333333333333215,253,253,takeover,cartesian_freedrive,0.9583704024939976,0.050532058044871195,0.2348472925388893,0.5615098637004842,-0.025737219868465225,-1.4996417340957091,-0.015492648088914044,2.2188762491098952,1.0158677503806282
8.466666666666667,0.033333333333333215,254,254,takeover,cartesian_freedrive,0.9583704024939976,0.05050964703349704,0.23484889443335008,0.5615080918700618,-0.025737684996229162,-1.4996474979060408,-0.015493370707148332,2.2188784896373663,1.0158689817410036
8.5,0.033333333333333215,255,255,takeover,cartesian_freedrive,0.9583704024939976,0.0505064632486517,0.2348489011810337,0.5615080834127988,-0.025737614906451864,-1.499647522913459,-0.015493373050570284,2.218878501697044,1.0158689870575994
8.533333333333333,0.033333333333333215,256,256,takeover,cartesian_freedrive,0.9583704024939976,0.050505329282564175,0.23484890117923324,0.5615080833706204,-0.0257376098339714,-1.499647522874471,-0.015493373031225954,2.218878501795462,1.0158689870451512
8.566666666666666,0.033333333333333215,257,257,takeover,cartesian_freedrive,0.9583704024939976,0.05050491656959628,0.23484890114301324,0.5615080833675166,-0.0257376050671307,-1.4996475227281625,-0.015493373009845893,2.218878501818049,1.0158689867006643
8.6,0.033333333333333215,258,258,takeover,cartesian_freedrive,0.9583704024939976,0.05050475443635123,0.23484890110671264,0.5615080833634445,-0.02573760030773154,-1.4996475225869694,-0.01549337298429486,2.2188785018358628,1.0158689862039791
8.633333333333333,0.033333333333333215,259,259,takeover,cartesian_freedrive,0.9362670691483714,0.05057152638294495,0.23607601277884196,0.5207031908590654,-0.02366054362376845,-1.5681637324962943,-0.019382196734628463,2.2566742357796516,1.0423895070556994
8.666666666666666,0.033333333333333215,260,260,takeover,cartesian_freedrive,0.9362670691483714,0.050589971333692405,0.23629024056275535,0.5128501175275474,-0.02333761590164629,-1.5803653126524104,-0.019987200854220188,2.2625535648926918,1.0465147979548117
8.7,0.033333333333333215,261,261,takeover,cartesian_freedrive,0.9362670691483714,0.05059185013255579,0.23629127111537496,0.5128123204840292,-0.023336025426719663,-1.5804240353718093,-0.019990106468822384,2.262581863260854,1.0465346871312933
8.733333333333333,0.033333333333333215,262,262,takeover,cartesian_freedrive,0.9362670691483714,0.050592454245167215,0.23629127609155884,0.5128121385084702,-0.023336017558693502,-1.5804243182721631,-0.01999011983968304,2.262581999619525,1.0465347799157443
8.766666666666667,0.03333333333333499,263,263,takeover,cartesian_freedrive,0.9362670691483714,0.05059263973935282,0.23629127614874146,0.5128121375682106,-0.02333601769030936,-1.5804243199676997,-0.019990119304096443,2.2625820004324804,1.0465347777919982
8.8,0.033333333333333215,264,264,takeover,cartesian_freedrive,0.9362670691483714,0.05059268065530427,0.23629127618444165,0.5128121374978025,-0.023336017902959395,-1.5804243203163586,-0.019990118688232823,2.2625820005813146,1.046534775692836
8.833333333333334,0.033333333333333215,265,265,takeover,cartesian_freedrive,0.9362670691483714,0.05059267510062846,0.2362912762199701,0.5128121374307818,-0.023336018129790043,-1.5804243206598312,-0.01999011806095854,2.2625820007126616,1.0465347740306314
8.866666666666667,0.033333333333333215,266,266,takeover,cartesian_freedrive,0.9362670691483714,0.05059265824484327,0.23629127625464721,0.512812137363313,-0.023336018360674584,-1.5804243210024498,-0.019990117424134913,2.262582000828794,1.046534772792294
8.9,0.033333333333333215,267,267,takeover,cartesian_freedrive,0.98694615155528,0.051031239758428174,0.37245382484293954,0.44265782066353115,0.0038459926595872233,-1.8214264314915973,-0.080135793192586,2.431092161963543,1.2253035518482747
8.933333333333334,0.033333333333333215,268,268,takeover,cartesian_freedrive,0.98694615155528,0.0509823116391009,0.3621376118027741,0.44296549520011624,0.004104108905210756,-1.825177097277583,-0.08070241053874402,2.432689198459645,1.226988195616546
8.966666666666667,0.033333333333333215,269,269,takeover,cartesian_freedrive,0.98694615155528,0.050708366932662896,0.361041124006265,0.442966978351717,0.004106518743187229,-1.825195110574548,-0.08070515987911188,2.4326968896117767,1.226996232373584
9.0,0.033333333333333215,270,270,takeover,cartesian_freedrive,0.98694615155528,0.05060640145050423,0.36103584424095264,0.44296698646118093,0.00410660825765549,-1.825195184845366,-0.08070516499589821,2.4326969318587386,1.2269963244103113
9.033333333333333,0.033333333333333215,271,271,takeover,cartesian_freedrive,0.98694615155528,0.05056420409982386,0.36103580891348147,0.44296698915748794,0.004106666155552716,-1.8251951727838336,-0.08070513977291854,2.432696942659299,1.2269963403794617
9.066666666666666,0.033333333333333215,272,272,takeover,cartesian_freedrive,0.98694615155528,0.05055455722589568,0.3610358049805861,0.44296699045417187,0.004106486324687628,-1.8251951702275524,-0.08070513460295835,2.4326969377676266,1.2269963438215867
9.1,0.033333333333333215,273,273,takeover,cartesian_freedrive,0.98694615155528,0.050551099292174946,0.36103580499414056,0.4429669904604234,0.004106496129754373,-1.8251951700347357,-0.08070513452530698,2.4326969378883283,1.226996345226411
9.133333333333333,0.033333333333333215,274,274,takeover,cartesian_freedrive,0.9918548973422645,0.0505351422719599,0.3770743699156873,0.42810824722761054,0.013992449786967233,-1.8752084980495798,-0.0899171452869788,2.4632076220971264,1.2565981081543776
9.166666666666666,0.033333333333333215,275,275,takeover,cartesian_freedrive,0.9918548973422645,0.05055673855587704,0.3838472705126031,0.42609026148719686,0.01556030643019986,-1.884753094849969,-0.09135009332628855,2.4679537167772616,1.2612030485001124
9.2,0.033333333333333215,276,276,takeover,cartesian_freedrive,0.9918548973422645,0.05054321253497947,0.3838798837091246,0.42608054404726675,0.015567596791707836,-1.8847990685578608,-0.09135700740529014,2.467976557239355,1.2612251725757493
9.233333333333333,0.033333333333333215,277,277,takeover,cartesian_freedrive,0.9918548973422645,0.0505384088675645,0.38388004082808147,0.4260804972587202,0.015567643895827342,-1.884799289699236,-0.09135704115456934,2.4679766674066546,1.261225280875503
9.266666666666667,0.03333333333333499,278,278,takeover,cartesian_freedrive,0.9918548973422645,0.05053672170887757,0.3838800416111066,0.4260804970473102,0.015567657182817562,-1.8847992904839341,-0.09135704166353148,2.4679766681001336,1.2612252827794699
9.3,0.033333333333333215,279,279,takeover,cartesian_freedrive,0.9918548973422645,0.05053613228213581,0.38388004163628314,0.42608049705941003,0.01556767030576696,-1.884799290215881,-0.09135704203115948,2.467976668226659,1.2612252839664915
9.333333333333334,0.033333333333333215,280,280,takeover,cartesian_freedrive,0.9918548973422645,0.05053593032109502,0.38388004165545453,0.4260804970716392,0.01556768342373136,-1.8847992899505484,-0.09135704239540723,2.4679766683290545,1.2612252850986112
9.366666666666667,0.033333333333333215,281,281,takeover,cartesian_freedrive,0.9918548973422645,0.05053586477711887,0.3838800416732975,0.4260804970828275,0.015567696457596208,-1.8847992896940864,-0.09135704274840743,2.46797666841668,1.2612252862086124
9.4,0.033333333333333215,282,282,takeover,cartesian_freedrive,0.9840241499194917,0.050596221542497946,0.40613433529647996,0.4308791708417883,0.00496365579139439,-1.9160389887668647,-0.10001507376997426,2.501302146774532,1.2974393490969323
9.433333333333334,0.033333333333333215,283,283,takeover,cartesian_freedrive,0.9840241499194917,0.05057812868354014,0.4063853455558041,0.43097431725723845,0.004863339725422406,-1.9163913963288968,-0.10009664320020667,2.5016161124687875,1.2977805940886031
9.466666666666667,0.033333333333333215,284,284,takeover,cartesian_freedrive,0.9840241499194917,0.05057151440078118,0.40638655430009374,0.43097477505275933,0.004862861365690723,-1.9163930931866502,-0.10009703624174109,2.501617623623424,1.2977822436372533
9.5,0.033333333333333215,285,285,takeover,cartesian_freedrive,0.9840241499194917,0.05056919881218656,0.4063865601468608,0.43097477726257977,0.004862868202369216,-1.9163931011048594,-0.10009703844170628,2.5016176310052374,1.2977822552239802
9.533333333333333,0.033333333333333215,286,286,takeover,cartesian_freedrive,0.9840241499194917,0.05056840790568212,0.406386560192257,0.4309747772801724,0.0048628774231136325,-1.9163931008937107,-0.1000970388253211,2.5016176311046525,1.2977822583180734
9.566666666666666,0.033333333333333215,287,287,takeover,cartesian_freedrive,0.9840241499194917,0.05056402512191576,0.40638656184060196,0.4309747768988985,0.004862823772632518,-1.9163931036081812,-0.1000970408988252,2.501617624561213,1.297782267988457
9.6,0.033333333333333215,288,288,takeover,cartesian_freedrive,0.9840241499194917,0.05056643703557147,0.40638656052560085,0.4309747772910203,0.004863013132757429,-1.9163930988092912,-0.10009704120479425,2.5016176314397316,1.2977822623060944
9.633333333333333,0.033333333333333215,289,289,takeover,cartesian_freedrive,0.9928404612010198,0.050783806879096324,0.4405390018589771,0.4135316029424303,0.009558369260689457,-1.970914291767739,-0.10306867832952335,2.5170098521292816,1.3431026914994908
9.666666666666666,0.033333333333333215,290,290,takeover,cartesian_freedrive,0.9928404612010198,0.05064584252670992,0.45932764526163034,0.41119481924703255,0.01028829206646256,-1.9820453700448044,-0.10353085803577988,2.5194041612489877,1.350153062807358
9.7,0.033333333333333215,291,291,takeover,cartesian_freedrive,0.9928404612010198,0.050580817671456224,0.4594107831453999,0.4111835758709858,0.010292338169369737,-1.9820989186391855,-0.10353306402248591,2.5194157618807633,1.3501868832652915
9.733333333333333,0.033333333333333215,292,292,takeover,cartesian_freedrive,0.9928404612010198,0.050558100833211696,0.4594111830258281,0.4111835218266631,0.01029237702222178,-1.982099175785015,-0.10353307305632,2.51941582016021,1.3501870523500268
9.766666666666667,0.03333333333333499,293,293,takeover,cartesian_freedrive,0.9928404612010198,0.05055008155372326,0.4594111850086219,0.4111835215596133,0.010292383092891376,-1.9820991769996879,-0.10353307278470085,2.519415820681231,1.3501870559721287
9.8,0.033333333333333215,294,294,takeover,cartesian_freedrive,0.9928404612010198,0.050547240236838965,0.4594111850528644,0.41118352155467064,0.010292389175329942,-1.9820991769721055,-0.10353307271460913,2.519415820775513,1.350187056809821
9.833333333333334,0.033333333333333215,295,295,takeover,cartesian_freedrive,0.9928404612010198,0.050546222391427975,0.4594111850788626,0.41118352155227694,0.010292395314061105,-1.982099176930808,-0.10353307272536522,2.5194158208173065,1.3501870568715375
9.866666666666667,0.033333333333333215,296,296,takeover,cartesian_freedrive,0.9928404612010198,0.05054584567026271,0.4594111851011833,0.4111835215504771,0.010292401469266983,-1.9820991768825724,-0.10353307275922013,2.519415820841887,1.3501870566003422
9.9,0.033333333333333215,297,297,takeover,cartesian_freedrive,0.9826669507018408,0.05066773771998803,0.4745973838551561,0.3887962418534393,0.026991804227863656,-2.0161085323504757,-0.12862995727132423,2.540516490483554,1.3963790251478427
9.933333333333334,0.033333333333333215,298,298,takeover,cartesian_freedrive,0.9826669507018408,0.050577634676270994,0.4749327823896973,0.38856146116357887,0.02715660064218616,-2.016454326423987,-0.12886639499176328,2.5407152905917667,1.3968141508684895
9.966666666666667,0.033333333333333215,299,299,takeover,cartesian_freedrive,0.9826669507018408,0.05054858898861189,0.47493439450488056,0.3885603316854815,0.027157489910241233,-2.0164559871194805,-0.12886752943050162,2.5407162593654884,1.3968162445076295
10.0,0.033333333333333215,300,300,takeover,cartesian_freedrive,0.9826669507018408,0.05053826653119903,0.4749344023304821,0.38856032624238673,0.02715750355772914,-2.0164559950423087,-0.12886753461012582,2.5407162643675534,1.3968162577019312
10.033333333333333,0.033333333333333215,301,301,takeover,cartesian_freedrive,0.9826669507018408,0.050534585856952925,0.47493440241066337,0.38856032621293024,0.027157513204515028,-2.016455995000688,-0.1288675346257879,2.540716264524737,1.3968162586770705
10.066666666666666,0.033333333333333215,302,302,takeover,cartesian_freedrive,0.9826669507018408,0.05053325909571025,0.47493440244526475,0.388560326210652,0.02715752288549814,-2.016455994920593,-0.12886753469896414,2.5407162645874464,1.3968162587279536
10.1,0.033333333333333215,303,303,takeover,cartesian_freedrive,0.9826669507018408,0.05053276477754134,0.47493440247731533,0.3885603262087146,0.02715753254291009,-2.0164559948445597,-0.1288675347900662,2.540716264623962,1.396816258382636
10.133333333333333,0.033333333333333215,304,304,takeover,cartesian_freedrive,0.9889299750757488,0.05080167846713598,0.5178131014983582,0.3873113621115858,0.01898253133446454,-2.0384222823160587,-0.1492631787002745,2.5772412818249846,1.4639244353883427
10.166666666666666,0.033333333333333215,305,305,takeover,cartesian_freedrive,0.9889299750757488,0.050694335326981005,0.5343850360526698,0.3871242073186085,0.017711112870042914,-2.0423607191011053,-0.15243579076336464,2.58292298858916,1.4743637332433832
10.2,0.033333333333333215,306,306,takeover,cartesian_freedrive,0.9889299750757488,0.050606697552933746,0.5344647507464453,0.38712330171944437,0.017704837012645483,-2.042379720579537,-0.1524510562795795,2.5829503346670153,1.4744139392923052
10.233333333333333,0.033333333333333215,307,307,takeover,cartesian_freedrive,0.9889299750757488,0.05057809250776286,0.5344651345890153,0.38712329734306056,0.017704821660424704,-2.042379811966935,-0.1524511287460325,2.582950467175938,1.4744141897279757
10.266666666666667,0.03333333333333499,308,308,takeover,cartesian_freedrive,0.9889299750757488,0.050567874802203566,0.534465136537874,0.3871232973141019,0.017704836046078774,-2.0423798122933317,-0.15245112886438705,2.5829504681017803,1.4744141935879749
10.3,0.033333333333333215,309,309,takeover,cartesian_freedrive,0.9889299750757488,0.050564198397543156,0.5344651366213874,0.3871232973102355,0.01770485073402064,-2.0423798121685683,-0.15245112888729434,2.5829504682309596,1.4744141937832358
10.333333333333334,0.033333333333333215,310,310,takeover,cartesian_freedrive,0.9889299750757488,0.05056284601245567,0.5344651366875756,0.3871232973079711,0.017704865406879985,-2.042379812045478,-0.15245112896934046,2.5829504683011812,1.4744141929262713
10.366666666666667,0.033333333333333215,311,311,takeover,cartesian_freedrive,0.9889299750757488,0.05056231765203771,0.5344651367523683,0.38712329730615086,0.01770488002930626,-2.0423798119323537,-0.1524511290403657,2.5829504683546305,1.4744141915757898
10.4,0.033333333333333215,312,312,takeover,cartesian_freedrive,0.9565795194156692,0.05235835116651984,0.5733693390896082,0.4516950152904621,0.0069266217762363,-2.1010535724019754,-0.19088131249422102,2.605383388578749,1.5165341992111396
10.433333333333334,0.033333333333333215,313,313,takeover,cartesian_freedrive,0.9565795194156692,0.054570925933739446,0.5739398020206476,0.44866686005784595,0.006825056321444825,-2.101985953420232,-0.19124344554932723,2.6055947756573365,1.5169308884111554
10.466666666666667,0.033333333333333215,314,314,takeover,cartesian_freedrive,0.9565795194156692,0.05540400737953373,0.5739425521765426,0.44865229423743797,0.006824581201008986,-2.1019904860685448,-0.19124519013103325,2.605595731928604,1.5169326190240315
10.5,0.033333333333333215,315,315,takeover,cartesian_freedrive,0.9565795194156692,0.055711717600114036,0.5739425570352737,0.4486522265732222,0.006824497706449261,-2.1019905474379685,-0.19124505556135074,2.605595778522606,1.5169328191198932
10.533333333333333,0.033333333333333215,316,316,takeover,cartesian_freedrive,0.9565795194156692,0.05581423386721298,0.57394255814146,0.4486522269481052,0.006824493703389588,-2.101990581012656,-0.1912450091396993,2.6055957689657934,1.5169328426698387
10.566666666666666,0.033333333333333215,317,317,takeover,cartesian_freedrive,0.9565795194156692,0.05584850610216695,0.5739425585357365,0.44865222709066693,0.006824489528709331,-2.1019905907458467,-0.19124499618816407,2.605595765887982,1.516932849082108
10.6,0.033333333333333215,318,318,takeover,cartesian_freedrive,0.9565795194156692,0.05586001895272901,0.5739425586877698,0.44865222713705755,0.006824472975563031,-2.1019905942062604,-0.19124499215885712,2.6055957643072074,1.5169328508298627
10.633333333333333,0.033333333333333215,319,319,takeover,cartesian_freedrive,0.9742092809527065,0.05618942819809817,0.5901020013547789,0.44092220123085724,0.019664029956019725,-2.0482745773935815,-0.17375303078068577,2.6187536494792276,1.5474672332630293
10.666666666666666,0.033333333333333215,320,320,takeover,cartesian_freedrive,0.9742092809527065,0.05616387631815837,0.5962419405646182,0.432593066960109,0.021892705610731564,-2.0290871570937288,-0.17103211073288208,2.6208004030723373,1.5522168606819893
10.7,0.033333333333333215,321,321,takeover,cartesian_freedrive,0.9742092809527065,0.05610168661362686,0.5962714973152143,0.43255535986070376,0.021903403624809713,-2.028994823986979,-0.17101901149765028,2.62081025886563,1.5522396700609211
10.733333333333333,0.033333333333333215,322,322,takeover,cartesian_freedrive,0.9742092809527065,0.056079206214284597,0.5962716395514821,0.4325551783512292,0.021903474285230113,-2.028994379351647,-0.17101894741803506,2.6208103079924108,1.5522397826983363
10.766666666666667,0.03333333333333499,323,323,takeover,cartesian_freedrive,0.9742092809527065,0.056068151106081376,0.5962716409905873,0.43255517722871356,0.021903402346508557,-2.0289943800467167,-0.1710189463865044,2.6208103030051166,1.5522397840347293
10.8,0.033333333333333215,324,324,takeover,cartesian_freedrive,0.9742092809527065,0.056067077516601865,0.5962716405671534,0.4325551774442967,0.021903583425942733,-2.0289943755240443,-0.17101894903484408,2.620810309474733,1.5522397859966084
10.833333333333334,0.033333333333333215,325,325,takeover,cartesian_freedrive,0.9742092809527065,0.05606667347931466,0.596271640623474,0.4325551774418702,0.021903600505534606,-2.0289943752621546,-0.17101894941144907,2.620810309597712,1.5522397860229156
10.866666666666667,0.033333333333333215,326,326,takeover,cartesian_freedrive,0.9742092809527065,0.056066502909076846,0.5962716406851729,0.43255517743866306,0.021903616734657565,-2.0289943750271435,-0.17101894976974458,2.6208103096793813,1.552239785920815
10.9,0.033333333333333215,327,327,takeover,cartesian_freedrive,-0.9949660247188348,0.06027697174825011,0.6573198870150804,0.43741746918471186,-0.03029473045314765,-2.077877052932464,-0.20192878187070779,2.629101875451614,1.6092488651372605
10.933333333333334,0.033333333333333215,328,328,takeover,cartesian_freedrive,-0.9949660247188348,0.06299809696453196,0.6579619698950584,0.43752843624830484,-0.030786577870226865,-2.0786107828518925,-0.20222004623947443,2.629179992195181,1.6097857860729083
10.966666666666667,0.033333333333333215,329,329,takeover,cartesian_freedrive,-0.9949660247188348,0.0656663109892573,0.6579650589706492,0.4375289690373221,-0.030788975652586127,-2.078614316936093,-0.2022214155324618,2.6291803794419453,1.6097884256926671
11.0,0.033333333333333215,330,330,takeover,cartesian_freedrive,-0.9949660247188348,0.0683336185885175,0.6579650772685416,0.43752897121349005,-0.0307890090445696,-2.078614335592951,-0.20222145881025053,2.629180372789431,1.6097882980209293
11.033333333333333,0.033333333333333215,331,331,takeover,cartesian_freedrive,-0.9949660247188348,0.0710002463143277,0.6579635760731043,0.43752952567235776,-0.030789021347083983,-2.078614288418578,-0.20222349424311128,2.629176041636051,1.6097909066470735
11.066666666666666,0.033333333333333215,332,332,takeover,cartesian_freedrive,-0.9949660247188348,0.07366728555195917,0.6579635042588196,0.4375295594181624,-0.030789017832293226,-2.078614285331786,-0.20222361492852972,2.629175782917694,1.6097910659794992
11.1,0.033333333333333215,333,333,takeover,cartesian_freedrive,-0.9949660247188348,0.07633431083610867,0.6579636445529677,0.43752952777043574,-0.030789017923871634,-2.0786142903070224,-0.2022234917782154,2.6291760383504457,1.609790908929454
11.133333333333333,0.033333333333333215,334,334,takeover,cartesian_freedrive,-0.9916840702470606,0.07904312105641978,0.6331160637406863,0.39227014470642013,0.0003860113067669136,-2.014565332481329,-0.15689545576332678,2.3208530697300604,1.5105995237514809
11.166666666666666,0.033333333333333215,335,335,takeover,cartesian_freedrive,-0.9916840702470606,0.07966640711075308,0.6292471556367498,0.13194135268499815,0.005193900549838577,-2.003467639140337,-0.1498486040593177,2.2691389930917922,1.4951719427781764
11.2,0.033333333333333215,336,336,takeover,cartesian_freedrive,-0.9916840702470606,0.07966736548259978,0.6292283669724986,0.20581534306364196,0.005213212552090902,-2.0034146563568456,-0.14981463974273568,2.2688897827800774,1.4950978399166934
11.233333333333333,0.033333333333333215,337,337,takeover,cartesian_freedrive,-0.9916840702470606,0.07966736662710625,0.6292285430426443,0.20578043137413374,0.005212729853602874,-2.0034147253037857,-0.14981418422923676,2.2688888868270976,1.4950973346253569
11.266666666666667,0.03333333333333499,338,338,takeover,cartesian_freedrive,-0.9916840702470606,0.0796673666259746,0.6292285438111132,0.2057802633909218,0.005212725714234,-2.003414724901343,-0.14981418239956598,2.268888882514997,1.495097332193361
11.3,0.033333333333333215,339,339,takeover,cartesian_freedrive,-0.9916840702470606,0.07966736662599078,0.6292285438152733,0.20578026258214466,0.005212725686331792,-2.0034147249032896,-0.14981418238894806,2.268888882494255,1.4950973321816556
11.333333333333334,0.033333333333333215,340,340,takeover,cartesian_freedrive,-0.9916840702470606,0.07966736662599092,0.6292285438152955,0.20578026257825072,0.005212725686183268,-2.0034147249033154,-0.14981418238888838,2.268888882494156,1.4950973321816003
11.366666666666667,0.033333333333333215,341,341,takeover,cartesian_freedrive,-0.9916840702470606,0.07966736662599092,0.6292285438152955,0.20578026257823195,0.005212725686182512,-2.0034147249033154,-0.1498141823888881,2.268888882494156,1.4950973321816003
11.4,0.033333333333333215,342,342,takeover,cartesian_freedrive,-0.987293050960055,0.07949220568973,0.6638857302918243,0.16637294015338133,-0.01647820393990906,-2.013508473410936,-0.12506613040562156,2.2701963512016246,1.5025703970194315
11.433333333333334,0.033333333333333215,343,343,takeover,cartesian_freedrive,-0.987293050960055,0.07949175066261749,0.6642514983800689,0.16567015208587824,-0.016685722191920643,-2.013603612955366,-0.12483465802500715,2.270203935420888,1.5026425917580801
11.466666666666667,0.033333333333333215,344,344,takeover,cartesian_freedrive,-0.987293050960055,0.07949175100559538,0.6642527024604689,0.16566681291933233,-0.016686817541359603,-2.0136040560355783,-0.12483374421823068,2.2702036413195494,1.5026431462945133
11.5,0.033333333333333215,345,345,takeover,cartesian_freedrive,-0.987293050960055,0.07949175100780292,0.6642527072513168,0.16566679691511996,-0.016686822813338224,-2.0136040581553645,-0.12483374015089058,2.2702036393786917,1.502643149313074
11.533333333333333,0.033333333333333215,346,346,takeover,cartesian_freedrive,-0.987293050960055,0.07949175100781386,0.6642527072738252,0.1656667968383915,-0.01668682283871255,-2.0136040581655608,-0.12483374013209654,2.2702036393671863,1.5026431493284274
11.566666666666666,0.033333333333333215,347,347,takeover,cartesian_freedrive,-0.987293050960055,0.07949175100781392,0.6642527072739335,0.16566679683802363,-0.01668682283883468,-2.013604058165608,-0.12483374013200933,2.270203639367123,1.5026431493285035
11.6,0.033333333333333215,348,348,takeover,cartesian_freedrive,-0.987293050960055,0.07949175100781392,0.6642527072739335,0.16566679683802202,-0.016686822838835248,-2.013604058165608,-0.12483374013200901,2.270203639367123,1.5026431493285035
11.633333333333333,0.033333333333333215,349,349,takeover,cartesian_freedrive,-0.9941610631275137,0.07974453118916558,0.6385079100150544,0.21194378044589554,-0.039278633947679,-1.9983643561793476,-0.11477691245580234,2.280506776484188,1.507999564304297
11.666666666666666,0.033333333333333215,350,350,takeover,cartesian_freedrive,-0.9941610631275137,0.07976641428418277,0.6191928659774389,0.23465995524533453,-0.04314332876486321,-1.9958606611108487,-0.11321255288642455,2.282109317777953,1.508832884676747
11.7,0.033333333333333215,351,351,takeover,cartesian_freedrive,-0.9941610631275137,0.07976646207924223,0.6191034418440309,0.2347342171059686,-0.04315959928671072,-1.995848578000034,-0.11320637599334013,2.2821137034413153,1.508838336910274
11.733333333333333,0.033333333333333215,352,352,takeover,cartesian_freedrive,-0.9941610631275137,0.07976646321219379,0.6191030432219037,0.23473462921891036,-0.043159448213349175,-1.9958484705387236,-0.11320647640770733,2.2821133634327153,1.508838478693232
11.766666666666667,0.03333333333333499,353,353,takeover,cartesian_freedrive,-0.9941610631275137,0.07976646321329874,0.6191030422062036,0.23473463119096544,-0.043159447486224564,-1.9958484700404642,-0.11320647663972234,2.2821133619396274,1.5088384791188525
11.8,0.033333333333333215,354,354,takeover,cartesian_freedrive,-0.9941610631275137,0.07976646321329917,0.6191030422026211,0.23473463120042065,-0.04315944748272487,-1.9958484700380934,-0.11320647664043057,2.282113361932789,1.5088384791204816
11.833333333333334,0.033333333333333215,355,355,takeover,cartesian_freedrive,-0.9941610631275137,0.07976646321329917,0.6191030422026061,0.23473463120046603,-0.04315944748270803,-1.9958484700380832,-0.11320647664043311,2.282113361932759,1.5088384791204872
11.866666666666667,0.033333333333333215,356,356,takeover,cartesian_freedrive,-0.9941610631275137,0.07976646321329917,0.6191030422026061,0.2347346312004661,-0.04315944748270799,-1.9958484700380832,-0.11320647664043311,2.282113361932759,1.5088384791204872
11.9,0.033333333333333215,357,357,takeover,cartesian_freedrive,-0.9949737137262602,0.07979886516153337,0.6641075406656402,0.1979234268020154,-0.043095050051834255,-2.0241627966379223,-0.1366247870026624,2.273833358236407,1.4732757077698513
11.933333333333334,0.033333333333333215,358,358,takeover,cartesian_freedrive,-0.9949737137262602,0.07979897110303592,0.6649381519366211,0.19743727488090287,-0.04310071927398238,-2.0244542148271454,-0.13684650206223903,2.2737518233422116,1.4729418387158841
11.966666666666667,0.033333333333333215,359,359,takeover,cartesian_freedrive,-0.9949737137262602,0.07979897482127868,0.6649407038583522,0.19743509009343577,-0.04310121683891093,-2.0244555517277605,-0.13684824479795432,2.2737502284747335,1.4729409194067
12.0,0.033333333333333215,360,360,takeover,cartesian_freedrive,-0.9949737137262602,0.07979897482651885,0.664940708062681,0.19743507962574955,-0.04310121923371899,-2.024455558008744,-0.13684825500386047,2.2737502198263377,1.4729409168865824
12.033333333333333,0.033333333333333215,361,361,takeover,cartesian_freedrive,-0.9949737137262602,0.0797989748265267,0.664940708075967,0.1974350795754435,-0.043101219245245334,-2.0244555580388433,-0.13684825505462375,2.2737502197836306,1.4729409168761731
12.066666666666666,0.033333333333333215,362,362,takeover,cartesian_freedrive,-0.9949737137262602,0.07979897482652673,0.6649407080760246,0.1974350795752016,-0.04310121924530082,-2.024455558038986,-0.1368482550548699,2.273750219783424,1.472940916876126
12.1,0.033333333333333215,363,363,takeover,cartesian_freedrive,-0.9949737137262602,0.07979897482652673,0.6649407080760246,0.1974350795752006,-0.04310121924530104,-2.024455558038986,-0.13684825505487092,2.273750219783424,1.472940916876126
12.133333333333333,0.033333333333333215,364,364,takeover,cartesian_freedrive,-0.9702647009340453,0.07889152125290183,0.6493363078347051,0.20611454357104503,-0.008925441499411253,-1.9948775266405243,-0.11215618065406986,2.273457548137688,1.494556504547201
12.166666666666666,0.033333333333333215,365,365,takeover,cartesian_freedrive,-0.9702647009340453,0.07881069209625441,0.6475163555015256,0.20737309941641735,-0.003230143981056344,-1.9892760438362047,-0.10831523545874408,2.2734113514879923,1.4979190812787282
12.2,0.033333333333333215,366,366,takeover,cartesian_freedrive,-0.9702647009340453,0.07881060858125735,0.6475054574315245,0.2073795827998249,-0.0032044281743539276,-1.9892489058606668,-0.1082982389310916,2.2734081613608597,1.4979367362806082
12.233333333333333,0.033333333333333215,367,367,takeover,cartesian_freedrive,-0.9702647009340453,0.07881060782806376,0.6475053778163292,0.20737959589763663,-0.0032043044027260993,-1.9892487748271797,-0.10829812129144128,2.2734082722951503,1.4979367833785218
12.266666666666667,0.03333333333333499,368,368,takeover,cartesian_freedrive,-0.9702647009340453,0.07881060782724629,0.6475053773098971,0.20737959596407907,-0.003204303807006275,-1.9892487741947344,-0.10829812075925205,2.273408272802414,1.4979367836402566
12.3,0.033333333333333215,369,369,takeover,cartesian_freedrive,-0.9702647009340453,0.07881060782724564,0.6475053773072592,0.2073795959644119,-0.0032043038041390417,-1.9892487741916876,-0.10829812075676302,2.27340827280476,1.4979367836415913
12.333333333333334,0.033333333333333215,370,370,takeover,cartesian_freedrive,-0.9702647009340453,0.07881060782724564,0.6475053773072463,0.20737959596441352,-0.0032043038041252416,-1.9892487741916725,-0.10829812075675126,2.2734082728047706,1.497936783641598
12.366666666666667,0.033333333333333215,371,371,takeover,cartesian_freedrive,-0.9702647009340453,0.07881060782724564,0.6475053773072463,0.20737959596441352,-0.0032043038041251774,-1.9892487741916725,-0.10829812075675116,2.2734082728047706,1.497936783641598
12.4,0.033333333333333215,372,372,takeover,cartesian_freedrive,-0.9810365234993983,0.07924027438750489,0.6419115065540908,0.16938093187778572,-0.044087380491013205,-2.0005350626808034,-0.1327711948064001,2.268193597616519,1.5247875802135962
12.433333333333334,0.033333333333333215,373,373,takeover,cartesian_freedrive,-0.9810365234993983,0.0792414662424592,0.6415884680258008,0.16875133137495038,-0.04455027986679349,-2.0006435987859037,-0.13300195152628477,2.2681436934701615,1.5250408778121685
12.466666666666667,0.033333333333333215,374,374,takeover,cartesian_freedrive,-0.9810365234993983,0.07924148235023108,0.6415861373403262,0.16874872723379183,-0.04455078119280176,-2.0006437863096345,-0.13300424218254944,2.26814053404506,1.5250431822987907
12.5,0.033333333333333215,375,375,takeover,cartesian_freedrive,-0.9810365234993983,0.07924148236924061,0.6415861372159639,0.1687487146986675,-0.0445507836057121,-2.0006437873848877,-0.13300425109428596,2.268140519666457,1.5250431911941527
12.533333333333333,0.033333333333333215,376,376,takeover,cartesian_freedrive,-0.9810365234993983,0.07924148236926631,0.6415861372257331,0.16874871463844857,-0.044550783617325576,-2.0006437873902247,-0.1330042511354553,2.268140519597216,1.5250431912351776
12.566666666666666,0.033333333333333215,377,377,takeover,cartesian_freedrive,-0.9810365234993983,0.07924148236926636,0.6415861372257893,0.16874871463815938,-0.04455078361738147,-2.0006437873902483,-0.13300425113565306,2.2681405195968796,1.5250431912353744
12.6,0.033333333333333215,378,378,takeover,cartesian_freedrive,-0.9810365234993983,0.07924148236926636,0.6415861372257893,0.16874871463815816,-0.0445507836173817,-2.0006437873902483,-0.13300425113565387,2.2681405195968796,1.5250431912353744
12.633333333333333,0.033333333333333215,379,379,takeover,cartesian_freedrive,-1.0,0.0799395048288468,0.6387476043215273,0.19611657137317443,-0.03005535511102567,-2.025471164019527,-0.1319671957586458,2.2732730255349085,1.5271561714331183
12.666666666666666,0.033333333333333215,380,380,takeover,cartesian_freedrive,-1.0,0.07999994664348618,0.6385325851502449,0.2152821278946203,-0.02765040181439659,-2.030585665881566,-0.13180652055178615,2.2740690283266,1.5274855875295452
12.7,0.033333333333333215,381,381,takeover,cartesian_freedrive,-1.0,0.08000002781106655,0.6385294226132153,0.21534554206702516,-0.027639614241502075,-2.0306101949611954,-0.1318069636640686,2.274070518518577,1.5274884261008854
12.733333333333333,0.033333333333333215,382,382,takeover,cartesian_freedrive,-1.0,0.08000002785437352,0.6385293865650485,0.215345845606228,-0.0276395623203054,-2.0306103126071275,-0.1318069665597659,2.274070536511529,1.5274884405142322
12.766666666666667,0.03333333333333499,383,383,takeover,cartesian_freedrive,-1.0,0.08000002785416818,0.6385293863687019,0.2153458470586012,-0.02763956207040575,-2.030610313172888,-0.13180696655891683,2.2740705366585323,1.5274884405678704
12.8,0.033333333333333215,384,384,takeover,cartesian_freedrive,-1.0,0.08000002785416672,0.6385293863677275,0.21534584706555002,-0.027639562069202973,-2.03061031317561,-0.13180696655882312,2.274070536659537,1.5274884405680327
12.833333333333334,0.033333333333333215,385,385,takeover,cartesian_freedrive,-1.0,0.08000002785416671,0.6385293863677233,0.2153458470655833,-0.027639562069197182,-2.0306103131756204,-0.13180696655882237,2.2740705366595404,1.5274884405680327
12.866666666666667,0.033333333333333215,386,386,takeover,cartesian_freedrive,-1.0,0.08000002785416671,0.6385293863677233,0.2153458470655833,-0.027639562069197175,-2.0306103131756204,-0.13180696655882237,2.2740705366595404,1.5274884405680327
12.9,0.033333333333333215,387,387,takeover,cartesian_freedrive,-0.9638340681192048,0.07855833264207064,0.6655422059094496,0.20672230838652406,0.013916762455367916,-1.9770216278164163,-0.1044063495811539,2.2814186673714594,1.498554203039717
12.933333333333334,0.033333333333333215,388,388,takeover,cartesian_freedrive,-0.9638340681192048,0.07855338675510443,0.6664820387308106,0.20647575519029102,0.014393859809634374,-1.9761813005775082,-0.10414919201673616,2.2814848539901673,1.4982826750513842
12.966666666666667,0.033333333333333215,389,389,takeover,cartesian_freedrive,-0.9638340681192048,0.0785533742181071,0.666484825423902,0.20647448170499633,0.014395542087242124,-1.9761771814589537,-0.10414812861557834,2.2814857939733373,1.4982815084142074
13.0,0.033333333333333215,390,390,takeover,cartesian_freedrive,-0.9638340681192048,0.07855337408326066,0.6664848307691413,0.20647446906309513,0.014395550184139115,-1.9761771615283887,-0.10414811004751436,2.2814858437678507,1.4982814885118354
13.033333333333333,0.033333333333333215,391,391,takeover,cartesian_freedrive,-0.9638340681192048,0.07855337408311441,0.6664848307509381,0.2064744690030961,0.01439555022310994,-1.9761771614319172,-0.10414810996911103,2.2814858440014865,1.4982814884272757
13.066666666666666,0.033333333333333215,392,392,takeover,cartesian_freedrive,-0.9638340681192048,0.07855337408311427,0.6664848307507755,0.20647446900281002,0.014395550223297507,-1.9761771614314523,-0.1041481099687552,2.2814858440025927,1.498281488426891
13.1,0.033333333333333215,393,393,takeover,cartesian_freedrive,-0.9638340681192048,0.07855337408311427,0.6664848307507751,0.2064744690028088,0.014395550223298404,-1.9761771614314512,-0.10414810996875361,2.2814858440025954,1.4982814884268905
13.133333333333333,0.033333333333333215,394,394,takeover,cartesian_freedrive,-0.9899251948973173,0.07951014191267847,0.6114619423926834,0.18931044997075697,0.04497930904587155,-2.0014517569928763,-0.09334390018194572,2.2897553685692107,1.5127419050733935
13.166666666666666,0.033333333333333215,395,395,takeover,cartesian_freedrive,-0.9899251948973173,0.07959690327097811,0.5991417733700997,0.18635638801495366,0.0497605579353444,-2.005654691035765,-0.09166350010422314,2.2910409989725617,1.5149915788122088
13.2,0.033333333333333215,396,396,takeover,cartesian_freedrive,-0.9899251948973173,0.07959700924935674,0.5990825281175934,0.18634213949212627,0.04978364108824242,-2.0056753773039446,-0.09165519088819606,2.2910471877263,1.515002406618778
13.233333333333333,0.033333333333333215,397,397,takeover,cartesian_freedrive,-0.9899251948973173,0.07959700987089313,0.5990822525358854,0.186342065371385,0.04978374313996658,-2.005675559871814,-0.09165511079654289,2.291047217700695,1.5150024587336217
13.266666666666667,0.03333333333333499,398,398,takeover,cartesian_freedrive,-0.9899251948973173,0.07959700987021903,0.5990822513263666,0.18634206494886643,0.04978374113569047,-2.005675561711879,-0.09165510995437137,2.29104721784895,1.515002458984453
13.3,0.033333333333333215,399,399,takeover,cartesian_freedrive,-0.9899251948973173,0.07959700987114338,0.5990822513517088,0.18634206492894326,0.0497837408986962,-2.005675561986711,-0.09165510982246854,2.2910472178504153,1.5150024589856603
13.333333333333334,0.033333333333333215,400,400,takeover,cartesian_freedrive,-0.9899251948973173,0.07959700987114479,0.599082251351828,0.1863420649288485,0.04978374089821445,-2.0056755619880238,-0.0916551098218364,2.2910472178504215,1.515002458985665
13.366666666666667,0.033333333333333215,401,401,takeover,cartesian_freedrive,-0.9899251948973173,0.07959700987114479,0.5990822513518282,0.18634206492884803,0.04978374089821321,-2.00567556198803,-0.09165510982183336,2.2910472178504215,1.515002458985665
13.4,0.033333333333333215,402,402,takeover,cartesian_freedrive,-0.9341358431832278,0.07737882653211144,0.6864768286004064,0.15405540488654354,0.010051537811464393,-1.9713229108764876,-0.13219014670626994,2.2603535410420865,1.5099946754445615
13.433333333333334,0.033333333333333215,403,403,takeover,cartesian_freedrive,-0.9341358431832278,0.07736546902181216,0.6878274852439749,0.1531772395756613,0.009665742893979633,-1.9709363725928988,-0.1325729716213807,2.260061368572462,1.5099484812220676
13.466666666666667,0.033333333333333215,404,404,takeover,cartesian_freedrive,-0.9341358431832278,0.07736545395501959,0.6878322092016029,0.1531730985296455,0.009663370722356731,-1.9709344539628164,-0.1325753130353933,2.260059334280922,1.509948752547458
13.5,0.033333333333333215,405,405,takeover,cartesian_freedrive,-0.9341358431832278,0.07736545384866526,0.6878322245015572,0.15317307429672208,0.009663359304960937,-1.9709344446459696,-0.13257531607067832,2.260059354072202,1.5099487453597171
13.533333333333333,0.033333333333333215,406,406,takeover,cartesian_freedrive,-0.9341358431832278,0.07736545384855695,0.6878322245531164,0.153173074180818,0.009663359250008368,-1.9709344446008887,-0.13257531609057044,2.2600593541617573,1.5099487453305687
13.566666666666666,0.033333333333333215,407,407,takeover,cartesian_freedrive,-0.9341358431832278,0.07736545384855689,0.687832224553345,0.15317307418026305,0.009663359249743876,-1.9709344446006716,-0.13257531609067585,2.260059354162167,1.5099487453304388
13.6,0.033333333333333215,408,408,takeover,cartesian_freedrive,-0.9341358431832278,0.07736545384855689,0.687832224553346,0.15317307418026038,0.009663359249742608,-1.9709344446006707,-0.13257531609067638,2.260059354162167,1.5099487453304388
13.633333333333333,0.033333333333333215,409,409,takeover,cartesian_freedrive,-0.9297562083955881,0.07720421680416031,0.6765711535699648,0.14845545691425904,-0.022052391080686653,-1.9706598794548438,-0.12608073398325226,2.2639743843801003,1.5214534318347732
13.666666666666666,0.033333333333333215,410,410,takeover,cartesian_freedrive,-0.9297562083955881,0.07719026271240415,0.6658906791251188,0.14761112395925272,-0.027896241760589684,-1.9706170468480955,-0.12507035717352877,2.264583802552988,1.5232428993981162
13.7,0.033333333333333215,411,411,takeover,cartesian_freedrive,-0.9297562083955881,0.07719027095971409,0.6658379413421099,0.14760759802259124,-0.027921577979123213,-1.9706168160526936,-0.12506687154525764,2.264582935665371,1.523252952027525
13.733333333333333,0.033333333333333215,412,412,takeover,cartesian_freedrive,-0.9297562083955881,0.07719027191535967,0.6658377613203994,0.14760762980630465,-0.02792153001422177,-1.9706167863648107,-0.12506695597346457,2.2645826108239038,1.5232530924828482
13.766666666666667,0.03333333333333499,413,413,takeover,cartesian_freedrive,-0.9297562083955881,0.07719027191642439,0.6658377610348557,0.14760762995677335,-0.027921529783363992,-1.9706167862286663,-0.1250669562759122,2.2645826093100205,1.5232530930515615
13.8,0.033333333333333215,414,414,takeover,cartesian_freedrive,-0.9297562083955881,0.07719027191642547,0.665837761033885,0.1476076299574917,-0.027921529782252867,-1.970616786228016,-0.1250669562772867,2.2645826093027974,1.5232530930542152
13.833333333333334,0.033333333333333215,415,415,takeover,cartesian_freedrive,-0.9297562083955881,0.07719027191642547,0.6658377610338811,0.147607629957495,-0.027921529782247514,-1.970616786228014,-0.12506695627729308,2.264582609302765,1.5232530930542265
13.866666666666667,0.033333333333333215,416,416,takeover,cartesian_freedrive,-0.9297562083955881,0.07719027191642547,0.6658377610338811,0.147607629957495,-0.02792152978224751,-1.970616786228014,-0.12506695627729308,2.264582609302765,1.5232530930542265
13.9,0.033333333333333215,417,417,takeover,cartesian_freedrive,-0.9330623027743954,0.0773221280261896,0.6744150241353222,0.157277689067206,-0.042346573738396454,-1.9693043469432971,-0.13173297169634376,2.2640585704010503,1.5228001999343128
13.933333333333334,0.033333333333333215,418,418,takeover,cartesian_freedrive,-0.9330623027743954,0.07732251463317398,0.6744944479099749,0.15738605466986258,-0.0424824542650886,-1.9692919437261627,-0.13179717877790495,2.2640497064873633,1.5227973914395851
13.966666666666667,0.033333333333333215,419,419,takeover,cartesian_freedrive,-0.9330623027743954,0.07732251548317734,0.6744949090970321,0.15738660070778443,-0.04248301766356278,-1.969291869568484,-0.13179752995465027,2.2640495067645126,1.5227974150357035
14.0,0.033333333333333215,420,420,takeover,cartesian_freedrive,-0.9330623027743954,0.07732251548390243,0.6744949116255745,0.15738660332583837,-0.04248302037523142,-1.9692918692158683,-0.1317975315667783,2.2640495058947785,1.522797415069128
14.033333333333333,0.033333333333333215,421,421,takeover,cartesian_freedrive,-0.9330623027743954,0.07732251548390204,0.6744949116379728,0.15738660333839397,-0.042483020388282826,-1.9692918692141745,-0.13179753157439897,2.2640495058909234,1.5227974150691463
14.066666666666666,0.033333333333333215,422,422,takeover,cartesian_freedrive,-0.9330623027743954,0.07732251548390204,0.6744949116380323,0.15738660333845414,-0.042483020388345644,-1.9692918692141677,-0.1317975315744352,2.2640495058909083,1.5227974150691461
14.1,0.033333333333333215,423,423,takeover,cartesian_freedrive,-0.9330623027743954,0.07732251548390204,0.6744949116380323,0.1573866033384543,-0.04248302038834591,-1.9692918692141677,-0.13179753157443522,2.2640495058909083,1.5227974150691461
14.133333333333333,0.033333333333333215,424,424,takeover,cartesian_freedrive,-0.9348335759035538,0.07738766550021525,0.6631424967451837,0.14877931862326557,-0.05466662647583796,-1.975397901066177,-0.12670322641563253,2.2640393668137797,1.5198941468619047
14.166666666666666,0.033333333333333215,425,425,takeover,cartesian_freedrive,-0.9348335759035538,0.07739333449823595,0.6592237413726404,0.14728880149013682,-0.056620721895849456,-1.9763472866370995,-0.12591100197447885,2.264037203659387,1.519442727799983
14.2,0.033333333333333215,426,426,takeover,cartesian_freedrive,-0.9348335759035538,0.07739336579134001,0.6592039997345384,0.14728218235961782,-0.0566278162532097,-1.9763518156857167,-0.1259085225321994,2.2640332740721063,1.5194419430062758
14.233333333333333,0.033333333333333215,427,427,takeover,cartesian_freedrive,-0.9348335759035538,0.07739336594871818,0.6592039734178128,0.14728215933858846,-0.05662781759343552,-1.976351832774302,-0.12590851899052627,2.2640332015107627,1.5194419455584913
14.266666666666667,0.03333333333333499,428,428,takeover,cartesian_freedrive,-0.9348335759035538,0.07739336594889357,0.6592039734089792,0.14728215922766374,-0.05662781759988611,-1.9763518328580947,-0.12590851895253513,2.2640332011715327,1.51944194554913
14.3,0.033333333333333215,429,429,takeover,cartesian_freedrive,-0.9348335759035538,0.07739336594889376,0.659203973409019,0.14728215922712934,-0.05662781759991716,-1.9763518328584992,-0.1259085189523366,2.2640332011699096,1.5194419455490698
14.333333333333334,0.033333333333333215,430,430,takeover,cartesian_freedrive,-0.9348335759035538,0.07739336594889376,0.659203973409019,0.1472821592271269,-0.056627817599917266,-1.9763518328585,-0.1259085189523358,2.2640332011699047,1.5194419455490698
14.366666666666667,0.033333333333333215,431,431,takeover,cartesian_freedrive,-0.9348335759035538,0.07739336594889376,0.659203973409019,0.1472821592271269,-0.056627817599917266,-1.9763518328585,-0.1259085189523358,2.2640332011699047,1.5194419455490698
14.4,0.033333333333333215,432,432,takeover,cartesian_freedrive,-0.9436517945357608,0.0777451091714628,0.6563593241926996,0.1430802021844879,-0.029958339637634973,-1.973495912054555,-0.12126460287629674,2.2560142302703072,1.5178632645326005
14.433333333333334,0.033333333333333215,433,433,takeover,cartesian_freedrive,-0.9436517945357608,0.07774609305648583,0.6563838783929047,0.14303659401075602,-0.029684693636846483,-1.9734690770646943,-0.12122204153767424,2.255935007006831,1.517849633076942
14.466666666666667,0.033333333333333215,434,434,takeover,cartesian_freedrive,-0.9436517945357608,0.07774609516634211,0.6563832733600323,0.14303643334827046,-0.029683542028481145,-1.9734689290031544,-0.12122206765649575,2.255934248515268,1.5178498003781187
14.5,0.033333333333333215,435,435,takeover,cartesian_freedrive,-0.9436517945357608,0.07774609516903183,0.6563832685134559,0.14303643258243057,-0.029683536485725144,-1.9734689282692135,-0.1212220681211534,2.255934244706416,1.5178498015344197
14.533333333333333,0.033333333333333215,436,436,takeover,cartesian_freedrive,-0.9436517945357608,0.07774609516903552,0.6563832684888599,0.14303643257876367,-0.029683536459047546,-1.9734689282656672,-0.12122206812364265,2.2559342446878805,1.5178498015402466
14.566666666666666,0.033333333333333215,437,437,takeover,cartesian_freedrive,-0.9436517945357608,0.07774609516903552,0.6563832684887407,0.14303643257874613,-0.029683536458919146,-1.9734689282656512,-0.12122206812365495,2.2559342446877935,1.517849801540274
14.6,0.033333333333333215,438,438,takeover,cartesian_freedrive,-0.9436517945357608,0.07774609516903552,0.6563832684887407,0.14303643257874613,-0.029683536458918545,-1.9734689282656512,-0.12122206812365495,2.2559342446877935,1.517849801540274
14.633333333333333,0.033333333333333215,439,439,takeover,cartesian_freedrive,-0.9399480175403456,0.0776097429325518,0.654905269644446,0.15844584111774537,-0.025019714690195267,-1.9748352566787883,-0.11872222322428128,2.260119076541475,1.5227127531544697
14.666666666666666,0.033333333333333215,440,440,takeover,cartesian_freedrive,-0.9399480175403456,0.07759795773374925,0.6546888994277659,0.16226403802431494,-0.024297377443919892,-1.9750478577996495,-0.11833457601701661,2.2607663448997037,1.52347048703813
14.7,0.033333333333333215,441,441,takeover,cartesian_freedrive,-0.9399480175403456,0.07759794405464684,0.6546869157003465,0.1622824557580434,-0.02429413616921002,-1.9750488467449225,-0.11833297969935616,2.2607691408761434,1.5234743996098326
14.733333333333333,0.033333333333333215,442,442,takeover,cartesian_freedrive,-0.9399480175403456,0.07759794402921331,0.6546869028737214,0.16228254406961043,-0.024294120568772063,-1.9750488514633326,-0.11833297188849762,2.2607691564955745,1.523474418301478
14.766666666666667,0.03333333333333499,443,443,takeover,cartesian_freedrive,-0.9399480175403456,0.07759794402913817,0.6546869028091885,0.16228254449301674,-0.024294120493686275,-1.9750488514860056,-0.11833297184783627,2.260769156582049,1.523474418388252
14.8,0.033333333333333215,444,444,takeover,cartesian_freedrive,-0.9399480175403456,0.07759794402913786,0.6546869028088745,0.16228254449504675,-0.024294120493324883,-1.9750488514861138,-0.118332971847624,2.260769156582519,1.5234744183886526
14.833333333333334,0.033333333333333215,445,445,takeover,cartesian_freedrive,-0.9399480175403456,0.07759794402913786,0.6546869028088736,0.16228254449505639,-0.024294120493323156,-1.9750488514861138,-0.11833297184762295,2.2607691565825196,1.523474418388653
14.866666666666667,0.033333333333333215,446,446,takeover,cartesian_freedrive,-0.9399480175403456,0.07759794402913786,0.6546869028088736,0.16228254449505639,-0.024294120493323156,-1.9750488514861138,-0.11833297184762295,2.2607691565825196,1.523474418388653
14.9,0.033333333333333215,447,447,takeover,cartesian_freedrive,-0.9470562962886717,0.0778814711213412,0.6607186531563904,0.16608465726135443,-0.03787344477586833,-1.9762833475458392,-0.11861924848436263,2.2698778262680417,1.520205601019218
14.933333333333334,0.033333333333333215,448,448,takeover,cartesian_freedrive,-0.9470562962886717,0.07788227321687785,0.660772766961272,0.16612318465298193,-0.03800267270067336,-1.9762949439685618,-0.11862334588433826,2.269959833617708,1.5201762733892703
14.966666666666667,0.033333333333333215,449,449,takeover,cartesian_freedrive,-0.9470562962886717,0.07788227477544706,0.6607731181314876,0.16612340362845793,-0.03800317526010961,-1.9762949819709892,-0.11862342710305522,2.2699600088509904,1.5201761885211638
15.0,0.033333333333333215,450,450,takeover,cartesian_freedrive,-0.9470562962886717,0.07788227477714257,0.6607731202884437,0.16612340467700107,-0.038003177678956515,-1.9762949821602454,-0.11862342739444995,2.2699600097608377,1.5201761880103675
15.033333333333333,0.033333333333333215,451,451,takeover,cartesian_freedrive,-0.9470562962886717,0.077882274777144,0.6607731202992112,0.16612340468202677,-0.03800317769059857,-1.9762949821611613,-0.118623427395734,2.269960009765387,1.5201761880077864
15.066666666666666,0.033333333333333215,452,452,takeover,cartesian_freedrive,-0.9470562962886717,0.077882274777144,0.6607731202992629,0.1661234046820508,-0.038003177690654595,-1.9762949821611644,-0.11862342739573989,2.2699600097654073,1.5201761880077749
15.1,0.033333333333333215,453,453,takeover,cartesian_freedrive,-0.9470562962886717,0.077882274777144,0.6607731202992629,0.1661234046820508,-0.038003177690654824,-1.9762949821611644,-0.11862342739573989,2.2699600097654073,1.5201761880077749
15.133333333333333,0.033333333333333215,454,454,takeover,cartesian_freedrive,-0.9375473186870593,0.0775322617489412,0.6777593443852276,0.16284682928743152,-0.030493770400317474,-1.9758779164310332,-0.12502063306298697,2.264643184600459,1.5226110874031356
15.166666666666666,0.033333333333333215,455,455,takeover,cartesian_freedrive,-0.9375473186870593,0.07750193055087726,0.6829851942527428,0.16230588569407098,-0.029352483208491233,-1.9758134527921216,-0.12601547948609512,2.2638168587716088,1.522989598548469
15.2,0.033333333333333215,456,456,takeover,cartesian_freedrive,-0.9375473186870593,0.07750191585223266,0.6830091118143305,0.1623038447187994,-0.029349333757273978,-1.9758131564185522,-0.12602172466272904,2.263808870810728,1.5229929349876186
15.233333333333333,0.033333333333333215,457,457,takeover,cartesian_freedrive,-0.9375473186870593,0.077501915865014,0.6830091309606123,0.16230383764498607,-0.029349326623443986,-1.9758131518117563,-0.12602177898376082,2.2638088085541286,1.5229929750621911
15.266666666666667,0.03333333333333499,458,458,takeover,cartesian_freedrive,-0.9375473186870593,0.07750191586503544,0.6830091309562899,0.1623038376112844,-0.029349326589108462,-1.9758131517882924,-0.12602177926369362,2.263808808246538,1.522992975274029
15.3,0.033333333333333215,459,459,takeover,cartesian_freedrive,-0.9375473186870593,0.07750191586503546,0.6830091309561922,0.16230383761112252,-0.029349326588943205,-1.9758131517881794,-0.12602177926505573,2.2638088082450514,1.5229929752750637
15.333333333333334,0.033333333333333215,460,460,takeover,cartesian_freedrive,-0.9375473186870593,0.07750191586503546,0.6830091309561922,0.16230383761112188,-0.029349326588942425,-1.9758131517881794,-0.12602177926506217,2.2638088082450465,1.5229929752750675
15.366666666666667,0.033333333333333215,461,461,takeover,cartesian_freedrive,-0.9375473186870593,0.07750191586503546,0.6830091309561922,0.16230383761112188,-0.029349326588942425,-1.9758131517881794,-0.12602177926506217,2.2638088082450465,1.5229929752750675
15.4,0.033333333333333215,462,462,takeover,cartesian_freedrive,-0.9287406633683446,0.07715058931622323,0.6525914445692956,0.18160706520117093,-0.003669248075486442,-1.954813187296981,-0.144532251479024,2.2786622871071307,1.4839348814816105
15.433333333333334,0.033333333333333215,463,463,takeover,cartesian_freedrive,-0.9287406633683446,0.07714963799035929,0.6522970472344325,0.1818099395864323,-0.0034256785454724026,-1.9546046613709802,-0.14470725497713693,2.2788006349088614,1.483567632208767
15.466666666666667,0.033333333333333215,464,464,takeover,cartesian_freedrive,-0.9287406633683446,0.07714964273665796,0.6522948692874149,0.18181114873675486,-0.0034236249805170284,-1.954603404398335,-0.14470882244508113,2.278799782188749,1.4835665052555629
15.5,0.033333333333333215,465,465,takeover,cartesian_freedrive,-0.9287406633683446,0.07714964288539564,0.6522948556304415,0.18181115885585875,-0.00342361208774032,-1.9546033972414345,-0.14470884035716516,2.278799748916311,1.483566510157527
15.533333333333333,0.033333333333333215,466,466,takeover,cartesian_freedrive,-0.9287406633683446,0.07714964241793701,0.6522948565347951,0.18181114879281246,-0.0034236120256866593,-1.9546033972071482,-0.14470881801311927,2.278799818232902,1.4835664867177314
15.566666666666666,0.033333333333333215,467,467,takeover,cartesian_freedrive,-0.9287406633683446,0.07714964277265415,0.6522948560035126,0.18181115633324682,-0.003423612025387991,-1.9546033972097756,-0.14470883470223486,2.278799766432608,1.4835665041769548
15.6,0.033333333333333215,468,468,takeover,cartesian_freedrive,-0.9287406633683446,0.07714964288543649,0.652294855573062,0.1818111588923261,-0.0034236120253865535,-1.9546033972069352,-0.14470884041468127,2.278799748841414,1.4835665101508473
15.633333333333333,0.033333333333333215,469,469,takeover,cartesian_freedrive,-0.9374508186636348,0.07747024131296482,0.673783425224246,0.15425703168074154,-0.028195931392615517,-1.9720593064724072,-0.09627428709166236,2.2616709481102113,1.492714633168868
15.666666666666666,0.033333333333333215,470,470,takeover,cartesian_freedrive,-0.9374508186636348,0.07749801980882084,0.677125027409711,0.14745274669213768,-0.03204793958300561,-1.9749180434453304,-0.08874120803705189,2.259003122334247,1.4941389476488218
15.7,0.033333333333333215,471,471,takeover,cartesian_freedrive,-0.9374508186636348,0.07749805551358868,0.6771412631770926,0.14742011540996333,-0.03206614168286971,-1.9749317434619793,-0.08870520051999885,2.2589894975170033,1.494146035477425
15.733333333333333,0.033333333333333215,472,472,takeover,cartesian_freedrive,-0.9374508186636348,0.07749805556400885,0.6771413428380711,0.14741995867177893,-0.03206622929060281,-1.9749318094149202,-0.0887050276534776,2.258989429797611,1.4941460700492257
15.766666666666667,0.03333333333333499,473,473,takeover,cartesian_freedrive,-0.9374508186636348,0.07749805556410819,0.6771413432226998,0.14741995791891147,-0.032066229712263764,-1.9749318097323674,-0.08870502682459004,2.2589894294611517,1.4941460702188794
15.8,0.033333333333333215,474,474,takeover,cartesian_freedrive,-0.9374508186636348,0.07749805556410849,0.6771413432245529,0.14741995791529514,-0.03206622971429326,-1.9749318097338953,-0.08870502682061622,2.258989429459482,1.4941460702197125
15.833333333333334,0.033333333333333215,475,475,takeover,cartesian_freedrive,-0.9374508186636348,0.07749805556410849,0.6771413432245611,0.14741995791527784,-0.03206622971430302,-1.9749318097339015,-0.08870502682059715,2.258989429459476,1.4941460702197151
15.866666666666667,0.033333333333333215,476,476,takeover,cartesian_freedrive,-0.9374508186636348,0.07749805556410849,0.6771413432245611,0.14741995791527784,-0.03206622971430302,-1.9749318097339015,-0.08870502682059715,2.258989429459476,1.4941460702197151
15.9,0.033333333333333215,477,477,takeover,cartesian_freedrive,-0.930899605523045,0.07723671800319615,0.6696614480462278,0.16890182885186386,-0.022156871186911332,-1.9999847388460263,-0.09169220919810517,2.2674323266128082,1.5092337097957536
15.933333333333334,0.033333333333333215,478,478,takeover,cartesian_freedrive,-0.930899605523045,0.0772360069703984,0.6695891451301254,0.1693519826493102,-0.022064402885831596,-2.0002693526886715,-0.09172124162047839,2.267510202966068,1.5093767526486535
15.966666666666667,0.033333333333333215,479,479,takeover,cartesian_freedrive,-0.930899605523045,0.07723600582005308,0.6695887711339438,0.1693541388889036,-0.022063957830684017,-2.0002707222616682,-0.09172136249337201,2.2675106501124387,1.5093774212415316
16.0,0.033333333333333215,480,480,takeover,cartesian_freedrive,-0.930899605523045,0.07723600581706512,0.6695887693050226,0.16935414920769656,-0.022063955688608493,-2.000270728853133,-0.09172136294540084,2.2675106526823323,1.5093774243228344
16.033333333333335,0.03333333333333499,481,481,takeover,cartesian_freedrive,-0.930899605523045,0.0772360058170538,0.669588769296165,0.169354149257078,-0.022063955678298566,-2.0002707288848574,-0.09172136294694119,2.2675106526967013,1.5093774243369955
16.066666666666666,0.03333333333333144,482,482,takeover,cartesian_freedrive,-0.930899605523045,0.07723600581705375,0.6695887692961225,0.16935414925731435,-0.022063955678248943,-2.000270728885008,-0.09172136294694551,2.267510652696778,1.5093774243370595
16.1,0.03333333333333499,483,483,takeover,cartesian_freedrive,-0.930899605523045,0.07723600581705375,0.6695887692961225,0.1693541492573153,-0.022063955678248724,-2.000270728885008,-0.09172136294694551,2.267510652696778,1.5093774243370595
16.133333333333333,0.03333333333333144,484,484,takeover,cartesian_freedrive,-0.9568788542628823,0.07818879882179125,0.6794888847538065,0.17175939783537728,-0.04120378749590768,-1.981161274595166,-0.09531564066329963,2.2565116312015294,1.510876298659426
16.166666666666668,0.03333333333333499,485,485,takeover,cartesian_freedrive,-0.9568788542628823,0.07827505275338345,0.6809296508039345,0.17209895535562245,-0.04427855128091141,-1.977769181991316,-0.09587464700748825,2.2548006481241623,1.5111094655183652
16.2,0.03333333333333144,486,486,takeover,cartesian_freedrive,-0.9568788542628823,0.0782751768577209,0.6809356108728128,0.17210117733025798,-0.04429114537476302,-1.9777525619811755,-0.09587887757612819,2.254788398394024,1.5111120607095887
16.233333333333334,0.03333333333333499,487,487,takeover,cartesian_freedrive,-0.9568788542628823,0.07827517701283848,0.6809356614829883,0.1721011885557981,-0.04429120511125113,-1.9777524819823562,-0.09587889482022738,2.254788337139641,1.5111120698947866
16.266666666666666,0.03333333333333144,488,488,takeover,cartesian_freedrive,-0.9568788542628823,0.07827517701305063,0.6809356617486056,0.1721011886109096,-0.044291205398766215,-1.977752481597604,-0.09587889490119668,2.2547883368385557,1.5111120699369511
16.3,0.03333333333333499,489,489,takeover,cartesian_freedrive,-0.9568788542628823,0.07827517701305102,0.6809356617499042,0.17210118861118012,-0.04429120540015004,-1.9777524815957526,-0.09587889490159386,2.2547883368370703,1.5111120699371619
16.333333333333332,0.03333333333333144,490,490,takeover,cartesian_freedrive,-0.9568788542628823,0.07827517701305102,0.6809356617499099,0.17210118861118132,-0.0442912054001567,-1.9777524815957448,-0.09587889490159576,2.2547883368370654,1.5111120699371619
16.366666666666667,0.03333333333333499,491,491,takeover,cartesian_freedrive,-0.9568788542628823,0.07827517701305102,0.6809356617499099,0.17210118861118132,-0.0442912054001567,-1.9777524815957448,-0.09587889490159576,2.2547883368370654,1.5111120699371619
16.4,0.03333333333333144,492,492,takeover,cartesian_freedrive,-0.9298474035999362,0.07719701735750356,0.662708971741485,0.18406342582920932,-0.027126369138533748,-2.0029805623919072,-0.08101150820928985,2.262545601923246,1.511419236487941
16.433333333333334,0.03333333333333499,493,493,takeover,cartesian_freedrive,-0.9298474035999362,0.0771939213289421,0.6625357235086563,0.18428194347430712,-0.026962483985915425,-2.003264468588782,-0.08087286662614046,2.262614947952471,1.511423631694991
16.466666666666665,0.03333333333333144,494,494,takeover,cartesian_freedrive,-0.9298474035999362,0.07719391760240506,0.6625349350109486,0.18428299775554458,-0.026961661866087155,-2.003265828423249,-0.0808721980959334,2.2626152687635224,1.5114236482377312
16.5,0.03333333333333499,495,495,takeover,cartesian_freedrive,-0.9298474035999362,0.07719391759688726,0.6625349313378743,0.1842830027890103,-0.026961657909178056,-2.00326583496958,-0.08087219476077466,2.262615270600701,1.5114236481941143
16.533333333333335,0.03333333333333499,496,496,takeover,cartesian_freedrive,-0.9298474035999362,0.07719391759687541,0.6625349313203049,0.1842830028130431,-0.02696165789013323,-2.0032658350010886,-0.08087219474425911,2.262615270610916,1.511423648193418
16.566666666666666,0.03333333333333144,497,497,takeover,cartesian_freedrive,-0.9298474035999362,0.07719391759687538,0.6625349313202206,0.18428300281315788,-0.026961657890041568,-2.0032658350012387,-0.08087219474417749,2.2626152706109695,1.5114236481934136
16.6,0.03333333333333499,498,498,takeover,cartesian_freedrive,-0.9298474035999362,0.07719391759687538,0.6625349313202206,0.18428300281315824,-0.026961657890041145,-2.0032658350012387,-0.08087219474417717,2.2626152706109695,1.5114236481934136
16.633333333333333,0.03333333333333144,499,499,takeover,cartesian_freedrive,-0.9352284570988518,0.0773919723467063,0.6709004935996435,0.16818512999385224,-0.034524741848121224,-1.9976588428435667,-0.09635902948698091,2.2627994714836714,1.5041849903098379
16.666666666666668,0.03333333333333499,500,500,takeover,cartesian_freedrive,-0.9352284570988518,0.07740914070847106,0.6722013275965636,0.1634351729498444,-0.0357026378741119,-1.9967612766582497,-0.09876939236652034,2.262824271715225,1.503060340132096
16.7,0.03333333333333144,501,501,takeover,cartesian_freedrive,-0.9352284570988518,0.07740915980733058,0.6722070510356076,0.16341230012890562,-0.03570845943744835,-1.9967569407938541,-0.09878107129391989,2.262824445490654,1.5030550027889222
16.733333333333334,0.03333333333333499,502,502,takeover,cartesian_freedrive,-0.9352284570988518,0.07740915984245807,0.6722070770587275,0.16341219050316041,-0.03570848745696097,-1.9967569199079167,-0.09878112881570475,2.2628244429922404,1.5030549784726228
16.766666666666666,0.03333333333333144,503,503,takeover,cartesian_freedrive,-0.9352284570988518,0.07740915984255944,0.6722070771828781,0.1634121899777225,-0.035708487591820465,-1.9967569198073818,-0.09878112909766289,2.262824442964685,1.5030549783609324
16.8,0.03333333333333499,504,504,takeover,cartesian_freedrive,-0.9352284570988518,0.07740915984255985,0.6722070771834759,0.16341218997520404,-0.03570848759246955,-1.9967569198068977,-0.0987811290990433,2.26282444296448,1.5030549783604192
16.833333333333332,0.03333333333333144,505,505,takeover,cartesian_freedrive,-0.9352284570988518,0.07740915984255983,0.6722070771834783,0.16341218997519208,-0.03570848759247265,-1.9967569198068966,-0.09878112909905001,2.26282444296448,1.5030549783604181
16.866666666666667,0.03333333333333499,506,506,takeover,cartesian_freedrive,-0.9352284570988518,0.07740915984255983,0.6722070771834783,0.16341218997519208,-0.03570848759247265,-1.9967569198068966,-0.09878112909905001,2.26282444296448,1.5030549783604181
16.9,0.03333333333333144,507,507,takeover,cartesian_freedrive,-0.9320592747359837,0.07728272047406423,0.668211063672408,0.15050751466479392,-0.0209379424656941,-1.9978285442109718,-0.09135625131166582,2.265029475185093,1.5037657707883034
16.933333333333334,0.03333333333333499,508,508,takeover,cartesian_freedrive,-0.9320592747359837,0.07728239285209532,0.6681793557519502,0.15035056283822187,-0.0207949937089788,-1.9978386683575515,-0.09128760669860467,2.265046550091565,1.5037738454031717
16.966666666666665,0.03333333333333144,509,509,takeover,cartesian_freedrive,-0.9320592747359837,0.07728239275708981,0.6681788881565534,0.150349825580386,-0.02079436546552034,-1.9978387082181965,-0.0912873717918276,2.2650464957035243,1.503773981842729
17.0,0.03333333333333499,510,510,takeover,cartesian_freedrive,-0.9320592747359837,0.07728239275731763,0.6681788853628832,0.15034982204483646,-0.020794362441749148,-1.9978387084052263,-0.09128737078027595,2.2650464953311755,1.5037739826255152
17.033333333333335,0.03333333333333499,511,511,takeover,cartesian_freedrive,-0.9320592747359837,0.07728239275731945,0.6681788853490326,0.15034982202787694,-0.020794362427195564,-1.9978387084061229,-0.09128737077560373,2.2650464953289666,1.5037739826294905
17.066666666666666,0.03333333333333144,512,512,takeover,cartesian_freedrive,-0.9320592747359837,0.07728239275731945,0.668178885348966,0.1503498220277956,-0.02079436242712552,-1.9978387084061258,-0.09128737077558188,2.2650464953289564,1.5037739826295087
17.1,0.03333333333333499,513,513,takeover,cartesian_freedrive,-0.9320592747359837,0.07728239275731945,0.668178885348966,0.15034982202779537,-0.0207943624271252,-1.9978387084061258,-0.09128737077558186,2.2650464953289564,1.5037739826295087
17.133333333333333,0.03333333333333144,514,514,takeover,cartesian_freedrive,-0.945315183142128,0.07777032267628194,0.6681221731616245,0.1651831238599224,-0.011579613485584145,-1.9994396363003204,-0.10956053567092533,2.267000298533932,1.5047255272189903
17.166666666666668,0.03333333333333499,515,515,takeover,cartesian_freedrive,-0.945315183142128,0.0778125741560434,0.6683099612722557,0.16885939120656554,-0.010138243698307153,-1.9996888456543997,-0.11240363167392467,2.267302067403801,1.5048741897849969
17.2,0.03333333333333144,516,516,takeover,cartesian_freedrive,-0.945315183142128,0.0778126286497437,0.6683089494773661,0.1688772827752191,-0.010132094451862365,-1.9996899558985926,-0.11241813492438224,2.267302090035371,1.504875726745195
17.233333333333334,0.03333333333333499,517,517,takeover,cartesian_freedrive,-0.945315183142128,0.07781262870600561,0.668308928220123,0.1688773686499034,-0.010132064855192458,-1.999689961049626,-0.1124182071358695,2.267302091252834,1.5048757366641337
17.266666666666666,0.03333333333333144,518,518,takeover,cartesian_freedrive,-0.945315183142128,0.0778126287060304,0.6683089281029548,0.16887736906175552,-0.010132064712742018,-1.9996899610742425,-0.11241820748276765,2.2673020912685247,1.504875736711179
17.3,0.03333333333333499,519,519,takeover,cartesian_freedrive,-0.945315183142128,0.07781262870603023,0.6683089281023763,0.16887736906373044,-0.010132064712056396,-1.9996899610743597,-0.11241820748442331,2.2673020912686486,1.5048757367113903
17.333333333333332,0.03333333333333144,520,520,takeover,cartesian_freedrive,-0.945315183142128,0.07781262870603023,0.6683089281023741,0.16887736906373985,-0.010132064712053095,-1.9996899610743597,-0.11241820748443115,2.267302091268649,1.5048757367113903
17.366666666666667,0.03333333333333499,521,521,takeover,cartesian_freedrive,-0.945315183142128,0.07781262870603023,0.6683089281023741,0.16887736906373985,-0.01013206471205309,-1.9996899610743597,-0.11241820748443115,2.267302091268649,1.5048757367113903
17.4,0.03333333333333144,522,522,takeover,cartesian_freedrive,-0.9404979901877439,0.07762044535730075,0.677806508520622,0.1650304854077894,-0.027155647278502875,-2.011121282046215,-0.0980931051225214,2.260998361013541,1.5092619159008533
17.433333333333334,0.03333333333333499,523,523,takeover,cartesian_freedrive,-0.9404979901877439,0.0776199405802532,0.6778935979519306,0.1649949750379025,-0.02731715282331862,-2.01123240304485,-0.09795942784012474,2.2609355462930427,1.5093046022368068
17.466666666666665,0.03333333333333144,524,524,takeover,cartesian_freedrive,-0.9404979901877439,0.07761994059961569,0.6778940778648,0.16499483879011798,-0.027317787737356575,-2.011232909098881,-0.09795886052524964,2.2609350148618548,1.509304873248696
17.5,0.03333333333333499,525,525,takeover,cartesian_freedrive,-0.9404979901877439,0.07761994059940537,0.6778940806275071,0.16499483812546376,-0.027317790793233643,-2.0112329115396523,-0.09795885769264492,2.260935012386822,1.50930487444524
17.533333333333335,0.03333333333333499,526,526,takeover,cartesian_freedrive,-0.9404979901877439,0.07761994059940408,0.6778940806412102,0.16499483812222704,-0.027317790807941753,-2.0112329115514043,-0.09795885767885246,2.260935012375195,1.5093048744508317
17.566666666666666,0.03333333333333144,527,527,takeover,cartesian_freedrive,-0.9404979901877439,0.07761994059940408,0.6778940806412761,0.16499483812221136,-0.027317790808012544,-2.0112329115514584,-0.09795885767878562,2.2609350123751426,1.5093048744508573
17.6,0.03333333333333499,528,528,takeover,cartesian_freedrive,-0.9404979901877439,0.07761994059940408,0.6778940806412761,0.16499483812221136,-0.027317790808012866,-2.0112329115514584,-0.09795885767878537,2.2609350123751426,1.5093048744508573
17.633333333333333,0.03333333333333144,529,529,takeover,cartesian_freedrive,-0.9319945440223096,0.07730687941427691,0.6563913277032047,0.16775868102185418,-0.040702121081696276,-1.9767727222855813,-0.1015775271166656,2.271995178620602,1.4852645730097724
17.666666666666668,0.03333333333333499,530,530,takeover,cartesian_freedrive,-0.9319945440223096,0.07727981159532805,0.6469181665593615,0.16791886973304657,-0.04285196157857584,-1.968725588320225,-0.10214066802284498,2.2737150698317983,1.4815250705572385
17.7,0.03333333333333144,531,531,takeover,cartesian_freedrive,-0.9319945440223096,0.07727980363514096,0.6468715031643175,0.16792020644424152,-0.04285979967936836,-1.9686868220982077,-0.10214481059907574,2.2737193781499716,1.48150858123028
17.733333333333334,0.03333333333333499,532,532,takeover,cartesian_freedrive,-0.9319945440223096,0.07727980401573001,0.646871378818201,0.16792023699687136,-0.042859754968366554,-1.9686866231453726,-0.10214486806387263,2.273719244018707,1.4815085359060995
17.766666666666666,0.03333333333333144,533,533,takeover,cartesian_freedrive,-0.9319945440223096,0.07727980401623724,0.6468713785527545,0.16792023714629206,-0.04285975475316998,-1.968686622191995,-0.10214486828248481,2.273719243376335,1.4815085356288205
17.8,0.03333333333333499,534,534,takeover,cartesian_freedrive,-0.9319945440223096,0.07727980401623818,0.6468713785517545,0.1679202371470244,-0.04285975475213422,-1.9686866221874098,-0.10214486828351323,2.273719243373168,1.4815085356274622
17.833333333333332,0.03333333333333144,535,535,takeover,cartesian_freedrive,-0.9319945440223096,0.07727980401623818,0.6468713785517505,0.16792023714702786,-0.04285975475212926,-1.9686866221873887,-0.10214486828351822,2.2737192433731552,1.481508535627457
17.866666666666667,0.03333333333333499,536,536,takeover,cartesian_freedrive,-0.9319945440223096,0.07727980401623818,0.6468713785517505,0.16792023714702786,-0.04285975475212926,-1.9686866221873887,-0.10214486828351822,2.2737192433731552,1.481508535627457
17.9,0.03333333333333144,537,537,takeover,cartesian_freedrive,-0.9526054946708982,0.07810196613662292,0.6760008206780745,0.18132509564597826,-0.04113168584177601,-1.9782957352697008,-0.10588833554171119,2.262037880627234,1.5115107133429473
17.933333333333334,0.03333333333333499,538,538,takeover,cartesian_freedrive,-0.9526054946708982,0.07810423829987898,0.6764443215486665,0.18152615949583192,-0.04112101665044498,-1.978396330463806,-0.10592469010370928,2.2619244209907503,1.511794521425537
17.966666666666665,0.03333333333333144,539,539,takeover,cartesian_freedrive,-0.9526054946708982,0.07810424237396013,0.6764455325427469,0.18152719878619306,-0.041121224942184405,-1.9783967829359839,-0.10592521888931192,2.2619233287680065,1.5117962411554318
18.0,0.03333333333333499,540,540,takeover,cartesian_freedrive,-0.9526054946708982,0.07810424237812633,0.6764455345990293,0.18152720376805986,-0.041121225944704284,-1.978396785058882,-0.10592522216488139,2.261923323426869,1.5117962501756743
18.033333333333335,0.03333333333333499,541,541,takeover,cartesian_freedrive,-0.9526054946708982,0.07810424237812741,0.6764455346053518,0.18152720379190046,-0.04112122594952947,-1.9783967850690474,-0.10592522218108062,2.2619233234019065,1.511796250219524
18.066666666666666,0.03333333333333144,542,542,takeover,cartesian_freedrive,-0.9526054946708982,0.07810424237812741,0.6764455346053784,0.1815272037920145,-0.0411212259495527,-1.978396785069095,-0.10592522218115781,2.2619233234017933,1.5117962502197337
18.1,0.03333333333333499,543,543,takeover,cartesian_freedrive,-0.9526054946708982,0.07810424237812741,0.6764455346053784,0.18152720379201487,-0.04112122594955277,-1.978396785069095,-0.10592522218115809,2.2619233234017933,1.5117962502197337
18.133333333333333,0.03333333333333144,544,544,takeover,cartesian_freedrive,-0.952171512786677,0.0780882441066883,0.6713775520218229,0.1551371149163312,-0.03966441674716062,-1.9709505986655529,-0.11495053077658407,2.260299398397541,1.5082304073085953
18.166666666666668,0.03333333333333499,545,545,takeover,cartesian_freedrive,-0.952171512786677,0.07808687469570738,0.670557380857991,0.14293995281137356,-0.039435375514242026,-1.9697376119753385,-0.11635509460100693,2.2600449405020098,1.5076764404594933
18.2,0.03333333333333144,546,546,takeover,cartesian_freedrive,-0.952171512786677,0.0780868837055318,0.6705532924886851,0.14288158483647165,-0.03943316195937887,-1.969731592744582,-0.11636265170167027,2.260041452149202,1.5076745207618607
18.233333333333334,0.03333333333333499,547,547,takeover,cartesian_freedrive,-0.952171512786677,0.07808688374750186,0.6705532800250211,0.14288130508870434,-0.03943315130541447,-1.969731563854607,-0.11636268939106896,2.2600414276108047,1.5076745128923803
18.266666666666666,0.03333333333333144,548,548,takeover,cartesian_freedrive,-0.952171512786677,0.07808688374770244,0.6705532799705279,0.14288130374792538,-0.03943315125413636,-1.969731563715625,-0.1163626895836808,2.2600414274537735,1.5076745128661404
18.3,0.03333333333333499,549,549,takeover,cartesian_freedrive,-0.952171512786677,0.0780868837477034,0.6705532799702726,0.14288130374149918,-0.03943315125388955,-1.969731563714956,-0.11636268958466463,2.260041427452831,1.5076745128660738
18.333333333333332,0.03333333333333144,550,550,takeover,cartesian_freedrive,-0.952171512786677,0.0780868837477034,0.6705532799702719,0.14288130374146837,-0.039433151253888396,-1.969731563714954,-0.11636268958466958,2.260041427452828,1.5076745128660738
18.366666666666667,0.03333333333333499,551,551,takeover,cartesian_freedrive,-0.952171512786677,0.0780868837477034,0.6705532799702719,0.14288130374146837,-0.039433151253888396,-1.969731563714954,-0.11636268958466958,2.260041427452828,1.5076745128660738
18.4,0.03333333333333144,552,552,takeover,cartesian_freedrive,-0.9505539005966102,0.07802233130300443,0.6744461235151615,0.17484560255190731,-0.048434044047545366,-1.9813913101064156,-0.10599017687439508,2.263676333605259,1.506827304383303
18.433333333333334,0.03333333333333499,553,553,takeover,cartesian_freedrive,-0.9505539005966102,0.07802217848591607,0.6744804921468557,0.17549443989429328,-0.04851696183271686,-1.981508772507689,-0.10589385251792523,2.263706688042084,1.5068207840019636
18.466666666666665,0.03333333333333144,554,554,takeover,cartesian_freedrive,-0.9505539005966102,0.07802217827910285,0.6744807484204838,0.17549757105696787,-0.04851729884857278,-1.9815093279953702,-0.10589339181034171,2.2637067875912553,1.5068207510140916
18.5,0.03333333333333499,555,555,takeover,cartesian_freedrive,-0.9505539005966102,0.07802217827707272,0.6744807499165214,0.17549758606143506,-0.0485173004706491,-1.9815093306725868,-0.1058933893962759,2.2637067885488555,1.5068207506507667
18.533333333333335,0.03333333333333499,556,556,takeover,cartesian_freedrive,-0.9505539005966102,0.07802217827706184,0.6744807499239295,0.1754975861333391,-0.048517300478456246,-1.9815093306854745,-0.1058933893839315,2.263706788555668,1.5068207506482607
18.566666666666666,0.03333333333333144,557,557,takeover,cartesian_freedrive,-0.9505539005966102,0.07802217827706182,0.6744807499239648,0.17549758613368366,-0.04851730047849382,-1.9815093306855356,-0.10589338938386883,2.2637067885557087,1.506820750648246
18.6,0.03333333333333499,558,558,takeover,cartesian_freedrive,-0.9505539005966102,0.07802217827706182,0.6744807499239648,0.17549758613368519,-0.048517300478493966,-1.9815093306855356,-0.10589338938386858,2.2637067885557087,1.506820750648246
18.633333333333333,0.03333333333333144,559,559,takeover,cartesian_freedrive,-0.9477688705814702,0.07791965979779236,0.6782107699475775,0.15660628764997855,-0.035679971784385645,-2.003787429879659,-0.10165151963782515,2.2671081275264258,1.5027812258323345
18.666666666666668,0.03333333333333499,560,560,takeover,cartesian_freedrive,-0.9477688705814702,0.0779107689066736,0.6796512625167436,0.15318694370699354,-0.03360515766532902,-2.0074797294042583,-0.1009914921044853,2.267637522131578,1.5021527480082237
18.7,0.03333333333333144,561,561,takeover,cartesian_freedrive,-0.9477688705814702,0.0779107757825338,0.6796572544092458,0.15317100783945745,-0.033597381480198495,-2.0074973459945475,-0.10098971538910041,2.267636390129118,1.502151115601612
18.733333333333334,0.03333333333333499,562,562,takeover,cartesian_freedrive,-0.9477688705814702,0.07791077579415626,0.679657230942011,0.1531709314777622,-0.03359734489222696,-2.007497429884441,-0.10098971660852431,2.2676363798250088,1.5021511179587894
18.766666666666666,0.03333333333333144,563,563,takeover,cartesian_freedrive,-0.9477688705814702,0.07791077579416564,0.6796572307843644,0.15317093111006733,-0.03359734471612699,-2.0074974302877338,-0.10098971662162315,2.2676363797743204,1.5021511179778364
18.8,0.03333333333333499,564,564,takeover,cartesian_freedrive,-0.9477688705814702,0.07791077579416561,0.6796572307835697,0.15317093110829658,-0.033597344715279406,-2.007497430289675,-0.10098971662168994,2.2676363797740833,1.5021511179779312
18.833333333333332,0.03333333333333144,565,565,takeover,cartesian_freedrive,-0.9477688705814702,0.07791077579416562,0.6796572307835664,0.15317093110828817,-0.033597344715275354,-2.0074974302896815,-0.10098971662169019,2.2676363797740833,1.5021511179779312
18.866666666666667,0.03333333333333499,566,566,takeover,cartesian_freedrive,-0.9477688705814702,0.07791077579416562,0.6796572307835664,0.15317093110828817,-0.033597344715275354,-2.0074974302896815,-0.10098971662169019,2.2676363797740833,1.5021511179779312
18.9,0.03333333333333144,567,567,takeover,cartesian_freedrive,-0.9445614219956016,0.07778280571345808,0.671518388688772,0.15445289389720246,-0.04156015659165472,-1.9921842650292712,-0.1179951526654873,2.261976956950729,1.4969609562127253
18.933333333333334,0.03333333333333499,568,568,takeover,cartesian_freedrive,-0.9445614219956016,0.07778247665940224,0.6714042692896317,0.15446481228922862,-0.04163391457635256,-1.9920276484255128,-0.11815653862178266,2.261920412164559,1.496913299057289
18.966666666666665,0.03333333333333144,569,569,takeover,cartesian_freedrive,-0.9445614219956016,0.07778247836422099,0.6714038716954659,0.154464960409235,-0.041633929782151705,-1.9920268429656116,-0.11815750217758954,2.2619195385526507,1.496913240073392
19.0,0.03333333333333499,570,570,takeover,cartesian_freedrive,-0.9445614219956016,0.07778247836637933,0.671403871519426,0.15446496112841376,-0.04163392985533807,-1.9920268391107327,-0.11815750652137497,2.2619195344146625,1.4969132394827034
19.033333333333335,0.03333333333333499,571,571,takeover,cartesian_freedrive,-0.9445614219956016,0.07778247836638297,0.6714038715199387,0.15446496113191593,-0.04163392985569032,-1.9920268390921962,-0.11815750654213025,2.2619195343945466,1.4969132394797013
19.066666666666666,0.03333333333333144,572,572,takeover,cartesian_freedrive,-0.9445614219956016,0.07778247836638297,0.6714038715199416,0.15446496113193295,-0.04163392985569199,-1.9920268390921076,-0.1181575065422304,2.2619195343944507,1.4969132394796885
19.1,0.03333333333333499,573,573,takeover,cartesian_freedrive,-0.9445614219956016,0.07778247836638297,0.6714038715199416,0.15446496113193295,-0.04163392985569199,-1.9920268390921076,-0.11815750654223078,2.2619195343944507,1.4969132394796885
19.133333333333333,0.03333333333333144,574,574,takeover,cartesian_freedrive,-0.9537164072321005,0.07811947049484638,0.6852984343899674,0.15151418043424472,-0.035659284853828854,-2.003908509276454,-0.10256791865290192,2.266838786600635,1.5042317466626312
19.166666666666668,0.03333333333333499,575,575,takeover,cartesian_freedrive,-0.9537164072321005,0.07814862406435522,0.6890450864680727,0.15106019283390176,-0.03473927911224635,-2.0058335114858985,-0.10014267683697184,2.2676045266798623,1.5053700255709854
19.2,0.03333333333333144,576,576,takeover,cartesian_freedrive,-0.9537164072321005,0.078148677385865,0.6890622398655744,0.1510585223540163,-0.03473711525607254,-2.0058427671560928,-0.10013232738219918,2.2676045187627842,1.5053768886662038
19.233333333333334,0.03333333333333499,577,577,takeover,cartesian_freedrive,-0.9537164072321005,0.07814867746135987,0.689062251527361,0.15105851576143434,-0.03473711001249356,-2.005842809480798,-0.10013229328868581,2.26760450557892,1.5053769376179147
19.266666666666666,0.03333333333333144,578,578,takeover,cartesian_freedrive,-0.9537164072321005,0.07814867746143384,0.6890622515170728,0.1510585157291375,-0.034737109987255925,-2.00584280968382,-0.10013229313450274,2.2676045055161165,1.5053769378640882
19.3,0.03333333333333499,579,579,takeover,cartesian_freedrive,-0.9537164072321005,0.07814867746143385,0.6890622515169713,0.15105851572897908,-0.03473710998713446,-2.005842809684796,-0.10013229313376258,2.2676045055158345,1.5053769378652755
19.333333333333332,0.03333333333333144,580,580,takeover,cartesian_freedrive,-0.9537164072321005,0.07814867746143385,0.6890622515169713,0.15105851572897844,-0.034737109987133905,-2.0058428096847987,-0.10013229313375906,2.2676045055158345,1.50537693786528
19.366666666666667,0.03333333333333499,581,581,takeover,cartesian_freedrive,-0.9537164072321005,0.07814867746143385,0.6890622515169713,0.15105851572897844,-0.034737109987133905,-2.0058428096847987,-0.10013229313375906,2.2676045055158345,1.50537693786528
19.4,0.03333333333333144,582,582,takeover,cartesian_freedrive,-0.9678185832927113,0.0787112118026845,0.6780688671454858,0.1688376957476956,-0.02098362871145059,-1.9972961094954953,-0.11966861822795301,2.2622229027284777,1.5085394299904131
19.433333333333334,0.03333333333333499,583,583,takeover,cartesian_freedrive,-0.9678185832927113,0.07871276307815243,0.6779633191520381,0.1690490214111655,-0.020855310270596315,-1.9972154555842065,-0.11985376501322831,2.262170009529237,1.5085702983721048
19.466666666666665,0.03333333333333144,584,584,takeover,cartesian_freedrive,-0.9678185832927113,0.07871276484509192,0.6779627790094127,0.16905003636372737,-0.02085469266670433,-1.9972150669674464,-0.11985465724295628,2.262169768707644,1.5085704480846491
19.5,0.03333333333333499,585,585,takeover,cartesian_freedrive,-0.9678185832927113,0.07871276484687131,0.6779627763795424,0.1690500412378253,-0.020854689694141972,-1.9972150650965976,-0.11985466151851305,2.2621697676240924,1.5085704487855982
19.533333333333335,0.03333333333333499,586,586,takeover,cartesian_freedrive,-0.9678185832927113,0.07871276484687195,0.6779627763668509,0.16905004126123185,-0.020854689679834865,-1.9972150650875928,-0.11985466153898025,2.2621697676192465,1.5085704487888558
19.566666666666666,0.03333333333333144,587,587,takeover,cartesian_freedrive,-0.9678185832927113,0.07871276484687195,0.67796277636679,0.16905004126134432,-0.020854689679766,-1.9972150650875504,-0.1198546615390782,2.2621697676192274,1.5085704487888698
19.6,0.03333333333333499,588,588,takeover,cartesian_freedrive,-0.9678185832927113,0.07871276484687195,0.67796277636679,0.16905004126134468,-0.02085468967976569,-1.9972150650875504,-0.1198546615390786,2.2621697676192274,1.5085704487888698
19.633333333333333,0.03333333333333144,589,589,takeover,cartesian_freedrive,-0.943560539726704,0.07782155336636243,0.6647668938154956,0.18170541368829607,-0.018294920532002774,-1.9909502308096905,-0.11189075824061148,2.269595970970227,1.5146991086756347
19.666666666666668,0.03333333333333499,590,590,takeover,cartesian_freedrive,-0.943560539726704,0.07774251332118738,0.6622999038259169,0.184078331235568,-0.017886681057554126,-1.9899755967882053,-0.11065200195055322,2.2707508761097586,1.5156525774632383
19.7,0.03333333333333144,591,591,takeover,cartesian_freedrive,-0.943560539726704,0.07774244364218266,0.6622864744427529,0.18409029747017128,-0.017882525205874834,-1.9899708121176904,-0.11064758551646986,2.270752578527574,1.5156587625048807
19.733333333333334,0.03333333333333499,592,592,takeover,cartesian_freedrive,-0.943560539726704,0.07774244363882177,0.662286424029589,0.18409036122682312,-0.01788248430675402,-1.9899707840669019,-0.11064757684661862,2.2707525464714817,1.5156588030977345
19.766666666666666,0.03333333333333144,593,593,takeover,cartesian_freedrive,-0.943560539726704,0.07774244363879612,0.6622864238395145,0.1840903615327214,-0.017882484109904246,-1.9899707839326024,-0.11064757679235498,2.2707525463261042,1.5156588032801395
19.8,0.03333333333333499,594,594,takeover,cartesian_freedrive,-0.943560539726704,0.07774244363879601,0.6622864238386525,0.18409036153419017,-0.017882484108956796,-1.9899707839319565,-0.11064757679207543,2.2707525463254314,1.5156588032809981
19.833333333333332,0.03333333333333144,595,595,takeover,cartesian_freedrive,-0.943560539726704,0.07774244363879601,0.662286423838649,0.1840903615341971,-0.017882484108952233,-1.9899707839319547,-0.1106475767920741,2.2707525463254314,1.515658803281001
19.866666666666667,0.03333333333333499,596,596,takeover,cartesian_freedrive,-0.943560539726704,0.07774244363879601,0.662286423838649,0.1840903615341971,-0.017882484108952233,-1.9899707839319547,-0.1106475767920741,2.2707525463254314,1.515658803281001
19.9,0.03333333333333144,597,597,takeover,cartesian_freedrive,-0.9531336519949034,0.07812429535446314,0.6579670004801934,0.17045619137184537,-0.018227342664221477,-1.9966567592647735,-0.1072256488810937,2.2767544305380105,1.502105665360155
19.933333333333334,0.03333333333333499,598,598,takeover,cartesian_freedrive,-0.9531336519949034,0.07812536556774058,0.6579230401286016,0.17030251377247355,-0.018228481502765233,-1.9967197372381331,-0.10719479678992877,2.2768073829924673,1.5019794566262616
19.966666666666665,0.03333333333333144,599,599,takeover,cartesian_freedrive,-0.9531336519949034,0.07812536742841042,0.6579228339171179,0.1703018092653364,-0.01822835578269494,-1.9967200079138465,-0.10719473694718377,2.276807405694511,1.5019789274269328
20.0,0.03333333333333499,600,600,takeover,cartesian_freedrive,-0.9531336519949034,0.07812536743078657,0.6579228332170576,0.17030180588055135,-0.018228355177597154,-1.9967200092200768,-0.10719473661999689,2.2768074057727,1.5019789248390405
20.033333333333335,0.03333333333333499,601,601,takeover,cartesian_freedrive,-0.9531336519949034,0.0781253674307903,0.6579228332139602,0.17030180586429375,-0.01822835517468478,-1.9967200092263668,-0.10719473661844933,2.27680740577285,1.5019789248266142
20.066666666666666,0.03333333333333144,602,602,takeover,cartesian_freedrive,-0.9531336519949034,0.07812536743079031,0.6579228332139461,0.17030180586421567,-0.018228355174670762,-1.9967200092263961,-0.10719473661844224,2.27680740577285,1.5019789248265558
20.1,0.03333333333333499,603,603,takeover,cartesian_freedrive,-0.9531336519949034,0.07812536743079031,0.6579228332139461,0.17030180586421542,-0.018228355174670717,-1.9967200092263961,-0.10719473661844224,2.27680740577285,1.5019789248265558
20.133333333333333,0.03333333333333144,604,604,takeover,cartesian_freedrive,-0.8567078364327261,0.07612537869440453,0.6307548375012602,0.14986160925521977,-0.037898917984241484,-2.0080471305726486,-0.12829754744524058,2.2728039827007227,1.462527648042401
20.166666666666668,0.03333333333333499,605,605,takeover,cartesian_freedrive,-0.8567078364327261,0.07427190008494203,0.6136971575472211,0.14540564877129425,-0.04140447280296138,-2.009866202145349,-0.13157987565608847,2.272182298372459,1.4563903842666654
20.2,0.03333333333333144,606,606,takeover,cartesian_freedrive,-0.8567078364327261,0.07426833910375717,0.6136151576709796,0.1453847217299009,-0.041418487860749406,-2.009874940588373,-0.13159700941287242,2.2721755565624546,1.4563622719325677
20.233333333333334,0.03333333333333499,607,607,takeover,cartesian_freedrive,-0.8567078364327261,0.07426833697734023,0.6136148483501159,0.14538470892314026,-0.041418353865115845,-2.0098749449023456,-0.13159728625441203,2.2721749266154334,1.4563623228727545
20.266666666666666,0.03333333333333144,608,608,takeover,cartesian_freedrive,-0.8567078364327261,0.07426833697473784,0.613614847681204,0.14538470885848334,-0.041418353220187304,-2.0098749449332503,-0.131597287446316,2.2721749236608364,1.4563623229679117
20.3,0.03333333333333499,609,609,takeover,cartesian_freedrive,-0.8567078364327261,0.0742683369747345,0.6136148476784924,0.1453847088581624,-0.04141835321708323,-2.0098749449334035,-0.13159728745194785,2.2721749236467197,1.456362322968258
20.333333333333332,0.03333333333333144,610,610,takeover,cartesian_freedrive,-0.8567078364327261,0.0742683369747345,0.6136148476784801,0.14538470885816093,-0.04141835321706829,-2.0098749449334035,-0.13159728745197474,2.272174923646654,1.4563623229682585
20.366666666666667,0.03333333333333499,611,611,takeover,cartesian_freedrive,-0.8567078364327261,0.0742683369747345,0.6136148476784801,0.14538470885816093,-0.04141835321706826,-2.0098749449334035,-0.13159728745197485,2.272174923646654,1.4563623229682585
20.4,0.03333333333333144,612,612,takeover,cartesian_freedrive,-0.8534503198915286,0.07413837184428804,0.6226423102060413,0.1400498328410124,-0.04105302145535231,-1.9516371597674318,-0.11982680334642659,2.2602642606118066,1.5124781542577208
20.433333333333334,0.03333333333333499,613,613,takeover,cartesian_freedrive,-0.8534503198915286,0.0741380370369707,0.6227380348249318,0.13988266771145533,-0.04105236161625337,-1.9507471779462644,-0.11971726328903903,2.260147924691845,1.5130082516653187
20.466666666666665,0.03333333333333144,614,614,takeover,cartesian_freedrive,-0.8534503198915286,0.07413803737890207,0.6227381935358072,0.1398818967564565,-0.04105242459011026,-1.9507428839576377,-0.11971686012069337,2.2601471180952104,1.5130109270727277
20.5,0.03333333333333499,615,615,takeover,cartesian_freedrive,-0.8534503198915286,0.07413803738196882,0.6227381938409157,0.13988189314636323,-0.041052424893206985,-1.9507428632854784,-0.11971685846882062,2.26014711349397,1.513010940247171
20.533333333333335,0.03333333333333499,616,616,takeover,cartesian_freedrive,-0.8534503198915286,0.07413803738198503,0.6227381938421697,0.13988189312946578,-0.041052424894665804,-1.95074286318598,-0.11971685846191217,2.2601471134685283,1.513010940311658
20.566666666666666,0.03333333333333144,617,617,takeover,cartesian_freedrive,-0.8534503198915286,0.07413803738198511,0.6227381938421754,0.13988189312938676,-0.041052424894672826,-1.9507428631855015,-0.11971685846188372,2.260147113468392,1.5130109403119736
20.6,0.03333333333333499,618,618,takeover,cartesian_freedrive,-0.8534503198915286,0.07413803738198511,0.6227381938421754,0.13988189312938654,-0.041052424894672826,-1.9507428631855002,-0.11971685846188367,2.260147113468392,1.5130109403119736
20.633333333333333,0.03333333333333144,619,619,takeover,cartesian_freedrive,-0.9018494625850269,0.07580574341509129,0.609648980910732,0.1524036281996564,0.020860183164218074,-1.9692533887612593,-0.12599859921168866,2.2799282715718308,1.5023358633363244
20.666666666666668,0.03333333333333499,620,620,takeover,cartesian_freedrive,-0.9018494625850269,0.07607366444476663,0.6156187400155805,0.156803818458738,0.03490428478768078,-1.972538203168112,-0.12697607877985811,2.2830043913040776,1.5006756707104074
20.7,0.03333333333333144,621,621,takeover,cartesian_freedrive,-0.9018494625850269,0.07607398604466853,0.6156461024749248,0.1568251538223341,0.034967748050711046,-1.9725544218048459,-0.12698114683830553,2.283017895714513,1.500668252127626
20.733333333333334,0.03333333333333499,622,622,takeover,cartesian_freedrive,-0.9018494625850269,0.07607398215670882,0.6156469937567849,0.15682504653875565,0.03496695421528808,-1.9725548420816934,-0.12698047547482513,2.2830192627167842,1.5006676457567771
20.766666666666666,0.03333333333333144,623,623,takeover,cartesian_freedrive,-0.9018494625850269,0.07607398215177616,0.6156469980486006,0.15682504602163783,0.03496694972557519,-1.9725548441092289,-0.12698047224344136,2.2830192692966977,1.50066764283828
20.8,0.03333333333333499,624,624,takeover,cartesian_freedrive,-0.9018494625850269,0.07607398215176983,0.6156469980692592,0.15682504601914837,0.034966949703041164,-1.9725548441189862,-0.12698047222789202,2.283019269328368,1.5006676428242334
20.833333333333332,0.03333333333333144,625,625,takeover,cartesian_freedrive,-0.9018494625850269,0.07607398215176982,0.6156469980693585,0.15682504601913652,0.03496694970293145,-1.9725548441190321,-0.1269804722278172,2.2830192693285185,1.5006676428241668
20.866666666666667,0.03333333333333499,626,626,takeover,cartesian_freedrive,-0.9018494625850269,0.07607398215176982,0.6156469980693585,0.15682504601913652,0.034966949702930954,-1.9725548441190321,-0.126980472227817,2.2830192693285185,1.5006676428241668
20.9,0.03333333333333144,627,627,takeover,cartesian_freedrive,-0.8973659963947893,0.07589513299231955,0.5952108459159959,0.1189136800566077,0.06191235071786748,-1.989384355362219,-0.11650102480019682,2.2806688372485073,1.50457307585384
20.933333333333334,0.03333333333333499,628,628,takeover,cartesian_freedrive,-0.8973659963947893,0.0758946561175324,0.5950170461282283,0.11831313497717083,0.062166076085899094,-1.9895477515721813,-0.11640345230910364,2.2806438157215427,1.504611108319244
20.966666666666665,0.03333333333333144,629,629,takeover,cartesian_freedrive,-0.8973659963947893,0.0758946526694996,0.5950159573781608,0.11831016586881468,0.062167265397384486,-1.9895485345810862,-0.1164028172264051,2.280644247452621,1.5046111159028095
21.0,0.03333333333333499,630,630,takeover,cartesian_freedrive,-0.8973659963947893,0.07589465297274248,0.5950159508325221,0.11831015747219549,0.062167271121607734,-1.9895485383422173,-0.11640282814660606,2.280644208312094,1.5046111307231036
21.033333333333335,0.03333333333333499,631,631,takeover,cartesian_freedrive,-0.8973659963947893,0.07589465280807606,0.5950159505575053,0.11831015411491656,0.06216727114915875,-1.989548538360253,-0.11640282044673793,2.280644231325589,1.50461112260002
21.066666666666666,0.03333333333333144,632,632,takeover,cartesian_freedrive,-0.8973659963947893,0.07589465265569457,0.5950159518025786,0.1183101509988758,0.062167271149291346,-1.9895485383667793,-0.1164028129935962,2.2806442531120252,1.5046111147135626
21.1,0.03333333333333499,633,633,takeover,cartesian_freedrive,-0.8973659963947893,0.07589465297272957,0.5950159508027805,0.11831015740076757,0.06216727114929195,-1.9895485383604246,-0.1164028281269025,2.2806442083383547,1.5046111307181045
21.133333333333333,0.03333333333333144,634,634,takeover,cartesian_freedrive,-0.9065526317316215,0.07623278448325524,0.5763615396846802,0.1062237238627146,0.022192266490895778,-1.9682087172626754,-0.06653851218952585,2.2822780651502836,1.5271847447252953
21.166666666666668,0.03333333333333499,635,635,takeover,cartesian_freedrive,-0.9065526317316215,0.07626207547667294,0.5115096327755819,0.10139414645750598,0.014674158217164092,-1.9635509160859765,-0.05878274024017792,2.2825295861108956,1.5306969897739295
21.2,0.03333333333333144,636,636,takeover,cartesian_freedrive,-0.9065526317316215,0.0762621284404067,0.5119802507965348,0.10137141093323444,0.014632852392988057,-1.9635285324264806,-0.05874656889039092,2.282527233860411,1.5307151402484036
21.233333333333334,0.03333333333333499,637,637,takeover,cartesian_freedrive,-0.9065526317316215,0.07626213052029829,0.5119815229774024,0.10137139750001797,0.014632352655072772,-1.9635283991576156,-0.05874673371194187,2.2825265592942823,1.5307155822269185
21.266666666666666,0.03333333333333144,638,638,takeover,cartesian_freedrive,-0.9065526317316215,0.07626213052279365,0.5119815256438947,0.10137139743608327,0.014632350249806005,-1.963528398512369,-0.05874673489077178,2.2825265560119137,1.530715584783752
21.3,0.03333333333333499,639,639,takeover,cartesian_freedrive,-0.9065526317316215,0.0762621305227967,0.5119815256552865,0.10137139743577843,0.014632350238229319,-1.9635283985092618,-0.05874673489661216,2.2825265559960823,1.5307155847962433
21.333333333333332,0.03333333333333144,640,640,takeover,cartesian_freedrive,-0.9065526317316215,0.0762621305227967,0.5119815256553405,0.10137139743577704,0.0146323502381736,-1.963528398509248,-0.05874673489664038,2.282526555996008,1.5307155847963025
21.366666666666667,0.03333333333333499,641,641,takeover,cartesian_freedrive,-0.9065526317316215,0.0762621305227967,0.5119815256553405,0.10137139743577704,0.014632350238173341,-1.963528398509248,-0.05874673489664047,2.282526555996008,1.5307155847963025
21.4,0.03333333333333144,642,642,takeover,cartesian_freedrive,-0.9080139007707047,0.07632041031753817,0.5138200553339923,0.08892419379742036,0.08676953242326005,-1.9433835217152802,-0.09450098281975838,2.3121294475397156,1.4906434041125014
21.433333333333334,0.03333333333333499,643,643,takeover,cartesian_freedrive,-0.9080139007707047,0.07632057302827422,0.5144404268091581,0.08868528080996954,0.08773654352222206,-1.9431443740867869,-0.09483878817109097,2.3124053879745734,1.4902669113578932
21.466666666666665,0.03333333333333144,644,644,takeover,cartesian_freedrive,-0.9080139007707047,0.0763205806543672,0.514441090170995,0.08868443044283783,0.08774033282725426,-1.943143176011997,-0.09484133125540897,2.312404723477635,1.4902660819401121
21.5,0.03333333333333499,645,645,takeover,cartesian_freedrive,-0.9080139007707047,0.07632058066481837,0.5144410741387903,0.08868442648035071,0.08774035106539306,-1.943143170236089,-0.09484134541399822,2.3124047196520454,1.4902660801308267
21.533333333333335,0.03333333333333499,646,646,takeover,cartesian_freedrive,-0.9080139007707047,0.07632058066483555,0.5144410740547538,0.0886844264615067,0.08774035115317425,-1.9431431702082858,-0.09484134548325665,2.3124047196321773,1.490266080123361
21.566666666666666,0.03333333333333144,647,647,takeover,cartesian_freedrive,-0.9080139007707047,0.0763205806648356,0.514441074054347,0.08868442646141696,0.08774035115359675,-1.9431431702081525,-0.09484134548359241,2.3124047196320774,1.4902660801233285
21.6,0.03333333333333499,648,648,takeover,cartesian_freedrive,-0.9080139007707047,0.0763205806648356,0.5144410740543458,0.0886844264614166,0.08774035115359871,-1.9431431702081525,-0.09484134548359398,2.3124047196320774,1.4902660801233285
21.633333333333333,0.03333333333333144,649,649,takeover,cartesian_freedrive,-0.8037470261711448,0.0743205691540471,0.5313447444853573,0.10479166317484324,0.13166957568146923,-1.9929674382861136,-0.12920065498750813,2.238997614311014,1.525249180568589
21.666666666666668,0.03333333333333499,650,650,takeover,cartesian_freedrive,-0.8037470261711448,0.07215520837157574,0.5959009339836789,0.15356023816953704,0.14039599870198127,-2.016474882097522,-0.1345448983707747,2.227580305026317,1.530690668881466
21.7,0.03333333333333144,651,651,takeover,cartesian_freedrive,-0.8037470261711448,0.07214988587495946,0.5956646838034998,0.15251481436742917,0.1404383253296241,-2.016588069529545,-0.1345706592494309,2.2275251541736125,1.530716945067528
21.733333333333334,0.03333333333333499,652,652,takeover,cartesian_freedrive,-0.8037470261711448,0.07214987975988164,0.5956635499323754,0.1525097811514725,0.14043852971484538,-2.0165886344828303,-0.1345707736508151,2.227524888758931,1.5307170715362934
21.766666666666666,0.03333333333333144,653,653,takeover,cartesian_freedrive,-0.8037470261711448,0.07214987975341325,0.5956635444729548,0.15250975692663168,0.14043853182320867,-2.016588637216042,-0.13457077419340163,2.2275248874807594,1.5307170721449945
21.8,0.03333333333333499,654,654,takeover,cartesian_freedrive,-0.8037470261711448,0.0721498797534077,0.5956635444466684,0.15250975681003884,0.1404385318367608,-2.0165886372292166,-0.13457077419599978,2.227524887474605,1.5307170721479244
21.833333333333332,0.03333333333333144,655,655,takeover,cartesian_freedrive,-0.8037470261711448,0.07214987975340768,0.5956635444465418,0.15250975680947773,0.14043853183683497,-2.0165886372292787,-0.13457077419601218,2.227524887474576,1.530717072147937
21.866666666666667,0.03333333333333499,656,656,takeover,cartesian_freedrive,-0.8037470261711448,0.07214987975340768,0.5956635444465413,0.15250975680947507,0.1404385318368352,-2.0165886372292787,-0.13457077419601218,2.227524887474576,1.530717072147937
21.9,0.03333333333333144,657,657,takeover,cartesian_freedrive,-0.8796712061205338,0.07514980109914565,0.5342292925636265,0.13622984278969721,-0.058571323849126354,-2.0523994385809416,-0.07740364520548206,2.2687116508024485,1.489747506206678
21.933333333333334,0.03333333333333499,658,658,takeover,cartesian_freedrive,-0.8796712061205338,0.07518682484914826,0.54243101731072,0.1360706216974803,-0.0628910151800748,-2.052752643235811,-0.07686421081553749,2.269102211653405,1.4893606378661473
21.966666666666665,0.03333333333333144,659,659,takeover,cartesian_freedrive,-0.8796712061205338,0.07518685113342691,0.5453039822803983,0.1360697833869107,-0.06293273675096146,-2.052754639157978,-0.07686147027701144,2.269104443119271,1.4893586560109207
22.0,0.03333333333333499,660,660,takeover,cartesian_freedrive,-0.8796712061205338,0.07518687478199154,0.5453176034628848,0.13607041301854716,-0.06293511183984553,-2.0527545603670174,-0.07686301278642012,2.269099872043109,1.489360252199424
22.033333333333335,0.03333333333333499,661,661,takeover,cartesian_freedrive,-0.8796712061205338,0.07518687481904537,0.5453176226486396,0.13607041674840106,-0.06293512508896938,-2.0527545589863867,-0.07686302921653011,2.2690998423746622,1.4893602695468229
22.066666666666666,0.03333333333333144,662,662,takeover,cartesian_freedrive,-0.8796712061205338,0.07518687481908537,0.5453176227143594,0.13607041676612644,-0.06293512515273815,-2.0527545589795158,-0.07686302929918305,2.269099842231865,1.4893602696343513
22.1,0.03333333333333499,663,663,takeover,cartesian_freedrive,-0.8796712061205338,0.0751868748190854,0.5453176227146631,0.13607041676621098,-0.06293512515304506,-2.052754558979485,-0.07686302929958104,2.2690998422311823,1.4893602696347727
22.133333333333333,0.03333333333333144,664,664,takeover,cartesian_freedrive,-0.8787845860782608,0.07515420507132856,0.5132162156474647,0.14422744971427479,0.03249122051994131,-1.979014511801174,-0.08660432409088596,2.278172218260293,1.474413265066816
22.166666666666668,0.03333333333333499,665,665,takeover,cartesian_freedrive,-0.8787845860782608,0.07515137452051728,0.5771240451248659,0.1428901065553134,0.062482920598320876,-1.9514713605649079,-0.08812006004619666,2.2795822905672694,1.4720883926325017
22.2,0.03333333333333144,666,666,takeover,cartesian_freedrive,-0.8787845860782608,0.07515138186906947,0.5755231140178478,0.14288375894701577,0.06263723086169684,-1.9513387864376204,-0.08812751966551052,2.2795885195449967,1.4720774007618411
22.233333333333334,0.03333333333333499,667,667,takeover,cartesian_freedrive,-0.8787845860782608,0.07515138718985241,0.5755154740179641,0.14288367679282157,0.06263795842836471,-1.951338901521054,-0.0881272126131262,2.279588550954744,1.4720773478573477
22.266666666666666,0.03333333333333144,668,668,takeover,cartesian_freedrive,-0.8787845860782608,0.0751513872345317,0.5755154379229129,0.14288367583909967,0.06263798251177113,-1.9513389104656689,-0.0881272072592153,2.2795885511082496,1.4720773476027158
22.3,0.03333333333333499,669,669,takeover,cartesian_freedrive,-0.8787845860782608,0.07515138723460964,0.575515437749018,0.1428836758345808,0.06263798268001991,-1.9513389105082863,-0.08812720723350446,2.279588551108954,1.4720773476014901
22.333333333333332,0.03333333333333144,670,670,takeover,cartesian_freedrive,-0.8787845860782608,0.07515138723460976,0.5755154377481809,0.14288367583455924,0.06263798268089038,-1.9513389105084902,-0.08812720723338108,2.2795885511089544,1.4720773476014855
22.366666666666667,0.03333333333333499,671,671,takeover,cartesian_freedrive,-0.8787845860782608,0.07515138723460976,0.5755154377481775,0.14288367583455924,0.0626379826808946,-1.9513389105084902,-0.08812720723338055,2.2795885511089544,1.4720773476014855
22.4,0.03333333333333144,672,672,takeover,cartesian_freedrive,-0.9712031174681997,0.07876277564451105,0.6289325017198385,0.1498696853012057,0.023973553975911756,-1.9837419550232276,-0.12718169115231567,2.2714023630609312,1.5214446243855404
22.433333333333334,0.03333333333333499,673,673,takeover,cartesian_freedrive,-0.9712031174681997,0.07884804418393349,0.6294873599201984,0.15000208476126425,0.02360548743338339,-1.984176135995171,-0.12755098587118233,2.271321729763603,1.5219111577085542
22.466666666666665,0.03333333333333144,674,674,takeover,cartesian_freedrive,-0.9712031174681997,0.07884813951183275,0.6294896377728894,0.15000259923381987,0.023603628080444635,-1.9841782151800813,-0.12755254813569483,2.271322196089808,1.5219131747738532
22.5,0.03333333333333499,675,675,takeover,cartesian_freedrive,-0.9712031174681997,0.07884813929034762,0.629489648486142,0.1500025946803231,0.023603619131274085,-1.9841782251838238,-0.1275525397319978,2.271322247456694,1.521913167830028
22.533333333333335,0.03333333333333499,676,676,takeover,cartesian_freedrive,-0.9712031174681997,0.07884813945704576,0.6294896487445948,0.15000259791693293,0.023603619088201223,-1.984178225234433,-0.12755254705833277,2.271322224935201,1.5219131755006674
22.566666666666666,0.03333333333333144,677,677,takeover,cartesian_freedrive,-0.9712031174681997,0.07884813961293266,0.6294896473750615,0.15000260101206908,0.023603619087993917,-1.9841782252224112,-0.1275525542993806,2.2713222032828657,1.521913183074502
22.6,0.03333333333333499,678,678,takeover,cartesian_freedrive,-0.9712031174681997,0.07884813929046358,0.629489648528392,0.1500025946887824,0.02360361908799293,-1.9841782252321212,-0.1275525397620551,2.2713222474919417,1.521913167870391
22.633333333333333,0.03333333333333144,679,679,takeover,cartesian_freedrive,-0.9439853424857816,0.07785126831242992,0.6516099385589489,0.1555198222739877,0.01531718193916751,-1.981649267241045,-0.11268634721097322,2.2500494933335933,1.52070999950431
22.666666666666668,0.03333333333333499,680,680,takeover,cartesian_freedrive,-0.9439853424857816,0.0777595326138803,0.6558343246324732,0.15648896670993492,0.014011126428914977,-1.9812561481713717,-0.11037394350157641,2.2467395670373724,1.5205230231214824
22.7,0.03333333333333144,681,681,takeover,cartesian_freedrive,-0.9439853424857816,0.07775943632737528,0.6558523065060491,0.15649402040818525,0.014003382790650831,-1.9812541659218441,-0.11036410670149237,2.2467209179969467,1.5205234129652179
22.733333333333334,0.03333333333333499,682,682,takeover,cartesian_freedrive,-0.9439853424857816,0.0777594352904081,0.6558523703285997,0.15649402143008453,0.014003345520083185,-1.9812541561635626,-0.11036401143080965,2.2467209900799316,1.5205233659125483
22.766666666666666,0.03333333333333144,683,683,takeover,cartesian_freedrive,-0.9439853424857816,0.0777594352885799,0.65585237054548,0.15649402140135868,0.014003345340697842,-1.9812541561157462,-0.11036401091284379,2.246720990659628,1.520523365625591
22.8,0.03333333333333499,684,684,takeover,cartesian_freedrive,-0.9439853424857816,0.07775943528857783,0.6558523705462684,0.15649402140122518,0.014003345339834451,-1.9812541561155137,-0.11036401091040478,2.2467209906623813,1.5205233656242656
22.833333333333332,0.03333333333333144,685,685,takeover,cartesian_freedrive,-0.9439853424857816,0.07775943528857784,0.6558523705462715,0.1564940214012246,0.014003345339830296,-1.9812541561155128,-0.11036401091039312,2.2467209906623937,1.5205233656242592
22.866666666666667,0.03333333333333499,686,686,takeover,cartesian_freedrive,-0.9439853424857816,0.07775943528857784,0.6558523705462715,0.1564940214012246,0.014003345339830286,-1.9812541561155128,-0.11036401091039304,2.2467209906623937,1.5205233656242592
22.9,0.03333333333333144,687,687,takeover,cartesian_freedrive,-0.9741608819292225,0.07896276246799266,0.6342835106588617,0.1773783277970024,-0.012075619835704998,-2.01237396096556,-0.12238733433313767,2.267282021404306,1.525061120348758
22.933333333333334,0.03333333333333499,688,688,takeover,cartesian_freedrive,-0.9741608819292225,0.07896643147625698,0.6337203900095483,0.17784536235072304,-0.012346663884336763,-2.012736156279292,-0.12250051239861891,2.267475691835879,1.525103893998917
22.966666666666665,0.03333333333333144,689,689,takeover,cartesian_freedrive,-0.9741608819292225,0.07896646501310425,0.6337158263203424,0.17784833146958356,-0.01234576301736486,-2.012737595174282,-0.12250312807771763,2.267471553260005,1.525106145200557
23.0,0.03333333333333499,690,690,takeover,cartesian_freedrive,-0.9741608819292225,0.07896646515229455,0.633715808497763,0.1778483525633923,-0.012345748440974596,-2.0127375984281066,-0.12250315655416241,2.26747148689347,1.5251061708799312
23.033333333333335,0.03333333333333499,691,691,takeover,cartesian_freedrive,-0.9741608819292225,0.078966465152434,0.6337158084366842,0.17784835266396343,-0.012345748370817608,-2.012737598444104,-0.1225031566843975,2.267471486581844,1.5251061709963538
23.066666666666666,0.03333333333333144,692,692,takeover,cartesian_freedrive,-0.9741608819292225,0.07896646515243406,0.6337158084364076,0.17784835266444352,-0.012345748370479937,-2.012737598444179,-0.12250315668501202,2.2674714865803733,1.5251061709969012
23.1,0.03333333333333499,693,693,takeover,cartesian_freedrive,-0.9741608819292225,0.07896646515243406,0.633715808436407,0.17784835266444568,-0.012345748370478315,-2.012737598444179,-0.12250315668501487,2.2674714865803685,1.5251061709969027
23.133333333333333,0.03333333333333144,694,694,takeover,cartesian_freedrive,-0.9482691329017923,0.07801676472531818,0.647137878420573,0.17138829471132974,-1.5985991133731772e-05,-1.999789612599205,-0.1279826582757323,2.260136733418504,1.5274748990526537
23.166666666666668,0.03333333333333499,695,695,takeover,cartesian_freedrive,-0.9482691329017923,0.07793086876883742,0.6518984178569984,0.16967044806014314,0.0019582814448172677,-1.9975496438731175,-0.128834756184607,2.258996496548654,1.5278430501824694
23.2,0.03333333333333144,696,696,takeover,cartesian_freedrive,-0.9482691329017923,0.07793078646633646,0.6519195579389298,0.16966268724412553,0.001965463494350466,-1.9975388639647156,-0.12884032596897227,2.258987361060452,1.5278463459182001
23.233333333333334,0.03333333333333499,697,697,takeover,cartesian_freedrive,-0.9482691329017923,0.07793078532057808,0.651919589809576,0.16966262389310194,0.0019654928330970715,-1.997538810044784,-0.12884030732802879,2.258987498560202,1.5278463141574197
23.266666666666666,0.03333333333333144,698,698,takeover,cartesian_freedrive,-0.9482691329017923,0.07793078553410648,0.6519195884095473,0.1696626276854696,0.0019654929743061133,-1.9975388097693536,-0.12884031673296592,2.258987470307015,1.5278463238463926
23.3,0.03333333333333499,699,699,takeover,cartesian_freedrive,-0.9482691329017923,0.07793078509143955,0.6519195893979475,0.1696626192974347,0.0019654929749857598,-1.9975388097730173,-0.1288402976946939,2.2589875294256783,1.5278463041135186
23.333333333333332,0.03333333333333144,700,700,takeover,cartesian_freedrive,-0.9482691329017923,0.07793078531878034,0.6519195897476315,0.16966262355489575,0.001965492974989031,-1.9975388097812552,-0.12884030720539805,2.2589874994425174,1.5278463139703464
23.366666666666667,0.03333333333333499,701,701,takeover,cartesian_freedrive,-0.9482691329017923,0.07793078553410471,0.6519195884088838,0.16966262768385593,0.0019654929749890445,-1.9975388097680808,-0.12884031673247354,2.25898747031115,1.527846323845594
23.4,0.03333333333333144,702,702,takeover,cartesian_freedrive,-0.9532573317655062,0.07812974588497071,0.6502775636608928,0.18818924304499843,0.0036495030748975085,-1.9876910107080317,-0.1375571936477984,2.27252142595696,1.5344882950584586
23.433333333333334,0.03333333333333499,703,703,takeover,cartesian_freedrive,-0.9532573317655062,0.07813030506204782,0.6502603621264134,0.1884014803315178,0.003667407109776761,-1.9875969901948292,-0.13764035937394417,2.272646801142655,1.5345519162620804
23.466666666666665,0.03333333333333144,704,704,takeover,cartesian_freedrive,-0.9532573317655062,0.0781303060879226,0.6502601540058781,0.18840252821911532,0.0036676377314856876,-1.9875964929928644,-0.1376408559173847,2.272647235710194,1.534552302281112
23.5,0.03333333333333499,705,705,takeover,cartesian_freedrive,-0.9532573317655062,0.0781303064059539,0.6502601516646607,0.18840253931605042,0.0036676388414809778,-1.9875964905879753,-0.13764087227177416,2.2726471952611904,1.5345523187582795
23.533333333333335,0.03333333333333499,706,706,takeover,cartesian_freedrive,-0.9532573317655062,0.07813030624145174,0.6502601515270067,0.18840253623948983,0.003667638846823448,-1.9875964905702717,-0.1376408652900644,2.2726472170359675,1.534552311442473
23.566666666666666,0.03333333333333144,707,707,takeover,cartesian_freedrive,-0.9532573317655062,0.07813030608917498,0.6502601530657157,0.18840253329590154,0.003667638846849162,-1.9875964905892276,-0.13764085832594808,2.272647237751933,1.534552304155775
23.6,0.03333333333333499,708,708,takeover,cartesian_freedrive,-0.9532573317655062,0.07813030640595475,0.6502601516602484,0.1884025393404616,0.0036676388468492834,-1.987596490576408,-0.13764087228329147,2.2726471952711855,1.5345523187672234
23.633333333333333,0.03333333333333144,709,709,takeover,cartesian_freedrive,-0.9675210365867599,0.07865535530698142,0.6588216118763452,0.17318313651049036,0.01634054936036309,-1.9874648374616193,-0.1292125562886144,2.2683550457706323,1.5304308093614707
23.666666666666668,0.03333333333333499,710,710,takeover,cartesian_freedrive,-0.9675210365867599,0.07870079077880207,0.6618276158226749,0.16938779994468423,0.018400468695675957,-1.9874447628239158,-0.1279012156008959,2.267687965957933,1.529789424153006
23.7,0.03333333333333144,711,711,takeover,cartesian_freedrive,-0.9675210365867599,0.07870085396545348,0.6618402904755991,0.16936986099768647,0.018408131440837028,-1.9874445740051725,-0.12789599764675613,2.2676824515430725,1.5297874311825144
23.733333333333334,0.03333333333333499,712,712,takeover,cartesian_freedrive,-0.9675210365867599,0.07870085304669946,0.66184032146873,0.16936974069791813,0.0184081675038328,-1.9874445723780412,-0.12789590074642232,2.267682662559491,1.52978734654293
23.766666666666666,0.03333333333333144,713,713,takeover,cartesian_freedrive,-0.9675210365867599,0.07870085304567297,0.6618403213731551,0.1693697401224295,0.018408167677406034,-1.987444572367428,-0.12789590033082396,2.267682663546245,1.529787346188299
23.8,0.03333333333333499,714,714,takeover,cartesian_freedrive,-0.9675210365867599,0.07870085304567197,0.6618403213723346,0.16936974011966946,0.01840816767824145,-1.9874445723673737,-0.127895900328909,2.267682663550919,1.5297873461866809
23.833333333333332,0.03333333333333144,715,715,takeover,cartesian_freedrive,-0.9675210365867599,0.07870085304567197,0.6618403213723307,0.16936974011965628,0.01840816767824547,-1.9874445723673737,-0.12789590032890008,2.267682663550939,1.5297873461866744
23.866666666666667,0.03333333333333499,716,716,takeover,cartesian_freedrive,-0.9675210365867599,0.07870085304567197,0.6618403213723307,0.16936974011965628,0.01840816767824547,-1.9874445723673737,-0.12789590032890008,2.267682663550939,1.5297873461866744
23.9,0.03333333333333144,717,717,takeover,cartesian_freedrive,-0.976341222174355,0.07905267985147699,0.661201249085805,0.16793206941139768,-0.0005621491908873911,-1.998177515178879,-0.13680130117608255,2.270924525475031,1.5284121271683013
23.933333333333334,0.03333333333333499,718,718,takeover,cartesian_freedrive,-0.976341222174355,0.07905365161520037,0.6611578089211884,0.16791879290309278,-0.0007547751135375714,-1.9982844946778087,-0.13688492118487167,2.270955049770267,1.5283991777324586
23.966666666666665,0.03333333333333144,719,719,takeover,cartesian_freedrive,-0.976341222174355,0.07905366886217156,0.6611556882342831,0.16791925524025464,-0.0007534450997864517,-1.998284343475888,-0.13688703892987925,2.2709517186869697,1.5284006021722762
24.0,0.03333333333333499,720,720,takeover,cartesian_freedrive,-0.976341222174355,0.0790536689546366,0.6611556730406994,0.16791926161525034,-0.0007534314901211743,-1.9982843397601917,-0.13688706026341052,2.270951674576495,1.5284006192745545
24.033333333333335,0.03333333333333499,721,721,takeover,cartesian_freedrive,-0.976341222174355,0.07905366895474025,0.6611556729814234,0.1679192616456825,-0.0007534314246170878,-1.9982843397424896,-0.13688706036307066,2.270951674366483,1.5284006193537123
24.066666666666666,0.03333333333333144,722,722,takeover,cartesian_freedrive,-0.976341222174355,0.07905366895474032,0.6611556729811521,0.16791926164582813,-0.000753431424301813,-1.9982843397424044,-0.136887060363546,2.270951674365478,1.5284006193540889
24.1,0.03333333333333499,723,723,takeover,cartesian_freedrive,-0.976341222174355,0.07905366895474032,0.661155672981151,0.16791926164582885,-0.0007534314243002955,-1.9982843397424044,-0.13688706036354828,2.2709516743654747,1.5284006193540904
24.133333333333333,0.03333333333333144,724,724,takeover,cartesian_freedrive,-0.9580731538115899,0.07838120272718782,0.654978760534219,0.16098072753798334,-0.006285523499254223,-2.00147186222345,-0.14950453230271224,2.272784670363646,1.5325454215174288
24.166666666666668,0.03333333333333499,725,725,takeover,cartesian_freedrive,-0.9580731538115899,0.0783229932573255,0.6535860351465086,0.15977918278109723,-0.007141287093803086,-2.0019675358229607,-0.15146736772643496,2.273069508276854,1.5331902807532445
24.2,0.03333333333333144,726,726,takeover,cartesian_freedrive,-0.9580731538115899,0.07832294741435589,0.6535775514762028,0.15977388878630566,-0.007143314175395932,-2.0019698772158114,-0.15147821274537662,2.2730673446547116,1.5331948504870123
24.233333333333334,0.03333333333333499,727,727,takeover,cartesian_freedrive,-0.9580731538115899,0.07832294785834179,0.65357744615044,0.15977389345214624,-0.007143222943209836,-2.0019698550607252,-0.15147835347748478,2.27306713318886,1.5331949494818067
24.266666666666666,0.03333333333333144,728,728,takeover,cartesian_freedrive,-0.9580731538115899,0.07832294785884833,0.6535774457439159,0.15977389347367507,-0.007143222504104179,-2.0019698549554783,-0.15147835413559427,2.2730671321826272,1.5331949499380833
24.3,0.03333333333333499,729,729,takeover,cartesian_freedrive,-0.9580731538115899,0.07832294785884887,0.6535774457420475,0.1597738934737767,-0.007143222501990738,-2.0019698549549734,-0.1514783541387422,2.273067132177802,1.5331949499402586
24.333333333333332,0.03333333333333144,730,730,takeover,cartesian_freedrive,-0.9580731538115899,0.07832294785884887,0.6535774457420392,0.15977389347377705,-0.007143222501980567,-2.0019698549549734,-0.1514783541387572,2.2730671321777813,1.533194949940268
24.366666666666667,0.03333333333333499,731,731,takeover,cartesian_freedrive,-0.9580731538115899,0.07832294785884887,0.6535774457420392,0.15977389347377705,-0.0071432225019805225,-2.0019698549549734,-0.1514783541387572,2.2730671321777813,1.533194949940268
24.4,0.03333333333333144,732,732,takeover,cartesian_freedrive,-0.9636898247240921,0.0785469796985345,0.647983212839236,0.17711443448561626,0.003102680157791083,-1.9777329425374288,-0.1462801759903427,2.2709627756064292,1.5246054435401633
24.433333333333334,0.03333333333333499,733,733,takeover,cartesian_freedrive,-0.9636898247240921,0.07854760718286505,0.6479287287931617,0.17729031397551834,0.0031982475991680897,-1.977491578220751,-0.146232386620504,2.2709402080897854,1.5245257498480302
24.466666666666665,0.03333333333333144,734,734,takeover,cartesian_freedrive,-0.9636898247240921,0.07854760621651705,0.6479284132072279,0.17729111094423902,0.0031987011021047543,-1.9774904142545287,-0.14623205679813428,2.2709404434660523,1.524525261297854
24.5,0.03333333333333499,735,735,takeover,cartesian_freedrive,-0.9636898247240921,0.07854760620935933,0.6479284116564845,0.1772911145061526,0.003198703284839962,-1.9774904086514866,-0.14623205460695887,2.270940446507191,1.5245252583170859
24.533333333333335,0.03333333333333499,736,736,takeover,cartesian_freedrive,-0.9636898247240921,0.07854760620935183,0.6479284116473012,0.1772911145233402,0.0031987032953455902,-1.9774904086244935,-0.14623205459683286,2.270940446521457,1.5245252583031699
24.566666666666666,0.03333333333333144,737,737,takeover,cartesian_freedrive,-0.9636898247240921,0.07854760620935182,0.6479284116472545,0.1772911145234231,0.003198703295396154,-1.9774904086243639,-0.14623205459678498,2.270940446521525,1.5245252583031035
24.6,0.03333333333333499,738,738,takeover,cartesian_freedrive,-0.9636898247240921,0.07854760620935183,0.6479284116472545,0.1772911145234235,0.0031987032953963964,-1.9774904086243632,-0.14623205459678476,2.270940446521525,1.5245252583031035
24.633333333333333,0.03333333333333144,739,739,takeover,cartesian_freedrive,-0.9428117257710014,0.07777908294385505,0.6691438204514875,0.17844326171899638,-0.03795880690023983,-1.9597952932368004,-0.12424877045647266,2.253974029310408,1.5079938778513804
24.666666666666668,0.03333333333333499,740,740,takeover,cartesian_freedrive,-0.9428117257710014,0.07771254567590953,0.6716940008556831,0.17859589840815107,-0.044751711904899495,-1.9566367708771015,-0.12082925278483832,2.2513345329867565,1.5054224228537183
24.7,0.03333333333333144,741,741,takeover,cartesian_freedrive,-0.9428117257710014,0.07771249260785744,0.6717050632525983,0.178597231853327,-0.04478217676653265,-1.9566215083941103,-0.12081430274528993,2.2513176485483757,1.5054115808764401
24.733333333333334,0.03333333333333499,742,742,takeover,cartesian_freedrive,-0.9428117257710014,0.07771249264821929,0.6717051533737743,0.17859724624089277,-0.04478229664375384,-1.9566214293088429,-0.12081424147130189,2.2513175179895506,1.5054115371467192
24.766666666666666,0.03333333333333144,743,743,takeover,cartesian_freedrive,-0.9428117257710014,0.07771249264828564,0.6717051538916115,0.17859724631079843,-0.04478229722072966,-1.9566214289295367,-0.12081424116013685,2.2513175173625326,1.5054115369200656
24.8,0.03333333333333499,744,744,takeover,cartesian_freedrive,-0.9428117257710014,0.07771249264828581,0.6717051538941798,0.178597246311139,-0.04478229722350669,-1.9566214289277122,-0.1208142411586319,2.251317517359492,1.5054115369189678
24.833333333333332,0.03333333333333144,745,745,takeover,cartesian_freedrive,-0.9428117257710014,0.07771249264828581,0.6717051538941916,0.17859724631114052,-0.044782297223520055,-1.9566214289277046,-0.12081424115862473,2.251317517359479,1.5054115369189636
24.866666666666667,0.03333333333333499,746,746,takeover,cartesian_freedrive,-0.9428117257710014,0.07771249264828581,0.6717051538941916,0.17859724631114052,-0.044782297223520076,-1.9566214289277046,-0.12081424115862473,2.251317517359479,1.5054115369189636
24.9,0.03333333333333144,747,747,takeover,cartesian_freedrive,-0.9651760681361312,0.07860458129240164,0.7042000777849438,0.195851157393176,-0.022219738879535215,-1.9801630456559884,-0.09862495673988536,2.2565930160160743,1.5102035419475492
24.933333333333334,0.03333333333333499,748,748,takeover,cartesian_freedrive,-0.9651760681361312,0.07860705879554583,0.7050531314571589,0.19618491807239608,-0.02199249993215547,-1.9804245756072336,-0.09841676388335518,2.2566398293538072,1.5102496140502288
24.966666666666665,0.03333333333333144,749,749,takeover,cartesian_freedrive,-0.9651760681361312,0.0786070652388911,0.7050556461143492,0.19618668197758588,-0.02199196979379201,-1.9804257669118381,-0.09841647146068243,2.25663891629922,1.5102505388448466
25.0,0.03333333333333499,750,750,takeover,cartesian_freedrive,-0.9651760681361312,0.07860706524546732,0.705055647218587,0.19618669047001183,-0.021991967242206166,-1.9804257724903207,-0.09841647242345494,2.256638911465268,1.5102505457050517
25.033333333333335,0.03333333333333499,751,751,takeover,cartesian_freedrive,-0.9651760681361312,0.07860706524546819,0.705055647212063,0.19618669051067628,-0.02199196722992524,-1.980425772517003,-0.09841647243016743,2.256638911443013,1.5102505457401734
25.066666666666666,0.03333333333333144,752,752,takeover,cartesian_freedrive,-0.9651760681361312,0.07860706524546815,0.705055647212019,0.19618669051087076,-0.021991967229866138,-1.9804257725171306,-0.09841647243019976,2.256638911442917,1.5102505457403417
25.1,0.03333333333333499,753,753,takeover,cartesian_freedrive,-0.9651760681361312,0.07860706524546815,0.705055647212019,0.19618669051087156,-0.02199196722986587,-1.9804257725171306,-0.09841647243019984,2.256638911442917,1.5102505457403417
25.133333333333333,0.03333333333333144,754,754,takeover,cartesian_freedrive,-0.9306939692779463,0.07736047346549005,0.6782867880295483,0.23955858568654742,-0.025798570131041344,-1.944505704514299,-0.1573686806145541,2.2254808340602343,1.5115242237243527
25.166666666666668,0.03333333333333499,755,755,takeover,cartesian_freedrive,-0.9306939692779463,0.07722791286929798,0.6685224376092356,0.25309186079423823,-0.026430520838424072,-1.9384754027143594,-0.1665393559364054,2.2206331097621264,1.5117227308073167
25.2,0.03333333333333144,756,756,takeover,cartesian_freedrive,-0.9306939692779463,0.07722776720947302,0.6684746665470594,0.2531571208554343,-0.02643241554386396,-1.938446677685235,-0.16658387382659753,2.2206087195773447,1.5117242001977675
25.233333333333334,0.03333333333333499,757,757,takeover,cartesian_freedrive,-0.9306939692779463,0.07722777046031737,0.6684739486488933,0.25315757217522894,-0.026431824782276597,-1.9384463644803298,-0.16658454531694208,2.2206077097550434,1.5117245865077746
25.266666666666666,0.03333333333333144,758,758,takeover,cartesian_freedrive,-0.9306939692779463,0.07722776970267137,0.6684740565334213,0.25315754891291187,-0.026431948490738665,-1.9384464105550885,-0.1665844538980288,2.220607865013409,1.5117245146976772
25.3,0.03333333333333499,759,759,takeover,cartesian_freedrive,-0.9306939692779463,0.07722776985375415,0.6684740022672588,0.2531575568624667,-0.02643188471436177,-1.9384463866327597,-0.1665844912262675,2.2206078174991806,1.511724541699506
25.333333333333332,0.03333333333333144,760,760,takeover,cartesian_freedrive,-0.9306939692779463,0.07722777046047502,0.6684739492306694,0.25315757376687364,-0.026431826035240615,-1.9384463645900698,-0.16658454581730975,2.220607708484085,1.511724586334936
25.366666666666667,0.03333333333333499,761,761,takeover,cartesian_freedrive,-0.9306939692779463,0.07722776970267133,0.6684740565374001,0.253157548920543,-0.02643194849606594,-1.9384464105556127,-0.16658445390003343,2.220607865007607,1.51172451469645
25.4,0.03333333333333144,762,762,takeover,cartesian_freedrive,-0.9600425529925471,0.07839818513879124,0.6644507671142615,0.1862588386538154,-0.06042363297304325,-1.984766656136928,-0.11245969400115936,2.2541189752335224,1.5152559335035685
25.433333333333334,0.03333333333333499,763,763,takeover,cartesian_freedrive,-0.9600425529925471,0.07840171355457669,0.6642267770861598,0.18495647368653856,-0.060762508410886304,-1.9852409714933719,-0.11195060646398844,2.2544323445801537,1.515290137957553
25.466666666666665,0.03333333333333144,764,764,takeover,cartesian_freedrive,-0.9600425529925471,0.07840172422362814,0.6642257993639185,0.18495043104656175,-0.0607632626688406,-1.9852430993302623,-0.11194866169733117,2.25443235489527,1.5152907573468828
25.5,0.03333333333333499,765,765,takeover,cartesian_freedrive,-0.9600425529925471,0.07840172423768839,0.6642258010035555,0.1849504020215943,-0.060763266299126664,-1.9852431096792007,-0.11194865109192922,2.2544323550507723,1.5152907590642153
25.533333333333335,0.03333333333333499,766,766,takeover,cartesian_freedrive,-0.9600425529925471,0.0784017242377135,0.6642258010178056,0.18495040188220832,-0.06076326631659943,-1.9852431097291197,-0.11194865104018271,2.2544323550498477,1.5152907590717803
25.566666666666666,0.03333333333333144,767,767,takeover,cartesian_freedrive,-0.9600425529925471,0.07840172423771356,0.6642258010178804,0.184950401881539,-0.06076326631668354,-1.9852431097293597,-0.11194865103993552,2.2544323550498357,1.5152907590718174
25.6,0.03333333333333499,768,768,takeover,cartesian_freedrive,-0.9600425529925471,0.07840172423771356,0.6642258010178804,0.1849504018815359,-0.0607632663166839,-1.9852431097293597,-0.11194865103993441,2.2544323550498357,1.5152907590718174
25.633333333333333,0.03333333333333144,769,769,takeover,cartesian_freedrive,-0.9197052451775463,0.07696671966298076,0.6655934790257214,0.21967311503170348,-0.03236119419675581,-1.9982943298690454,-0.13920987002534652,2.2666568670801865,1.4760616280403958
25.666666666666668,0.03333333333333499,770,770,takeover,cartesian_freedrive,-0.9197052451775463,0.0767884228587754,0.6688125358950646,0.24802806099194863,-0.02732988210612318,-2.0005694917144696,-0.14345026072190245,2.2685591479250524,1.4699590330355154
25.7,0.03333333333333144,771,771,takeover,cartesian_freedrive,-0.9197052451775463,0.0767882341553383,0.6688262315094323,0.24804712438599244,-0.027307940817666212,-2.000580443668925,-0.1434725671206986,2.2685637361010382,1.4699316290570628
25.733333333333334,0.03333333333333499,772,772,takeover,cartesian_freedrive,-0.9197052451775463,0.07678823197136875,0.6688262482558672,0.24804716289738354,-0.027307840406600847,-2.000580493600115,-0.14347256729789398,2.2685641304419217,1.4699313838663817
25.766666666666666,0.03333333333333144,773,773,takeover,cartesian_freedrive,-0.9197052451775463,0.07678823244211097,0.668826248839277,0.24804717249582064,-0.027307839923316726,-2.000580493896786,-0.14347258845678748,2.268564066067894,1.4699314048268706
25.8,0.03333333333333499,774,774,takeover,cartesian_freedrive,-0.9197052451775463,0.0767882328995233,0.668826245466599,0.24804718186491295,-0.027307839920990656,-2.0005804938586,-0.14347261051992655,2.2685639998519584,1.4699314278740978
25.833333333333332,0.03333333333333144,775,775,takeover,cartesian_freedrive,-0.9197052451775463,0.07678823196798548,0.668826248140882,0.24804716302320665,-0.02730783992097946,-2.0005804938364893,-0.14347256721299068,2.268564132761156,1.4699313825891052
25.866666666666667,0.03333333333333499,776,776,takeover,cartesian_freedrive,-0.9197052451775463,0.07678823244210711,0.6688262488374961,0.24804717249643973,-0.027307839920979425,-2.0005804938978935,-0.14347258845672844,2.2685640660788753,1.4699314048210785
25.9,0.03333333333333144,777,777,takeover,cartesian_freedrive,-0.9808338078850267,0.0792158184727969,0.6768942896898159,0.21214881085615392,-0.012179947864679396,-2.0158986994927903,-0.12892834645883294,2.264748529609848,1.5072464321725003
25.933333333333334,0.03333333333333499,778,778,takeover,cartesian_freedrive,-0.9808338078850267,0.07923335907498781,0.6770446771178223,0.21159603853072514,-0.01203372920429084,-2.0160470272258606,-0.12879304926176283,2.2647080084795874,1.507599810129008
25.966666666666665,0.03333333333333144,779,779,takeover,cartesian_freedrive,-0.9808338078850267,0.07923337315456389,0.6770448326459344,0.2115932505278455,-0.012033153368213596,-2.016047721425183,-0.1287922335837384,2.264708700983208,1.5076013322044486
26.0,0.03333333333333499,780,780,takeover,cartesian_freedrive,-0.9808338078850267,0.07923337316216585,0.6770448313048836,0.21159323653657153,-0.012033150596682085,-2.0160477247279784,-0.12879222880029,2.2647087083019217,1.5076013386294687
26.033333333333335,0.03333333333333499,781,781,takeover,cartesian_freedrive,-0.9808338078850267,0.07923337316218068,0.677044831292608,0.2115932364694758,-0.012033150583342542,-2.016047724743772,-0.12879222877910435,2.264708708335157,1.5076013386623046
26.066666666666666,0.03333333333333144,782,782,takeover,cartesian_freedrive,-0.9808338078850267,0.07923337316218074,0.6770448312925411,0.21159323646915387,-0.01203315058327834,-2.016047724743847,-0.12879222877900628,2.2647087083353084,1.5076013386624665
26.1,0.03333333333333499,783,783,takeover,cartesian_freedrive,-0.9808338078850267,0.07923337316218074,0.6770448312925411,0.21159323646915243,-0.01203315058327804,-2.016047724743847,-0.12879222877900587,2.2647087083353084,1.5076013386624671
26.133333333333333,0.03333333333333144,784,784,takeover,cartesian_freedrive,-0.9880879393556015,0.07950036117040493,0.6847119008598697,0.20471461870300178,-0.035400220943230615,-2.00440806228245,-0.15014417767608285,2.268782829881625,1.504167718046472
26.166666666666668,0.03333333333333499,785,785,takeover,cartesian_freedrive,-0.9880879393556015,0.07952348840800028,0.685483848539396,0.20292779396744542,-0.039337126303842646,-2.002359972355239,-0.15346569237898008,2.269416309253108,1.5036337255573213
26.2,0.03333333333333144,786,786,takeover,cartesian_freedrive,-0.9880879393556015,0.07952354595221833,0.685485855858325,0.20291987913878065,-0.03935389982236659,-2.0023500273226724,-0.1534835726592862,2.2694144003279733,1.5036331190849777
26.233333333333334,0.03333333333333499,787,787,takeover,cartesian_freedrive,-0.9880879393556015,0.07952354627798328,0.685485866791977,0.20291985843165053,-0.03935393270511329,-2.0023499657556707,-0.1534837008981929,2.2694142748652797,1.503633153788902
26.266666666666666,0.03333333333333144,788,788,takeover,cartesian_freedrive,-0.9880879393556015,0.07952354627839764,0.6854858669330284,0.20291985833279902,-0.0393539328633798,-2.0023499654612165,-0.15348370149762167,2.2694142742630397,1.5036331539377972
26.3,0.03333333333333499,789,789,takeover,cartesian_freedrive,-0.9880879393556015,0.0795235462783983,0.6854858669337871,0.20291985833232926,-0.03935393286414155,-2.0023499654598016,-0.15348370150050245,2.2694142742601047,1.5036331539385097
26.333333333333332,0.03333333333333144,790,790,takeover,cartesian_freedrive,-0.9880879393556015,0.0795235462783983,0.6854858669337903,0.20291985833232723,-0.039353932864145194,-2.002349965459797,-0.1534837015005163,2.269414274260093,1.5036331539385122
26.366666666666667,0.03333333333333499,791,791,takeover,cartesian_freedrive,-0.9880879393556015,0.0795235462783983,0.6854858669337903,0.20291985833232723,-0.039353932864145194,-2.002349965459797,-0.1534837015005163,2.269414274260093,1.5036331539385122
26.4,0.03333333333333144,792,792,takeover,cartesian_freedrive,-0.9719825682441867,0.07888106967597702,0.684618027809517,0.2210947731117845,-0.025334849576424918,-1.9922033032459587,-0.14955793784435628,2.2732575066638425,1.4919635011201566
26.433333333333334,0.03333333333333499,793,793,takeover,cartesian_freedrive,-0.9719825682441867,0.07887932505268241,0.6846237083262697,0.22130280143783337,-0.025198936858995886,-1.992107383836937,-0.14952241767192154,2.273290075748595,1.4918550914749122
26.466666666666665,0.03333333333333144,794,794,takeover,cartesian_freedrive,-0.9719825682441867,0.07887932314572953,0.6846233892771043,0.22130381641260052,-0.025198332533903908,-1.9921069100518074,-0.14952236038564715,2.273290114646752,1.4918546831146229
26.5,0.03333333333333499,795,795,takeover,cartesian_freedrive,-0.9719825682441867,0.07887932314333135,0.6846233869595613,0.22130382129661422,-0.025198329625253157,-1.9921069077543794,-0.14952236029055965,2.273290114788526,1.4918546813316211
26.533333333333335,0.03333333333333499,796,796,takeover,cartesian_freedrive,-0.9719825682441867,0.07887932314332755,0.6846233869473743,0.22130382132009055,-0.02519832961125366,-1.9921069077432987,-0.1495223602902753,2.2732901147893534,1.491854681323212
26.566666666666666,0.03333333333333144,797,797,takeover,cartesian_freedrive,-0.9719825682441867,0.07887932314332752,0.6846233869473146,0.2213038213202034,-0.02519832961118628,-1.9921069077432465,-0.14952236029027402,2.273290114789356,1.4918546813231726
26.6,0.03333333333333499,798,798,takeover,cartesian_freedrive,-0.9719825682441867,0.07887932314332752,0.6846233869473146,0.22130382132020376,-0.025198329611185975,-1.9921069077432465,-0.14952236029027402,2.273290114789356,1.4918546813231726
26.633333333333333,0.03333333333333144,799,799,takeover,cartesian_freedrive,-0.9687541388008467,0.07876050018577503,0.6781633078244049,0.20351031331488734,0.01386675020144728,-1.9729988487590595,-0.12125825366301082,2.2663771748029347,1.4772236523258906
26.666666666666668,0.03333333333333499,800,800,takeover,cartesian_freedrive,-0.9687541388008467,0.07875017994948588,0.6800486041876563,0.19493120270897257,0.021471338070690717,-1.969288894254535,-0.11686136947542076,2.2653025715471236,1.474947344034553
26.7,0.03333333333333144,801,801,takeover,cartesian_freedrive,-0.9687541388008467,0.07875017010201907,0.6800575013768064,0.1948899344211204,0.02150369761845068,-1.969271670479147,-0.11684014526734823,2.2652969239008187,1.474936602437401
26.733333333333334,0.03333333333333499,802,802,takeover,cartesian_freedrive,-0.9687541388008467,0.07875016884843562,0.6800578154789165,0.19488965785410464,0.0215034232580913,-1.9692717127784112,-0.11683978114663535,2.265297376792839,1.4749363363344683
26.766666666666666,0.03333333333333144,803,803,takeover,cartesian_freedrive,-0.9687541388008467,0.07875016884683193,0.680057816992693,0.19488965652207227,0.021503421652282237,-1.969271712992955,-0.11683977939058292,2.2652973789728543,1.4749363350537
26.8,0.03333333333333499,804,804,takeover,cartesian_freedrive,-0.9687541388008467,0.07875016884682995,0.6800578169999846,0.19488965651565815,0.021503421644085315,-1.9692717129940276,-0.116839779382115,2.2652973789833477,1.4749363350475353
26.833333333333332,0.03333333333333144,805,805,takeover,cartesian_freedrive,-0.9687541388008467,0.07875016884682995,0.6800578170000191,0.19488965651562726,0.021503421644045048,-1.9692717129940316,-0.11683977938207418,2.2652973789833957,1.474936335047507
26.866666666666667,0.03333333333333499,806,806,takeover,cartesian_freedrive,-0.9687541388008467,0.07875016884682995,0.6800578170000191,0.19488965651562726,0.021503421644044906,-1.9692717129940316,-0.11683977938207407,2.2652973789833957,1.474936335047507
26.9,0.03333333333333144,807,807,takeover,cartesian_freedrive,-0.9324886074529246,0.07730452723683157,0.6994096274864007,0.14143519963804163,-0.03509911876152201,-2.011154126604425,-0.10299013520823348,2.2586007837755235,1.4760842591098304
26.933333333333334,0.03333333333333499,808,808,takeover,cartesian_freedrive,-0.9324886074529246,0.07729956383393138,0.69947082219175,0.14061308371909814,-0.03569179090343855,-2.0115999634219817,-0.1028603764357394,2.2585355855984086,1.4760959161958271
26.966666666666665,0.03333333333333144,809,809,takeover,cartesian_freedrive,-0.9324886074529246,0.07729956445965361,0.6994711370365613,0.14060935730213345,-0.03569370747535058,-2.011601945457554,-0.10286031208857668,2.2585337225842066,1.4760964800465226
27.0,0.03333333333333499,810,810,takeover,cartesian_freedrive,-0.9324886074529246,0.07729956446071255,0.6994711446334526,0.1406093393836692,-0.03569371669991927,-2.011601955055894,-0.10286031084594509,2.258533713815282,1.4760964817560327
27.033333333333335,0.03333333333333499,811,811,takeover,cartesian_freedrive,-0.9324886074529246,0.07729956446071631,0.6994711446744944,0.14060933929752326,-0.03569371674431765,-2.0116019551021345,-0.1028603108394654,2.2585337137726267,1.4760964817637177
27.066666666666666,0.03333333333333144,812,812,takeover,cartesian_freedrive,-0.9324886074529246,0.07729956446071631,0.6994711446746954,0.14060933929710911,-0.035693716744531326,-2.0116019551023556,-0.10286031083943473,2.2585337137724197,1.476096481763754
27.1,0.03333333333333499,813,813,takeover,cartesian_freedrive,-0.9324886074529246,0.07729956446071631,0.6994711446746957,0.14060933929710726,-0.035693716744532325,-2.0116019551023556,-0.10286031083943466,2.2585337137724197,1.476096481763754
27.133333333333333,0.03333333333333144,814,814,takeover,cartesian_freedrive,-0.9327385299966053,0.07730873600956695,0.7048167185668621,0.12211390839842748,-0.04979010654662056,-2.0078398545033327,-0.09632447278743404,2.244683942904513,1.493324279109036
27.166666666666668,0.03333333333333499,815,815,takeover,cartesian_freedrive,-0.9327385299966053,0.07730954248386429,0.7055574007247722,0.11670580729141203,-0.052075089225680236,-2.00725479713208,-0.09530779389528307,2.24252917002283,1.496004314556871
27.2,0.03333333333333144,816,816,takeover,cartesian_freedrive,-0.9327385299966053,0.07730956246164133,0.705560649949372,0.11668028774077221,-0.052084105684258385,-2.007251716606381,-0.09530412842820468,2.2425153137584415,1.496018360166548
27.233333333333334,0.03333333333333499,817,817,takeover,cartesian_freedrive,-0.9327385299966053,0.07730956249622009,0.705560688693132,0.11668016539152307,-0.052084149080981974,-2.007251701953658,-0.09530410850623393,2.2425152450711967,1.4960184252273745
27.266666666666666,0.03333333333333144,818,818,takeover,cartesian_freedrive,-0.9327385299966053,0.07730956249631674,0.7055606888943357,0.1166801648047241,-0.05208414928985285,-2.007251701883245,-0.09530410841274349,2.242515244726834,1.4960184255428497
27.3,0.03333333333333499,819,819,takeover,cartesian_freedrive,-0.9327385299966053,0.07730956249631712,0.7055606888953138,0.1166801648019096,-0.05208414929085815,-2.007251701882907,-0.09530410841231336,2.242515244725108,1.4960184255443887
27.333333333333332,0.03333333333333144,820,820,takeover,cartesian_freedrive,-0.9327385299966053,0.07730956249631712,0.705560688895318,0.11668016480189611,-0.05208414929086298,-2.007251701882907,-0.09530410841231148,2.2425152447251024,1.496018425544395
27.366666666666667,0.03333333333333499,821,821,takeover,cartesian_freedrive,-0.9327385299966053,0.07730956249631712,0.705560688895318,0.11668016480189611,-0.05208414929086298,-2.007251701882907,-0.09530410841231148,2.2425152447251024,1.496018425544395
27.4,0.03333333333333144,822,822,takeover,cartesian_freedrive,-0.9258609810757505,0.07703520472604314,0.6992739075415572,0.15073202594692045,-0.044102245682715945,-2.003008758246075,-0.09603032787806338,2.25755496168762,1.4967909170311187
27.433333333333334,0.03333333333333499,823,823,takeover,cartesian_freedrive,-0.9258609810757505,0.07703446150086717,0.6992133534727069,0.15129099951544248,-0.04402840818569697,-2.0029686463212815,-0.09603819523682504,2.2576942629785264,1.496799199834801
27.466666666666665,0.03333333333333144,824,824,takeover,cartesian_freedrive,-0.9258609810757505,0.0770344604131375,0.6992130293594807,0.15129368247564445,-0.04402805280165997,-2.0029684529033434,-0.09603822232006018,2.257694983925911,1.4967992285257516
27.5,0.03333333333333499,825,825,takeover,cartesian_freedrive,-0.9258609810757505,0.07703446041079451,0.699213027769536,0.1512936953500428,-0.04402805109117655,-2.002968451972048,-0.09603822236941928,2.257694987668399,1.4967992285793699
27.533333333333335,0.03333333333333499,826,826,takeover,cartesian_freedrive,-0.9258609810757505,0.07703446041078667,0.6992130277618415,0.15129369541182244,-0.0440280510829439,-2.002968451967565,-0.09603822236925241,2.2576949876877186,1.4967992285792058
27.566666666666666,0.03333333333333144,827,827,takeover,cartesian_freedrive,-0.9258609810757505,0.07703446041078663,0.6992130277618046,0.15129369541211893,-0.04402805108290427,-2.002968451967546,-0.09603822236924972,2.2576949876878163,1.4967992285792042
27.6,0.03333333333333499,828,828,takeover,cartesian_freedrive,-0.9258609810757505,0.07703446041078663,0.6992130277618046,0.1512936954121202,-0.04402805108290413,-2.002968451967546,-0.09603822236924972,2.2576949876878163,1.4967992285792042
27.633333333333333,0.03333333333333144,829,829,takeover,cartesian_freedrive,-0.9417967767908451,0.07762101359534185,0.6948599890380069,0.14707079955948138,-0.052033585358346804,-2.0176788434155783,-0.09583861042285328,2.255095561215638,1.4959545397478187
27.666666666666668,0.03333333333333499,830,830,takeover,cartesian_freedrive,-0.9417967767908451,0.07767181004130623,0.6937393291163644,0.14643175959757976,-0.053300219767592485,-2.0201472080412635,-0.09580759018768308,2.2546909717396098,1.4958232215157028
27.7,0.03333333333333144,831,831,takeover,cartesian_freedrive,-0.9417967767908451,0.07767189975891824,0.6937332248542449,0.14642938440630132,-0.053304130129670835,-2.020158976575377,-0.09580914539916231,2.254684042344208,1.4958243322857514
27.733333333333334,0.03333333333333499,832,832,takeover,cartesian_freedrive,-0.9417967767908451,0.07767189988250098,0.69373323210878,0.14642937500631242,-0.053304143524646456,-2.020159031933927,-0.09580915171573033,2.254683997646607,1.4958243354132956
27.766666666666666,0.03333333333333144,833,833,takeover,cartesian_freedrive,-0.9417967767908451,0.07767189988261092,0.6937332321701724,0.14642937495983915,-0.053304143589117225,-2.0201590322006533,-0.09580915173889074,2.2546839974419113,1.495824335420654
27.8,0.03333333333333499,834,834,takeover,cartesian_freedrive,-0.9417967767908451,0.07767189988261086,0.6937332321704803,0.1464293749596095,-0.053304143589427526,-2.0201590322019367,-0.0958091517389868,2.25468399744097,1.4958243354206722
27.833333333333332,0.03333333333333144,835,835,takeover,cartesian_freedrive,-0.9417967767908451,0.07767189988261086,0.6937332321704812,0.14642937495960853,-0.05330414358942899,-2.0201590322019403,-0.09580915173898713,2.2546839974409676,1.4958243354206722
27.866666666666667,0.03333333333333499,836,836,takeover,cartesian_freedrive,-0.9417967767908451,0.07767189988261086,0.6937332321704812,0.14642937495960853,-0.05330414358942899,-2.0201590322019403,-0.09580915173898713,2.2546839974409676,1.4958243354206722
27.9,0.03333333333333144,837,837,takeover,cartesian_freedrive,-0.935273756677482,0.07741166354455592,0.6880116916817953,0.15047200971513455,-0.04857109003422199,-2.002998540648358,-0.10303139616802323,2.2602304952877477,1.4994943623556403
27.933333333333334,0.03333333333333499,838,838,takeover,cartesian_freedrive,-0.935273756677482,0.07741097217563123,0.687956976754852,0.15050930159071074,-0.04852437610174402,-2.002822454765794,-0.10310074060255059,2.260279053820839,1.499530280957571
27.966666666666665,0.03333333333333144,839,839,takeover,cartesian_freedrive,-0.935273756677482,0.07741097140626815,0.6879567472266896,0.15050948304776274,-0.04852414284145418,-2.0028216053026773,-0.10310107354466755,2.260279276875473,1.499530451800765
28.0,0.03333333333333499,840,840,takeover,cartesian_freedrive,-0.935273756677482,0.07741097140569296,0.6879567461567677,0.1505094839332765,-0.04852414171875926,-2.002821601214573,-0.1031010751679703,2.2602792778654424,1.4995304526447713
28.033333333333335,0.03333333333333499,841,841,takeover,cartesian_freedrive,-0.935273756677482,0.07741097140569389,0.6879567461516513,0.15050948393759656,-0.04852414171335566,-2.002821601194897,-0.103101075175906,2.2602792778697993,1.4995304526489617
28.066666666666666,0.03333333333333144,842,842,takeover,cartesian_freedrive,-0.935273756677482,0.07741097140569389,0.6879567461516272,0.1505094839376176,-0.048524141713329645,-2.0028216011948046,-0.10310107517594477,2.2602792778698158,1.4995304526489812
28.1,0.03333333333333499,843,843,takeover,cartesian_freedrive,-0.935273756677482,0.07741097140569389,0.6879567461516272,0.1505094839376176,-0.04852414171332957,-2.0028216011948046,-0.1031010751759449,2.2602792778698158,1.4995304526489812
28.133333333333333,0.03333333333333144,844,844,takeover,cartesian_freedrive,-0.9383059078149929,0.07752256504698468,0.6855359420016337,0.15547740727572987,-0.045678800610216314,-1.9946311264957475,-0.09950156106318969,2.2624400024919353,1.5034624339043134
28.166666666666668,0.03333333333333499,845,845,takeover,cartesian_freedrive,-0.9383059078149929,0.0775322464715947,0.6851587007306705,0.15625072424870975,-0.04523810092033813,-1.9933517956314508,-0.0989429268333163,2.2627723486318745,1.5040754312947735
28.2,0.03333333333333144,846,846,takeover,cartesian_freedrive,-0.9383059078149929,0.07753225808354243,0.6851567340265796,0.15625445430988288,-0.0452360056128099,-1.9933456337433784,-0.09894028390270528,2.2627738840828933,1.504078428199717
28.233333333333334,0.03333333333333499,847,847,takeover,cartesian_freedrive,-0.9383059078149929,0.07753225809864675,0.6851567243746077,0.15625447231465697,-0.0452359955279766,-1.9933456040837954,-0.09894027132991347,2.2627738910984663,1.5040784427788358
28.266666666666666,0.03333333333333144,848,848,takeover,cartesian_freedrive,-0.9383059078149929,0.07753225809867127,0.6851567243280302,0.1562544724015618,-0.045235995479437734,-1.993345603941041,-0.09894027126996756,2.2627738911304918,1.5040784428496006
28.3,0.03333333333333499,849,849,takeover,cartesian_freedrive,-0.9383059078149929,0.07753225809867134,0.685156724327806,0.15625447240198123,-0.045235995479204115,-1.9933456039403539,-0.09894027126968163,2.262773891130636,1.504078442849944
28.333333333333332,0.03333333333333144,850,850,takeover,cartesian_freedrive,-0.9383059078149929,0.07753225809867134,0.6851567243278055,0.15625447240198312,-0.045235995479203026,-1.9933456039403517,-0.09894027126968034,2.262773891130636,1.5040784428499443
28.366666666666667,0.03333333333333499,851,851,takeover,cartesian_freedrive,-0.9383059078149929,0.07753225809867134,0.6851567243278055,0.15625447240198312,-0.045235995479203026,-1.9933456039403517,-0.09894027126968034,2.262773891130636,1.5040784428499443
28.4,0.03333333333333144,852,852,takeover,cartesian_freedrive,-0.9538647633521151,0.07815288400978909,0.7040967352587405,0.18169779644906636,-0.06893546125824154,-1.9806550548523938,-0.0969930712955995,2.2718980220096894,1.4929846808779847
28.433333333333334,0.03333333333333499,853,853,takeover,cartesian_freedrive,-0.9538647633521151,0.07815461020863815,0.7042745561853868,0.1820192105729558,-0.06915711006804878,-1.9805323820401441,-0.09697605422069536,2.2719800933603937,1.492881561893447
28.466666666666665,0.03333333333333144,854,854,takeover,cartesian_freedrive,-0.9538647633521151,0.07815461223374373,0.7042754795431216,0.18202076051717098,-0.0691581560727828,-1.980531788488638,-0.09697596574315438,2.2719804751121173,1.492881057225136
28.5,0.03333333333333499,855,855,takeover,cartesian_freedrive,-0.9538647633521151,0.07815461223571554,0.7042754840995334,0.18202076796168182,-0.06915816110726258,-1.9805317856335354,-0.09697596526000819,2.271980477066655,1.4928810547363633
28.533333333333335,0.03333333333333499,856,856,takeover,cartesian_freedrive,-0.9538647633521151,0.0781546122357159,0.7042754841215652,0.1820207679974387,-0.0691581611314938,-1.980531785619795,-0.09697596525750014,2.271980477076589,1.4928810547241924
28.566666666666666,0.03333333333333144,857,857,takeover,cartesian_freedrive,-0.9538647633521151,0.0781546122357159,0.704275484121671,0.18202076799761044,-0.06915816113161044,-1.98053178561973,-0.09697596525748728,2.2719804770766365,1.4928810547241338
28.6,0.03333333333333499,858,858,takeover,cartesian_freedrive,-0.9538647633521151,0.0781546122357159,0.704275484121671,0.18202076799761105,-0.06915816113161091,-1.98053178561973,-0.09697596525748728,2.2719804770766365,1.4928810547241338
28.633333333333333,0.03333333333333144,859,859,takeover,cartesian_freedrive,-0.9445050359411482,0.07781005236425861,0.687919048392675,0.16808686464207867,-0.06527894173434474,-1.9921268578270521,-0.10315002309786395,2.263252541605534,1.4945077750125622
28.666666666666668,0.03333333333333499,860,860,takeover,cartesian_freedrive,-0.9445050359411482,0.0777802352212278,0.6847283103634276,0.16558628408941928,-0.064663230543693,-1.9939937840853765,-0.10411051354822747,2.26189451573526,1.494760970341169
28.7,0.03333333333333144,861,861,takeover,cartesian_freedrive,-0.9445050359411482,0.0777802226479266,0.6847123030736698,0.1655747797208939,-0.06465806135511618,-1.994002676012347,-0.10411643073372763,2.261884236979866,1.4947635164307365
28.733333333333334,0.03333333333333499,862,862,takeover,cartesian_freedrive,-0.9445050359411482,0.07778022265351361,0.6847122622908025,0.16557472657529584,-0.06465802811409288,-1.9940027165630294,-0.10411645787497582,2.261884175992299,1.4947635260425023
28.766666666666666,0.03333333333333144,863,863,takeover,cartesian_freedrive,-0.9445050359411482,0.07778022265351814,0.6847122621387862,0.16557472631952483,-0.06465802795410198,-1.9940027167588228,-0.10411645799708914,2.2618841757020705,1.4947635260799215
28.8,0.03333333333333499,864,864,takeover,cartesian_freedrive,-0.9445050359411482,0.07778022265351814,0.6847122621380928,0.16557472631829379,-0.06465802795333193,-1.994002716759766,-0.10411645799766948,2.261884175700676,1.4947635260800933
28.833333333333332,0.03333333333333144,865,865,takeover,cartesian_freedrive,-0.9445050359411482,0.07778022265351814,0.6847122621380902,0.16557472631828798,-0.06465802795332828,-1.9940027167597694,-0.1041164579976722,2.2618841757006716,1.4947635260800933
28.866666666666667,0.03333333333333499,866,866,takeover,cartesian_freedrive,-0.9445050359411482,0.07778022265351814,0.6847122621380902,0.16557472631828798,-0.06465802795332828,-1.9940027167597694,-0.1041164579976722,2.2618841757006716,1.4947635260800933
28.9,0.03333333333333144,867,867,takeover,cartesian_freedrive,-0.9433851230689285,0.07773552970024858,0.6846979781702193,0.15743183912570186,-0.056860084330853405,-2.003919559132349,-0.12174001395766113,2.266016776781928,1.5044894795839632
28.933333333333334,0.03333333333333499,868,868,takeover,cartesian_freedrive,-0.9433851230689285,0.07773542576981288,0.684703202528525,0.1573540514217216,-0.05678904130724386,-2.004013025922325,-0.12190724102531737,2.266052172012403,1.5045823665003693
28.966666666666665,0.03333333333333144,869,869,takeover,cartesian_freedrive,-0.9433851230689285,0.0777354257685311,0.6847030191693328,0.15735368660704258,-0.05678874354125765,-2.0040134671244885,-0.12190810701861982,2.266052260953929,1.5045828745910204
29.0,0.03333333333333499,870,870,takeover,cartesian_freedrive,-0.9433851230689285,0.07773542576850279,0.6847030179535927,0.1573536848496398,-0.056788742108093176,-2.004013469243349,-0.12190811124383455,2.266052261366861,1.5045828770964769
29.033333333333335,0.03333333333333499,871,871,takeover,cartesian_freedrive,-0.9433851230689285,0.07773542576850256,0.6847030179474697,0.15735368484117335,-0.05678874210119528,-2.004013469253543,-0.12190811126420245,2.266052261368884,1.504582877108569
29.066666666666666,0.03333333333333144,872,872,takeover,cartesian_freedrive,-0.9433851230689285,0.07773542576850256,0.6847030179474405,0.15735368484113255,-0.056788742101162075,-2.0040134692535903,-0.12190811126430044,2.2660522613688916,1.504582877108626
29.1,0.03333333333333499,873,873,takeover,cartesian_freedrive,-0.9433851230689285,0.07773542576850256,0.6847030179474405,0.15735368484113252,-0.05678874210116196,-2.0040134692535903,-0.12190811126430084,2.2660522613688916,1.504582877108626
29.133333333333333,0.03333333333333144,874,874,takeover,cartesian_freedrive,-0.9963707288893389,0.07951645364796148,0.7131288081258566,0.22302814632174103,-0.13828153801225485,-1.9553000357224062,-0.13405298681190359,2.2787887821308757,1.4731063990945725
29.166666666666668,0.03333333333333499,875,875,takeover,cartesian_freedrive,-0.9963707288893389,0.07985442752459487,0.7072494538229918,0.2883794079463588,-0.15501562277424558,-1.9458965469531417,-0.13594219505946387,2.2807700771846275,1.4682100079406943
29.2,0.03333333333333144,876,876,takeover,cartesian_freedrive,-0.9963707288893389,0.07985484861637616,0.7072262362120662,0.2874762358923773,-0.15509377965981236,-1.945851207477581,-0.1359522351514825,2.2807760704301887,1.4681874582913093
29.233333333333334,0.03333333333333499,877,877,takeover,cartesian_freedrive,-0.9963707288893389,0.07985484954855035,0.7072263801222975,0.28747191095302654,-0.15509409775565755,-1.9458509925965979,-0.1359522368198696,2.280776015043088,1.4681873069588136
29.266666666666666,0.03333333333333144,878,878,takeover,cartesian_freedrive,-0.9963707288893389,0.07985484955171648,0.707226381609884,0.2874718902273811,-0.15509409928667078,-1.9458509915978108,-0.135952236720491,2.2807760143563574,1.468187306146817
29.3,0.03333333333333499,879,879,takeover,cartesian_freedrive,-0.9963707288893389,0.07985484955173038,0.707226381618492,0.28747189012804664,-0.15509409929403958,-1.9458509915930728,-0.13595223672031706,2.2807760143505544,1.4681873061432926
29.333333333333332,0.03333333333333144,880,880,takeover,cartesian_freedrive,-0.9963707288893389,0.07985484955173044,0.7072263816185358,0.2874718901275703,-0.15509409929407508,-1.9458509915930515,-0.135952236720319,2.2807760143505162,1.46818730614328
29.366666666666667,0.03333333333333499,881,881,takeover,cartesian_freedrive,-0.9963707288893389,0.07985484955173044,0.7072263816185358,0.2874718901275684,-0.15509409929407508,-1.9458509915930515,-0.135952236720319,2.2807760143505162,1.46818730614328
29.4,0.03333333333333144,882,882,takeover,cartesian_freedrive,-0.8666746378020491,0.07522921118989223,0.6359641942141886,0.18962833493085016,-0.06328019370258083,-1.9514321885057162,-0.1438248034627417,2.2466861686334147,1.4909883534659554
29.433333333333334,0.03333333333333499,883,883,takeover,cartesian_freedrive,-0.8666746378020491,0.07466767170371114,0.6353022125860248,0.19128843154471012,-0.06241015227917028,-1.9514861673845485,-0.14390033545681302,2.2463608837937805,1.4912045592178498
29.466666666666665,0.03333333333333144,884,884,takeover,cartesian_freedrive,-0.8666746378020491,0.07466700929952902,0.6352986711678762,0.1912964241576366,-0.062406037730892566,-1.9514864104351262,-0.14390078932860123,2.246359270249564,1.4912056838982537
29.5,0.03333333333333499,885,885,takeover,cartesian_freedrive,-0.8666746378020491,0.07466700851432059,0.6352986533284501,0.1912964624646232,-0.06240601792733968,-1.951486411587791,-0.1439007913662006,2.2463592635130105,1.4912056891554524
29.533333333333335,0.03333333333333499,886,886,takeover,cartesian_freedrive,-0.8666746378020491,0.07466700851337443,0.6352986532417224,0.19129646264821512,-0.062406017832024055,-1.9514864115933173,-0.14390079137461473,2.246359263485853,1.4912056891793315
29.566666666666666,0.03333333333333144,887,887,takeover,cartesian_freedrive,-0.8666746378020491,0.07466700851337321,0.6352986532413035,0.19129646264909497,-0.06240601783156528,-1.9514864115933428,-0.14390079137464787,2.24635926348575,1.491205689179438
29.6,0.03333333333333499,888,888,takeover,cartesian_freedrive,-0.8666746378020491,0.07466700851337321,0.6352986532413022,0.19129646264909908,-0.06240601783156312,-1.9514864115933428,-0.1439007913746479,2.24635926348575,1.491205689179438
29.633333333333333,0.03333333333333144,889,889,takeover,cartesian_freedrive,-0.9537012676360845,0.07666706883589558,0.6731032954444326,0.15079096823327204,-0.08525892347365328,-1.9583862421444758,-0.13628043567721201,2.222237805594064,1.4599353702646158
29.666666666666668,0.03333333333333499,890,890,takeover,cartesian_freedrive,-0.9537012676360845,0.07814582263618636,0.6802407156113696,0.1270922268962964,-0.08883305655516376,-1.9594827838139814,-0.13509488573355832,2.2184859771848893,1.4550709336382914
29.7,0.03333333333333144,891,891,takeover,cartesian_freedrive,-0.9537012676360845,0.07814807004506671,0.6802748387604293,0.12699772244684515,-0.08885249986626526,-1.959488049436996,-0.13509037278384406,2.2184639169349016,1.4550486799452182
29.733333333333334,0.03333333333333499,892,892,takeover,cartesian_freedrive,-0.9537012676360845,0.07814807274988256,0.6802749503604595,0.12699727057574933,-0.08885259866047603,-1.9594880725333086,-0.1350903663865002,2.2184637859364282,1.455048587488684
29.766666666666666,0.03333333333333144,893,893,takeover,cartesian_freedrive,-0.9537012676360845,0.07814807275326427,0.6802749508611542,0.1269972684083102,-0.08885259913597814,-1.9594880726440158,-0.13509036637638613,2.218463785251611,1.455048587064242
29.8,0.03333333333333499,894,894,takeover,cartesian_freedrive,-0.9537012676360845,0.07814807275326917,0.6802749508635486,0.12699726839791417,-0.08885259913826674,-1.959488072644548,-0.1350903663764099,2.2184637852480686,1.4550485870622705
29.833333333333332,0.03333333333333144,895,895,takeover,cartesian_freedrive,-0.9537012676360845,0.07814807275326918,0.6802749508635595,0.12699726839786432,-0.08885259913827773,-1.9594880726445494,-0.13509036637641023,2.218463785248053,1.4550485870622627
29.866666666666667,0.03333333333333499,896,896,takeover,cartesian_freedrive,-0.9537012676360845,0.07814807275326918,0.6802749508635595,0.12699726839786424,-0.08885259913827773,-1.9594880726445494,-0.13509036637641023,2.218463785248053,1.4550485870622627
29.9,0.03333333333333144,897,897,takeover,cartesian_freedrive,-0.9995889063227779,0.07997545489992468,0.7028735077801639,0.15615716287677872,-0.08956490284750054,-2.049884763693062,-0.14304351099698887,2.2578631690221047,1.4783229816104855
29.933333333333334,0.03333333333333499,898,898,takeover,cartesian_freedrive,-0.9995889063227779,0.07998357064365941,0.7031691699470534,0.15581359208298554,-0.08957625499061478,-2.0515003921279975,-0.14311955232188153,2.2582305543719645,1.4785434456704247
29.966666666666665,0.03333333333333144,899,899,takeover,cartesian_freedrive,-0.9995889063227779,0.07998358119500693,0.7031699702701308,0.15581199174094626,-0.08957652486476221,-2.051508140851585,-0.14312015840273387,2.258231874195534,1.4785447513447054
30.0,0.03333333333333499,900,900,takeover,cartesian_freedrive,-0.9995889063227779,0.07998358120410036,0.7031699720789633,0.15581198391359513,-0.08957652616368168,-2.0515081781108018,-0.1431201614233493,2.2582318812178146,1.4785447577485746
30.033333333333335,0.03333333333333499,901,901,takeover,cartesian_freedrive,-0.9995889063227779,0.07998358120409449,0.7031699720863913,0.15581198387533968,-0.08957652616993346,-2.051508178290108,-0.14312016143684456,2.258231881255675,1.4785447577783106
30.066666666666666,0.03333333333333144,902,902,takeover,cartesian_freedrive,-0.9995889063227779,0.0799835812040944,0.7031699720864256,0.15581198387515277,-0.08957652616996355,-2.051508178290971,-0.14312016143690365,2.2582318812558757,1.4785447577784472
30.1,0.03333333333333499,903,903,takeover,cartesian_freedrive,-0.9995889063227779,0.0799835812040944,0.7031699720864256,0.155811983875152,-0.08957652616996362,-2.0515081782909723,-0.14312016143690376,2.2582318812558757,1.4785447577784472
30.133333333333333,0.03333333333333144,904,904,takeover,cartesian_freedrive,-0.9681973116119453,0.07884131840900149,0.6958800732874197,0.18715044518664678,-0.0792078244893159,-2.0536684604058113,-0.16480514124565887,2.2174753608320454,1.5345715640311812
30.166666666666668,0.03333333333333499,905,905,takeover,cartesian_freedrive,-0.9681973116119453,0.07872805546094377,0.6947454586850463,0.2009781042608347,-0.07759638860456708,-2.0541757927768436,-0.16817975283172815,2.2111310461622056,1.5432882499220635
30.2,0.03333333333333144,906,906,takeover,cartesian_freedrive,-0.9681973116119453,0.07872791892141631,0.6947396057287839,0.20104298094933265,-0.07758869865536705,-2.0541782178017316,-0.16819599032256477,2.211100818192748,1.5433301993928934
30.233333333333334,0.03333333333333499,907,907,takeover,cartesian_freedrive,-0.9681973116119453,0.0787279187197037,0.6947395765474627,0.20104329194251308,-0.07758866164320789,-2.0541782294385476,-0.16819606609382823,2.2111006816972676,1.5433303989460172
30.266666666666666,0.03333333333333144,908,908,takeover,cartesian_freedrive,-0.9681973116119453,0.07872791871927105,0.6947395764051114,0.20104329343330643,-0.07758866146506628,-2.054178229494464,-0.16819606644642682,2.211100681083691,1.5433303998944974
30.3,0.03333333333333499,909,909,takeover,cartesian_freedrive,-0.9681973116119453,0.07872791871926962,0.6947395764044199,0.2010432934404529,-0.07758866146420888,-2.054178229494732,-0.1681960664480655,2.211100681080945,1.5433303998990047
30.333333333333332,0.03333333333333144,910,910,takeover,cartesian_freedrive,-0.9681973116119453,0.07872791871926962,0.6947395764044171,0.20104329344048716,-0.07758866146420482,-2.054178229494732,-0.168196066448073,2.2111006810809353,1.543330399899025
30.366666666666667,0.03333333333333499,911,911,takeover,cartesian_freedrive,-0.9681973116119453,0.07872791871926962,0.6947395764044171,0.20104329344048716,-0.07758866146420482,-2.054178229494732,-0.168196066448073,2.2111006810809353,1.543330399899025
30.4,0.03333333333333144,912,912,takeover,cartesian_freedrive,-0.9410662018760121,0.07764578360710034,0.6099491523550119,0.20655899906586825,-0.018767775567867986,-1.997657082990636,-0.12582163908078567,2.2601503272122114,1.5656447666316007
30.433333333333334,0.03333333333333499,913,913,takeover,cartesian_freedrive,-0.9410662018760121,0.07764265477270102,0.6089807247417753,0.20656032190446125,-0.018211493825005837,-1.9967675197594412,-0.12542217892407687,2.26061243705322,1.5658550040925185
30.466666666666665,0.03333333333333144,914,914,takeover,cartesian_freedrive,-0.9410662018760121,0.07764267087697876,0.6089742466809961,0.20656088925328872,-0.01820653807467631,-1.9967626546272572,-0.12542207048284515,2.2606108700392578,1.5658576369071193
30.5,0.03333333333333499,915,915,takeover,cartesian_freedrive,-0.9410662018760121,0.07764267091333008,0.6089742180834787,0.2065608934446504,-0.018206510003740416,-1.9967626295787078,-0.1254220731452206,2.260610853083968,1.5658576521000216
30.533333333333335,0.03333333333333499,916,916,takeover,cartesian_freedrive,-0.9410662018760121,0.07764267091338174,0.608974217956106,0.20656089346506665,-0.01820650986863343,-1.996762629458329,-0.1254220731562967,2.260610853001129,1.5658576521713823
30.566666666666666,0.03333333333333144,917,917,takeover,cartesian_freedrive,-0.9410662018760121,0.07764267091338184,0.6089742179555059,0.20656089346516637,-0.018206509867983146,-1.99676262945775,-0.1254220731563504,2.2606108530007214,1.565857652171726
30.6,0.03333333333333499,918,918,takeover,cartesian_freedrive,-0.9410662018760121,0.07764267091338185,0.6089742179555035,0.20656089346516668,-0.018206509867980024,-1.9967626294577483,-0.12542207315635054,2.260610853000721,1.5658576521717265
30.633333333333333,0.03333333333333144,919,919,takeover,cartesian_freedrive,-1.0,0.07954297058060279,0.6809023368044594,0.19032343963837728,-0.05347641424238294,-2.0319267228841644,-0.11981984531390572,2.238365055547374,1.4917835477645138
30.666666666666668,0.03333333333333499,920,920,takeover,cartesian_freedrive,-1.0,0.0799994633965371,0.7022268546491801,0.1876480929674301,-0.05896616869723684,-2.0386042215075784,-0.11894852279820463,2.2349040485847564,1.4802610828775395
30.7,0.03333333333333144,921,921,takeover,cartesian_freedrive,-1.0,0.0800000253347405,0.7023287595030719,0.18763582080697033,-0.05899517089264817,-2.0386364039283293,-0.11894582264991312,2.2348829732703344,1.4802071589532895
30.733333333333334,0.03333333333333499,922,922,takeover,cartesian_freedrive,-1.0,0.08000002618949639,0.7023290231695832,0.18763577438668405,-0.05899535043252199,-2.0386365506798807,-0.11894588808035784,2.2348827641650364,1.4802069786551642
30.766666666666666,0.03333333333333144,923,923,takeover,cartesian_freedrive,-1.0,0.08000002619044247,0.7023290240758119,0.18763577416108565,-0.058995351296657526,-2.038636551379691,-0.11894588846871827,2.23488276314382,1.4802069778647369
30.8,0.03333333333333499,924,924,takeover,cartesian_freedrive,-1.0,0.08000002619044322,0.7023290240798725,0.18763577415998628,-0.05899535130081666,-2.0386365513830533,-0.11894588847062265,2.2348827631389767,1.4802069778609708
30.833333333333332,0.03333333333333144,925,925,takeover,cartesian_freedrive,-1.0,0.0800000261904432,0.7023290240798913,0.18763577415998106,-0.058995351300836676,-2.0386365513830675,-0.11894588847063169,2.2348827631389563,1.4802069778609537
30.866666666666667,0.03333333333333499,926,926,takeover,cartesian_freedrive,-1.0,0.0800000261904432,0.7023290240798913,0.18763577415998106,-0.05899535130083673,-2.0386365513830675,-0.11894588847063169,2.2348827631389563,1.4802069778609537
30.9,0.03333333333333144,927,927,takeover,cartesian_freedrive,-0.9106524820165092,0.07649911699395087,0.6722135720066875,0.1886571903868249,-0.04754148427553771,-2.032170481499601,-0.07729621730517997,2.232737009169416,1.490861903336434
30.933333333333334,0.03333333333333499,928,928,takeover,cartesian_freedrive,-0.9106524820165092,0.07642621026155261,0.6718666484872293,0.18866737015561005,-0.04743050220932419,-2.0321071607466004,-0.07690529067167444,2.232712755999283,1.4909638240842085
30.966666666666665,0.03333333333333144,929,929,takeover,cartesian_freedrive,-0.9106524820165092,0.07642612707689658,0.6718652391421847,0.1886675298468564,-0.04742962611802145,-2.032106809755171,-0.07690361525614933,2.232711887240701,1.4909645016742676
31.0,0.03333333333333499,930,930,takeover,cartesian_freedrive,-0.9106524820165092,0.07642612697882496,0.6718652346655286,0.18866753061445798,-0.047429621901344594,-2.0321068080970295,-0.07690360669726606,2.232711883187767,1.4909645044133553
31.033333333333335,0.03333333333333499,931,931,takeover,cartesian_freedrive,-0.9106524820165092,0.0764261269787096,0.671865234645901,0.18866753061816113,-0.047429621881049495,-2.032106808089075,-0.07690360665568133,2.232711883168299,1.490964504426126
31.066666666666666,0.03333333333333144,932,932,takeover,cartesian_freedrive,-0.9106524820165092,0.07642612697870947,0.6718652346458083,0.18866753061817898,-0.04742962188095181,-2.0321068080890394,-0.07690360665548095,2.232711883168207,1.490964504426186
31.1,0.03333333333333499,933,933,takeover,cartesian_freedrive,-0.9106524820165092,0.07642612697870947,0.6718652346458083,0.18866753061817898,-0.047429621880951386,-2.0321068080890394,-0.07690360665548006,2.232711883168207,1.490964504426186
31.133333333333333,0.03333333333333144,934,934,takeover,cartesian_freedrive,-0.9487171218925639,0.07778963402414063,0.7122875295483517,0.23465308545888025,-0.15279359695885095,-2.0220593747916378,-0.056145093928182656,2.283001511762719,1.5107795698700754
31.166666666666668,0.03333333333333499,935,935,takeover,cartesian_freedrive,-0.9487171218925639,0.0779484980821756,0.5590292805267587,0.25356248149685756,-0.18399535659134086,-2.0202984501843733,-0.05291589471413138,2.2908246813355166,1.5138616680898698
31.2,0.03333333333333144,936,936,takeover,cartesian_freedrive,-0.9487171218925639,0.0779486873192698,0.5858162668504145,0.25363732373481757,-0.1841429513320796,-2.0202898964433826,-0.05290018680969081,2.2908628739035195,1.5138763109335298
31.233333333333334,0.03333333333333499,937,937,takeover,cartesian_freedrive,-0.9487171218925639,0.07794869414432135,0.5859455433130835,0.2536377287511309,-0.1841446322031306,-2.020290404488569,-0.05289990437732752,2.2908625932270095,1.5138764422242525
31.266666666666666,0.03333333333333144,938,938,takeover,cartesian_freedrive,-0.9487171218925639,0.07794869818494732,0.585947408367613,0.2536380252162002,-0.18414625035155738,-2.0202899864884456,-0.05290034445115205,2.2908609524488575,1.5138766783167674
31.3,0.03333333333333499,939,939,takeover,cartesian_freedrive,-0.9487171218925639,0.07794869818973205,0.5859474162080386,0.25363802662554985,-0.18414625813979701,-2.0202899844428615,-0.0529003468895241,2.290860944436225,1.513876679781594
31.333333333333332,0.03333333333333144,940,940,takeover,cartesian_freedrive,-0.9487171218925639,0.07794869818973768,0.5859474162437162,0.2536380266322991,-0.18414625817728228,-2.0202899844329556,-0.05290034690183535,2.2908609443974663,1.5138766797892338
31.366666666666667,0.03333333333333499,941,941,takeover,cartesian_freedrive,-0.9487171218925639,0.07794869818973768,0.5859474162438841,0.25363802663233137,-0.1841462581774627,-2.0202899844329094,-0.052900346901895656,2.2908609443972816,1.5138766797892704
31.4,0.03333333333333144,942,942,takeover,cartesian_freedrive,-0.9019097825502558,0.07608486762522954,0.6779647024983781,0.16202894091374498,-0.019076789715550765,-1.9671559585852123,-0.08443071197182266,2.279781252556945,1.4885463887988541
31.433333333333334,0.03333333333333499,943,943,takeover,cartesian_freedrive,-0.9019097825502558,0.07607638310505313,0.6862402591410507,0.16702725383555192,-0.016424587287692513,-1.9663812990108382,-0.08472855876889572,2.279674291740815,1.4883088935659157
31.466666666666665,0.03333333333333144,944,944,takeover,cartesian_freedrive,-0.9019097825502558,0.07607638925741722,0.6796222923936182,0.1670571776683698,-0.016393852094109186,-1.96637738314029,-0.0847298381670574,2.2796742243691988,1.4883075881024195
31.5,0.03333333333333499,945,945,takeover,cartesian_freedrive,-0.9019097825502558,0.0760764138514258,0.6795891359355789,0.16705791325157707,-0.01639140218609711,-1.9663773398553543,-0.0847314010494206,2.279670101558266,1.4883092328600294
31.533333333333335,0.03333333333333499,946,946,takeover,cartesian_freedrive,-0.9019097825502558,0.07607641416329548,0.6795890236843352,0.16705793583138884,-0.016391328495117975,-1.9663773275682481,-0.08473144639605439,2.2796699571188603,1.4883092753819571
31.566666666666666,0.03333333333333144,947,947,takeover,cartesian_freedrive,-0.9019097825502558,0.0760764141636413,0.6795890233268864,0.16705793593885324,-0.016391328140439136,-1.9663773275108123,-0.08473144657873267,2.279669956437305,1.4883092755499163
31.6,0.03333333333333499,948,948,takeover,cartesian_freedrive,-0.9019097825502558,0.07607641416364164,0.6795890233253166,0.1670579359393668,-0.016391328138732043,-1.966377327510537,-0.08473144657957672,2.2796699564340535,1.488309275550688
31.633333333333333,0.03333333333333144,949,949,takeover,cartesian_freedrive,-0.9099616634423955,0.0763727886278506,0.6889796469720494,0.14165323837265242,-0.0771171237276462,-1.9770747261177761,-0.09463663500164562,2.2399105679842695,1.5305472382597543
31.666666666666668,0.03333333333333499,950,950,takeover,cartesian_freedrive,-0.9099616634423955,0.07639843405202462,0.6802782401932664,0.13548371333486914,-0.09144392448555058,-1.9788774139111145,-0.0961770167639165,2.2337272288662793,1.5371170531584186
31.7,0.03333333333333144,951,951,takeover,cartesian_freedrive,-0.9099616634423955,0.07639848982969931,0.6802404538376534,0.13545456025824945,-0.09150972377257345,-1.978886056253868,-0.09618558253774272,2.2336936878973566,1.537149849347301
31.733333333333334,0.03333333333333499,952,952,takeover,cartesian_freedrive,-0.9099616634423955,0.07639849035762464,0.6802405388486794,0.1354544462079284,-0.09150995132353502,-1.9788860911134696,-0.09618563295544624,2.2336933721350047,1.5371500116296999
31.766666666666666,0.03333333333333144,953,953,takeover,cartesian_freedrive,-0.9099616634423955,0.07639849035823745,0.6802405398281226,0.13545444566188009,-0.09150995241875062,-1.9788860912878194,-0.09618563310320036,2.233693370646327,1.537150012312497
31.8,0.03333333333333499,954,954,takeover,cartesian_freedrive,-0.9099616634423955,0.0763984903582382,0.6802405398331965,0.13545444565925568,-0.09150995242402198,-1.978886091288663,-0.09618563310385557,2.233693370639169,1.5371500123157251
31.833333333333332,0.03333333333333144,955,955,takeover,cartesian_freedrive,-0.9099616634423955,0.0763984903582382,0.6802405398332207,0.13545444565924317,-0.09150995242404734,-1.9788860912886657,-0.09618563310385865,2.233693370639136,1.5371500123157396
31.866666666666667,0.03333333333333499,956,956,takeover,cartesian_freedrive,-0.9099616634423955,0.0763984903582382,0.6802405398332207,0.13545444565924317,-0.09150995242404739,-1.9788860912886657,-0.09618563310385865,2.233693370639136,1.5371500123157396
31.9,0.03333333333333144,957,957,takeover,cartesian_freedrive,-0.90968998518003,0.07638763944351637,0.7028090551069439,0.15851115705186664,-0.05522440769657933,-1.9555449626138013,-0.11135977969467312,2.2844395414854373,1.5007811551511578
31.933333333333334,0.03333333333333499,958,958,takeover,cartesian_freedrive,-0.90968998518003,0.07638761638249188,0.7035929260903083,0.15875997239857026,-0.05482544826069262,-1.9552988350254321,-0.11150338397449132,2.2849151155623333,1.5004392568212204
31.966666666666665,0.03333333333333144,959,959,takeover,cartesian_freedrive,-0.90968998518003,0.07638762281548844,0.7035953286130596,0.15876142320092004,-0.054824379974298156,-1.9552975581244671,-0.11150490276854372,2.2849155912941095,1.5004384393788328
32.0,0.03333333333333499,960,960,takeover,cartesian_freedrive,-0.90968998518003,0.07638762282369373,0.7035953263121594,0.15876143018261146,-0.054824374832575504,-1.9552975517999704,-0.111504912614727,2.2849155925959956,1.5004384380255937
32.03333333333333,0.03333333333333144,961,961,takeover,cartesian_freedrive,-0.90968998518003,0.07638762282370358,0.7035953262910865,0.15876143021620298,-0.05482437480782809,-1.9552975517694013,-0.11150491266392264,2.2849155926016245,1.5004384380209166
32.06666666666667,0.033333333333338544,962,962,takeover,cartesian_freedrive,-0.90968998518003,0.07638762282370358,0.7035953262909779,0.1587614302163646,-0.05482437480770899,-1.9552975517692548,-0.11150491266416061,2.2849155926016493,1.5004384380208964
32.1,0.03333333333333144,963,963,takeover,cartesian_freedrive,-0.90968998518003,0.07638762282370358,0.7035953262909779,0.15876143021636524,-0.05482437480770845,-1.9552975517692548,-0.1115049126641617,2.2849155926016493,1.5004384380208964
32.13333333333333,0.03333333333333144,964,964,takeover,cartesian_freedrive,-0.9365036402372982,0.07737010386118919,0.6962501679448198,0.1812134998951413,-0.08133459682475107,-1.9483741482267698,-0.13227187894340345,2.251633990062207,1.5053337642620341
32.166666666666664,0.03333333333333144,965,965,takeover,cartesian_freedrive,-0.9365036402372982,0.07746003735097279,0.6901984664820351,0.18767388164342924,-0.08616727047793972,-1.947296421537461,-0.13550269522784997,2.246455694195119,1.5060957206617305
32.2,0.033333333333338544,966,966,takeover,cartesian_freedrive,-0.9365036402372982,0.07746016886104856,0.6901685948923556,0.18770556407565206,-0.08618804440629496,-1.9472911710455687,-0.13551958711232515,2.246426685001133,1.5061007470898176
32.233333333333334,0.03333333333333144,967,967,takeover,cartesian_freedrive,-0.9365036402372982,0.07746016922029375,0.6901685702440764,0.18770573112321,-0.08618809341542831,-1.9472911405832605,-0.13551967158141473,2.2464264633328823,1.5061007724996354
32.266666666666666,0.03333333333333144,968,968,takeover,cartesian_freedrive,-0.9365036402372982,0.07746016922060542,0.6901685704067384,0.18770573192383253,-0.08618809365131205,-1.9472911404425925,-0.13551967191544115,2.2464264623220433,1.5061007725506148
32.3,0.03333333333333144,969,969,takeover,cartesian_freedrive,-0.9365036402372982,0.07746016922060533,0.6901685704077827,0.18770573192766987,-0.08618809365244734,-1.9472911404419209,-0.13551967191695552,2.2464264623173187,1.506100772550767
32.333333333333336,0.033333333333338544,970,970,takeover,cartesian_freedrive,-0.9365036402372982,0.07746016922060533,0.6901685704077875,0.1877057319276882,-0.08618809365245275,-1.9472911404419189,-0.13551967191696251,2.2464264623172987,1.506100772550767
32.36666666666667,0.03333333333333144,971,971,takeover,cartesian_freedrive,-0.9365036402372982,0.07746016922060533,0.6901685704077875,0.1877057319276882,-0.08618809365245275,-1.9472911404419189,-0.13551967191696251,2.2464264623172987,1.506100772550767
32.4,0.03333333333333144,972,972,takeover,cartesian_freedrive,-0.9036171594316613,0.07614889168363828,0.6392387361544739,0.2248920116346058,-0.019360725060410987,-1.9212593658013197,-0.10524894963811608,2.2604546488051502,1.5199367794453238
32.43333333333333,0.03333333333333144,973,973,takeover,cartesian_freedrive,-0.9036171594316613,0.07614471739425996,0.6387698782329477,0.2253966201290681,-0.01872558751483967,-1.920992063936314,-0.10496557728992242,2.260582122230833,1.5200689868197
32.46666666666667,0.033333333333338544,974,974,takeover,cartesian_freedrive,-0.9036171594316613,0.07614471256345262,0.638767320356019,0.2253990617415017,-0.018722571237954306,-1.9209907675091353,-0.10496431839261301,2.2605826392360893,1.5200697235580545
32.5,0.03333333333333144,975,975,takeover,cartesian_freedrive,-0.9036171594316613,0.07614471255718488,0.6387673074337759,0.22539907347442056,-0.018722556720443564,-1.9209907612586599,-0.10496431244768227,2.2605826418277273,1.5200697272109427
32.53333333333333,0.03333333333333144,976,976,takeover,cartesian_freedrive,-0.9036171594316613,0.07614471255717464,0.6387673073708322,0.22539907353078464,-0.018722556650569967,-1.9209907612285626,-0.10496431241903006,2.2605826418408967,1.5200697272284707
32.56666666666667,0.033333333333338544,977,977,takeover,cartesian_freedrive,-0.9036171594316613,0.07614471255717462,0.6387673073705284,0.22539907353105537,-0.018722556650233667,-1.9209907612284183,-0.10496431241889127,2.260582641840962,1.5200697272285533
32.6,0.03333333333333144,978,978,takeover,cartesian_freedrive,-0.9036171594316613,0.07614471255717462,0.6387673073705274,0.22539907353105654,-0.018722556650232057,-1.9209907612284183,-0.10496431241889068,2.260582641840962,1.5200697272285533
32.63333333333333,0.03333333333333144,979,979,takeover,cartesian_freedrive,-0.8980249860544445,0.07593881894890811,0.6842557910693635,0.20995662264030387,-0.10097084269639345,-1.9453045787650265,-0.12791104490241265,2.268568591727971,1.4901173440333546
32.666666666666664,0.03333333333333144,980,980,takeover,cartesian_freedrive,-0.8980249860544445,0.07592101827357009,0.6875854947712954,0.20734878526108605,-0.11490183338604752,-1.949376695855246,-0.13148056269153427,2.2698109240649122,1.4854580611784447
32.7,0.033333333333338544,981,981,takeover,cartesian_freedrive,-0.8980249860544445,0.0759210215958885,0.687601289676022,0.20733681202811524,-0.114966476433785,-1.9493962320979694,-0.13149896422605847,2.269812928106981,1.485436912472854
32.733333333333334,0.03333333333333144,982,982,takeover,cartesian_freedrive,-0.8980249860544445,0.07592102169605511,0.6876014874380981,0.20733676279197974,-0.11496675726682788,-1.949396324501782,-0.13149903971469226,2.2698129006743692,1.4854367972314324
32.766666666666666,0.03333333333333144,983,983,takeover,cartesian_freedrive,-0.8980249860544445,0.07592102169613169,0.6876014886250701,0.20733676255477493,-0.11496675861849313,-1.9493963249525161,-0.13149904001718674,2.2698129005794128,1.4854367966171922
32.8,0.03333333333333144,984,984,takeover,cartesian_freedrive,-0.8980249860544445,0.07592102169613163,0.687601488631039,0.20733676255362984,-0.11496675862499878,-1.949396324954692,-0.13149904001856982,2.2698129005790184,1.4854367966141646
32.833333333333336,0.033333333333338544,985,985,takeover,cartesian_freedrive,-0.8980249860544445,0.07592102169613163,0.6876014886310676,0.20733676255362443,-0.1149667586250301,-1.9493963249547013,-0.13149904001857626,2.2698129005790184,1.4854367966141508
32.86666666666667,0.03333333333333144,986,986,takeover,cartesian_freedrive,-0.8980249860544445,0.07592102169613163,0.6876014886310676,0.20733676255362443,-0.11496675862503017,-1.9493963249547013,-0.13149904001857626,2.2698129005790184,1.4854367966141508
32.9,0.03333333333333144,987,987,takeover,cartesian_freedrive,-0.9555552721009519,0.0782075892881572,0.7168434978794682,0.2413417258630788,-0.15491834570001295,-1.9973429940956122,-0.10037982910397016,2.1941616946209455,1.4236675562813257
32.93333333333333,0.03333333333333144,988,988,takeover,cartesian_freedrive,-0.9555552721009519,0.07822221932951881,0.7171159939908681,0.24183401983755393,-0.15529745551957555,-1.9981731935571487,-0.10008765130292155,2.19344461117203,1.423086572359466
32.96666666666667,0.033333333333338544,989,989,takeover,cartesian_freedrive,-0.9555552721009519,0.0782222364874911,0.7171175252494112,0.24183639857272454,-0.15529924991951857,-1.99817719223955,-0.10008619291980193,2.193441141369797,1.4230837229907563
33.0,0.03333333333333144,990,990,takeover,cartesian_freedrive,-0.9555552721009519,0.07822223650363741,0.7171175330523902,0.24183640986720534,-0.1552992585560667,-1.99817721149751,-0.10008618546806626,2.193441125821235,1.4230837088547705
33.03333333333333,0.03333333333333144,991,991,takeover,cartesian_freedrive,-0.9555552721009519,0.07822223650363708,0.7171175330904173,0.24183640992081834,-0.15529925859763488,-1.9981772115902061,-0.10008618543062976,2.1934411257516504,1.4230837087852057
33.06666666666667,0.033333333333338544,992,992,takeover,cartesian_freedrive,-0.9555552721009519,0.078222236503637,0.7171175330906007,0.24183640992107283,-0.15529925859783494,-1.9981772115906522,-0.10008618543044272,2.1934411257513413,1.4230837087848642
33.1,0.03333333333333144,993,993,takeover,cartesian_freedrive,-0.9555552721009519,0.078222236503637,0.7171175330906009,0.24183640992107389,-0.15529925859783572,-1.998177211590653,-0.10008618543044186,2.1934411257513413,1.4230837087848638
33.13333333333333,0.03333333333333144,994,994,takeover,cartesian_freedrive,-0.9194336265198899,0.07692156448742837,0.6745724288795295,0.23478787434727075,-0.08707373790941572,-1.9334666168686092,-0.10846891515476031,2.232705933556381,1.4974661026629565
33.166666666666664,0.03333333333333144,995,995,takeover,cartesian_freedrive,-0.9194336265198899,0.07677751559695556,0.6692511886798684,0.15342982046948278,-0.07598688448791459,-1.902792555622749,-0.1097728360386976,2.2388138735550145,1.5090367177088753
33.2,0.033333333333338544,996,996,takeover,cartesian_freedrive,-0.9194336265198899,0.07677736623151765,0.669225309753259,0.15780455554675393,-0.07593469758353018,-1.9026449422694272,-0.1097802733839807,2.238839416436028,1.509093589802532
33.233333333333334,0.03333333333333144,997,997,takeover,cartesian_freedrive,-0.9194336265198899,0.07677736488450262,0.6692249834555994,0.1578255809921168,-0.07593448301522204,-1.902644224326073,-0.10978029341027397,2.2388397260120136,1.5090938437805173
33.266666666666666,0.03333333333333144,998,998,takeover,cartesian_freedrive,-0.9194336265198899,0.07677736487407069,0.6692249814814444,0.15782568183322232,-0.0759344819824927,-1.9026442208639964,-0.1097802929033247,2.238839729834223,1.5090938443916169
33.3,0.03333333333333144,999,999,takeover,cartesian_freedrive,-0.9194336265198899,0.07677736487401607,0.6692249814714161,0.15782568231688004,-0.07593448197752212,-1.9026442208473218,-0.10978029289771957,2.2388397298638694,1.5090938443913642
33.333333333333336,0.033333333333338544,1000,1000,takeover,cartesian_freedrive,-0.9194336265198899,0.07677736487401579,0.6692249814713669,0.15782568231919977,-0.07593448197749819,-1.9026442208472425,-0.10978029289767721,2.2388397298640648,1.5090938443913489
33.36666666666667,0.03333333333333144,1001,1001,takeover,cartesian_freedrive,-0.9194336265198899,0.07677736487401579,0.6692249814713669,0.1578256823192108,-0.07593448197749816,-1.9026442208472425,-0.10978029289767702,2.2388397298640648,1.5090938443913489
33.4,0.03333333333333144,1002,1002,takeover,cartesian_freedrive,-0.8807014735108325,0.07523369950897284,0.6833283490080299,0.10373404948559231,-0.1433784018732071,-1.9885012960310278,-0.1553887212855932,2.2306259037644445,1.4566353591999113
33.43333333333333,0.03333333333333144,1003,1003,takeover,cartesian_freedrive,-0.8807014735108325,0.07522807951267031,0.6831204834806415,0.1030653798441298,-0.14415347176749047,-1.9895636212980088,-0.15581908052232687,2.230546372035212,1.4561418211780823
33.46666666666667,0.033333333333338544,1004,1004,takeover,cartesian_freedrive,-0.8807014735108325,0.07522807880419652,0.683120659855059,0.1030623758832442,-0.1441563502144379,-1.9895686660268954,-0.15582141118471812,2.2305446977697425,1.456139662800378
33.5,0.03333333333333144,1005,1005,takeover,cartesian_freedrive,-0.8807014735108325,0.07522807880148207,0.683120672734541,0.10306236147102914,-0.14415636406856536,-1.9895686904571648,-0.15582142068697813,2.230544690960261,1.45613965059642
33.53333333333333,0.03333333333333144,1006,1006,takeover,cartesian_freedrive,-0.8807014735108325,0.07522807880147336,0.6831206728023745,0.10306236140151047,-0.14415636413524605,-1.9895686905748213,-0.15582142073154445,2.2305446909292996,1.4561396505364628
33.56666666666667,0.033333333333338544,1007,1007,takeover,cartesian_freedrive,-0.8807014735108325,0.07522807880147334,0.6831206728027037,0.10306236140117497,-0.14415636413556696,-1.9895686905753875,-0.15582142073175675,2.230544690929159,1.4561396505361717
33.6,0.03333333333333144,1008,1008,takeover,cartesian_freedrive,-0.8807014735108325,0.07522807880147334,0.6831206728027048,0.10306236140117342,-0.14415636413556837,-1.989568690575389,-0.15582142073175764,2.230544690929159,1.4561396505361717
33.63333333333333,0.03333333333333144,1009,1009,takeover,cartesian_freedrive,-0.950435883273336,0.07722813077285673,0.6958768693207197,0.1433530885021412,-0.11753994482890283,-1.987875835307931,-0.1357914268944167,2.2523235983121204,1.5040985948284171
33.666666666666664,0.03333333333333144,1010,1010,takeover,cartesian_freedrive,-0.950435883273336,0.07801650682421235,0.705078929335821,0.16699519690343123,-0.11217890571665116,-1.9876130315255494,-0.13267547136250588,2.255711871163052,1.5115587176403014
33.7,0.033333333333338544,1011,1011,takeover,cartesian_freedrive,-0.950435883273336,0.07801745537148072,0.7051233494801169,0.16707371778198568,-0.11215583384332507,-1.9876118404311638,-0.13266146461134895,2.2557246918519875,1.511595666249895
33.733333333333334,0.03333333333333144,1012,1012,takeover,cartesian_freedrive,-0.950435883273336,0.07801745669313095,0.7051233913743495,0.16707411091574348,-0.11215578873882164,-1.987611820675605,-0.13266146880769078,2.255724629330907,1.5115959119901603
33.766666666666666,0.03333333333333144,1013,1013,takeover,cartesian_freedrive,-0.950435883273336,0.07801745669453969,0.7051233912158581,0.1670741128003073,-0.11215578852173111,-1.9876118205734614,-0.132661468888186,2.2557246290358313,1.5115959132340016
33.8,0.03333333333333144,1014,1014,takeover,cartesian_freedrive,-0.950435883273336,0.07801745669454052,0.7051233912147904,0.16707411280934653,-0.11215578852068625,-1.987611820572964,-0.13266146888857355,2.255724629034591,1.5115959132399868
33.833333333333336,0.033333333333338544,1015,1015,takeover,cartesian_freedrive,-0.950435883273336,0.07801745669454052,0.7051233912147856,0.1670741128093899,-0.11215578852068128,-1.9876118205729627,-0.13266146888857502,2.255724629034588,1.5115959132400143
33.86666666666667,0.03333333333333144,1016,1016,takeover,cartesian_freedrive,-0.950435883273336,0.07801745669454052,0.7051233912147856,0.16707411280938994,-0.11215578852068128,-1.9876118205729627,-0.13266146888857502,2.255724629034588,1.5115959132400143
33.9,0.03333333333333144,1017,1017,takeover,cartesian_freedrive,-0.9544491279164478,0.07817752856068655,0.7057858365114176,0.16527184070868325,-0.09182942636246666,-1.9881123138344268,-0.10229075184204085,2.264652950369565,1.5197512212765638
33.93333333333333,0.03333333333333144,1018,1018,takeover,cartesian_freedrive,-0.9544491279164478,0.07817798549610618,0.7058376999117292,0.1652546866961437,-0.09162312640749103,-1.988117139065695,-0.10200553680526653,2.264733792779975,1.5198290470064009
33.96666666666667,0.033333333333338544,1019,1019,takeover,cartesian_freedrive,-0.9544491279164478,0.07817798721279495,0.7058374698060411,0.16525466523804405,-0.09162237000919858,-1.9881171240791333,-0.10200440281571053,2.264733718746607,1.5198296538392206
34.0,0.03333333333333144,1020,1020,takeover,cartesian_freedrive,-0.9544491279164478,0.07817798721493516,0.7058374667703304,0.1652546651295194,-0.09162236636861097,-1.988117123977259,-0.10200439773363655,2.2647337182341216,1.5198296571472545
34.03333333333333,0.03333333333333144,1021,1021,takeover,cartesian_freedrive,-0.9544491279164478,0.07817798721493785,0.7058374667541261,0.16525466512899561,-0.09162236635108857,-1.9881171239767441,-0.1020043977094932,2.264733718231505,1.5198296571635028
34.06666666666667,0.033333333333338544,1022,1022,takeover,cartesian_freedrive,-0.9544491279164478,0.07817798721493785,0.7058374667540469,0.16525466512899326,-0.09162236635100425,-1.9881171239767428,-0.10200439770937729,2.264733718231495,1.5198296571635805
34.1,0.03333333333333144,1023,1023,takeover,cartesian_freedrive,-0.9544491279164478,0.07817798721493785,0.7058374667540469,0.16525466512899326,-0.09162236635100393,-1.9881171239767428,-0.1020043977093768,2.264733718231495,1.5198296571635805
34.13333333333333,0.03333333333333144,1024,1024,takeover,cartesian_freedrive,-0.9762484772475801,0.07898006346084899,0.7073995156604577,0.14252233359416674,-0.07549110969040236,-1.9998202630947026,-0.1162580212550283,2.266209866859111,1.5081132009588543
34.166666666666664,0.03333333333333144,1025,1025,takeover,cartesian_freedrive,-0.9762484772475801,0.07904985900779873,0.7085400823944651,0.13717903990137945,-0.07288619754728111,-2.001681981177431,-0.11847510309303398,2.266439871137732,1.5062904812926783
34.2,0.033333333333338544,1026,1026,takeover,cartesian_freedrive,-0.9762484772475801,0.07904996005847117,0.7085452058714943,0.1371538324071909,-0.07287587277772713,-2.0016909195033943,-0.11848696115167998,2.2664373476349997,1.5062829370093112
34.233333333333334,0.03333333333333144,1027,1027,takeover,cartesian_freedrive,-0.9762484772475801,0.07904996019800221,0.7085451769171662,0.13715371258430906,-0.07287582829073519,-2.0016909601676405,-0.11848703094286263,2.2664373210909567,1.5062829132890927
34.266666666666666,0.03333333333333144,1028,1028,takeover,cartesian_freedrive,-0.9762484772475801,0.07904996019820074,0.708545176733442,0.13715371200864288,-0.07287582807661679,-2.001690960362825,-0.11848703128837294,2.2664373209520146,1.5062829131851068
34.3,0.03333333333333144,1029,1029,takeover,cartesian_freedrive,-0.9762484772475801,0.07904996019820111,0.7085451767325286,0.13715371200587753,-0.07287582807558622,-2.001690960363764,-0.11848703129005238,2.2664373209513053,1.506282913184624
34.333333333333336,0.033333333333338544,1030,1030,takeover,cartesian_freedrive,-0.9762484772475801,0.0790499601982011,0.7085451767325247,0.13715371200586435,-0.07287582807558132,-2.0016909603637663,-0.11848703129006048,2.2664373209513045,1.5062829131846227
34.36666666666667,0.03333333333333144,1031,1031,takeover,cartesian_freedrive,-0.9762484772475801,0.0790499601982011,0.7085451767325247,0.13715371200586435,-0.07287582807558132,-2.0016909603637663,-0.11848703129006048,2.2664373209513045,1.5062829131846227
34.4,0.03333333333333144,1032,1032,takeover,cartesian_freedrive,-0.9820313856927143,0.07928062506354017,0.685075160087142,0.17875682319281655,-0.0452288687497253,-1.9908217882867267,-0.09737834206118506,2.2685858503399294,1.5012368554584161
34.43333333333333,0.03333333333333144,1033,1033,takeover,cartesian_freedrive,-0.9820313856927143,0.0792812764835624,0.6848531629376162,0.17948002651008307,-0.044970203327734326,-1.9907178972136599,-0.09718091597168074,2.2686022013591636,1.501190779251755
34.46666666666667,0.033333333333338544,1034,1034,takeover,cartesian_freedrive,-0.9820313856927143,0.07928127699689172,0.684852030020824,0.1794834990944028,-0.04496896010932227,-1.9907173956424162,-0.09717996056274018,2.2686023343856534,1.5011905514225028
34.5,0.03333333333333144,1035,1035,takeover,cartesian_freedrive,-0.9820313856927143,0.07928127699614171,0.6848520244947787,0.17948351575799448,-0.044968954125641954,-1.9907173932272308,-0.09717995586745255,2.2686023353738833,1.5011905502235934
34.53333333333333,0.03333333333333144,1036,1036,takeover,cartesian_freedrive,-0.9820313856927143,0.07928127699613434,0.684852024468088,0.17948351583795735,-0.04496895409684216,-1.9907173932156048,-0.0971799558443391,2.268602335380319,1.50119055021728
34.56666666666667,0.033333333333338544,1037,1037,takeover,cartesian_freedrive,-0.9820313856927143,0.0792812769961343,0.6848520244679592,0.17948351583834107,-0.04496895409670354,-1.99071739321555,-0.09717995584422534,2.268602335380356,1.5011905502172482
34.6,0.03333333333333144,1038,1038,takeover,cartesian_freedrive,-0.9820313856927143,0.0792812769961343,0.6848520244679592,0.17948351583834277,-0.044968954096702915,-1.99071739321555,-0.09717995584422484,2.268602335380356,1.5011905502172482
34.63333333333333,0.03333333333333144,1039,1039,takeover,cartesian_freedrive,-0.9748583166260048,0.07901721967751543,0.7033697683163006,0.18107401568151466,-0.06487830413109465,-2.0113471926069186,-0.10489352486310921,2.26139334485486,1.4985266999909603
34.666666666666664,0.03333333333333144,1040,1040,takeover,cartesian_freedrive,-0.9748583166260048,0.0789943817797257,0.7062495398869694,0.1815211553138647,-0.06797370684339436,-2.0156164850506983,-0.10609473609615222,2.2602681360328556,1.4981137107615479
34.7,0.033333333333338544,1041,1041,takeover,cartesian_freedrive,-0.9748583166260048,0.07899436111047393,0.7062634898884121,0.18152346580241172,-0.06798854915756915,-2.0156370256414458,-0.10610085232287081,2.260261605146004,1.498112069756139
34.733333333333334,0.03333333333333144,1042,1042,takeover,cartesian_freedrive,-0.9748583166260048,0.07899436107172043,0.7062635577062483,0.1815234764575849,-0.06798862059446428,-2.015637124514157,-0.10610088058954589,2.260261577079729,1.4981120606299483
34.766666666666666,0.03333333333333144,1043,1043,takeover,cartesian_freedrive,-0.9748583166260048,0.07899436107160088,0.7062635580330945,0.1815234765062261,-0.06798862093829405,-2.015637124990037,-0.10610088071965357,2.260261576963481,1.498112060579791
34.8,0.03333333333333144,1044,1044,takeover,cartesian_freedrive,-0.9748583166260048,0.07899436107160038,0.7062635580346669,0.1815234765064476,-0.06798862093994894,-2.015637124992327,-0.1061008807202521,2.2602615769630114,1.4981120605795204
34.833333333333336,0.033333333333338544,1045,1045,takeover,cartesian_freedrive,-0.9748583166260048,0.07899436107160038,0.7062635580346738,0.18152347650644848,-0.06798862093995686,-2.0156371249923355,-0.10610088072025481,2.2602615769630114,1.4981120605795204
34.86666666666667,0.03333333333333144,1046,1046,takeover,cartesian_freedrive,-0.9748583166260048,0.07899436107160038,0.7062635580346738,0.18152347650644848,-0.06798862093995686,-2.0156371249923355,-0.10610088072025481,2.2602615769630114,1.4981120605795204
34.9,0.03333333333333144,1047,1047,takeover,cartesian_freedrive,-0.944645524239611,0.07778949785804481,0.7099828436542278,0.13445292498416062,-0.04383493127128962,-2.0278718896655774,-0.0967239115349572,2.246117102430704,1.5218519829464077
34.93333333333333,0.03333333333333144,1048,1048,takeover,cartesian_freedrive,-0.944645524239611,0.07778585252007408,0.710110037719551,0.13356358827611148,-0.04359219586792373,-2.027990414242072,-0.09663683542739773,2.2459796899207904,1.522076970693056
34.96666666666667,0.033333333333338544,1049,1049,takeover,cartesian_freedrive,-0.944645524239611,0.07778585059092316,0.7101098089158693,0.13355940660262106,-0.04359130474148516,-2.0279909495165076,-0.09663677926332755,2.2459782875952174,1.5220784211559986
35.0,0.03333333333333144,1050,1050,takeover,cartesian_freedrive,-0.944645524239611,0.07778585059082443,0.7101098051438535,0.13355938654577942,-0.04359130045244336,-2.027990952068553,-0.09663677956667371,2.2459782801978365,1.5220784287533302
35.03333333333333,0.03333333333333144,1051,1051,takeover,cartesian_freedrive,-0.944645524239611,0.07778585059083426,0.7101098051246593,0.13355938644958287,-0.04359130043179996,-2.027990952080828,-0.09663677956905159,2.2459782801597528,1.5220784287908553
35.06666666666667,0.033333333333338544,1052,1052,takeover,cartesian_freedrive,-0.944645524239611,0.07778585059083432,0.7101098051245667,0.13355938644912146,-0.0435913004317006,-2.0279909520808843,-0.09663677956906667,2.24597828015956,1.5220784287910392
35.1,0.03333333333333144,1053,1053,takeover,cartesian_freedrive,-0.944645524239611,0.07778585059083432,0.7101098051245667,0.1335593864491194,-0.04359130043170016,-2.0279909520808843,-0.09663677956906669,2.24597828015956,1.5220784287910392
35.13333333333333,0.03333333333333144,1054,1054,takeover,cartesian_freedrive,-0.9406318027588298,0.07763805980434502,0.6884540427312419,0.16148583413424195,-0.07954687849680778,-1.9933536739286084,-0.0891333902065912,2.277466911158148,1.5350179030118976
35.166666666666664,0.03333333333333144,1055,1055,takeover,cartesian_freedrive,-0.9406318027588298,0.07762529854197261,0.6003486417287688,0.16680856964109844,-0.08632112276141231,-1.986819437872711,-0.08796759598664956,2.282360731008207,1.537032162486301
35.2,0.033333333333338544,1056,1056,takeover,cartesian_freedrive,-0.9406318027588298,0.07762528261586474,0.6019659916472747,0.16683423242682452,-0.08636287781089765,-1.986788355625679,-0.08796192802435138,2.282383857843612,1.5370419218994897
35.233333333333334,0.03333333333333144,1057,1057,takeover,cartesian_freedrive,-0.9406318027588298,0.07762529480622912,0.6019732137169387,0.16683476647154305,-0.08636463565447366,-1.9867879986464771,-0.08796298927065409,2.28238111496031,1.5370430222030549
35.266666666666666,0.03333333333333144,1058,1058,takeover,cartesian_freedrive,-0.9406318027588298,0.07762529482117805,0.6019732265655026,0.16683476895841842,-0.08636464411507393,-1.9867879966238464,-0.08796299850263148,2.282381100382722,1.537043031772999
35.3,0.03333333333333144,1059,1059,takeover,cartesian_freedrive,-0.9406318027588298,0.07762529482119498,0.6019732266087001,0.16683476897027408,-0.08636464415579526,-1.9867879966138522,-0.08796299855048018,2.28238110031169,1.5370430318225943
35.333333333333336,0.033333333333338544,1060,1060,takeover,cartesian_freedrive,-0.9406318027588298,0.077625294821195,0.6019732266088923,0.16683476897033087,-0.08636464415599128,-1.986787996613805,-0.08796299855071292,2.28238110031135,1.5370430318228354
35.36666666666667,0.03333333333333144,1061,1061,takeover,cartesian_freedrive,-0.9406318027588298,0.077625294821195,0.6019732266088926,0.16683476897033098,-0.08636464415599213,-1.986787996613805,-0.08796299855071395,2.28238110031135,1.5370430318228354
35.4,0.03333333333333144,1062,1062,takeover,cartesian_freedrive,-0.9066125940685981,0.07626895929556995,0.7157241358022313,0.1816002101527277,-0.11353233950869082,-1.9859510327709762,-0.10060577009578969,2.2818462718307537,1.5114273122937023
35.43333333333333,0.03333333333333144,1063,1063,takeover,cartesian_freedrive,-0.9066125940685981,0.07626451543946976,0.7175921221292902,0.18178368156446295,-0.11379411838480068,-1.98594360581348,-0.10072498741346933,2.281840260581369,1.5111862755958467
35.46666666666667,0.033333333333338544,1064,1064,takeover,cartesian_freedrive,-0.9066125940685981,0.07626452527780792,0.7176012103866953,0.18178508499587628,-0.11379735824693092,-1.985943272318482,-0.10072677470370198,2.281836721565136,1.5111862495373107
35.5,0.03333333333333144,1065,1065,takeover,cartesian_freedrive,-0.9066125940685981,0.07626452528989242,0.7176012309556881,0.18178509160938874,-0.11379737384057005,-1.9859432702808169,-0.10072678810366663,2.2818367026395268,1.5111862543111656
35.53333333333333,0.03333333333333144,1066,1066,takeover,cartesian_freedrive,-0.9066125940685981,0.07626452528990424,0.7176012310321742,0.1817850916409763,-0.11379737391562311,-1.9859432702705886,-0.10072678817259374,2.2818367025473467,1.5111862543386556
35.56666666666667,0.033333333333338544,1067,1067,takeover,cartesian_freedrive,-0.9066125940685981,0.07626452528990424,0.7176012310325208,0.18178509164112758,-0.11379737391598434,-1.98594327027054,-0.10072678817292863,2.2818367025469057,1.5111862543387904
35.6,0.03333333333333144,1068,1068,takeover,cartesian_freedrive,-0.9066125940685981,0.07626452528990424,0.7176012310325219,0.18178509164112816,-0.11379737391598602,-1.98594327027054,-0.10072678817293017,2.2818367025469057,1.5111862543387904
35.63333333333333,0.03333333333333144,1069,1069,takeover,cartesian_freedrive,-0.9610231696604785,0.07807755927854959,0.7132277982272028,0.2270576310722142,-0.10195276816646481,-1.953871175092757,-0.12142575405138441,2.2596789034689717,1.5249194714888965
35.666666666666664,0.03333333333333144,1070,1070,takeover,cartesian_freedrive,-0.9610231696604785,0.07844051677510339,0.7126120687028207,0.24239463442337172,-0.1000649312968089,-1.9484522665356039,-0.1246460627669299,2.2562297723208045,1.5270563236455594
35.7,0.033333333333338544,1071,1071,takeover,cartesian_freedrive,-0.9610231696604785,0.07844094980974675,0.7126080820356325,0.24246826345117806,-0.10005671574071287,-1.9484260678748724,-0.1246623503887634,2.256211545091096,1.5270673523162497
35.733333333333334,0.03333333333333144,1072,1072,takeover,cartesian_freedrive,-0.9610231696604785,0.0784409502947882,0.7126080485612244,0.2424686168502605,-0.10005667619877806,-1.9484259413541969,-0.12466243103299933,2.256211462026355,1.5270674074389652
35.766666666666666,0.03333333333333144,1073,1073,takeover,cartesian_freedrive,-0.9610231696604785,0.07844095029523368,0.7126080483798231,0.24246861854648422,-0.10005667600846053,-1.9484259407446136,-0.12466243141765397,2.2562114616559255,1.5270674077002395
35.8,0.03333333333333144,1074,1074,takeover,cartesian_freedrive,-0.9610231696604785,0.0784409502952336,0.7126080483789196,0.24246861855462573,-0.1000566760075445,-1.9484259407416784,-0.12466243141946899,2.256211461654292,1.5270674077014585
35.833333333333336,0.033333333333338544,1075,1075,takeover,cartesian_freedrive,-0.9610231696604785,0.0784409502952336,0.7126080483789157,0.2424686185546648,-0.10005667600754017,-1.9484259407416655,-0.12466243141947748,2.2562114616542877,1.5270674077014632
35.86666666666667,0.03333333333333144,1076,1076,takeover,cartesian_freedrive,-0.9610231696604785,0.0784409502952336,0.7126080483789157,0.2424686185546648,-0.10005667600754017,-1.9484259407416655,-0.12466243141947748,2.2562114616542877,1.5270674077014632
35.9,0.03333333333333144,1077,1077,takeover,cartesian_freedrive,-0.9535016514665671,0.07814089281111808,0.7055866697302818,0.1763143374649363,-0.07379062665318388,-1.9825284081753243,-0.10648718202401648,2.272351687727861,1.5100300809110565
35.93333333333333,0.03333333333333144,1078,1078,takeover,cartesian_freedrive,-0.9535016514665671,0.07814008804325404,0.7055494155838211,0.17500068561118456,-0.0735270992541009,-1.9828723423464096,-0.10631701947871361,2.272500274609486,1.5098707139149865
35.96666666666667,0.033333333333338544,1079,1079,takeover,cartesian_freedrive,-0.9535016514665671,0.07814008806715832,0.7055487758306394,0.17499440975209926,-0.07352598400259913,-1.9828739748790696,-0.10631640246428214,2.272500628153583,1.5098701486100385
36.0,0.03333333333333144,1080,1080,takeover,cartesian_freedrive,-0.9535016514665671,0.07814008806948348,0.7055487713527017,0.17499437962655584,-0.07352597863483076,-1.9828739827147237,-0.1063163999552277,2.2725006291674092,1.509870146367336
36.03333333333333,0.03333333333333144,1081,1081,takeover,cartesian_freedrive,-0.9535016514665671,0.0781400880694969,0.7055487713299369,0.17499437948194915,-0.0735259786089954,-1.982873982752419,-0.10631639994424302,2.272500629169455,1.5098701463576891
36.06666666666667,0.033333333333338544,1082,1082,takeover,cartesian_freedrive,-0.9535016514665671,0.07814008806949696,0.7055487713298264,0.17499437948125499,-0.07352597860887106,-1.9828739827526003,-0.1063163999441944,2.2725006291694543,1.5098701463576483
36.1,0.03333333333333144,1083,1083,takeover,cartesian_freedrive,-0.9535016514665671,0.07814008806949696,0.7055487713298264,0.1749943794812518,-0.07352597860887053,-1.9828739827526003,-0.10631639994419424,2.2725006291694543,1.5098701463576483
36.13333333333333,0.03333333333333144,1084,1084,takeover,cartesian_freedrive,-0.9535183407850099,0.07814068055581189,0.7045869986767103,0.16921972219431033,-0.0730348180195022,-1.989453992701837,-0.09940076327103371,2.2667428809680072,1.5075318590357583
36.166666666666664,0.03333333333333144,1085,1085,takeover,cartesian_freedrive,-0.9535183407850099,0.07814075494061923,0.7044367426160957,0.16830536106964922,-0.07295668077621428,-1.9904775248084547,-0.09832623664520951,2.265843566129163,1.5071694328100396
36.2,0.033333333333338544,1086,1086,takeover,cartesian_freedrive,-0.9535183407850099,0.07814075535252753,0.704436221092373,0.16830098151449063,-0.0729562148383298,-1.9904824431291248,-0.09832107417148869,2.265839109707701,1.507167694155137
36.233333333333334,0.03333333333333144,1087,1087,takeover,cartesian_freedrive,-0.9535183407850099,0.0781407553523522,0.7044362191483916,0.16830096041295298,-0.07295621259574449,-1.9904824668093462,-0.0983210491632142,2.2658390884636748,1.5071676856193148
36.266666666666666,0.03333333333333144,1088,1088,takeover,cartesian_freedrive,-0.9535183407850099,0.07814075535234893,0.7044362191395178,0.1683009603112795,-0.0729562125849508,-1.990482466923327,-0.09832104904251196,2.2658390883622426,1.5071676855778788
36.3,0.03333333333333144,1089,1089,takeover,cartesian_freedrive,-0.9535183407850099,0.0781407553523489,0.7044362191394758,0.16830096031078964,-0.07295621258489883,-1.9904824669238754,-0.09832104904192977,2.265839088361758,1.5071676855776783
36.333333333333336,0.033333333333338544,1090,1090,takeover,cartesian_freedrive,-0.9535183407850099,0.0781407553523489,0.7044362191394758,0.16830096031078742,-0.07295621258489868,-1.990482466923877,-0.09832104904192705,2.265839088361758,1.5071676855776783
36.36666666666667,0.03333333333333144,1091,1091,takeover,cartesian_freedrive,-0.9535183407850099,0.0781407553523489,0.7044362191394758,0.16830096031078742,-0.07295621258489868,-1.990482466923877,-0.09832104904192705,2.265839088361758,1.5071676855776783
36.4,0.03333333333333144,1092,1092,takeover,cartesian_freedrive,-0.9552568313243697,0.07821008221002634,0.6965575341894894,0.1762959470131963,-0.06567917169573975,-1.9906795603354295,-0.1055488433578433,2.2663808874764135,1.5033117288766409
36.43333333333333,0.03333333333333144,1093,1093,takeover,cartesian_freedrive,-0.9552568313243697,0.07821029451605754,0.6964826120437931,0.17638469201909432,-0.0656084495256985,-1.990681236166091,-0.10561830287770686,2.26638220582467,1.503276762368187
36.46666666666667,0.033333333333338544,1094,1094,takeover,cartesian_freedrive,-0.9552568313243697,0.07821029473249344,0.6964822842897078,0.17638511860633962,-0.06560810610202257,-1.990681243749017,-0.10561862958375287,2.2663822191491163,1.503276585748912
36.5,0.03333333333333144,1095,1095,takeover,cartesian_freedrive,-0.9552568313243697,0.07821029473254179,0.6964822827488044,0.17638512065201165,-0.06560810444910505,-1.9906812437860595,-0.10561863113233969,2.266382219269042,1.5032765848738854
36.53333333333333,0.03333333333333144,1096,1096,takeover,cartesian_freedrive,-0.9552568313243697,0.07821029473254085,0.6964822827414191,0.17638512066182166,-0.06560810444114944,-1.9906812437862378,-0.1056186311397085,2.266382219269874,1.5032765848695848
36.56666666666667,0.033333333333338544,1097,1097,takeover,cartesian_freedrive,-0.9552568313243697,0.07821029473254085,0.6964822827413838,0.17638512066186873,-0.06560810444111118,-1.9906812437862378,-0.10561863113974358,2.266382219269877,1.503276584869565
36.6,0.03333333333333144,1098,1098,takeover,cartesian_freedrive,-0.9552568313243697,0.07821029473254085,0.6964822827413838,0.1763851206618688,-0.06560810444111106,-1.9906812437862378,-0.1056186311397437,2.266382219269877,1.503276584869565
36.63333333333333,0.03333333333333144,1099,1099,takeover,cartesian_freedrive,-0.9521564327953698,0.07809614987980609,0.6944528054588744,0.17188345795585835,-0.06483537180314039,-1.9875187431823405,-0.10161091424585955,2.2677899026772543,1.5045794489420872
36.666666666666664,0.03333333333333144,1100,1100,takeover,cartesian_freedrive,-0.9521564327953698,0.07808628890563664,0.6941362187260924,0.1710191794736248,-0.06471384417003322,-1.9870225847013938,-0.10098866546340647,2.268005545819684,1.5047833681511893
36.7,0.033333333333338544,1101,1101,takeover,cartesian_freedrive,-0.9521564327953698,0.07808627914535658,0.6941349720897945,0.17101509870593626,-0.06471299516201351,-1.9870201595345278,-0.10098579942608778,2.26800606992762,1.504784468085466
36.733333333333334,0.03333333333333144,1102,1102,takeover,cartesian_freedrive,-0.9521564327953698,0.07808627913695564,0.6941349677292387,0.17101507918306424,-0.06471299107569002,-1.9870201478858203,-0.10098578556409402,2.2680060717492854,1.50478447331567
36.766666666666666,0.03333333333333144,1103,1103,takeover,cartesian_freedrive,-0.9521564327953698,0.07808627913696087,0.6941349677097527,0.17101507908966085,-0.06471299105602234,-1.9870201478297773,-0.10098578549830234,2.268006071754234,1.5047844733418272
36.8,0.03333333333333144,1104,1104,takeover,cartesian_freedrive,-0.9521564327953698,0.07808627913696094,0.6941349677096607,0.17101507908921396,-0.06471299105592766,-1.9870201478295075,-0.10098578549799123,2.2680060717542383,1.5047844733419582
36.833333333333336,0.033333333333338544,1105,1105,takeover,cartesian_freedrive,-0.9521564327953698,0.07808627913696094,0.6941349677096607,0.17101507908921196,-0.06471299105592729,-1.9870201478295075,-0.10098578549798982,2.2680060717542383,1.5047844733419582
36.86666666666667,0.03333333333333144,1106,1106,takeover,cartesian_freedrive,-0.9521564327953698,0.07808627913696094,0.6941349677096607,0.17101507908921196,-0.06471299105592729,-1.9870201478295075,-0.10098578549798982,2.2680060717542383,1.5047844733419582
36.9,0.03333333333333144,1107,1107,takeover,cartesian_freedrive,-0.9519342860459545,0.07807739784089365,0.6980189803955005,0.17075315147465223,-0.0644554469615254,-1.9903255222786973,-0.10320931291133449,2.267405599029656,1.5024027648986988
36.93333333333333,0.03333333333333144,1108,1108,takeover,cartesian_freedrive,-0.9519342860459545,0.07807739294727217,0.6980566537920617,0.17075120926444745,-0.06445525926380719,-1.9903566956163143,-0.1032315136514121,2.2673961921300103,1.502381646256711
36.96666666666667,0.033333333333338544,1109,1109,takeover,cartesian_freedrive,-0.9519342860459545,0.07807739299374807,0.6980567166166696,0.17075120487930312,-0.0644552785368103,-1.9903568406516936,-0.10323165601597879,2.2673961042188804,1.5023815797736613
37.0,0.03333333333333144,1110,1110,takeover,cartesian_freedrive,-0.9519342860459545,0.07807739299373426,0.6980567167569641,0.17075120485533427,-0.06445527862957236,-1.9903568413474038,-0.10323165672699278,2.267396103803166,1.5023815794802209
37.03333333333333,0.03333333333333144,1111,1111,takeover,cartesian_freedrive,-0.9519342860459545,0.07807739299373388,0.6980567167574949,0.1707512048552054,-0.06445527863001883,-1.9903568413507502,-0.10323165673041397,2.2673961038012487,1.502381579478807
37.06666666666667,0.033333333333338544,1112,1112,takeover,cartesian_freedrive,-0.9519342860459545,0.07807739299373388,0.6980567167574968,0.17075120485520487,-0.0644552786300209,-1.990356841350765,-0.10323165673043033,2.2673961038012425,1.5023815794788011
37.1,0.03333333333333144,1113,1113,takeover,cartesian_freedrive,-0.9519342860459545,0.07807739299373388,0.6980567167574968,0.17075120485520487,-0.0644552786300209,-1.990356841350765,-0.10323165673043033,2.2673961038012425,1.5023815794788011
37.13333333333333,0.03333333333333144,1114,1114,takeover,cartesian_freedrive,-0.9594943088817018,0.07835565028807705,0.6975274166015267,0.16479292368547752,-0.06663300258255696,-1.9870127283501162,-0.10352742085232484,2.267516368560816,1.5025321225469845
37.166666666666664,0.03333333333333144,1115,1115,takeover,cartesian_freedrive,-0.9594943088817018,0.07837976162818835,0.6974350779601198,0.16359109959297083,-0.06696938938376251,-1.9864921970575007,-0.10357442632405582,2.267532242284098,1.5025566236807824
37.2,0.033333333333338544,1116,1116,takeover,cartesian_freedrive,-0.9594943088817018,0.07837979412811041,0.6974350056747606,0.16358547011838673,-0.06697043799759211,-1.9864896042604614,-0.10357494383122601,2.2675313052470183,1.502557007487785
37.233333333333334,0.03333333333333144,1117,1117,takeover,cartesian_freedrive,-0.9594943088817018,0.07837979417006213,0.6974350096237516,0.16358544316910886,-0.0669704430446296,-1.9864895918408025,-0.10357494581485813,2.267531300057447,1.5025570088161961
37.266666666666666,0.03333333333333144,1118,1118,takeover,cartesian_freedrive,-0.9594943088817018,0.07837979417012973,0.6974350096463752,0.1635854430400812,-0.06697044306892128,-1.9864895917810772,-0.10357494582519042,2.267531300027987,1.5025570088234295
37.3,0.03333333333333144,1119,1119,takeover,cartesian_freedrive,-0.9594943088817018,0.0783797941701299,0.6974350096464874,0.16358544303946343,-0.06697044306903821,-1.9864895917807899,-0.10357494582524651,2.267531300027824,1.5025570088234699
37.333333333333336,0.033333333333338544,1120,1120,takeover,cartesian_freedrive,-0.9594943088817018,0.0783797941701299,0.6974350096464874,0.1635854430394606,-0.06697044306903868,-1.9864895917807899,-0.10357494582524675,2.267531300027824,1.5025570088234699
37.36666666666667,0.03333333333333144,1121,1121,takeover,cartesian_freedrive,-0.9594943088817018,0.0783797941701299,0.6974350096464874,0.1635854430394606,-0.06697044306903868,-1.9864895917807899,-0.10357494582524675,2.267531300027824,1.5025570088234699
37.4,0.03333333333333144,1122,1122,takeover,cartesian_freedrive,-0.9644856071902694,0.07857887985866782,0.7003856148114919,0.17311330419920298,-0.05811890430475409,-1.990092261896735,-0.11159260722676234,2.2721366817844517,1.5059230846910683
37.43333333333333,0.03333333333333144,1123,1123,takeover,cartesian_freedrive,-0.9644856071902694,0.07857944490934066,0.7004300624362491,0.17322916621159157,-0.058037503201901604,-1.9901262548576233,-0.11166935411856917,2.272176446588193,1.505956080651219
37.46666666666667,0.033333333333338544,1124,1124,takeover,cartesian_freedrive,-0.9644856071902694,0.07857944583260763,0.7004299571360791,0.17322974307681438,-0.05803719122615817,-1.9901264037062703,-0.11166983266181735,2.272176482946936,1.5059563477340747
37.5,0.03333333333333144,1125,1125,takeover,cartesian_freedrive,-0.9644856071902694,0.07857944583339141,0.7004299559319199,0.1732297458412441,-0.05803718972460132,-1.9901264044121796,-0.11166983507640821,2.272176483153129,1.5059563491338614
37.53333333333333,0.03333333333333144,1126,1126,takeover,cartesian_freedrive,-0.9644856071902694,0.07857944583339073,0.7004299559254914,0.17322974585448978,-0.05803718971737424,-1.9901264044155675,-0.11166983508802367,2.2721764831544924,1.5059563491405894
37.56666666666667,0.033333333333338544,1127,1127,takeover,cartesian_freedrive,-0.9644856071902694,0.07857944583339072,0.7004299559254603,0.17322974585455322,-0.05803718971733946,-1.9901264044155826,-0.11166983508807905,2.272176483154498,1.50595634914062
37.6,0.03333333333333144,1128,1128,takeover,cartesian_freedrive,-0.9644856071902694,0.07857944583339072,0.7004299559254603,0.1732297458545534,-0.05803718971733933,-1.9901264044155826,-0.11166983508807925,2.272176483154498,1.50595634914062
37.63333333333333,0.03333333333333144,1129,1129,takeover,cartesian_freedrive,-0.954974483819143,0.07822932334765723,0.7016397701999743,0.177849056733471,-0.06466706867469674,-1.9942010674113837,-0.10601105198400412,2.2712937908160544,1.5094569845246
37.666666666666664,0.03333333333333144,1130,1130,takeover,cartesian_freedrive,-0.954974483819143,0.07819902809913488,0.7017682851583883,0.1787373329606724,-0.0656942002733066,-1.9948451109206369,-0.1051315376204912,2.2711544700689124,1.5100023580453321
37.7,0.033333333333338544,1131,1131,takeover,cartesian_freedrive,-0.954974483819143,0.07819900077267171,0.7017691318119039,0.1787418688505316,-0.06569810996367383,-1.9948480877726438,-0.1051278649225961,2.271152039356511,1.510005520785269
37.733333333333334,0.03333333333333144,1132,1132,takeover,cartesian_freedrive,-0.954974483819143,0.07819900073621185,0.701769146640977,0.1787418905482115,-0.06569812878123403,-1.9948481022681388,-0.1051278447470035,2.2711520294778675,1.5100055334184792
37.766666666666666,0.03333333333333144,1133,1133,takeover,cartesian_freedrive,-0.954974483819143,0.07819900073615077,0.7017691467226836,0.17874189065200666,-0.06569812887180398,-1.9948481023380664,-0.10512784464637716,2.271152029435655,1.5100055334756108
37.8,0.03333333333333144,1134,1134,takeover,cartesian_freedrive,-0.954974483819143,0.0781990007361506,0.7017691467230867,0.1787418906525032,-0.0656981288722399,-1.9948481023384033,-0.10512784464588415,2.2711520294354757,1.5100055334758768
37.833333333333336,0.033333333333338544,1135,1135,takeover,cartesian_freedrive,-0.954974483819143,0.0781990007361506,0.701769146723088,0.17874189065250545,-0.06569812887224194,-1.9948481023384035,-0.1051278446458818,2.2711520294354757,1.5100055334758768
37.86666666666667,0.03333333333333144,1136,1136,takeover,cartesian_freedrive,-0.954974483819143,0.0781990007361506,0.701769146723088,0.17874189065250545,-0.06569812887224194,-1.9948481023384035,-0.1051278446458818,2.2711520294354757,1.5100055334758768
37.9,0.03333333333333144,1137,1137,takeover,cartesian_freedrive,-0.9528734178366136,0.0781151647821299,0.6877098550909394,0.17814418710382798,-0.059460059615333315,-1.9875551428254263,-0.10096991614628843,2.2715922571041367,1.506213771804015
37.93333333333333,0.03333333333333144,1138,1138,takeover,cartesian_freedrive,-0.9528734178366136,0.07811495819376389,0.6875665749047327,0.1781378127887133,-0.05939884469847922,-1.9874832766225654,-0.10093204785117536,2.2715927371571953,1.5061794279273681
37.96666666666667,0.033333333333338544,1139,1139,takeover,cartesian_freedrive,-0.9528734178366136,0.07811495848674432,0.6875660466994092,0.17813781115219712,-0.05939844191499322,-1.9874829182635838,-0.1009319007139748,2.271592554407873,1.506179294024708
38.0,0.03333333333333144,1140,1140,takeover,cartesian_freedrive,-0.9528734178366136,0.07811495848722538,0.6875660447410608,0.17813781115010716,-0.0593984399763736,-1.9874829165474153,-0.10093189989990713,2.2715925535307964,1.5061792932715705
38.03333333333333,0.03333333333333144,1141,1141,takeover,cartesian_freedrive,-0.9528734178366136,0.07811495848722672,0.6875660447321877,0.17813781115012572,-0.05939843996704291,-1.9874829165391634,-0.10093189989593963,2.271592553526415,1.5061792932678966
38.06666666666667,0.033333333333338544,1142,1142,takeover,cartesian_freedrive,-0.9528734178366136,0.07811495848722672,0.6875660447321459,0.1781378111501258,-0.059398439966998,-1.9874829165391248,-0.1009318998959207,2.2715925535263954,1.5061792932678804
38.1,0.03333333333333144,1143,1143,takeover,cartesian_freedrive,-0.9528734178366136,0.07811495848722672,0.6875660447321459,0.1781378111501258,-0.059398439966997826,-1.9874829165391248,-0.1009318998959207,2.2715925535263954,1.5061792932678804
38.13333333333333,0.03333333333333144,1144,1144,takeover,cartesian_freedrive,-0.9339730031189932,0.0774192417564179,0.709365770640493,0.18787394058832196,-0.0677405885435422,-1.9841781129674678,-0.09346806694969649,2.2657518886400108,1.4985326493770217
38.166666666666664,0.03333333333333144,1145,1145,takeover,cartesian_freedrive,-0.9339730031189932,0.07735899570507684,0.7135636912475433,0.1897061538270304,-0.0690509417369683,-1.9836644948714948,-0.09230679267374706,2.2648437140155817,1.4973430146342173
38.2,0.033333333333338544,1146,1146,takeover,cartesian_freedrive,-0.9339730031189932,0.07735894190201507,0.7135833922379425,0.18971553198833715,-0.06905946536501345,-1.9836618043883045,-0.09230261870182153,2.264835485968827,1.4973386511880047
38.233333333333334,0.03333333333333144,1147,1147,takeover,cartesian_freedrive,-0.9339730031189932,0.07735894183938646,0.7135834435731446,0.18971557730496355,-0.06905950721323861,-1.9836617903694775,-0.09230260868407372,2.264835441779967,1.4973386402834303
38.266666666666666,0.03333333333333144,1148,1148,takeover,cartesian_freedrive,-0.9339730031189932,0.07735894183929679,0.7135834437733367,0.18971557752239424,-0.06905950741465648,-1.9836617903012483,-0.09230260864467922,2.264835441568266,1.4973386402398923
38.3,0.03333333333333144,1149,1149,takeover,cartesian_freedrive,-0.9339730031189932,0.07735894183929659,0.713583443774252,0.18971557752343757,-0.06905950741562593,-1.983661790300919,-0.09230260864449326,2.264835441567266,1.4973386402396867
38.333333333333336,0.033333333333338544,1150,1150,takeover,cartesian_freedrive,-0.9339730031189932,0.07735894183929659,0.7135834437742559,0.18971557752344245,-0.06905950741563052,-1.983661790300919,-0.09230260864449241,2.2648354415672634,1.4973386402396867
38.36666666666667,0.03333333333333144,1151,1151,takeover,cartesian_freedrive,-0.9339730031189932,0.07735894183929659,0.7135834437742559,0.18971557752344245,-0.06905950741563052,-1.983661790300919,-0.09230260864449241,2.2648354415672634,1.4973386402396867
38.4,0.03333333333333144,1152,1152,takeover,cartesian_freedrive,-0.944198369714762,0.07776681665003479,0.7125300721146312,0.17281387919662977,-0.06281534478676835,-1.9920154408869883,-0.08750318566440403,2.2734542043298296,1.507788602720808
38.43333333333333,0.03333333333333144,1153,1153,takeover,cartesian_freedrive,-0.944198369714762,0.07776795502049988,0.7125218600782083,0.1726137529354772,-0.0627588191720705,-1.9920941779432935,-0.08745921431988124,2.2735316687648197,1.5078883815224933
38.46666666666667,0.033333333333338544,1154,1154,takeover,cartesian_freedrive,-0.944198369714762,0.07776795650685392,0.7125216868182039,0.17261279886021202,-0.06275857582640806,-1.992094550410237,-0.08745905109632705,2.2735319700319736,1.5078889100010342
38.5,0.03333333333333144,1155,1155,takeover,cartesian_freedrive,-0.944198369714762,0.07776795650890475,0.7125216857806801,0.17261279427870535,-0.06275857465517168,-1.9920945522002853,-0.08745905037419253,2.2735319713937026,1.5078889126111577
38.53333333333333,0.03333333333333144,1156,1156,takeover,cartesian_freedrive,-0.944198369714762,0.07776795650890857,0.7125216857755077,0.17261279425670512,-0.06275857464953444,-1.9920945522088986,-0.087459050370865,2.273531971399887,1.5078889126238768
38.56666666666667,0.033333333333338544,1157,1157,takeover,cartesian_freedrive,-0.944198369714762,0.07776795650890858,0.712521685775483,0.17261279425659945,-0.06275857464950732,-1.992094552208939,-0.08745905037084957,2.2735319713999123,1.5078889126239374
38.6,0.03333333333333144,1158,1158,takeover,cartesian_freedrive,-0.944198369714762,0.07776795650890858,0.712521685775483,0.17261279425659912,-0.06275857464950726,-1.992094552208939,-0.08745905037084957,2.2735319713999123,1.5078889126239374
38.63333333333333,0.03333333333333144,1159,1159,takeover,cartesian_freedrive,-0.9359049705428719,0.07746268125581773,0.7157126775872654,0.16265922596315285,-0.04762470300173781,-1.9749275834754705,-0.09177382715521361,2.265443628900914,1.4983408510175766
38.666666666666664,0.03333333333333144,1160,1160,takeover,cartesian_freedrive,-0.9359049705428719,0.07743623274777622,0.7172429474484348,0.15937106088895642,-0.045164168126522956,-1.9717845709423547,-0.09244490623435642,2.264185676034132,1.496855518742052
38.7,0.033333333333338544,1161,1161,takeover,cartesian_freedrive,-0.9359049705428719,0.07743622162958033,0.7172495672200033,0.15935582199008766,-0.045154566194590996,-1.9717693834660537,-0.09244958445778394,2.2641755238364962,1.4968498450186347
38.733333333333334,0.03333333333333144,1162,1162,takeover,cartesian_freedrive,-0.9359049705428719,0.0774362216405651,0.7172495399970388,0.15935575014413372,-0.04515452280147992,-1.9717693087757453,-0.09244962141123288,2.264175461671034,1.4968498321661012
38.766666666666666,0.03333333333333144,1163,1163,takeover,cartesian_freedrive,-0.9359049705428719,0.07743622164064763,0.7172495398142886,0.1593557498009415,-0.045154522592626437,-1.9717693084156818,-0.092449621604275,2.2641754613508334,1.4968498321199666
38.8,0.03333333333333144,1164,1164,takeover,cartesian_freedrive,-0.9359049705428719,0.07743622164064806,0.7172495398133707,0.15935574979930206,-0.04515452259162121,-1.9717693084139483,-0.09244962160523808,2.2641754613492036,1.4968498321197805
38.833333333333336,0.033333333333338544,1165,1165,takeover,cartesian_freedrive,-0.9359049705428719,0.07743622164064806,0.7172495398133668,0.15935574979929434,-0.04515452259161638,-1.9717693084139412,-0.0924496216052428,2.2641754613491982,1.4968498321197805
38.86666666666667,0.03333333333333144,1166,1166,takeover,cartesian_freedrive,-0.9359049705428719,0.07743622164064806,0.7172495398133668,0.15935574979929434,-0.04515452259161638,-1.9717693084139412,-0.0924496216052428,2.2641754613491982,1.4968498321197805
38.9,0.03333333333333144,1167,1167,takeover,cartesian_freedrive,-0.9448788170695581,0.07779416183052482,0.7022059873561398,0.1593194119463269,-0.07872253998892216,-1.984794145840048,-0.08163161950213525,2.260134231181778,1.5074056002060643
38.93333333333333,0.03333333333333144,1168,1168,takeover,cartesian_freedrive,-0.9448788170695581,0.0777951669791753,0.7017009010876444,0.15931997150185054,-0.07907176607185644,-1.984929888781116,-0.08153052671138056,2.26009378227851,1.5075059680388698
38.96666666666667,0.033333333333338544,1169,1169,takeover,cartesian_freedrive,-0.9448788170695581,0.07779517500860497,0.7016991390292683,0.15932020293213575,-0.07907258353952626,-1.9849304487420334,-0.08153043133924802,2.2600920873503645,1.507506819169163
39.0,0.03333333333333144,1170,1170,takeover,cartesian_freedrive,-0.9448788170695581,0.07779517501724009,0.7016991407415595,0.15932020405785788,-0.07907258747404425,-1.984930451562614,-0.0815304289499621,2.2600920799200503,1.5075068212654708
39.03333333333333,0.03333333333333144,1171,1171,takeover,cartesian_freedrive,-0.9448788170695581,0.07779517501724753,0.7016991407579045,0.15932020406320893,-0.0790725874929813,-1.9849304515762893,-0.08153042893676263,2.2600920798854025,1.5075068212737968
39.06666666666667,0.033333333333338544,1172,1172,takeover,cartesian_freedrive,-0.9448788170695581,0.07779517501724753,0.7016991407579896,0.1593202040632342,-0.07907258749307246,-1.9849304515763544,-0.08153042893669694,2.2600920798852404,1.5075068212738332
39.1,0.03333333333333144,1173,1173,takeover,cartesian_freedrive,-0.9448788170695581,0.07779517501724753,0.7016991407579896,0.1593202040632342,-0.0790725874930728,-1.9849304515763544,-0.08153042893669671,2.2600920798852404,1.5075068212738332
39.13333333333333,0.03333333333333144,1174,1174,takeover,cartesian_freedrive,-0.9388107000931785,0.0775718080037452,0.7127712936872814,0.16553709938057723,-0.07519407603702481,-1.9875670998768555,-0.09194086924888119,2.2587998469460477,1.500794104137533
39.166666666666664,0.03333333333333144,1175,1175,takeover,cartesian_freedrive,-0.9388107000931785,0.07755245414728788,0.7153118529230542,0.16677421624403718,-0.07460649926831145,-1.9879776102485487,-0.09356009228311911,2.258599235548229,1.4997497511970446
39.2,0.033333333333338544,1176,1176,takeover,cartesian_freedrive,-0.9388107000931785,0.07755244977592965,0.7153237541609918,0.16678071812643083,-0.07460588324965235,-1.9879794794938634,-0.09356918135124627,2.258594453864501,1.4997460119843047
39.233333333333334,0.03333333333333144,1177,1177,takeover,cartesian_freedrive,-0.9388107000931785,0.07755244977502457,0.7153237659048592,0.16678075009407486,-0.07460588307675439,-1.9879794866549358,-0.09356923600673538,2.258594422940568,1.499746004660812
39.266666666666666,0.03333333333333144,1178,1178,takeover,cartesian_freedrive,-0.9388107000931785,0.07755244977500378,0.7153237659174114,0.16678075024706387,-0.07460588307592224,-1.9879794866887877,-0.09356923627665018,2.2585944227942267,1.4997460046326108
39.3,0.03333333333333144,1179,1179,takeover,cartesian_freedrive,-0.9388107000931785,0.07755244977500365,0.7153237659174337,0.16678075024779634,-0.07460588307591828,-1.9879794866889497,-0.09356923627794846,2.258594422793546,1.4997460046324744
39.333333333333336,0.033333333333338544,1180,1180,takeover,cartesian_freedrive,-0.9388107000931785,0.07755244977500365,0.7153237659174337,0.16678075024779973,-0.07460588307591828,-1.9879794866889497,-0.09356923627795463,2.2585944227935455,1.4997460046324744
39.36666666666667,0.03333333333333144,1181,1181,takeover,cartesian_freedrive,-0.9388107000931785,0.07755244977500365,0.7153237659174337,0.16678075024779973,-0.07460588307591828,-1.9879794866889497,-0.09356923627795463,2.2585944227935455,1.4997460046324744
39.4,0.03333333333333144,1182,1182,takeover,cartesian_freedrive,-0.9432737814730316,0.07773045993404851,0.7076044948179677,0.1699228500107065,-0.07995204088819304,-1.9977431782574477,-0.08618568507427195,2.2688910594057816,1.4892922480263655
39.43333333333333,0.03333333333333144,1183,1183,takeover,cartesian_freedrive,-0.9432737814730316,0.07773097088742412,0.7075080094222578,0.16996051628447206,-0.07999955287039716,-1.9978382470305147,-0.08611730206848335,2.268984552651653,1.4891950160162029
39.46666666666667,0.033333333333338544,1184,1184,takeover,cartesian_freedrive,-0.9432737814730316,0.07773097208928877,0.7075078439671156,0.16996073073289794,-0.07999965207480511,-1.9978386940867503,-0.08611699011390891,2.268984800887256,1.4891945608577406
39.5,0.03333333333333144,1185,1185,takeover,cartesian_freedrive,-0.9432737814730316,0.07773097209038807,0.7075078441496244,0.1699607317570018,-0.07999965255228152,-1.9978386962519845,-0.08611698839983564,2.2689848022212207,1.4891945584450934
39.53333333333333,0.03333333333333144,1186,1186,takeover,cartesian_freedrive,-0.9432737814730316,0.07773097209038798,0.707507844151376,0.1699607317618826,-0.07999965255457962,-1.997838696262418,-0.08611698839130566,2.2689848022280548,1.4891945584331876
39.56666666666667,0.033333333333338544,1187,1187,takeover,cartesian_freedrive,-0.9432737814730316,0.07773097209038798,0.7075078441513847,0.16996073176190576,-0.07999965255459066,-1.9978386962624672,-0.08611698839126394,2.268984802228087,1.4891945584331305
39.6,0.03333333333333144,1188,1188,takeover,cartesian_freedrive,-0.9432737814730316,0.07773097209038798,0.7075078441513847,0.16996073176190576,-0.07999965255459066,-1.9978386962624672,-0.0861169883912638,2.268984802228087,1.4891945584331305
39.63333333333333,0.03333333333333144,1189,1189,takeover,cartesian_freedrive,-0.9473765523886468,0.0778819968111839,0.7153952178077948,0.16973486724140235,-0.06483432654557897,-1.9900634477232573,-0.1000131649206619,2.266150834961394,1.4895177197305451
39.666666666666664,0.03333333333333144,1190,1190,takeover,cartesian_freedrive,-0.9473765523886468,0.07789504878639344,0.7185587395074038,0.1696835999106434,-0.06239606401069297,-1.9887997855795514,-0.10217472046723076,2.265710211149374,1.4895679199726848
39.7,0.033333333333338544,1191,1191,takeover,cartesian_freedrive,-0.9473765523886468,0.07789508333511988,0.718573408036899,0.16968388627062633,-0.06238661845489481,-1.9887937247401977,-0.10218640681580123,2.2657042969581878,1.4895695055196412
39.733333333333334,0.03333333333333144,1192,1192,takeover,cartesian_freedrive,-0.9473765523886468,0.07789508340674878,0.7185733992469409,0.16968389044740004,-0.062386582678353106,-1.988793692103938,-0.10218648560235057,2.2657042439315616,1.4895695353317544
39.766666666666666,0.03333333333333144,1193,1193,takeover,cartesian_freedrive,-0.9473765523886468,0.07789508340684612,0.7185733991138833,0.1696838904678131,-0.062386582506158604,-1.988793691945576,-0.10218648600006267,2.265704243667276,1.4895695354943743
39.8,0.03333333333333144,1194,1194,takeover,cartesian_freedrive,-0.9473765523886468,0.07789508340684628,0.7185733991131636,0.1696838904679129,-0.062386582505329816,-1.9887936919448124,-0.1021864860019958,2.265704243665987,1.4895695354951766
39.833333333333336,0.033333333333338544,1195,1195,takeover,cartesian_freedrive,-0.9473765523886468,0.07789508340684628,0.7185733991131608,0.1696838904679132,-0.06238658250532585,-1.9887936919448101,-0.1021864860020051,2.2657042436659833,1.4895695354951792
39.86666666666667,0.03333333333333144,1196,1196,takeover,cartesian_freedrive,-0.9473765523886468,0.07789508340684628,0.7185733991131608,0.1696838904679132,-0.06238658250532585,-1.9887936919448101,-0.1021864860020051,2.2657042436659833,1.4895695354951792
39.9,0.03333333333333144,1197,1197,takeover,cartesian_freedrive,-0.9518527468044198,0.07807361724476364,0.7121029711352687,0.1749025402811096,-0.06710623899495037,-2.0145670772172157,-0.09984743186551306,2.263151370780213,1.490126594314715
39.93333333333333,0.03333333333333144,1198,1198,takeover,cartesian_freedrive,-0.9518527468044198,0.0780741360095917,0.7120239897380324,0.1749900961056687,-0.0671480361136512,-2.014871989049036,-0.09982693525609367,2.2631228274540085,1.4901334738651304
39.96666666666667,0.033333333333338544,1199,1199,takeover,cartesian_freedrive,-0.9518527468044198,0.07807413818448485,0.7120238272615467,0.17499058874602577,-0.0671480817302304,-2.014873433135017,-0.09982695911106614,2.263122213630459,1.4901336235781648
40.0,0.03333333333333144,1200,1200,takeover,cartesian_freedrive,-0.9518527468044198,0.07807413818571661,0.7120238273874474,0.17499059107060208,-0.06714808194978557,-2.014873440098902,-0.09982695894026129,2.2631222110795575,1.4901336239984877
40.03333333333333,0.03333333333333144,1201,1201,takeover,cartesian_freedrive,-0.9518527468044198,0.07807413818571188,0.7120238273886447,0.17499059108156687,-0.06714808195084233,-2.014873440132428,-0.09982695893882325,2.263122211068916,1.4901336239998624
40.06666666666667,0.033333333333338544,1202,1202,takeover,cartesian_freedrive,-0.9518527468044198,0.07807413818571185,0.7120238273886501,0.17499059108161857,-0.06714808195084734,-2.0148734401325874,-0.09982695893881392,2.2631222110688753,1.4901336239998655
40.1,0.03333333333333144,1203,1203,takeover,cartesian_freedrive,-0.9518527468044198,0.07807413818571185,0.7120238273886501,0.17499059108161868,-0.06714808195084734,-2.0148734401325874,-0.09982695893881392,2.2631222110688753,1.4901336239998655
40.13333333333333,0.03333333333333144,1204,1204,takeover,cartesian_freedrive,-0.9489570308451789,0.07796750926910824,0.6916578267102486,0.17253912669984264,-0.06222200040675034,-1.9844056179873892,-0.09665256722401835,2.2736204376839915,1.4967701813102356
40.166666666666664,0.03333333333333144,1205,1205,takeover,cartesian_freedrive,-0.9489570308451789,0.0779582903602257,0.6875106896299519,0.17149448180883806,-0.06144128502096651,-1.9770386153940371,-0.09615878700819638,2.275253501140881,1.497802493984695
40.2,0.033333333333338544,1206,1206,takeover,cartesian_freedrive,-0.9489570308451789,0.07795830334442058,0.687490052586234,0.17149001926794163,-0.06143530114953168,-1.97700309440102,-0.09615778287664806,2.275257394535271,1.4978089021024317
40.233333333333334,0.03333333333333144,1207,1207,takeover,cartesian_freedrive,-0.9489570308451789,0.07795830341110813,0.6874899999382202,0.17149000142478094,-0.06143526234433871,-1.977002921863677,-0.0961577774383837,2.2752573923195727,1.4978089315865948
40.266666666666666,0.03333333333333144,1208,1208,takeover,cartesian_freedrive,-0.9489570308451789,0.07795830341127806,0.6874899997459533,0.17149000134248155,-0.06143526215756713,-1.9770029210340854,-0.09615777740799981,2.275257392288378,1.4978089317244492
40.3,0.03333333333333144,1209,1209,takeover,cartesian_freedrive,-0.9489570308451789,0.07795830341127871,0.6874899997450827,0.1714900013421024,-0.06143526215666819,-1.9770029210300932,-0.09615777740787994,2.2752573922881143,1.4978089317251408
40.333333333333336,0.033333333333338544,1210,1210,takeover,cartesian_freedrive,-0.9489570308451789,0.07795830341127871,0.6874899997450792,0.17149000134210082,-0.06143526215666388,-1.9770029210300752,-0.0961577774078796,2.275257392288114,1.497808931725143
40.36666666666667,0.03333333333333144,1211,1211,takeover,cartesian_freedrive,-0.9489570308451789,0.07795830341127871,0.6874899997450792,0.17149000134210082,-0.06143526215666388,-1.9770029210300752,-0.0961577774078796,2.275257392288114,1.497808931725143
40.4,0.03333333333333144,1212,1212,takeover,cartesian_freedrive,-0.9476823841491109,0.0779074330180404,0.7133712757639127,0.17377066854063886,-0.09541476514984355,-1.986285011768088,-0.10131810889782976,2.266855547667662,1.5002652119766395
40.43333333333333,0.03333333333333144,1213,1213,takeover,cartesian_freedrive,-0.9476823841491109,0.07790731687883894,0.7136138689340566,0.17379757982334196,-0.09573562963874213,-1.986381134220211,-0.10136790086575141,2.266772683336172,1.5002895921345443
40.46666666666667,0.033333333333338544,1214,1214,takeover,cartesian_freedrive,-0.9476823841491109,0.07790731686600313,0.7136151954669179,0.1737977200527547,-0.09573712863102678,-1.9863815939042138,-0.10136813142722464,2.2667722288536982,1.5002896984421819
40.5,0.03333333333333144,1215,1215,takeover,cartesian_freedrive,-0.9476823841491109,0.07790731686565557,0.7136152021642809,0.17379772071697222,-0.09573713584576116,-1.9863815961218734,-0.10136813244832207,2.2667722267744077,1.5002896988622663
40.53333333333333,0.03333333333333144,1216,1216,takeover,cartesian_freedrive,-0.9476823841491109,0.07790731686565361,0.7136152021967926,0.173797720720114,-0.09573713588048607,-1.9863815961325517,-0.10136813245306063,2.2667722267648163,1.5002896988641041
40.56666666666667,0.033333333333338544,1217,1217,takeover,cartesian_freedrive,-0.9476823841491109,0.07790731686565361,0.7136152021969496,0.17379772072012878,-0.09573713588065322,-1.9863815961326021,-0.10136813245308283,2.266772226764774,1.500289698864111
40.6,0.03333333333333144,1218,1218,takeover,cartesian_freedrive,-0.9476823841491109,0.07790731686565361,0.7136152021969497,0.17379772072012878,-0.09573713588065394,-1.9863815961326021,-0.10136813245308286,2.266772226764774,1.500289698864111
40.63333333333333,0.03333333333333144,1219,1219,takeover,cartesian_freedrive,-0.9434922923352149,0.07775306837658051,0.7141396350051631,0.16076811016070064,-0.08963822338531716,-1.989024103988297,-0.10161478815459107,2.2628045353647193,1.5058438530757399
40.666666666666664,0.03333333333333144,1220,1220,takeover,cartesian_freedrive,-0.9434922923352149,0.0777397220423299,0.714319602742977,0.15802548013801096,-0.08869484018665456,-1.9894353991802511,-0.10165351784607739,2.262185581924283,1.5067082718822677
40.7,0.033333333333338544,1221,1221,takeover,cartesian_freedrive,-0.9434922923352149,0.0777397134592977,0.7143196570728542,0.15801254787860275,-0.08869130303734372,-1.9894372441953851,-0.10165448140026262,2.262180699386564,1.5067131781632426
40.733333333333334,0.03333333333333144,1222,1222,takeover,cartesian_freedrive,-0.9434922923352149,0.07773971345449651,0.7143196449897112,0.15801248576938245,-0.08869128601284462,-1.9894372528994284,-0.10165448870100198,2.262180673762985,1.5067132045414056
40.766666666666666,0.03333333333333144,1223,1223,takeover,cartesian_freedrive,-0.9434922923352149,0.07773971345451397,0.7143196449219547,0.15801248547124352,-0.08869128593090475,-1.9894372529411863,-0.10165448873968826,2.2621806736331505,1.5067132046720644
40.8,0.03333333333333144,1224,1224,takeover,cartesian_freedrive,-0.9434922923352149,0.07773971345451408,0.7143196449216213,0.15801248546981245,-0.08869128593051037,-1.989437252941387,-0.10165448873988422,2.2621806736324968,1.5067132046727032
40.833333333333336,0.033333333333338544,1225,1225,takeover,cartesian_freedrive,-0.9434922923352149,0.07773971345451408,0.7143196449216201,0.15801248546980573,-0.08869128593050854,-1.989437252941387,-0.10165448873988513,2.2621806736324963,1.5067132046727052
40.86666666666667,0.03333333333333144,1226,1226,takeover,cartesian_freedrive,-0.9434922923352149,0.07773971345451408,0.7143196449216201,0.15801248546980573,-0.08869128593050854,-1.989437252941387,-0.10165448873988513,2.2621806736324963,1.5067132046727052
40.9,0.03333333333333144,1227,1227,takeover,cartesian_freedrive,-0.9468523885801259,0.07787372894025639,0.7131070709053949,0.17606424911825205,-0.08905590166697226,-1.9954382864424234,-0.10320734515741108,2.268642276670925,1.4991850884569882
40.93333333333333,0.03333333333333144,1228,1228,takeover,cartesian_freedrive,-0.9468523885801259,0.07787411617472323,0.7130955240716451,0.17633016036261756,-0.08905736266961704,-1.9954954887201217,-0.10322315271155735,2.2686996713067566,1.4991153151950916
40.96666666666667,0.033333333333338544,1229,1229,takeover,cartesian_freedrive,-0.9468523885801259,0.07787411648719114,0.7130955030107977,0.17633143513033003,-0.08905736970150514,-1.995495764597008,-0.10322321058350578,2.268699986828914,1.4991149602912155
41.0,0.03333333333333144,1230,1230,takeover,cartesian_freedrive,-0.9468523885801259,0.07787411648687276,0.7130955029418279,0.17633144124084696,-0.08905736973535003,-1.9954957659252774,-0.1032232108011541,2.268699988527047,1.4991149585187946
41.03333333333333,0.03333333333333144,1231,1231,takeover,cartesian_freedrive,-0.9468523885801259,0.0778741164868691,0.713095502941516,0.17633144127013742,-0.08905736973551291,-1.9954957659316706,-0.10322321080193832,2.268699988536067,1.4991149585099852
41.06666666666667,0.033333333333338544,1232,1232,takeover,cartesian_freedrive,-0.9468523885801259,0.07787411648686908,0.7130955029415151,0.17633144127027783,-0.08905736973551362,-1.9954957659317,-0.1032232108019408,2.268699988536112,1.4991149585099426
41.1,0.03333333333333144,1233,1233,takeover,cartesian_freedrive,-0.9468523885801259,0.07787411648686908,0.7130955029415151,0.17633144127027836,-0.08905736973551362,-1.9954957659317,-0.1032232108019408,2.268699988536112,1.4991149585099426
41.13333333333333,0.03333333333333144,1234,1234,takeover,cartesian_freedrive,-0.9506219095692643,0.07801285225427998,0.7178334589187647,0.16573605442709563,-0.09367996037389242,-1.9966626422182143,-0.10628574715467892,2.266103774360994,1.4980973159646995
41.166666666666664,0.03333333333333144,1235,1235,takeover,cartesian_freedrive,-0.9506219095692643,0.07802488459077805,0.7185704023902777,0.16357813828124237,-0.09440098432945458,-1.9968442152696217,-0.10676334373791019,2.265695975212724,1.4979402968850757
41.2,0.033333333333338544,1236,1236,takeover,cartesian_freedrive,-0.9506219095692643,0.07802489726760922,0.718573902791132,0.16356770802207182,-0.09440447753689905,-1.9968450883562952,-0.10676555718975926,2.2656943182341567,1.4979394509029242
41.233333333333334,0.03333333333333144,1237,1237,takeover,cartesian_freedrive,-0.9506219095692643,0.07802489728669995,0.7185739195908173,0.1635676579718813,-0.09440449434990349,-1.9968450925582086,-0.10676556817709743,2.2656943091884294,1.4979394471831096
41.266666666666666,0.03333333333333144,1238,1238,takeover,cartesian_freedrive,-0.9506219095692643,0.07802489728674225,0.7185739196716852,0.1635676577317102,-0.09440449443082541,-1.9968450925784351,-0.10676556823152934,2.2656943091397967,1.4979394471668395
41.3,0.03333333333333144,1239,1239,takeover,cartesian_freedrive,-0.9506219095692643,0.0780248972867424,0.7185739196720746,0.16356765773055773,-0.0944044944312149,-1.996845092578532,-0.1067655682317987,2.2656943091395396,1.4979394471667697
41.333333333333336,0.033333333333338544,1240,1240,takeover,cartesian_freedrive,-0.9506219095692643,0.07802489728674242,0.718573919672076,0.1635676577305523,-0.0944044944312167,-1.996845092578532,-0.10676556823179995,2.2656943091395396,1.4979394471667697
41.36666666666667,0.03333333333333144,1241,1241,takeover,cartesian_freedrive,-0.9506219095692643,0.07802489728674242,0.718573919672076,0.1635676577305523,-0.0944044944312167,-1.996845092578532,-0.10676556823179995,2.2656943091395396,1.4979394471667697
41.4,0.03333333333333144,1242,1242,takeover,cartesian_freedrive,-0.9591878810741505,0.07836657490726323,0.7185754646580141,0.15971165594306364,-0.09897741204367592,-1.9926298792063692,-0.09594382856197323,2.2752410378304684,1.4986448350947694
41.43333333333333,0.03333333333333144,1243,1243,takeover,cartesian_freedrive,-0.9591878810741505,0.07836753516960979,0.7185739909589234,0.15966839503652142,-0.09901827269170212,-1.9925880406955983,-0.09584300853157478,2.2753273124181863,1.4986526936630489
41.46666666666667,0.033333333333338544,1244,1244,takeover,cartesian_freedrive,-0.9591878810741505,0.07836753644003319,0.7185740980438562,0.15966819608665786,-0.09901844007044555,-1.9925878359211318,-0.09584252277225609,2.275327676367706,1.4986527291263305
41.5,0.03333333333333144,1245,1245,takeover,cartesian_freedrive,-0.9591878810741505,0.07836753644174499,0.7185740987306396,0.15966819513803676,-0.09901844087604889,-1.9925878349380344,-0.09584252042052989,2.2753276780740133,1.4986527292831777
41.53333333333333,0.03333333333333144,1246,1246,takeover,cartesian_freedrive,-0.9591878810741505,0.07836753644174807,0.718574098734087,0.15966819513351072,-0.09901844087992631,-1.9925878349333046,-0.09584252040926941,2.2753276780819602,1.498652729283996
41.56666666666667,0.033333333333338544,1247,1247,takeover,cartesian_freedrive,-0.9591878810741505,0.07836753644174807,0.7185740987341032,0.15966819513348915,-0.09901844087994496,-1.9925878349332833,-0.09584252040921558,2.2753276780819953,1.4986527292839988
41.6,0.03333333333333144,1248,1248,takeover,cartesian_freedrive,-0.9591878810741505,0.07836753644174807,0.7185740987341032,0.15966819513348915,-0.09901844087994496,-1.9925878349332833,-0.0958425204092154,2.2753276780819953,1.4986527292839988
41.63333333333333,0.03333333333333144,1249,1249,takeover,cartesian_freedrive,-0.9609330473408875,0.07843175965626079,0.7164627627923932,0.16004943664996463,-0.09199922347937234,-1.9918038282521455,-0.10048379263918328,2.269946212020197,1.4954314565860927
41.666666666666664,0.03333333333333144,1250,1250,takeover,cartesian_freedrive,-0.9609330473408875,0.07843733216836449,0.7161712513859113,0.16010907274220387,-0.09090967146867993,-1.991682055698903,-0.1012063287610265,2.2691067525613535,1.494931017259916
41.7,0.033333333333338544,1251,1251,takeover,cartesian_freedrive,-0.9609330473408875,0.07843734306555877,0.7161690670019992,0.16010954502437216,-0.09090514695360938,-1.9916813618005436,-0.10121039375889067,2.26910137827492,1.4949291735943853
41.733333333333334,0.03333333333333144,1252,1252,takeover,cartesian_freedrive,-0.9609330473408875,0.07843734307841177,0.7161690486657176,0.16010954725844825,-0.0909051251768632,-1.9916813583469997,-0.10121041474989534,2.269101351918107,1.4949291662010715
41.766666666666666,0.03333333333333144,1253,1253,takeover,cartesian_freedrive,-0.9609330473408875,0.07843734307842556,0.7161690485712325,0.1601095472691186,-0.09090512507205048,-1.9916813583302868,-0.10121041485195104,2.269101351791221,1.4949291661665476
41.8,0.03333333333333144,1254,1254,takeover,cartesian_freedrive,-0.9609330473408875,0.07843734307842556,0.7161690485707727,0.16010954726916962,-0.09090512507154604,-1.991681358330207,-0.10121041485244255,2.2691013517906113,1.4949291661663824
41.833333333333336,0.033333333333338544,1255,1255,takeover,cartesian_freedrive,-0.9609330473408875,0.07843734307842556,0.7161690485707711,0.1601095472691697,-0.09090512507154366,-1.991681358330207,-0.10121041485244484,2.2691013517906113,1.4949291661663824
41.86666666666667,0.03333333333333144,1256,1256,takeover,cartesian_freedrive,-0.9609330473408875,0.07843734307842556,0.7161690485707711,0.1601095472691697,-0.09090512507154366,-1.991681358330207,-0.10121041485244484,2.2691013517906113,1.4949291661663824
41.9,0.03333333333333144,1257,1257,takeover,cartesian_freedrive,-0.9711091208425415,0.07884326786277734,0.7185521883637056,0.16643212523391718,-0.09279172378515303,-2.000364401602795,-0.11197409784632412,2.270859757901333,1.499471526962326
41.93333333333333,0.03333333333333144,1258,1258,takeover,cartesian_freedrive,-0.9711091208425415,0.07884438420478634,0.7185737610623616,0.16651161001549195,-0.09281047377463517,-2.0004508282268234,-0.11207611320421476,2.270875062896251,1.4995148851276283
41.96666666666667,0.033333333333338544,1259,1259,takeover,cartesian_freedrive,-0.9711091208425415,0.07884438544659253,0.7185738507386547,0.16651198980497314,-0.0928105640193919,-2.0004512439627087,-0.11207660103007829,2.270875154662776,1.4995150903861567
42.0,0.03333333333333144,1260,1260,takeover,cartesian_freedrive,-0.9711091208425415,0.07884438544769828,0.7185738511568446,0.1665119916198163,-0.092810564453745,-2.000451245963408,-0.11207660335235772,2.2708751551955935,1.4995150913468294
42.03333333333333,0.03333333333333144,1261,1261,takeover,cartesian_freedrive,-0.9711091208425415,0.07884438544769788,0.7185738511588399,0.16651199162848873,-0.09281056445583555,-2.000451245973037,-0.11207660336340346,2.270875155198597,1.499515091351314
42.06666666666667,0.033333333333338544,1262,1262,takeover,cartesian_freedrive,-0.9711091208425415,0.07884438544769787,0.7185738511588489,0.16651199162853023,-0.0928105644558456,-2.0004512459730805,-0.112076603363456,2.2708751551986106,1.4995150913513335
42.1,0.03333333333333144,1263,1263,takeover,cartesian_freedrive,-0.9711091208425415,0.07884438544769787,0.7185738511588489,0.16651199162853023,-0.0928105644558456,-2.0004512459730805,-0.11207660336345616,2.2708751551986106,1.4995150913513335
42.13333333333333,0.03333333333333144,1264,1264,takeover,cartesian_freedrive,-0.9615657513239952,0.07849307617907425,0.7160478898235468,0.17432799420814524,-0.09607613286720909,-2.001240399121758,-0.10988234270006256,2.270004444000141,1.494364846515769
42.166666666666664,0.03333333333333144,1265,1265,takeover,cartesian_freedrive,-0.9615657513239952,0.07846267968742549,0.7155729908728956,0.17584146107732307,-0.09657953290841509,-2.001363173637186,-0.1095417796921334,2.269866783910325,1.4935645719901698
42.2,0.033333333333338544,1266,1266,takeover,cartesian_freedrive,-0.9615657513239952,0.07846265041641891,0.7155713494230029,0.17584896792953184,-0.09658101059926992,-2.0013636447287526,-0.10954052242907926,2.269864680781131,1.493561069108567
42.233333333333334,0.03333333333333144,1267,1267,takeover,cartesian_freedrive,-0.9615657513239952,0.07846265037764248,0.7155713527227203,0.1758490039600733,-0.09658101771147934,-2.0013636471931666,-0.10954051380855907,2.269864672611715,1.493561049583065
42.266666666666666,0.03333333333333144,1268,1268,takeover,cartesian_freedrive,-0.9615657513239952,0.07846265037757877,0.7155713527491611,0.17584900413288487,-0.0965810177457108,-2.0013636472052116,-0.10954051376354189,2.269864672577845,1.493561049485404
42.3,0.03333333333333144,1269,1269,takeover,cartesian_freedrive,-0.9615657513239952,0.0784626503775786,0.7155713527492983,0.17584900413371363,-0.09658101774587556,-2.001363647205268,-0.10954051376331662,2.2698646725777065,1.493561049484925
42.333333333333336,0.033333333333338544,1270,1270,takeover,cartesian_freedrive,-0.9615657513239952,0.0784626503775786,0.7155713527492983,0.17584900413371746,-0.09658101774587627,-2.001363647205268,-0.1095405137633156,2.2698646725777065,1.4935610494849236
42.36666666666667,0.03333333333333144,1271,1271,takeover,cartesian_freedrive,-0.9615657513239952,0.0784626503775786,0.7155713527492983,0.17584900413371746,-0.09658101774587627,-2.001363647205268,-0.1095405137633156,2.2698646725777065,1.4935610494849236
42.4,0.03333333333333144,1272,1272,takeover,cartesian_freedrive,-0.9647050717277921,0.07858785666944484,0.6992275228404715,0.1647565309364787,-0.09195237209813283,-1.9858845713966333,-0.099512919150281,2.26978099884994,1.4980869191096984
42.43333333333333,0.03333333333333144,1273,1273,takeover,cartesian_freedrive,-0.9647050717277921,0.078588223275189,0.6990508988012789,0.16457983525754794,-0.09190593237963972,-1.9857181474976189,-0.09941960455197722,2.2697766342742423,1.4981307900318255
42.46666666666667,0.033333333333338544,1274,1274,takeover,cartesian_freedrive,-0.9647050717277921,0.07858822443949674,0.6990503482069453,0.16457902296528504,-0.09190557963094388,-1.9857173331153508,-0.09941918266744743,2.269776383793898,1.4981310235952119
42.5,0.03333333333333144,1275,1275,takeover,cartesian_freedrive,-0.9647050717277921,0.07858822444158445,0.6990503464604977,0.16457901908683178,-0.09190557793314448,-1.985717329209331,-0.09941918052423308,2.2697763824595683,1.4981310246048072
42.53333333333333,0.03333333333333144,1276,1276,takeover,cartesian_freedrive,-0.9647050717277921,0.07858822444159046,0.6990503464528517,0.16457901906830127,-0.09190557792497288,-1.985717329190543,-0.09941918051405983,2.2697763824522634,1.4981310246098214
42.56666666666667,0.033333333333338544,1277,1277,takeover,cartesian_freedrive,-0.9647050717277921,0.07858822444159048,0.6990503464528162,0.16457901906821273,-0.09190557792493356,-1.9857173291904535,-0.09941918051401209,2.269776382452226,1.4981310246098452
42.6,0.03333333333333144,1278,1278,takeover,cartesian_freedrive,-0.9647050717277921,0.07858822444159048,0.6990503464528162,0.16457901906821248,-0.09190557792493345,-1.9857173291904535,-0.09941918051401195,2.269776382452226,1.4981310246098452
42.63333333333333,0.03333333333333144,1279,1279,takeover,cartesian_freedrive,-0.9407683571465173,0.07770860744800479,0.7052348454211531,0.19078489890797895,-0.10383452202327022,-1.964799666277484,-0.1246684826687207,2.244337110442642,1.5006162696358383
42.666666666666664,0.03333333333333144,1280,1280,takeover,cartesian_freedrive,-0.9407683571465173,0.07763084322188718,0.7061774252952183,0.19681805417429096,-0.10574119480755871,-1.9614522900803546,-0.12859712859021716,2.2403770942907086,1.5010038847346778
42.7,0.033333333333338544,1281,1281,takeover,cartesian_freedrive,-0.9407683571465173,0.0776307568755639,0.7061826303420292,0.19684728430388265,-0.10574963096886839,-1.9614361070185258,-0.12861627346977966,2.240356842617609,1.5010059624161975
42.733333333333334,0.03333333333333144,1282,1282,takeover,cartesian_freedrive,-0.9407683571465173,0.07763075676501388,0.7061826647338731,0.19684742470959096,-0.10574967157258851,-1.961436029345294,-0.12861636273203544,2.240356748348055,1.5010059695591202
42.766666666666666,0.03333333333333144,1283,1283,takeover,cartesian_freedrive,-0.9407683571465173,0.07763075676484457,0.706182664908915,0.1968474253839669,-0.1057496717680165,-1.9614360289716621,-0.12861636315649624,2.240356747905295,1.5010059695883184
42.8,0.03333333333333144,1284,1284,takeover,cartesian_freedrive,-0.9407683571465173,0.07763075676484418,0.7061826649097667,0.19684742538720593,-0.10574967176895712,-1.9614360289698642,-0.1286163631585234,2.240356747903212,1.5010059695884423
42.833333333333336,0.033333333333338544,1285,1285,takeover,cartesian_freedrive,-0.9407683571465173,0.07763075676484418,0.7061826649097702,0.19684742538722141,-0.10574967176896158,-1.9614360289698567,-0.128616363158533,2.2403567479032045,1.5010059695884423
42.86666666666667,0.03333333333333144,1286,1286,takeover,cartesian_freedrive,-0.9407683571465173,0.07763075676484418,0.7061826649097702,0.19684742538722141,-0.10574967176896158,-1.9614360289698567,-0.128616363158533,2.2403567479032045,1.5010059695884423
42.9,0.03333333333333144,1287,1287,takeover,cartesian_freedrive,-0.983359438207799,0.0793275124871997,0.6816316844126045,0.13155925158016565,-0.05234622998695712,-2.038338081238703,-0.10830321145103497,2.255234378314054,1.5452552908616186
42.93333333333333,0.03333333333333144,1288,1288,takeover,cartesian_freedrive,-0.983359438207799,0.0793343967329037,0.6814716447448047,0.13064310009477104,-0.05181566524067415,-2.0392205832014323,-0.10811305552867,2.255370496484707,1.5456734828161411
42.96666666666667,0.033333333333338544,1289,1289,takeover,cartesian_freedrive,-0.983359438207799,0.07933440696082142,0.6814700752850131,0.13063877869288654,-0.05181338734240209,-2.0392247950193823,-0.10811247185377124,2.2553704751110293,1.5456758336747498
43.0,0.03333333333333144,1290,1290,takeover,cartesian_freedrive,-0.983359438207799,0.07933440697284733,0.681470065168401,0.13063875788628057,-0.05181337637874925,-2.0392248152656425,-0.10811246942013895,2.2553704748941517,1.5456758454040105
43.03333333333333,0.03333333333333144,1291,1291,takeover,cartesian_freedrive,-0.983359438207799,0.07933440697286082,0.6814700651186688,0.13063875778611175,-0.05181337632598057,-2.039224815363079,-0.10811246940852809,2.255370474893222,1.5456758454605797
43.06666666666667,0.033333333333338544,1292,1292,takeover,cartesian_freedrive,-0.983359438207799,0.07933440697286083,0.6814700651184289,0.13063875778562956,-0.051813376325726586,-2.039224815363548,-0.10811246940847201,2.255370474893221,1.545675845460852
43.1,0.03333333333333144,1293,1293,takeover,cartesian_freedrive,-0.983359438207799,0.07933440697286083,0.6814700651184283,0.13063875778562734,-0.0518133763257254,-2.039224815363548,-0.10811246940847181,2.255370474893221,1.545675845460852
43.13333333333333,0.03333333333333144,1294,1294,takeover,cartesian_freedrive,-0.940155859159667,0.07781254357139888,0.6966422935675434,0.16074486431148122,-0.0309018079060179,-1.9907582749047619,-0.11342406913644645,2.239818748005403,1.5162747667885117
43.166666666666664,0.03333333333333144,1295,1295,takeover,cartesian_freedrive,-0.940155859159667,0.07760647967470308,0.704638255292145,0.1664485200856919,-0.027191970455144224,-1.9816884653908882,-0.1142503838120378,2.237399347119458,1.5117013255998895
43.2,0.033333333333338544,1296,1296,takeover,cartesian_freedrive,-0.940155859159667,0.07760625729050218,0.7046755866778912,0.16647652161894383,-0.027176663725567034,-1.9816448382346896,-0.11425576829030758,2.2373837937406145,1.5116807459543455
43.233333333333334,0.03333333333333144,1297,1297,takeover,cartesian_freedrive,-0.940155859159667,0.07760625711847559,0.7046755986683501,0.16647666358979774,-0.027176612844304126,-1.9816446226840925,-0.11425584314918062,2.2373836618460774,1.5116806950939583
43.266666666666666,0.03333333333333144,1298,1298,takeover,cartesian_freedrive,-0.940155859159667,0.07760625711831383,0.7046755985053144,0.16647666427499325,-0.027176612599409736,-1.9816446216437533,-0.1142558435560663,2.237383661186944,1.5116806948967663
43.3,0.03333333333333144,1299,1299,takeover,cartesian_freedrive,-0.940155859159667,0.07760625711831379,0.7046755985043435,0.16647666427829683,-0.027176612598231047,-1.9816446216387438,-0.1142558435580728,2.237383661183723,1.511680694895866
43.333333333333336,0.033333333333338544,1300,1300,takeover,cartesian_freedrive,-0.940155859159667,0.07760625711831379,0.7046755985043391,0.16647666427831267,-0.02717661259822537,-1.9816446216387207,-0.11425584355808252,2.23738366118371,1.5116806948958632
43.36666666666667,0.03333333333333144,1301,1301,takeover,cartesian_freedrive,-0.940155859159667,0.07760625711831379,0.7046755985043391,0.16647666427831267,-0.027176612598225368,-1.9816446216387207,-0.11425584355808252,2.23738366118371,1.5116806948958632
43.4,0.03333333333333144,1302,1302,takeover,cartesian_freedrive,-0.9096937998813888,0.07639147473040823,0.7092188032798116,0.1940098653269855,-0.0038117317447018046,-2.0164630562725385,-0.10028725223178196,2.2728595375463265,1.510275618484226
43.43333333333333,0.03333333333333144,1303,1303,takeover,cartesian_freedrive,-0.9096937998813888,0.07638777907880623,0.7093588813538771,0.1946677510416013,-0.003571073335971844,-2.016861746827003,-0.10015704583863384,2.2731900489367276,1.5102638747569441
43.46666666666667,0.033333333333338544,1304,1304,takeover,cartesian_freedrive,-0.9096937998813888,0.07638777939117872,0.7093586518153954,0.19467106532914005,-0.003570081441045721,-2.0168636387871683,-0.10015695101567477,2.2731905744428476,1.5102643716589021
43.5,0.03333333333333144,1305,1305,takeover,cartesian_freedrive,-0.9096937998813888,0.07638777916137822,0.7093586493845906,0.1946710759718975,-0.0035700766669995066,-2.016863647871146,-0.1001569383287788,2.2731906148032452,1.5102643610928732
43.53333333333333,0.03333333333333144,1306,1306,takeover,cartesian_freedrive,-0.9096937998813888,0.07638777897104879,0.7093586479706875,0.19467107252342444,-0.0035700766440217527,-2.0168636478936612,-0.10015693030926452,2.2731906399247515,1.5102643526098127
43.56666666666667,0.033333333333338544,1307,1307,takeover,cartesian_freedrive,-0.9096937998813888,0.07638777967781976,0.7093586464387397,0.19467108605764266,-0.0035700766439111594,-2.016863647888703,-0.10015696245465741,2.2731905433871407,1.5102643866618557
43.6,0.03333333333333144,1308,1308,takeover,cartesian_freedrive,-0.9096937998813888,0.07638777952322698,0.7093586481872812,0.19467108298431512,-0.0035700766439106272,-2.016863647907436,-0.10015695487922903,2.2731905653376203,1.5102643786384673
43.63333333333333,0.03333333333333144,1309,1309,takeover,cartesian_freedrive,-0.8955427479596239,0.07586684117819725,0.7159371177256876,0.24622509479471633,-0.04274101346421781,-1.9324089085652103,-0.09499677063920749,2.259890021471236,1.503303979220093
43.666666666666664,0.03333333333333144,1310,1310,takeover,cartesian_freedrive,-0.8955427479596239,0.0758217606077485,0.7136822661830139,0.2578055921148301,-0.05024244982020003,-1.913410378597032,-0.09419422495282248,2.257820690292655,1.5022213314922233
43.7,0.033333333333338544,1311,1311,takeover,cartesian_freedrive,-0.8955427479596239,0.07582173524135818,0.7136701764446379,0.2578620103237913,-0.05027625415649017,-1.9133188688151341,-0.09419213371373227,2.2578060859943037,1.5022179190559315
43.733333333333334,0.03333333333333144,1312,1312,takeover,cartesian_freedrive,-0.8955427479596239,0.07582173551865451,0.713670176837416,0.257862302899251,-0.05027635250990701,-1.9133184142804258,-0.09419215345123028,2.2578058854120413,1.5022179284743642
43.766666666666666,0.03333333333333144,1313,1313,takeover,cartesian_freedrive,-0.8955427479596239,0.07582173551903676,0.7136701771298453,0.25786230430862617,-0.050276352983287545,-1.9133184120993725,-0.09419215346186019,2.2578058844590827,1.5022179284398864
43.8,0.03333333333333144,1314,1314,takeover,cartesian_freedrive,-0.8955427479596239,0.07582173551903752,0.7136701771316839,0.25786230431542084,-0.05027635298556596,-1.9133184120888846,-0.09419215346180601,2.2578058844544504,1.5022179284396222
43.833333333333336,0.033333333333338544,1315,1315,takeover,cartesian_freedrive,-0.8955427479596239,0.07582173551903754,0.7136701771316929,0.2578623043154535,-0.05027635298557693,-1.9133184120888351,-0.09419215346180575,2.25780588445443,1.5022179284396222
43.86666666666667,0.03333333333333144,1316,1316,takeover,cartesian_freedrive,-0.8955427479596239,0.07582173551903754,0.7136701771316929,0.2578623043154535,-0.050276352985576936,-1.9133184120888351,-0.09419215346180575,2.25780588445443,1.5022179284396222
43.9,0.03333333333333144,1317,1317,takeover,cartesian_freedrive,-0.8689834261944827,0.07476238120631405,0.7032079252045302,0.11364014367589001,-0.08278062550052398,-1.993795467057699,-0.07181519212528431,2.2435744780323548,1.5041604702972928
43.93333333333333,0.03333333333333144,1318,1318,takeover,cartesian_freedrive,-0.8689834261944827,0.07475935996207467,0.7028267678204294,0.11826101314386715,-0.08311152863761324,-1.9947466445165525,-0.07160536433486693,2.2434373398558316,1.504179838080205
43.96666666666667,0.033333333333338544,1319,1319,takeover,cartesian_freedrive,-0.8689834261944827,0.07475935940113934,0.7028258197257236,0.11828706310650733,-0.08311256487576829,-1.9947511679420145,-0.07160451239446475,2.2434358675371238,1.5041800622755328
44.0,0.03333333333333144,1320,1320,takeover,cartesian_freedrive,-0.8689834261944827,0.07475935938581361,0.7028258215765116,0.11828718798819897,-0.08311256986324096,-1.9947511897595056,-0.07160450625526742,2.2434358644060475,1.5041800612069602
44.03333333333333,0.03333333333333144,1321,1321,takeover,cartesian_freedrive,-0.8689834261944827,0.07475935938572603,0.702825821588859,0.11828718858674131,-0.08311256988724594,-1.9947511898645378,-0.07160450621980541,2.2434358644089163,1.5041800611956837
44.06666666666667,0.033333333333338544,1322,1322,takeover,cartesian_freedrive,-0.8689834261944827,0.07475935938572559,0.7028258215889193,0.11828718858961002,-0.08311256988736149,-1.9947511898650432,-0.07160450621960862,2.2434358644090135,1.504180061195603
44.1,0.03333333333333144,1323,1323,takeover,cartesian_freedrive,-0.8689834261944827,0.07475935938572559,0.7028258215889193,0.11828718858962374,-0.08311256988736196,-1.9947511898650445,-0.07160450621960764,2.2434358644090135,1.504180061195603
44.13333333333333,0.03333333333333144,1324,1324,takeover,cartesian_freedrive,-0.9366751229842976,0.07675518503475182,0.6895166137242754,0.18709310804031265,-0.038396508665156856,-1.9366531209003557,-0.10808148165449376,2.2810483172404923,1.545571753342439
44.166666666666664,0.03333333333333144,1325,1325,takeover,cartesian_freedrive,-0.9366751229842976,0.07746616799662648,0.6896885598897516,0.24436126852848342,-0.029769906557794625,-1.9250941485006967,-0.11375561048262497,2.2868992701573663,1.5520104314029337
44.2,0.033333333333338544,1326,1326,takeover,cartesian_freedrive,-0.9366751229842976,0.07746702978831776,0.6896879016254343,0.24377050399813555,-0.029730745555769416,-1.9250385407985064,-0.11378473956205457,2.28692287189581,1.5520433142932872
44.233333333333334,0.03333333333333144,1327,1327,takeover,cartesian_freedrive,-0.9366751229842976,0.07746703120199351,0.6896877606288905,0.24376767731957166,-0.02973057079362083,-1.9250382683531666,-0.11378495328667522,2.2869228650997098,1.5520435456778845
44.266666666666666,0.03333333333333144,1328,1328,takeover,cartesian_freedrive,-0.9366751229842976,0.07746703120552854,0.6896877597229749,0.24376766378611528,-0.02973056995248076,-1.9250382670373454,-0.11378495453084404,2.2869228645679014,1.5520435470135303
44.3,0.03333333333333144,1329,1329,takeover,cartesian_freedrive,-0.9366751229842976,0.07746703120554155,0.6896877597183375,0.2437676637213118,-0.0297305699484323,-1.9250382670310078,-0.1137849545376304,2.2869228645630537,1.5520435470207956
44.333333333333336,0.033333333333338544,1330,1330,takeover,cartesian_freedrive,-0.9366751229842976,0.07746703120554162,0.6896877597183155,0.24376766372100148,-0.029730569948412815,-1.9250382670309785,-0.11378495453766653,2.2869228645630226,1.5520435470208331
44.36666666666667,0.03333333333333144,1331,1331,takeover,cartesian_freedrive,-0.9366751229842976,0.07746703120554162,0.6896877597183155,0.24376766372100014,-0.029730569948412743,-1.9250382670309785,-0.11378495453766665,2.2869228645630226,1.5520435470208331
44.4,0.03333333333333144,1332,1332,takeover,cartesian_freedrive,-0.8829650815340526,0.07533064315566458,0.6832207108650417,0.15749370190363388,-0.07583848997014234,-1.9656787490295922,-0.09006395921309482,2.274857212316154,1.5231358759158697
44.43333333333333,0.03333333333333144,1333,1333,takeover,cartesian_freedrive,-0.8829650815340526,0.0753186317585609,0.6827713208947698,0.1559222087694146,-0.07634315470938394,-1.9661087176700183,-0.08984122334781945,2.2747414075824044,1.522864355177534
44.46666666666667,0.033333333333338544,1334,1334,takeover,cartesian_freedrive,-0.8829650815340526,0.07531862702952846,0.6827697167964273,0.1559149436468202,-0.07634456056193215,-1.966110670957929,-0.08984072106903093,2.27473887583943,1.5228636030253804
44.5,0.03333333333333144,1335,1335,takeover,cartesian_freedrive,-0.8829650815340526,0.07531862702601862,0.6827697213761754,0.15591490880670356,-0.07634456732837971,-1.9661106805096284,-0.08984071662782114,2.2747388637512547,1.5228635973355593
44.53333333333333,0.03333333333333144,1336,1336,takeover,cartesian_freedrive,-0.8829650815340526,0.07531862702602615,0.6827697214073166,0.155914908639487,-0.07634456736094701,-1.966110680555713,-0.08984071660575704,2.274738863690526,1.522863597307502
44.56666666666667,0.033333333333338544,1337,1337,takeover,cartesian_freedrive,-0.8829650815340526,0.07531862702602621,0.6827697214074736,0.15591490863868437,-0.07634456736110375,-1.9661106805559347,-0.08984071660565415,2.274738863690221,1.5228635973073712
44.6,0.03333333333333144,1338,1338,takeover,cartesian_freedrive,-0.8829650815340526,0.07531862702602621,0.6827697214074737,0.15591490863868063,-0.07634456736110443,-1.9661106805559347,-0.08984071660565378,2.274738863690221,1.5228635973073712
44.63333333333333,0.03333333333333144,1339,1339,takeover,cartesian_freedrive,-0.9112463833342375,0.07635284819280534,0.7117615237351311,0.20232905338034357,-0.10870766650744562,-1.9537845769863718,-0.09024855028143837,2.2741485301898954,1.5129152926843878
44.666666666666664,0.03333333333333144,1340,1340,takeover,cartesian_freedrive,-0.9112463833342375,0.07644973812789935,0.7162713634801513,0.2657864695890098,-0.11374139121505354,-1.95182577092375,-0.09031202741832434,2.274056702374123,1.5113677760510325
44.7,0.033333333333338544,1341,1341,takeover,cartesian_freedrive,-0.9112463833342375,0.07644987750666382,0.7162931103113775,0.2645617677830604,-0.11376400353016583,-1.9518163780004174,-0.09031346136286815,2.2740523560308343,1.511361566999766
44.733333333333334,0.03333333333333144,1342,1342,takeover,cartesian_freedrive,-0.9112463833342375,0.07644987811594217,0.7162932696497236,0.2645558873922014,-0.11376410017008498,-1.9518163339084262,-0.09031348027715515,2.2740522459440333,1.5113615513323273
44.766666666666666,0.03333333333333144,1343,1343,takeover,cartesian_freedrive,-0.9112463833342375,0.07644987811975273,0.7162932705170043,0.26455585920702995,-0.11376410063521833,-1.9518163337001828,-0.09031348057990593,2.2740522446201177,1.5113615514852166
44.8,0.03333333333333144,1344,1344,takeover,cartesian_freedrive,-0.9112463833342375,0.07644987811977198,0.7162932705213758,0.2645558590719327,-0.11376410063745708,-1.9518163336991912,-0.09031348058246101,2.2740522446099205,1.511361551487127
44.833333333333336,0.033333333333338544,1345,1345,takeover,cartesian_freedrive,-0.9112463833342375,0.07644987811977208,0.7162932705213968,0.26455585907128515,-0.11376410063746781,-1.9518163336991876,-0.09031348058247868,2.2740522446098557,1.5113615514871408
44.86666666666667,0.03333333333333144,1346,1346,takeover,cartesian_freedrive,-0.9112463833342375,0.07644987811977208,0.7162932705213968,0.2645558590712823,-0.11376410063746781,-1.9518163336991876,-0.0903134805824787,2.2740522446098557,1.5113615514871408
44.9,0.03333333333333144,1347,1347,takeover,cartesian_freedrive,-0.950035995282505,0.07799577507087244,0.6943522487554639,0.18111797370187327,-0.08394022403525653,-2.0015770488155606,-0.10619798673511004,2.265090204268562,1.4977750741826752
44.93333333333333,0.03333333333333144,1348,1348,takeover,cartesian_freedrive,-0.950035995282505,0.07800145867923344,0.6941452718919149,0.17950814085700334,-0.08365933837407975,-2.002124666480158,-0.10634905600112861,2.265001317139399,1.497648565362669
44.96666666666667,0.033333333333338544,1349,1349,takeover,cartesian_freedrive,-0.950035995282505,0.07800146034582606,0.6941441921373852,0.17950026831833885,-0.08365800931067927,-2.002127297484488,-0.10634953152285329,2.2650017611524706,1.4976476893552062
45.0,0.03333333333333144,1350,1350,takeover,cartesian_freedrive,-0.950035995282505,0.0780014603500919,0.6941441867144545,0.17950023051008235,-0.08365800291382217,-2.0021273101440826,-0.10634953403924721,2.26500176268239,1.4976476853779943
45.03333333333333,0.03333333333333144,1351,1351,takeover,cartesian_freedrive,-0.950035995282505,0.07800146035010785,0.6941441866880989,0.1795002303285059,-0.08365800288303374,-2.002127310205011,-0.10634953405227555,2.265001762686923,1.497647685359817
45.06666666666667,0.033333333333338544,1352,1352,takeover,cartesian_freedrive,-0.950035995282505,0.07800146035010794,0.6941441866879718,0.17950023032763385,-0.08365800288288555,-2.0021273102053025,-0.10634953405234239,2.26500176268693,1.4976476853597347
45.1,0.03333333333333144,1353,1353,takeover,cartesian_freedrive,-0.950035995282505,0.07800146035010794,0.6941441866879718,0.17950023032762977,-0.08365800288288491,-2.0021273102053025,-0.10634953405234267,2.26500176268693,1.4976476853597347
45.13333333333333,0.03333333333333144,1354,1354,takeover,cartesian_freedrive,-0.9436792723064829,0.0777674796088581,0.7085020522371284,0.18308060357472375,-0.07358950378505638,-1.9983403756885971,-0.0971833538001752,2.2677797105108417,1.4923829153216024
45.166666666666664,0.03333333333333144,1355,1355,takeover,cartesian_freedrive,-0.9436792723064829,0.07774719696920988,0.7132123478043642,0.18363859224258977,-0.07196161371252108,-1.997751683509205,-0.09575724532095253,2.2682126352068788,1.491563687068226
45.2,0.033333333333338544,1356,1356,takeover,cartesian_freedrive,-0.9436792723064829,0.07774719159178994,0.7132346284464709,0.183641788588367,-0.07195608400921731,-1.9977488827800296,-0.09575159618125369,2.2682110681719903,1.4915610266957031
45.233333333333334,0.03333333333333144,1357,1357,takeover,cartesian_freedrive,-0.9436792723064829,0.07774719162415714,0.7132346481965258,0.18364180747227926,-0.07195607076080238,-1.997748865182091,-0.09575159621140573,2.2682110298852476,1.4915610407428719
45.266666666666666,0.03333333333333144,1358,1358,takeover,cartesian_freedrive,-0.9436792723064829,0.07774719162419755,0.713234648171075,0.1836418075629614,-0.071956070697037,-1.9977488650954855,-0.09575159623658275,2.268211029692316,1.491561040836346
45.3,0.03333333333333144,1359,1359,takeover,cartesian_freedrive,-0.9436792723064829,0.07774719162419758,0.7132346481708319,0.1836418075633972,-0.0719560706967301,-1.9977488650950672,-0.09575159623672802,2.268211029691382,1.4915610408368207
45.333333333333336,0.033333333333338544,1360,1360,takeover,cartesian_freedrive,-0.9436792723064829,0.07774719162419758,0.7132346481708312,0.18364180756339915,-0.07195607069672869,-1.9977488650950666,-0.09575159623672867,2.2682110296913804,1.4915610408368218
45.36666666666667,0.03333333333333144,1361,1361,takeover,cartesian_freedrive,-0.9436792723064829,0.07774719162419758,0.7132346481708312,0.18364180756339915,-0.07195607069672869,-1.9977488650950666,-0.09575159623672867,2.2682110296913804,1.4915610408368218
45.4,0.03333333333333144,1362,1362,takeover,cartesian_freedrive,-0.9570294157571198,0.07827971092663816,0.6983355781728873,0.17008060431136185,-0.07886893694003014,-2.0105533682223844,-0.07642167919947396,2.259342868378316,1.4961750472876865
45.43333333333333,0.03333333333333144,1363,1363,takeover,cartesian_freedrive,-0.9570294157571198,0.07828119385109888,0.6981182835718961,0.16994145708112507,-0.07893023237278217,-2.0106764334322333,-0.0762406401292454,2.2592561612612534,1.4962196694833285
45.46666666666667,0.033333333333338544,1364,1364,takeover,cartesian_freedrive,-0.9570294157571198,0.07828119714260882,0.6981176917106021,0.16994085694827887,-0.07893024311177377,-2.0106769927671504,-0.07623984263738375,2.259255304609974,1.4962199445468352
45.5,0.03333333333333144,1365,1365,takeover,cartesian_freedrive,-0.9570294157571198,0.07828119714637284,0.698117691231398,0.16994085406455384,-0.07893024316346113,-2.010676995490315,-0.07623983833646447,2.259255300640548,1.4962199453845357
45.53333333333333,0.03333333333333144,1366,1366,takeover,cartesian_freedrive,-0.9570294157571198,0.07828119714637696,0.6981176912312846,0.1699408540506714,-0.07893024316370992,-2.0106769955034505,-0.07623983831531968,2.259255300621636,1.4962199453881007
45.56666666666667,0.033333333333338544,1367,1367,takeover,cartesian_freedrive,-0.9570294157571198,0.07828119714637698,0.6981176912312856,0.16994085405060458,-0.07893024316371103,-2.0106769955035113,-0.0762398383152174,2.259255300621548,1.496219945388116
45.6,0.03333333333333144,1368,1368,takeover,cartesian_freedrive,-0.9570294157571198,0.07828119714637698,0.6981176912312856,0.16994085405060438,-0.07893024316371103,-2.0106769955035113,-0.07623983831521698,2.259255300621548,1.496219945388116
45.63333333333333,0.03333333333333144,1369,1369,takeover,cartesian_freedrive,-0.9467613721899042,0.07790324176012657,0.7076451163178213,0.16441223021021434,-0.06702353228668549,-2.003890395806384,-0.09129374052491512,2.2578162902884764,1.5000372977791234
45.666666666666664,0.03333333333333144,1370,1370,takeover,cartesian_freedrive,-0.9467613721899042,0.07787049563938131,0.7108149288265755,0.16323222380520158,-0.0651418656229143,-2.002792590025403,-0.09363529834739184,2.2575929908744667,1.5006309005843494
45.7,0.033333333333338544,1371,1371,takeover,cartesian_freedrive,-0.9467613721899042,0.07787047594768291,0.7108297551270656,0.16322705472089644,-0.06513507179066702,-2.0027873231276354,-0.09364778079317804,2.2575882675175083,1.5006350208733024
45.733333333333334,0.03333333333333144,1372,1372,takeover,cartesian_freedrive,-0.9467613721899042,0.07787047595390892,0.7108297553089514,0.16322703242752767,-0.0651350487121114,-2.0027872943754983,-0.09364786101729256,2.25758822243855,1.5006350604845886
45.766666666666666,0.03333333333333144,1373,1373,takeover,cartesian_freedrive,-0.9467613721899042,0.07787047595393884,0.7108297552299513,0.1632270323208504,-0.06513504860103302,-2.0027872942360756,-0.09364786142003502,2.2575882222113006,1.5006350606926315
45.8,0.03333333333333144,1374,1374,takeover,cartesian_freedrive,-0.9467613721899042,0.07787047595393898,0.710829755229503,0.16322703232034022,-0.06513504860049836,-2.0027872942354032,-0.09364786142199365,2.2575882222101793,1.500635060693654
45.833333333333336,0.033333333333338544,1375,1375,takeover,cartesian_freedrive,-0.9467613721899042,0.07787047595393898,0.7108297552295014,0.16322703232033797,-0.06513504860049588,-2.0027872942354032,-0.09364786142200308,2.2575882222101757,1.5006350606936578
45.86666666666667,0.03333333333333144,1376,1376,takeover,cartesian_freedrive,-0.9467613721899042,0.07787047595393898,0.7108297552295014,0.16322703232033797,-0.06513504860049588,-2.0027872942354032,-0.09364786142200308,2.2575882222101757,1.5006350606936578
45.9,0.03333333333333144,1377,1377,takeover,cartesian_freedrive,-0.9436792127017737,0.07774750097613231,0.6964416616682583,0.19320171232491873,-0.09074450740350447,-1.9916698376869126,-0.11214892360489116,2.2632034480526646,1.5065626037574826
45.93333333333333,0.03333333333333144,1378,1378,takeover,cartesian_freedrive,-0.9436792127017737,0.07774718553883556,0.6960671483860132,0.19362409862976665,-0.09100638392152414,-1.9915644049058374,-0.1123241698713215,2.2632536894023683,1.5066194750659971
45.96666666666667,0.033333333333338544,1379,1379,takeover,cartesian_freedrive,-0.9436792127017737,0.0777471896309577,0.6960658682908348,0.19362629646415133,-0.09100696337857905,-1.9915638015920687,-0.11232527397573255,2.2632528792440434,1.5066199794403667
46.0,0.03333333333333144,1380,1380,takeover,cartesian_freedrive,-0.9436792127017737,0.0777471896345586,0.696065868871916,0.19362630702341846,-0.09100696616753855,-1.99156379882319,-0.11232527769392969,2.2632528762375608,1.506619980242747
46.03333333333333,0.03333333333333144,1381,1381,takeover,cartesian_freedrive,-0.9436792127017737,0.0777471896345586,0.6960658688819158,0.19362630707411413,-0.09100696618096196,-1.9915637988100066,-0.11232527770989331,2.2632528762247923,1.5066199802446336
46.06666666666667,0.033333333333338544,1382,1382,takeover,cartesian_freedrive,-0.9436792127017737,0.07774718963455858,0.6960658688819714,0.1936263070743575,-0.09100696618102656,-1.9915637988099444,-0.11232527770996699,2.263252876224738,1.5066199802446383
46.1,0.03333333333333144,1383,1383,takeover,cartesian_freedrive,-0.9436792127017737,0.07774718963455858,0.6960658688819714,0.1936263070743585,-0.0910069661810268,-1.9915637988099444,-0.11232527770996725,2.263252876224738,1.5066199802446383
46.13333333333333,0.03333333333333144,1384,1384,takeover,cartesian_freedrive,-0.948783283119248,0.07793508183372747,0.7109602527832213,0.17252933440354076,-0.07224943374674118,-2.0134760450201408,-0.11548605720679452,2.2687309093747503,1.503045252704453
46.166666666666664,0.03333333333333144,1385,1385,takeover,cartesian_freedrive,-0.948783283119248,0.07795131420140058,0.7184423720325935,0.16852161266196014,-0.06913829913092016,-2.0170991553051194,-0.11597739966074912,2.2695840095266075,1.5024888690544638
46.2,0.033333333333338544,1386,1386,takeover,cartesian_freedrive,-0.948783283119248,0.07795135956314911,0.7184778851778022,0.16850298974195213,-0.06912577474688342,-2.0171166333070523,-0.11598134655621282,2.2695832940906873,1.5024878717421046
46.233333333333334,0.03333333333333144,1387,1387,takeover,cartesian_freedrive,-0.948783283119248,0.07795135975265878,0.7184779017626519,0.16850290979007101,-0.06912574316021093,-2.0171167108921826,-0.11598141854075784,2.2695832099572986,1.5024879205524588
46.266666666666666,0.03333333333333144,1388,1388,takeover,cartesian_freedrive,-0.948783283119248,0.07795135975288098,0.7184779016619723,0.1685029094047929,-0.06912574300818249,-2.0171167112627972,-0.11598141892108556,2.269583209539838,1.5024879208230701
46.3,0.03333333333333144,1389,1389,takeover,cartesian_freedrive,-0.948783283119248,0.0779513597528812,0.7184779016613774,0.16850290940293663,-0.06912574300745077,-2.01711671126458,-0.11598141892293305,2.2695832095378328,1.5024879208243906
46.333333333333336,0.033333333333338544,1390,1390,takeover,cartesian_freedrive,-0.948783283119248,0.0779513597528812,0.718477901661375,0.16850290940292778,-0.06912574300744731,-2.0171167112645856,-0.1159814189229419,2.2695832095378257,1.5024879208243958
46.36666666666667,0.03333333333333144,1391,1391,takeover,cartesian_freedrive,-0.948783283119248,0.0779513597528812,0.718477901661375,0.16850290940292778,-0.06912574300744731,-2.0171167112645856,-0.1159814189229419,2.2695832095378257,1.5024879208243958
46.4,0.03333333333333144,1392,1392,takeover,cartesian_freedrive,-0.9678256762530495,0.07871095525331309,0.7185723089074622,0.1797309867057639,-0.06998627280021703,-1.9866433198675353,-0.09801211812328506,2.266820369496037,1.494997846922146
46.43333333333333,0.03333333333333144,1393,1393,takeover,cartesian_freedrive,-0.9678256762530495,0.07871304600111435,0.7185735032246373,0.17983679448289538,-0.0699934567095046,-1.9863214246936562,-0.09784324394924233,2.2667928560239656,1.4949277074090908
46.46666666666667,0.033333333333338544,1394,1394,takeover,cartesian_freedrive,-0.9678256762530495,0.0787130485324557,0.71857351343008,0.17983730511071988,-0.06999349128606513,-1.9863198754663896,-0.0978424331908338,2.2667927144001605,1.4949273719976088
46.5,0.03333333333333144,1395,1395,takeover,cartesian_freedrive,-0.9678256762530495,0.07871304853594946,0.7185735134821583,0.17983730758747596,-0.06999349145248407,-1.986319868009966,-0.09784242932948038,2.2667927135852577,1.494927370426307
46.53333333333333,0.03333333333333144,1396,1396,takeover,cartesian_freedrive,-0.9678256762530495,0.07871304853595601,0.7185735134824197,0.17983730759948777,-0.06999349145328505,-1.9863198679740786,-0.09784242931109126,2.2667927135806982,1.4949273704189503
46.56666666666667,0.033333333333338544,1397,1397,takeover,cartesian_freedrive,-0.9678256762530495,0.07871304853595604,0.7185735134824205,0.17983730759954603,-0.06999349145328884,-1.986319867973906,-0.09784242931100368,2.266792713580676,1.494927370418917
46.6,0.03333333333333144,1398,1398,takeover,cartesian_freedrive,-0.9678256762530495,0.07871304853595604,0.7185735134824205,0.17983730759954616,-0.06999349145328884,-1.986319867973906,-0.09784242931100334,2.266792713580676,1.494927370418917
46.63333333333333,0.03333333333333144,1399,1399,takeover,cartesian_freedrive,-0.9313416340429441,0.07740054753748685,0.7175424253777437,0.1862871869466685,-0.0812299898895469,-2.008899224568463,-0.11262301492643824,2.2629274639896177,1.501543965843821
46.666666666666664,0.03333333333333144,1400,1400,takeover,cartesian_freedrive,-0.9313416340429441,0.0772538380151402,0.7169998243136461,0.1884717185686955,-0.08306054377051005,-2.0136572918450995,-0.11492217437575433,2.262326203910235,1.5025731839050513
46.7,0.033333333333338544,1401,1401,takeover,cartesian_freedrive,-0.9313416340429441,0.07725369391930606,0.7169966775707499,0.18848292102809241,-0.08306714007738888,-2.013679994631559,-0.11493490703470677,2.262318443503221,1.502579810677729
46.733333333333334,0.03333333333333144,1402,1402,takeover,cartesian_freedrive,-0.9313416340429441,0.07725369374052635,0.7169966977174999,0.18848297559285188,-0.08306716882623276,-2.013680103408764,-0.1149349623254583,2.262318405789028,1.5025798358184077
46.766666666666666,0.03333333333333144,1403,1403,takeover,cartesian_freedrive,-0.9313416340429441,0.07725369374020477,0.7169966978479555,0.18848297585164278,-0.08306716896460256,-2.0136801039329355,-0.11493496257582478,2.2623184056382852,1.5025798359229556
46.8,0.03333333333333144,1404,1404,takeover,cartesian_freedrive,-0.9313416340429441,0.07725369374020388,0.7169966978486076,0.18848297585287002,-0.08306716896526854,-2.0136801039354593,-0.11493496257698431,2.2623184056376933,1.5025798359234113
46.833333333333336,0.033333333333338544,1405,1405,takeover,cartesian_freedrive,-0.9313416340429441,0.07725369374020387,0.7169966978486102,0.1884829758528757,-0.08306716896527169,-2.0136801039354686,-0.11493496257698965,2.2623184056376933,1.502579835923412
46.86666666666667,0.03333333333333144,1406,1406,takeover,cartesian_freedrive,-0.9313416340429441,0.07725369374020387,0.7169966978486102,0.1884829758528757,-0.08306716896527169,-2.0136801039354686,-0.11493496257698965,2.2623184056376933,1.502579835923412
46.9,0.03333333333333144,1407,1407,takeover,cartesian_freedrive,-0.9473879964927221,0.07789375678093426,0.6841415920464142,0.17258189044832672,-0.08654457982026693,-2.001534286745851,-0.09881540404998196,2.2792890901887968,1.511677131711008
46.93333333333333,0.03333333333333144,1408,1408,takeover,cartesian_freedrive,-0.9473879964927221,0.07789553460278961,0.6835936629609997,0.17231295732731705,-0.08657099725632947,-2.0013990469829923,-0.09866447562395285,2.279446302047504,1.5117638787278183
46.96666666666667,0.033333333333338544,1409,1409,takeover,cartesian_freedrive,-0.9473879964927221,0.07789554084567071,0.6835916265716497,0.17231181585443045,-0.08657050550974807,-2.0013983156639212,-0.09866399155007317,2.27944607308466,1.5117645175727672
47.0,0.03333333333333144,1410,1410,takeover,cartesian_freedrive,-0.9473879964927221,0.07789554085359213,0.6835916229272446,0.1723118104074362,-0.08657050314294407,-2.0013983122395302,-0.09866398808577592,2.279446072240821,1.511764519466461
47.03333333333333,0.03333333333333144,1411,1411,takeover,cartesian_freedrive,-0.9473879964927221,0.07789554085360527,0.6835916229153621,0.17231181038138083,-0.08657050313155247,-2.0013983122231367,-0.09866398806832019,2.279446072236159,1.5117645194747693
47.06666666666667,0.033333333333338544,1412,1412,takeover,cartesian_freedrive,-0.9473879964927221,0.07789554085360531,0.6835916229153108,0.17231181038125612,-0.08657050313149765,-2.00139831222306,-0.09866398806823666,2.2794460722361345,1.511764519474809
47.1,0.03333333333333144,1413,1413,takeover,cartesian_freedrive,-0.9473879964927221,0.07789554085360531,0.6835916229153108,0.17231181038125568,-0.08657050313149747,-2.00139831222306,-0.09866398806823636,2.2794460722361345,1.511764519474809
47.13333333333333,0.03333333333333144,1414,1414,takeover,cartesian_freedrive,-0.953299829922827,0.07811314134826824,0.7005666807908802,0.16145975543363558,-0.09512419493656031,-1.9909172821134757,-0.10479282594979424,2.282695365788694,1.5023834221463492
47.166666666666664,0.03333333333333144,1415,1415,takeover,cartesian_freedrive,-0.953299829922827,0.07813197925007351,0.7035033341130487,0.15830729441008282,-0.0964638511513158,-1.9890868118180183,-0.10574621780889804,2.2832002008969328,1.5009242901712203
47.2,0.033333333333338544,1416,1416,takeover,cartesian_freedrive,-0.953299829922827,0.07813201443953771,0.7035170686339312,0.1582925592234942,-0.09647198509785601,-1.9890778129492284,-0.10575190615291252,2.2831995920118273,1.5009183398081944
47.233333333333334,0.03333333333333144,1417,1417,takeover,cartesian_freedrive,-0.953299829922827,0.07813201449314976,0.7035171112356687,0.15829248861803275,-0.09647202424699941,-1.989077769290747,-0.10575193867213746,2.283199584427325,1.5009183165480529
47.266666666666666,0.03333333333333144,1418,1418,takeover,cartesian_freedrive,-0.953299829922827,0.07813201449326627,0.7035171114221455,0.15829248828007564,-0.09647202443542645,-1.9890777690803474,-0.10575193883622838,2.283199584375745,1.5009183164441224
47.3,0.03333333333333144,1419,1419,takeover,cartesian_freedrive,-0.953299829922827,0.07813201449326666,0.7035171114230294,0.1582924882784583,-0.09647202443633333,-1.9890777690793346,-0.10575193883704075,2.283199584375431,1.5009183164436466
47.333333333333336,0.033333333333338544,1420,1420,takeover,cartesian_freedrive,-0.953299829922827,0.07813201449326665,0.7035171114230331,0.15829248827845066,-0.09647202443633765,-1.9890777690793309,-0.1057519388370447,2.2831995843754305,1.5009183164436457
47.36666666666667,0.03333333333333144,1421,1421,takeover,cartesian_freedrive,-0.953299829922827,0.07813201449326665,0.7035171114230331,0.15829248827845066,-0.09647202443633765,-1.9890777690793309,-0.1057519388370447,2.2831995843754305,1.5009183164436457
47.4,0.03333333333333144,1422,1422,takeover,cartesian_freedrive,-0.9450018411883647,0.07780098679183306,0.7096655759815104,0.17577650818367627,-0.0702716787802821,-2.0307074797987124,-0.11373945641690288,2.2798727151746507,1.4999785414027704
47.43333333333333,0.03333333333333144,1423,1423,takeover,cartesian_freedrive,-0.9450018411883647,0.07780009982951301,0.7098541782200511,0.1762154567215366,-0.0700009954575426,-2.0312759864597387,-0.11381588577695836,2.2798374516229973,1.4999709825351
47.46666666666667,0.033333333333338544,1424,1424,takeover,cartesian_freedrive,-0.9450018411883647,0.07780010083485747,0.7098542284436109,0.176217666834268,-0.07000002640954436,-2.0312786740364954,-0.11381665903681702,2.279836519916079,1.4999713586002286
47.5,0.03333333333333144,1425,1425,takeover,cartesian_freedrive,-0.9450018411883647,0.07780010083318711,0.7098542248896285,0.17621767736268773,-0.07000002174546172,-2.0312786869101616,-0.11381666325657977,2.2798365158784755,1.499971360938942
47.53333333333333,0.03333333333333144,1426,1426,takeover,cartesian_freedrive,-0.9450018411883647,0.07780010083317067,0.7098542248698302,0.17621767741284566,-0.07000002172301321,-2.0312786869720783,-0.11381666327624344,2.2798365158625185,1.4999713609495007
47.56666666666667,0.033333333333338544,1427,1427,takeover,cartesian_freedrive,-0.9450018411883647,0.07780010083317057,0.7098542248697328,0.17621767741308467,-0.07000002172290516,-2.031278686972375,-0.11381666327633293,2.279836515862461,1.4999713609495449
47.6,0.03333333333333144,1428,1428,takeover,cartesian_freedrive,-0.9450018411883647,0.07780010083317057,0.7098542248697328,0.1762176774130856,-0.07000002172290473,-2.031278686972375,-0.11381666327633325,2.279836515862461,1.4999713609495449
47.63333333333333,0.03333333333333144,1429,1429,takeover,cartesian_freedrive,-0.9472230106589734,0.07788183395159107,0.6948904628274721,0.2065121626055433,-0.055567872092943414,-2.0173855917749126,-0.0690611063189804,2.2682662769125344,1.4921510522168906
47.666666666666664,0.03333333333333144,1430,1430,takeover,cartesian_freedrive,-0.9472230106589734,0.07788893232254532,0.6925618323190834,0.21503503793539014,-0.05332147128170334,-2.015149550515384,-0.062100420986259806,2.2664630054466115,1.490935952745819
47.7,0.033333333333338544,1431,1431,takeover,cartesian_freedrive,-0.9472230106589734,0.07788894859228393,0.6925508373080546,0.21507627796355452,-0.053310416359122245,-2.0151387495170177,-0.06206738438676278,2.266452799814986,1.490930579262859
47.733333333333334,0.03333333333333144,1432,1432,takeover,cartesian_freedrive,-0.9472230106589734,0.07788894864860782,0.6925507861914654,0.21507647921397693,-0.05331036315115645,-2.0151386975635965,-0.062067231311046564,2.266452731155919,1.4909305596950855
47.766666666666666,0.03333333333333144,1433,1433,takeover,cartesian_freedrive,-0.9472230106589734,0.07788894864857845,0.692550785950743,0.21507648017909656,-0.05331036289506351,-2.015138697313612,-0.06206723056496927,2.2664527308507108,1.4909305595910454
47.8,0.03333333333333144,1434,1434,takeover,cartesian_freedrive,-0.9472230106589734,0.07788894864857795,0.692550785949589,0.215076480183725,-0.053310362893830926,-2.015138697312409,-0.06206723056133891,2.266452730849361,1.490930559590503
47.833333333333336,0.033333333333338544,1435,1435,takeover,cartesian_freedrive,-0.9472230106589734,0.07788894864857795,0.6925507859495839,0.21507648018374714,-0.053310362893825,-2.0151386973124055,-0.062067230561321254,2.266452730849357,1.4909305595905011
47.86666666666667,0.03333333333333144,1436,1436,takeover,cartesian_freedrive,-0.9472230106589734,0.07788894864857795,0.6925507859495839,0.21507648018374714,-0.053310362893825,-2.0151386973124055,-0.062067230561321206,2.266452730849357,1.4909305595905011
47.9,0.03333333333333144,1437,1437,takeover,cartesian_freedrive,-0.9590027488488531,0.07835882160394975,0.6673847490960751,0.17314798773140322,-0.018322638384618485,-2.0016256075038408,-0.06859042262134497,2.280833078632234,1.502177086257919
47.93333333333333,0.03333333333333144,1438,1438,takeover,cartesian_freedrive,-0.9590027488488531,0.0783601295114258,0.6671488537787449,0.17209047017115678,-0.017991087582398868,-2.0014772214916094,-0.0686532575918059,2.2809648316409503,1.5022845198045853
47.96666666666667,0.033333333333338544,1439,1439,takeover,cartesian_freedrive,-0.9590027488488531,0.07836013128039016,0.6671474521995228,0.17208539140483037,-0.01798954136389613,-2.001476500468862,-0.0686536355064924,2.2809653833742547,1.5022851145695812
48.0,0.03333333333333144,1440,1440,takeover,cartesian_freedrive,-0.9590027488488531,0.07836013128521288,0.6671474449874846,0.17208536706296712,-0.01798953392185928,-2.001476496994639,-0.06865363764838149,2.2809653852949996,1.502285117777207
48.03333333333333,0.03333333333333144,1441,1441,takeover,cartesian_freedrive,-0.9590027488488531,0.07836013128523162,0.6671474449523803,0.17208536694629328,-0.017989533886040333,-2.001476496977915,-0.06865363765989295,2.2809653853008083,1.502285117793933
48.06666666666667,0.033333333333338544,1442,1442,takeover,cartesian_freedrive,-0.9590027488488531,0.0783601312852317,0.6671474449522111,0.17208536694573404,-0.017989533885867937,-2.0014764969778365,-0.06865363765995376,2.280965385300818,1.5022851177940182
48.1,0.03333333333333144,1443,1443,takeover,cartesian_freedrive,-0.9590027488488531,0.0783601312852317,0.667147444952211,0.17208536694573148,-0.017989533885867125,-2.0014764969778365,-0.068653637659954,2.280965385300818,1.5022851177940182
48.13333333333333,0.03333333333333144,1444,1444,takeover,cartesian_freedrive,-0.9506772227389606,0.07805365616844603,0.6973547593066415,0.17496659287489322,-0.04975815942487706,-2.004764742634295,-0.07999861594244487,2.285205520903288,1.496855967865103
48.166666666666664,0.03333333333333144,1445,1445,takeover,cartesian_freedrive,-0.9506772227389606,0.07802714097818761,0.7020533025113136,0.17548123318829395,-0.05470176276360808,-2.0052762737785215,-0.08176463682298085,2.285861443879943,1.4960127756374093
48.2,0.033333333333338544,1446,1446,takeover,cartesian_freedrive,-0.9506772227389606,0.07802710953677555,0.7020756911570877,0.17548371195893142,-0.05472560577894372,-2.005278727053761,-0.08177318643872482,2.285864577337751,1.496008766391249
48.233333333333334,0.03333333333333144,1447,1447,takeover,cartesian_freedrive,-0.9506772227389606,0.07802710949763772,0.702075798470654,0.17548372381212793,-0.05472572053672108,-2.005278738855933,-0.08177322749637914,2.2858645929401527,1.4960087469932934
48.266666666666666,0.03333333333333144,1448,1448,takeover,cartesian_freedrive,-0.9506772227389606,0.07802710949758165,0.7020757989867092,0.17548372386880948,-0.05472572108905674,-2.005278738912731,-0.0817732276932323,2.285864593017833,1.4960087468991092
48.3,0.03333333333333144,1449,1449,takeover,cartesian_freedrive,-0.9506772227389606,0.07802710949758154,0.7020757989891926,0.17548372386908048,-0.05472572109171517,-2.0052787389130033,-0.08177322769417583,2.285864593018219,1.4960087468986518
48.333333333333336,0.033333333333338544,1450,1450,takeover,cartesian_freedrive,-0.9506772227389606,0.07802710949758154,0.7020757989892041,0.17548372386908165,-0.05472572109172796,-2.0052787389130033,-0.08177322769418029,2.285864593018219,1.4960087468986507
48.36666666666667,0.03333333333333144,1451,1451,takeover,cartesian_freedrive,-0.9506772227389606,0.07802710949758154,0.7020757989892041,0.17548372386908165,-0.05472572109172798,-2.0052787389130033,-0.08177322769418029,2.285864593018219,1.4960087468986507
48.4,0.03333333333333144,1452,1452,takeover,cartesian_freedrive,-0.9528215617400235,0.07811262530902963,0.6939654649457858,0.18243574875140617,-0.055875530263671716,-2.0046479176641334,-0.07786682759437974,2.2808737194669737,1.4871337727672176
48.43333333333333,0.03333333333333144,1453,1453,takeover,cartesian_freedrive,-0.9528215617400235,0.07811288200580206,0.6938763955832064,0.18251032500290326,-0.0558839233902158,-2.004641954983852,-0.07783127523632588,2.280823210115504,1.487051511636079
48.46666666666667,0.033333333333338544,1454,1454,takeover,cartesian_freedrive,-0.9528215617400235,0.07811288284260381,0.6938761368074834,0.1825107153423146,-0.05588383374510822,-2.0046419041654913,-0.0778311487399504,2.2808227661037725,1.4870511527620291
48.5,0.03333333333333144,1455,1455,takeover,cartesian_freedrive,-0.9528215617400235,0.07811288284339156,0.693876136234038,0.1825107172144256,-0.05588383331364127,-2.004641903929456,-0.0778311479813718,2.280822764054035,1.4870511508772204
48.53333333333333,0.03333333333333144,1456,1456,takeover,cartesian_freedrive,-0.9528215617400235,0.0781128828433916,0.6938761362319569,0.18251071722340412,-0.05588383331156458,-2.0046419039283285,-0.07783114797751152,2.2808227640444376,1.4870511508679272
48.56666666666667,0.033333333333338544,1457,1457,takeover,cartesian_freedrive,-0.9528215617400235,0.0781128828433916,0.693876136231948,0.1825107172234472,-0.055883833311554595,-2.004641903928325,-0.07783114797749242,2.280822764044395,1.487051150867883
48.6,0.03333333333333144,1458,1458,takeover,cartesian_freedrive,-0.9528215617400235,0.0781128828433916,0.693876136231948,0.18251071722344725,-0.055883833311554595,-2.004641903928325,-0.07783114797749242,2.280822764044395,1.487051150867883
48.63333333333333,0.03333333333333144,1459,1459,takeover,cartesian_freedrive,-0.9631309113703852,0.07849234662297588,0.6956116063370325,0.16687264333818974,-0.055484147242909926,-1.9828661602471833,-0.08372616269029072,2.275173769408879,1.4918604171095213
48.666666666666664,0.03333333333333144,1460,1460,takeover,cartesian_freedrive,-0.9631309113703852,0.078525218389226,0.6958830751715394,0.15966923843155242,-0.05542430902811637,-1.978575052725758,-0.08464423762313913,2.2742915491387663,1.492609678700182
48.7,0.033333333333338544,1461,1461,takeover,cartesian_freedrive,-0.9631309113703852,0.07852525856696356,0.6958837003253521,0.15963463849716372,-0.05542430447999673,-1.978554369017238,-0.0846489456840173,2.2742867801155473,1.4926135759534782
48.733333333333334,0.03333333333333144,1462,1462,takeover,cartesian_freedrive,-0.9631309113703852,0.07852525864075824,0.6958837010398217,0.15963447297213132,-0.05542430445810637,-1.9785542694414082,-0.08464897098250265,2.274286750003501,1.4926135975013015
48.766666666666666,0.03333333333333144,1463,1463,takeover,cartesian_freedrive,-0.9631309113703852,0.0785252586409711,0.6958837010418798,0.15963447218026247,-0.05542430445800101,-1.978554268962135,-0.08464897111512602,2.2742867498249257,1.492613597616531
48.8,0.03333333333333144,1464,1464,takeover,cartesian_freedrive,-0.9631309113703852,0.07852525864097193,0.6958837010418901,0.15963447217647414,-0.05542430445800055,-1.9785542689598286,-0.08464897111581482,2.274286749823907,1.492613597617139
48.833333333333336,0.033333333333338544,1465,1465,takeover,cartesian_freedrive,-0.9631309113703852,0.07852525864097193,0.6958837010418901,0.15963447217645607,-0.05542430445800055,-1.9785542689598186,-0.08464897111581833,2.274286749823904,1.492613597617141
48.86666666666667,0.03333333333333144,1466,1466,takeover,cartesian_freedrive,-0.9631309113703852,0.07852525864097193,0.6958837010418901,0.15963447217645607,-0.05542430445800055,-1.9785542689598186,-0.08464897111581833,2.274286749823904,1.492613597617141
48.9,0.03333333333333144,1467,1467,takeover,cartesian_freedrive,-0.9411139452477,0.07764698681595555,0.7046276565438777,0.18134617948667353,-0.050982152252526586,-2.0173762517545737,-0.07716281941628869,2.2675050644700585,1.5004114896084855
48.93333333333333,0.03333333333333144,1468,1468,takeover,cartesian_freedrive,-0.9411139452477,0.07764458320776042,0.7047343569202068,0.1818913999148203,-0.05094316241602556,-2.017894238844709,-0.077093563262791,2.2674373853966756,1.5004863126856232
48.96666666666667,0.033333333333338544,1469,1469,takeover,cartesian_freedrive,-0.9411139452477,0.07764458656165793,0.704734469436113,0.18189419400572132,-0.05094306289812214,-2.017896718269441,-0.077093702887359,2.2674358296202883,1.5004871688174262
49.0,0.03333333333333144,1470,1470,takeover,cartesian_freedrive,-0.9411139452477,0.0776445865621262,0.7047344692656484,0.18189420732894487,-0.050943062419136875,-2.0178967301939106,-0.07709370341637753,2.2674358229836185,1.5004871727859006
49.03333333333333,0.03333333333333144,1471,1471,takeover,cartesian_freedrive,-0.9411139452477,0.07764458656210996,0.7047344692643871,0.18189420739246429,-0.05094306241683149,-2.0178967302512976,-0.07709370341762556,2.2674358229559735,1.500487172803624
49.06666666666667,0.033333333333338544,1472,1472,takeover,cartesian_freedrive,-0.9411139452477,0.07764458656210986,0.7047344692643811,0.18189420739276715,-0.05094306241682039,-2.017896730251573,-0.07709370341762511,2.267435822955863,1.5004871728037017
49.1,0.03333333333333144,1473,1473,takeover,cartesian_freedrive,-0.9411139452477,0.07764458656210986,0.7047344692643811,0.18189420739276843,-0.05094306241682038,-2.017896730251573,-0.07709370341762511,2.267435822955863,1.5004871728037017
49.13333333333333,0.03333333333333144,1474,1474,takeover,cartesian_freedrive,-0.963641008467647,0.07847313868613368,0.6920421799542139,0.16932565746247258,-0.06530487676753738,-2.0017948020144014,-0.09003433409405752,2.273556263239856,1.4866014056154386
49.166666666666664,0.03333333333333144,1475,1475,takeover,cartesian_freedrive,-0.963641008467647,0.07854555284426792,0.6871253449434389,0.1648166916885785,-0.06770333295603054,-1.998723648417359,-0.09204741950475324,2.274508002972257,1.4844415197535226
49.2,0.033333333333338544,1476,1476,takeover,cartesian_freedrive,-0.963641008467647,0.07854566072553801,0.6871011428528663,0.16479550525578893,-0.06771255030391124,-1.9987088339457613,-0.0920583479251844,2.2745089213962215,1.4844324441332968
49.233333333333334,0.03333333333333144,1477,1477,takeover,cartesian_freedrive,-0.963641008467647,0.07854566097935357,0.6871011144108008,0.16479541243006224,-0.06771256151187728,-1.9987087573822964,-0.09205840607160569,2.2745088709196977,1.4844324035853984
49.266666666666666,0.03333333333333144,1478,1478,takeover,cartesian_freedrive,-0.963641008467647,0.0785456609797196,0.6871011144313617,0.16479541198624903,-0.06771256156582184,-1.998708757015829,-0.09205840632828113,2.274508870667723,1.4844324033660228
49.3,0.03333333333333144,1479,1479,takeover,cartesian_freedrive,-0.963641008467647,0.07854566097972038,0.6871011144315978,0.16479541198412617,-0.06771256156608148,-1.998708757014067,-0.09205840632951998,2.274508870666427,1.4844324033649712
49.333333333333336,0.033333333333338544,1480,1480,takeover,cartesian_freedrive,-0.963641008467647,0.07854566097972038,0.6871011144315985,0.16479541198411615,-0.06771256156608266,-1.9987087570140598,-0.092058406329526,2.2745088706664225,1.4844324033649674
49.36666666666667,0.03333333333333144,1481,1481,takeover,cartesian_freedrive,-0.963641008467647,0.07854566097972038,0.6871011144315985,0.16479541198411615,-0.06771256156608266,-1.9987087570140598,-0.092058406329526,2.2745088706664225,1.4844324033649674
49.4,0.03333333333333144,1482,1482,takeover,cartesian_freedrive,-0.9258532324636164,0.07703951279326265,0.6739443476945932,0.16196848986871534,-0.05444712214945409,-1.9858922024466013,-0.09229896371636089,2.2591424843699546,1.4915308603500674
49.43333333333333,0.03333333333333144,1483,1483,takeover,cartesian_freedrive,-0.9258532324636164,0.07703415739234812,0.6738196819196516,0.16193296859855272,-0.05431998514692072,-1.9857640059334754,-0.09230264445220351,2.2589938193725194,1.4915991278816072
49.46666666666667,0.033333333333338544,1484,1484,takeover,cartesian_freedrive,-0.9258532324636164,0.07703415114436993,0.6738191075711828,0.1619328004038531,-0.05431937026453569,-1.9857633881293424,-0.09230266370327327,2.2589930866370964,1.4915994575729614
49.5,0.03333333333333144,1485,1485,takeover,cartesian_freedrive,-0.9258532324636164,0.07703415113732565,0.6738191048323348,0.1619327996064849,-0.0543193673050721,-1.9857633851561416,-0.09230266381765112,2.258993083027048,1.4915994591824653
49.53333333333333,0.03333333333333144,1486,1486,takeover,cartesian_freedrive,-0.9258532324636164,0.07703415113731887,0.6738191048191791,0.16193279960270515,-0.05431936729082804,-1.9857633851418317,-0.0923026638183232,2.258993083009269,1.4915994591903388
49.56666666666667,0.033333333333338544,1487,1487,takeover,cartesian_freedrive,-0.9258532324636164,0.07703415113731889,0.6738191048191161,0.16193279960268733,-0.05431936729075948,-1.985763385141764,-0.09230266381832698,2.2589930830091833,1.4915994591903763
49.6,0.03333333333333144,1488,1488,takeover,cartesian_freedrive,-0.9258532324636164,0.07703415113731889,0.6738191048191161,0.16193279960268733,-0.05431936729075919,-1.985763385141764,-0.09230266381832698,2.2589930830091833,1.4915994591903763
49.63333333333333,0.03333333333333144,1489,1489,takeover,cartesian_freedrive,-0.9368785538551734,0.07743996446626701,0.6861059855914982,0.14778533360156784,-0.06828365334814786,-1.9716417887033326,-0.10030010675980704,2.2532961634195163,1.5101767116074547
49.666666666666664,0.03333333333333144,1490,1490,takeover,cartesian_freedrive,-0.9368785538551734,0.07747512155438921,0.6880165138687923,0.14278829133049942,-0.07045452289254425,-1.9691514925422768,-0.1015453111467899,2.2524064992180897,1.5130677181766976
49.7,0.033333333333338544,1491,1491,takeover,cartesian_freedrive,-0.9368785538551734,0.077475165578029,0.6880260706481605,0.14276433483918508,-0.070464709975754,-1.9691394787676142,-0.10155144721776194,2.25240160515237,1.5130817669743468
49.733333333333334,0.03333333333333144,1492,1492,takeover,cartesian_freedrive,-0.9368785538551734,0.07747516564769885,0.6880261180665246,0.14276422019893417,-0.07046475900675997,-1.969139420961961,-0.10155147789125228,2.2524015771074315,1.513081835771919
49.766666666666666,0.03333333333333144,1493,1493,takeover,cartesian_freedrive,-0.9368785538551734,0.07747516564786601,0.6880261182959707,0.14276421965031974,-0.07046475924274895,-1.9691394206837578,-0.1015514780452848,2.252401576950673,1.5130818361096632
49.8,0.03333333333333144,1494,1494,takeover,cartesian_freedrive,-0.9368785538551734,0.07747516564786662,0.6880261182970773,0.14276421964769428,-0.07046475924388479,-1.9691394206824189,-0.10155147804605731,2.252401576949815,1.5130818361113207
49.833333333333336,0.033333333333338544,1495,1495,takeover,cartesian_freedrive,-0.9368785538551734,0.07747516564786662,0.688026118297082,0.1427642196476818,-0.0704647592438902,-1.9691394206824138,-0.10155147804606111,2.2524015769498122,1.5130818361113276
49.86666666666667,0.03333333333333144,1496,1496,takeover,cartesian_freedrive,-0.9368785538551734,0.07747516564786662,0.688026118297082,0.1427642196476818,-0.0704647592438902,-1.9691394206824138,-0.10155147804606111,2.2524015769498122,1.5130818361113276
49.9,0.03333333333333144,1497,1497,takeover,cartesian_freedrive,-0.9171274607346405,0.07668726548170068,0.6881851060235741,0.14102159509956802,-0.049595426636605745,-1.9744144845820786,-0.10493618707212592,2.257971743452004,1.5208575131453508
49.93333333333333,0.03333333333333144,1498,1498,takeover,cartesian_freedrive,-0.9171274607346405,0.07668512355466059,0.6882322610059687,0.1410057003194644,-0.049387519822250855,-1.9744642493511506,-0.10496922279838727,2.2580205330202556,1.520931973090367
49.96666666666667,0.033333333333338544,1499,1499,takeover,cartesian_freedrive,-0.9171274607346405,0.07668512193251427,0.6882318847183715,0.14100567090289517,-0.04938668552667166,-1.974464470141932,-0.1049695894013988,2.258020407292973,1.5209325405232361
50.0,0.03333333333333144,1500,1500,takeover,cartesian_freedrive,-0.9171274607346405,0.07668512193056076,0.6882318812465096,0.14100567075646886,-0.04938668151115999,-1.9744644711871333,-0.10496959143521435,2.25802040661654,1.520932543534411
50.03333333333333,0.03333333333333144,1501,1501,takeover,cartesian_freedrive,-0.9171274607346405,0.07668512193055796,0.6882318812287306,0.14100567075574352,-0.04938668149183311,-1.9744644711921526,-0.1049695914451391,2.2580204066133605,1.5209325435490455
50.06666666666667,0.033333333333338544,1502,1502,takeover,cartesian_freedrive,-0.9171274607346405,0.07668512193055795,0.6882318812286445,0.14100567075574005,-0.04938668149174009,-1.9744644711921757,-0.10496959144518678,2.258020406613348,1.5209325435491146
50.1,0.03333333333333144,1503,1503,takeover,cartesian_freedrive,-0.9171274607346405,0.07668512193055795,0.6882318812286445,0.14100567075574005,-0.04938668149173968,-1.9744644711921757,-0.10496959144518692,2.258020406613348,1.5209325435491146
50.13333333333333,0.03333333333333144,1504,1504,takeover,cartesian_freedrive,-0.9236813560871227,0.07692631718711998,0.679208735780245,0.13156067447962666,-0.0631150664186321,-1.9795084061832153,-0.10732368896778827,2.261667863721334,1.5054424974593488
50.166666666666664,0.03333333333333144,1505,1505,takeover,cartesian_freedrive,-0.9236813560871227,0.07694722774582854,0.6759628112717918,0.12983442733550887,-0.06537453309732542,-1.980292678396518,-0.10769003883921777,2.2622347541290067,1.5030331107783061
50.2,0.033333333333338544,1506,1506,takeover,cartesian_freedrive,-0.9236813560871227,0.07694727663349284,0.6759466826484375,0.12982667875058984,-0.06538310024192057,-1.9802964238937422,-0.10769307535757824,2.2622335536786533,1.5030228457775066
50.233333333333334,0.03333333333333144,1507,1507,takeover,cartesian_freedrive,-0.9236813560871227,0.07694727676771251,0.6759466817366694,0.1298266475707403,-0.06538312100417512,-1.98029643939532,-0.10769309182537412,2.2622335124890474,1.5030227966935703
50.266666666666666,0.03333333333333144,1508,1508,takeover,cartesian_freedrive,-0.9236813560871227,0.07694727676787089,0.6759466818219404,0.129826647421017,-0.06538312110410503,-1.980296439470835,-0.10769309189114137,2.262233512295031,1.5030227964430891
50.3,0.03333333333333144,1509,1509,takeover,cartesian_freedrive,-0.9236813560871227,0.07694727676787107,0.6759466818224049,0.12982664742029715,-0.065383121104586,-1.9802964394711993,-0.10769309189145108,2.2622335122940953,1.5030227964418765
50.333333333333336,0.033333333333338544,1510,1510,takeover,cartesian_freedrive,-0.9236813560871227,0.07694727676787107,0.6759466818224066,0.12982664742029384,-0.06538312110458824,-1.9802964394711995,-0.10769309189145253,2.2622335122940935,1.503022796441872
50.36666666666667,0.03333333333333144,1511,1511,takeover,cartesian_freedrive,-0.9236813560871227,0.07694727676787107,0.6759466818224066,0.12982664742029384,-0.06538312110458824,-1.9802964394711995,-0.10769309189145253,2.2622335122940935,1.503022796441872
50.4,0.03333333333333144,1512,1512,takeover,cartesian_freedrive,-0.9333175897418613,0.07733164590821116,0.6867906059520261,0.15089779459546768,-0.08353145854511912,-1.9839471151839003,-0.10904677474097348,2.255621379944724,1.491171931597252
50.43333333333333,0.03333333333333144,1513,1513,takeover,cartesian_freedrive,-0.9333175897418613,0.07733272391393353,0.68689111220938,0.1512204191163031,-0.08370340515451107,-1.9839823665056129,-0.10906073732461072,2.255555303749014,1.491061539149532
50.46666666666667,0.033333333333338544,1514,1514,takeover,cartesian_freedrive,-0.9333175897418613,0.07733272526317853,0.6868917497611793,0.1512219825044595,-0.08370417748278712,-1.9839825306026497,-0.10906080031670079,2.255554929777013,1.4910610002351108
50.5,0.03333333333333144,1515,1515,takeover,cartesian_freedrive,-0.9333175897418613,0.0773327252639249,0.6868917531233503,0.15122198999888448,-0.08370418120004668,-1.9839825313964377,-0.10906080050140747,2.255554928215479,1.4910609975184095
50.53333333333333,0.03333333333333144,1516,1516,takeover,cartesian_freedrive,-0.9333175897418613,0.07733272526392179,0.6868917531397347,0.15122199003480796,-0.08370418121793806,-1.9839825314002606,-0.10906080050194729,2.2555549282090133,1.4910609975049713
50.56666666666667,0.033333333333338544,1517,1517,takeover,cartesian_freedrive,-0.9333175897418613,0.07733272526392179,0.6868917531398135,0.15122199003498019,-0.08370418121802418,-1.983982531400278,-0.10906080050194832,2.2555549282089893,1.4910609975049056
50.6,0.03333333333333144,1518,1518,takeover,cartesian_freedrive,-0.9333175897418613,0.07733272526392179,0.6868917531398135,0.15122199003498082,-0.0837041812180245,-1.983982531400278,-0.10906080050194832,2.2555549282089893,1.4910609975049056
50.63333333333333,0.03333333333333144,1519,1519,takeover,cartesian_freedrive,-0.9337750558813198,0.07734954289905005,0.6879198364713476,0.15443302540882678,-0.08670163734118345,-1.9922225257984534,-0.10883422696412079,2.256284932513549,1.49521644214873
50.666666666666664,0.03333333333333144,1520,1520,takeover,cartesian_freedrive,-0.9337750558813198,0.07735102063107396,0.6880790392866363,0.15510340488935181,-0.0871666032967666,-1.9935996771142608,-0.1088000989381859,2.256395139424069,1.4958640219564814
50.7,0.033333333333338544,1521,1521,takeover,cartesian_freedrive,-0.9337750558813198,0.07735102345321558,0.688080283171328,0.15510669068870656,-0.08716855753910217,-1.9936062786736672,-0.10879997887749365,2.2563953158668126,1.4958671706068982
50.733333333333334,0.03333333333333144,1522,1522,takeover,cartesian_freedrive,-0.9337750558813198,0.07735102345182535,0.688080291535492,0.1551067063411579,-0.08716856694498074,-1.9936063104813233,-0.10879997750332657,2.2563953180850054,1.4958671849332374
50.766666666666666,0.03333333333333144,1523,1523,takeover,cartesian_freedrive,-0.9337750558813198,0.07735102345180166,0.6880802915775244,0.15510670641569219,-0.08716856699025177,-1.9936063106344393,-0.10879997749467157,2.256395318101482,1.4958671850000649
50.8,0.03333333333333144,1524,1524,takeover,cartesian_freedrive,-0.9337750558813198,0.07735102345180152,0.6880802915777278,0.15510670641604704,-0.08716856699046965,-1.993606310635176,-0.10879997749462153,2.2563953181015863,1.495867185000378
50.833333333333336,0.033333333333338544,1525,1525,takeover,cartesian_freedrive,-0.9337750558813198,0.0773510234518015,0.6880802915777282,0.1551067064160486,-0.08716856699047063,-1.9936063106351785,-0.10879997749462132,2.2563953181015863,1.495867185000378
50.86666666666667,0.03333333333333144,1526,1526,takeover,cartesian_freedrive,-0.9337750558813198,0.0773510234518015,0.6880802915777282,0.1551067064160486,-0.08716856699047063,-1.9936063106351785,-0.10879997749462132,2.2563953181015863,1.495867185000378
50.9,0.03333333333333144,1527,1527,takeover,cartesian_freedrive,-0.9646857598021652,0.0785836388582262,0.6729396580267178,0.15868147363816104,-0.0717388758959917,-1.9851210641004566,-0.11679847545060952,2.267672019341324,1.4968889287468259
50.93333333333333,0.03333333333333144,1528,1528,takeover,cartesian_freedrive,-0.9646857598021652,0.07858744744805658,0.6727970763295871,0.15871548745705763,-0.07159209611126703,-1.9850389245965911,-0.11687459024496362,2.2677760128680116,1.4968992690910843
50.96666666666667,0.033333333333338544,1529,1529,takeover,cartesian_freedrive,-0.9646857598021652,0.07858745196803701,0.6727964051182348,0.1587156523152724,-0.07159138965188594,-1.9850385294757624,-0.11687495622907106,2.267776506692081,1.4968993185330421
51.0,0.03333333333333144,1530,1530,takeover,cartesian_freedrive,-0.9646857598021652,0.07858745197351083,0.6727964019000613,0.15871565311417318,-0.07159138625165709,-1.985038527574216,-0.1168749579999265,2.267776509032008,1.4968993187808957
51.03333333333333,0.03333333333333144,1531,1531,takeover,cartesian_freedrive,-0.9646857598021652,0.07858745197351799,0.6727964018845846,0.15871565311804417,-0.07159138623529158,-1.985038527565064,-0.11687495800850305,2.2677765090430904,1.4968993187821447
51.06666666666667,0.033333333333338544,1532,1532,takeover,cartesian_freedrive,-0.9646857598021652,0.07858745197351798,0.6727964018845104,0.15871565311806285,-0.07159138623521281,-1.9850385275650209,-0.11687495800854458,2.267776509043141,1.4968993187821495
51.1,0.03333333333333144,1533,1533,takeover,cartesian_freedrive,-0.9646857598021652,0.07858745197351798,0.6727964018845104,0.15871565311806285,-0.07159138623521252,-1.9850385275650209,-0.11687495800854471,2.267776509043141,1.4968993187821495
51.13333333333333,0.03333333333333144,1534,1534,takeover,cartesian_freedrive,-0.9285336562149451,0.0772857868630208,0.6692748307898433,0.15163923079470035,-0.06025853776669221,-1.9936165737671765,-0.10367004928960738,2.265799636519443,1.5028436272086307
51.166666666666664,0.03333333333333144,1535,1535,takeover,cartesian_freedrive,-0.9285336562149451,0.07714153118616361,0.6687892714166598,0.1505104079194584,-0.05842024458203856,-1.9949511876909756,-0.10161633559065832,2.2654903800039716,1.5037687596405938
51.2,0.033333333333338544,1536,1536,takeover,cartesian_freedrive,-0.9285336562149451,0.07714136805443608,0.6687857217473965,0.15050523682801756,-0.05841240715941661,-1.9949574840583548,-0.10160728292653784,2.2654870133630536,1.5037740250781033
51.233333333333334,0.03333333333333144,1537,1537,takeover,cartesian_freedrive,-0.9285336562149451,0.07714136786194538,0.6687856892211453,0.1505052118963412,-0.05841236943745956,-1.994957514182548,-0.10160724197402711,2.2654869963838458,1.50377405317393
51.266666666666666,0.03333333333333144,1538,1538,takeover,cartesian_freedrive,-0.9285336562149451,0.077141367861715,0.6687856890530441,0.15050521177618922,-0.058412369255901646,-1.994957514327402,-0.10160724177861102,2.2654869963024047,1.5037740533109343
51.3,0.03333333333333144,1539,1539,takeover,cartesian_freedrive,-0.9285336562149451,0.07714136786171469,0.6687856890522262,0.1505052117756102,-0.0584123692550278,-1.9949575143280995,-0.10160724177767046,2.265486996302017,1.5037740533115935
51.333333333333336,0.033333333333338544,1540,1540,takeover,cartesian_freedrive,-0.9285336562149451,0.07714136786171469,0.6687856890522229,0.15050521177560752,-0.05841236925502362,-1.9949575143281015,-0.10160724177766599,2.265486996302017,1.5037740533115955
51.36666666666667,0.03333333333333144,1541,1541,takeover,cartesian_freedrive,-0.9285336562149451,0.07714136786171469,0.6687856890522229,0.15050521177560752,-0.05841236925502362,-1.9949575143281015,-0.10160724177766599,2.265486996302017,1.5037740533115955
51.4,0.03333333333333144,1542,1542,takeover,cartesian_freedrive,-0.9312599159872834,0.07725009212302802,0.6520365996110787,0.18114685470912262,-0.08228237524209842,-1.98233415633341,-0.09529946980560669,2.2674218457311888,1.5240551452827111
51.43333333333333,0.03333333333333144,1543,1543,takeover,cartesian_freedrive,-0.9312599159872834,0.07725041403208305,0.6516205963520308,0.1815759442517528,-0.08251841912914222,-1.9822129975505005,-0.0952410731776636,2.267437216160794,1.5242473308487865
51.46666666666667,0.033333333333338544,1544,1544,takeover,cartesian_freedrive,-0.9312599159872834,0.07725041917688227,0.6516192115193117,0.1815781754040046,-0.08251893478886818,-1.9822123584802895,-0.09524103291644756,2.2674362146726477,1.5242484867472157
51.5,0.03333333333333144,1545,1545,takeover,cartesian_freedrive,-0.9312599159872834,0.07725041918176226,0.6516192119688647,0.1815781861255397,-0.08251893727076752,-1.982212355520361,-0.09524103115282738,2.267436210634408,1.5242484907070435
51.53333333333333,0.03333333333333144,1546,1546,takeover,cartesian_freedrive,-0.9312599159872834,0.07725041918176363,0.6516192119777958,0.18157818617700966,-0.08251893728271305,-1.9822123555062248,-0.09524103114259354,2.2674362106165367,1.5242484907243108
51.56666666666667,0.033333333333338544,1547,1547,takeover,cartesian_freedrive,-0.9312599159872834,0.07725041918176362,0.6516192119778449,0.18157818617725668,-0.08251893728277054,-1.982212355506158,-0.09524103114254141,2.267436210616458,1.52424849072439
51.6,0.03333333333333144,1548,1548,takeover,cartesian_freedrive,-0.9312599159872834,0.07725041918176362,0.6516192119778449,0.18157818617725774,-0.08251893728277074,-1.982212355506158,-0.09524103114254123,2.267436210616458,1.52424849072439
51.63333333333333,0.03333333333333144,1549,1549,takeover,cartesian_freedrive,-0.9374777003872692,0.07747926111966918,0.6803822051911207,0.19324102360783438,-0.06878911153870942,-1.9675105945706415,-0.07855566811366693,2.274490367431607,1.4976116165252389
51.666666666666664,0.03333333333333144,1550,1550,takeover,cartesian_freedrive,-0.9374777003872692,0.07749908697034792,0.6957896440651656,0.1951734911154181,-0.06642611890600052,-1.9651071027582387,-0.07596064064205857,2.27558616874817,1.4934685875295266
51.7,0.033333333333338544,1551,1551,takeover,cartesian_freedrive,-0.9374777003872692,0.07749913042388354,0.6958633391329612,0.19518336634994668,-0.06641746081741767,-1.9650955808466708,-0.07594946788070911,2.275587426895843,1.493450045920887
51.733333333333334,0.03333333333333144,1552,1552,takeover,cartesian_freedrive,-0.9374777003872692,0.07749913068226691,0.6958634711138566,0.1951834287912722,-0.0664174691267492,-1.9650955172814597,-0.07594949837442903,2.2755873161040236,1.4934500407776683
51.766666666666666,0.03333333333333144,1553,1553,takeover,cartesian_freedrive,-0.9374777003872692,0.0774991306825768,0.6958634712828992,0.1951834290911527,-0.0664174691667425,-1.9650955169686242,-0.07594949862397163,2.2755873155422903,1.4934500408565223
51.8,0.03333333333333144,1554,1554,takeover,cartesian_freedrive,-0.9374777003872692,0.07749913068257713,0.6958634712832354,0.19518342909259417,-0.06641746916693499,-1.9650955169671114,-0.07594949862527528,2.2755873155395654,1.4934500408570048
51.833333333333336,0.033333333333338544,1555,1555,takeover,cartesian_freedrive,-0.9374777003872692,0.07749913068257713,0.6958634712832361,0.19518342909260097,-0.06641746916693583,-1.9650955169671054,-0.0759494986252816,2.275587315539555,1.4934500408570062
51.86666666666667,0.03333333333333144,1556,1556,takeover,cartesian_freedrive,-0.9374777003872692,0.07749913068257713,0.6958634712832361,0.19518342909260097,-0.06641746916693583,-1.9650955169671054,-0.0759494986252816,2.275587315539555,1.4934500408570062
51.9,0.03333333333333144,1557,1557,takeover,cartesian_freedrive,-0.9467659617524757,0.07786962289101688,0.6947806096659548,0.1537148917162072,-0.060064106643740074,-1.9823005871987547,-0.08223518503431847,2.239557099879488,1.5042071773412045
51.93333333333333,0.03333333333333144,1558,1558,takeover,cartesian_freedrive,-0.9467659617524757,0.07787065973469215,0.694771743906403,0.1530561552122134,-0.06000647707870163,-1.9824745758602944,-0.08229565350797373,2.239213763096528,1.504309802869178
51.96666666666667,0.033333333333338544,1559,1559,takeover,cartesian_freedrive,-0.9467659617524757,0.07787066118895472,0.6947715799257993,0.15305299531525307,-0.06000622271925695,-1.9824754089460443,-0.0822959908563009,2.239212030181682,1.5043103428481033
52.0,0.03333333333333144,1560,1560,takeover,cartesian_freedrive,-0.9467659617524757,0.07787066119164626,0.6947715789896288,0.15305298014217214,-0.06000622149501061,-1.9824754129541813,-0.08229599258326617,2.239212021583143,1.50431034555294
52.03333333333333,0.03333333333333144,1561,1561,takeover,cartesian_freedrive,-0.9467659617524757,0.07787066119165408,0.6947715789850283,0.15305298006931442,-0.06000622148911823,-1.9824754129734716,-0.08229599259196034,2.2392120215405593,1.5043103455663493
52.06666666666667,0.033333333333338544,1562,1562,takeover,cartesian_freedrive,-0.9467659617524757,0.07787066119165412,0.6947715789850066,0.15305298006896462,-0.06000622148908987,-1.9824754129735638,-0.08229599259200393,2.23921202154035,1.5043103455664149
52.1,0.03333333333333144,1563,1563,takeover,cartesian_freedrive,-0.9467659617524757,0.07787066119165412,0.6947715789850066,0.15305298006896306,-0.06000622148908978,-1.9824754129735638,-0.08229599259200408,2.23921202154035,1.5043103455664149
52.13333333333333,0.03333333333333144,1564,1564,takeover,cartesian_freedrive,-0.9513543918347764,0.07803954394935639,0.7012286648666088,0.15191698382580102,-0.060123852731255104,-1.965367521205862,-0.09280471870100931,2.2543371297979315,1.5016477373276464
52.166666666666664,0.03333333333333144,1565,1565,takeover,cartesian_freedrive,-0.9513543918347764,0.07805417434232834,0.7023514126489012,0.15159025538036505,-0.060150069177770875,-1.9619284906447305,-0.09443993010059867,2.256687724117582,1.5012341577875417
52.2,0.033333333333338544,1566,1566,takeover,cartesian_freedrive,-0.9513543918347764,0.07805419919378818,0.7023556357665337,0.15158896751397166,-0.06015112616954962,-1.961911829692053,-0.09444865504705238,2.2566970355111877,1.5012330003026786
52.233333333333334,0.03333333333333144,1567,1567,takeover,cartesian_freedrive,-0.9513543918347764,0.07805419923354687,0.7023556424522923,0.15158896167957878,-0.06015113125691066,-1.9619117493468876,-0.09444870030534282,2.256697076882206,1.5012329980819967
52.266666666666666,0.03333333333333144,1568,1568,takeover,cartesian_freedrive,-0.9513543918347764,0.07805419923364156,0.7023556424751954,0.1515889616533005,-0.06015113128139642,-1.9619117489600784,-0.09444870052868533,2.2566970770682566,1.5012329980770043
52.3,0.03333333333333144,1569,1569,takeover,cartesian_freedrive,-0.9513543918347764,0.0780541992336419,0.7023556424753,0.15158896165318264,-0.06015113128151427,-1.9619117489582167,-0.0944487005297796,2.2566970770690915,1.5012329980770005
52.333333333333336,0.033333333333338544,1570,1570,takeover,cartesian_freedrive,-0.9513543918347764,0.0780541992336419,0.7023556424753,0.15158896165318228,-0.060151131281514794,-1.961911748958209,-0.0944487005297849,2.256697077069093,1.5012329980770005
52.36666666666667,0.03333333333333144,1571,1571,takeover,cartesian_freedrive,-0.9513543918347764,0.0780541992336419,0.7023556424753,0.15158896165318228,-0.060151131281514794,-1.961911748958209,-0.0944487005297849,2.256697077069093,1.5012329980770005
52.4,0.03333333333333144,1572,1572,takeover,cartesian_freedrive,-0.9538763862703163,0.07815477693170694,0.6850198605276954,0.17874397259609465,-0.050266592918667176,-1.9624997075191413,-0.06578687039141533,2.255486318037393,1.5077756313335322
52.43333333333333,0.03333333333333144,1573,1573,takeover,cartesian_freedrive,-0.9538763862703163,0.078155078570395,0.6848464783243433,0.1791814108691725,-0.0501709540120003,-1.962505222815043,-0.06551827137606285,2.2554708032790005,1.5078387719726813
52.46666666666667,0.033333333333338544,1574,1574,takeover,cartesian_freedrive,-0.9538763862703163,0.07815507927480789,0.6848458117434808,0.1791835413613245,-0.05017039429391494,-1.9625052351886967,-0.06551700201004397,2.255470571453813,1.5078390943077071
52.5,0.03333333333333144,1575,1575,takeover,cartesian_freedrive,-0.9538763862703163,0.07815507927450635,0.6848458090803495,0.17918355157283902,-0.05017039159996024,-1.9625052352543864,-0.06551699569467961,2.25547057065968,1.507839095648177
52.53333333333333,0.03333333333333144,1576,1576,takeover,cartesian_freedrive,-0.9538763862703163,0.0781550792745006,0.6848458090680102,0.17918355162178387,-0.05017039158699409,-1.9625052352547083,-0.065516995663743,2.2554705706572884,1.507839095654069
52.56666666666667,0.033333333333338544,1577,1577,takeover,cartesian_freedrive,-0.9538763862703163,0.07815507927450058,0.6848458090679514,0.1791835516220185,-0.05017039158693168,-1.9625052352547083,-0.0655169956635919,2.255470570657285,1.5078390956540944
52.6,0.03333333333333144,1578,1578,takeover,cartesian_freedrive,-0.9538763862703163,0.07815507927450058,0.6848458090679514,0.17918355162201946,-0.050170391586931415,-1.9625052352547083,-0.06551699566359125,2.255470570657285,1.5078390956540944
52.63333333333333,0.03333333333333144,1579,1579,takeover,cartesian_freedrive,-0.9636516181057997,0.07851484988950026,0.688847878152622,0.16548275527697734,-0.07923475217226282,-1.967855423206775,-0.08164196052894751,2.2592875831061883,1.5006767081857726
52.666666666666664,0.03333333333333144,1580,1580,takeover,cartesian_freedrive,-0.9636516181057997,0.07854602594860521,0.688025390876642,0.162641143605593,-0.08464041116757388,-1.968687303724309,-0.08415041891950525,2.2598808712868825,1.4995627317442162
52.7,0.033333333333338544,1581,1581,takeover,cartesian_freedrive,-0.9636516181057997,0.0785460875047638,0.6880212081112286,0.1626280499136107,-0.0846641122110319,-1.968691273674487,-0.08416376117582641,2.2598796823539065,1.4995586982190912
52.733333333333334,0.03333333333333144,1582,1582,takeover,cartesian_freedrive,-0.9636516181057997,0.07854608764604282,0.688021272038416,0.162627992575075,-0.08466420812894977,-1.9686912906952672,-0.08416382157521729,2.2598796459514334,1.4995586738290403
52.766666666666666,0.03333333333333144,1583,1583,takeover,cartesian_freedrive,-0.9636516181057997,0.0785460876462225,0.6880212724561943,0.16262799230010339,-0.08466420859060812,-1.9686912907786454,-0.08416382184616308,2.2598796457787365,1.4995586736915312
52.8,0.03333333333333144,1584,1584,takeover,cartesian_freedrive,-0.9636516181057997,0.0785460876462228,0.6880212724582921,0.16262799229878322,-0.0846642085928301,-1.9686912907790481,-0.0841638218474568,2.25987964577789,1.4995586736908593
52.833333333333336,0.033333333333338544,1585,1585,takeover,cartesian_freedrive,-0.9636516181057997,0.07854608764622278,0.6880212724583018,0.16262799229877703,-0.08466420859284077,-1.9686912907790488,-0.084163821847463,2.2598796457778882,1.4995586736908573
52.86666666666667,0.03333333333333144,1586,1586,takeover,cartesian_freedrive,-0.9636516181057997,0.07854608764622278,0.6880212724583018,0.16262799229877703,-0.08466420859284077,-1.9686912907790488,-0.084163821847463,2.2598796457778882,1.4995586736908573
52.9,0.03333333333333144,1587,1587,takeover,cartesian_freedrive,-0.9523275579141173,0.07809435137385622,0.7051960760024168,0.14999106983017477,-0.05499487410470327,-1.9781102347262025,-0.07485655846519232,2.254374588812268,1.4972754495952916
52.93333333333333,0.03333333333333144,1588,1588,takeover,cartesian_freedrive,-0.9523275579141173,0.07809312230913223,0.7057032056484976,0.14985976633235223,-0.05469306110192987,-1.97819915161823,-0.07476960800226116,2.2543199877411153,1.4972547208552056
52.96666666666667,0.033333333333338544,1589,1589,takeover,cartesian_freedrive,-0.9523275579141173,0.07809312506142865,0.7057045386300727,0.14985930702625555,-0.05469221866360801,-1.9781995203030753,-0.07476978043494942,2.2543184837597945,1.4972552087857889
53.0,0.03333333333333144,1590,1590,takeover,cartesian_freedrive,-0.9523275579141173,0.07809312506478143,0.7057045364450081,0.14985930479893544,-0.05469221460890486,-1.9781995219964843,-0.07476978275689558,2.254318476154349,1.4972552126863627
53.03333333333333,0.03333333333333144,1591,1591,takeover,cartesian_freedrive,-0.9523275579141173,0.07809312506478511,0.7057045364283911,0.14985930478819007,-0.05469221458938934,-1.9781995220045772,-0.07476978276910033,2.2543184761175756,1.4972552127062067
53.06666666666667,0.033333333333338544,1592,1592,takeover,cartesian_freedrive,-0.9523275579141173,0.07809312506478512,0.7057045364283069,0.1498593047881383,-0.05469221458929542,-1.9781995220046151,-0.07476978276915969,2.254318476117401,1.497255212706302
53.1,0.03333333333333144,1593,1593,takeover,cartesian_freedrive,-0.9523275579141173,0.07809312506478512,0.7057045364283069,0.1498593047881382,-0.054692214589295005,-1.9781995220046151,-0.0747697827691599,2.254318476117401,1.497255212706302
53.13333333333333,0.03333333333333144,1594,1594,takeover,cartesian_freedrive,-0.9689582253235187,0.07870523107993417,0.6907924299267019,0.16548719794926953,-0.07069820544341361,-1.9674338505168096,-0.09579756099434109,2.258430886070937,1.5026496557126814
53.166666666666664,0.03333333333333144,1595,1595,takeover,cartesian_freedrive,-0.9689582253235187,0.07875826435989022,0.6842123799082479,0.16847931193282265,-0.07338556895950342,-1.9657394127106878,-0.09906873483010957,2.259069981672703,1.503489003410011
53.2,0.033333333333338544,1596,1596,takeover,cartesian_freedrive,-0.9689582253235187,0.07875835181813806,0.6841801304775502,0.16849429022848508,-0.07339606331027841,-1.9657312174467163,-0.09908580570481389,2.2590690322119933,1.5034944233444572
53.233333333333334,0.03333333333333144,1597,1597,takeover,cartesian_freedrive,-0.9689582253235187,0.07875835208472927,0.6841800869038793,0.16849437411151977,-0.07339607284220095,-1.965731173235799,-0.09908589176796753,2.259068958383844,1.5034944513720505
53.266666666666666,0.03333333333333144,1598,1598,takeover,cartesian_freedrive,-0.9689582253235187,0.07875835208500795,0.684180086906609,0.16849437451455895,-0.07339607288807863,-1.9657311730260913,-0.09908589213758638,2.2590689580511483,1.5034944514617101
53.3,0.03333333333333144,1599,1599,takeover,cartesian_freedrive,-0.9689582253235187,0.07875835208500814,0.6841800869067974,0.1684943745164943,-0.07339607288829945,-1.9657311730250846,-0.09908589213932033,2.259068958049592,1.5034944514620958
53.333333333333336,0.033333333333338544,1600,1600,takeover,cartesian_freedrive,-0.9689582253235187,0.07875835208500814,0.684180086906798,0.16849437451650348,-0.07339607288830044,-1.9657311730250808,-0.09908589213932854,2.2590689580495877,1.5034944514620963
53.36666666666667,0.03333333333333144,1601,1601,takeover,cartesian_freedrive,-0.9689582253235187,0.07875835208500814,0.684180086906798,0.16849437451650348,-0.07339607288830044,-1.9657311730250808,-0.09908589213932854,2.2590689580495877,1.5034944514620963
53.4,0.03333333333333144,1602,1602,takeover,cartesian_freedrive,-0.9574293633526596,0.07829844083983557,0.6960487283708046,0.17181454085245698,-0.0640784120956443,-1.9808961760249715,-0.08841285434798313,2.258846219617947,1.5001691318913222
53.43333333333333,0.03333333333333144,1603,1603,takeover,cartesian_freedrive,-0.9574293633526596,0.07829719736793651,0.6962288665062377,0.17186096383608596,-0.06399194151182419,-1.9810557468128394,-0.08831338502729051,2.2588405749770883,1.5001389463424943
53.46666666666667,0.033333333333338544,1604,1604,takeover,cartesian_freedrive,-0.9574293633526596,0.07829719676989917,0.6962291570760688,0.1718612355170399,-0.0639917083562279,-1.9810564928310557,-0.08831313294201627,2.2588401764952035,1.5001390273862425
53.5,0.03333333333333144,1605,1605,takeover,cartesian_freedrive,-0.9574293633526596,0.07829719676873398,0.6962291565028002,0.1718612368032312,-0.06399170723403687,-1.981056496395179,-0.0883131320802246,2.258840174585572,1.5001390281360862
53.53333333333333,0.03333333333333144,1606,1606,takeover,cartesian_freedrive,-0.9574293633526596,0.07829719676873012,0.6962291564983166,0.17186123680932539,-0.06399170722863572,-1.9810564964123096,-0.0883131320762162,2.2588401745769295,1.5001390281398341
53.56666666666667,0.033333333333338544,1607,1607,takeover,cartesian_freedrive,-0.9574293633526596,0.07829719676873012,0.6962291564982939,0.17186123680935422,-0.06399170722860971,-1.9810564964123913,-0.08831313207619625,2.2588401745768936,1.5001390281398503
53.6,0.03333333333333144,1608,1608,takeover,cartesian_freedrive,-0.9574293633526596,0.07829719676873012,0.6962291564982939,0.17186123680935422,-0.06399170722860967,-1.9810564964123913,-0.08831313207619623,2.2588401745768936,1.5001390281398503
53.63333333333333,0.03333333333333144,1609,1609,takeover,cartesian_freedrive,-0.9592639366824827,0.07836468383474102,0.6786178700856854,0.16867722913320918,-0.06775813977911833,-1.9754963723784997,-0.08763459940213156,2.266146213762092,1.4917082652938445
53.666666666666664,0.03333333333333144,1610,1610,takeover,cartesian_freedrive,-0.9592639366824827,0.07837054856471834,0.6739528211675521,0.16802993151627602,-0.06832163966353519,-1.9745748231412734,-0.08752913327091144,2.2672824235893922,1.4903968852671399
53.7,0.033333333333338544,1611,1611,takeover,cartesian_freedrive,-0.9592639366824827,0.07837057960247304,0.673929855263514,0.1680273865019363,-0.06832206963418846,-1.9745703495147247,-0.08752995426351881,2.267283903270952,1.4903919706461246
53.733333333333334,0.03333333333333144,1612,1612,takeover,cartesian_freedrive,-0.9592639366824827,0.07837057970716516,0.6739298147553339,0.1680273797733149,-0.06832205347503464,-1.9745703255493898,-0.08752995726337785,2.2672838787625182,1.4903919448634917
53.766666666666666,0.03333333333333144,1613,1613,takeover,cartesian_freedrive,-0.9592639366824827,0.07837057970729835,0.673929814661477,0.16802737974159088,-0.0683220533972597,-1.974570325435362,-0.0875299572592895,2.267283878647484,1.4903919447204361
53.8,0.03333333333333144,1614,1614,takeover,cartesian_freedrive,-0.9592639366824827,0.07837057970729858,0.6739298146611105,0.16802737974144075,-0.06832205339688541,-1.9745703254348144,-0.0875299572592585,2.267283878646919,1.4903919447197358
53.833333333333336,0.033333333333338544,1615,1615,takeover,cartesian_freedrive,-0.9592639366824827,0.07837057970729858,0.6739298146611093,0.16802737974144016,-0.06832205339688366,-1.974570325434813,-0.08752995725925841,2.267283878646919,1.4903919447197338
53.86666666666667,0.03333333333333144,1616,1616,takeover,cartesian_freedrive,-0.9592639366824827,0.07837057970729858,0.6739298146611093,0.16802737974144016,-0.06832205339688366,-1.974570325434813,-0.08752995725925841,2.267283878646919,1.4903919447197338
53.9,0.03333333333333144,1617,1617,takeover,cartesian_freedrive,-0.9362838180715232,0.07745390252450376,0.6982583661884048,0.1566786780642731,-0.05972941359427836,-1.9813209136323204,-0.08477042126306256,2.257954708660487,1.5046686434711707
53.93333333333333,0.03333333333333144,1618,1618,takeover,cartesian_freedrive,-0.9362838180715232,0.07745137606451563,0.6986746810931045,0.15656030012664604,-0.05965505792072416,-1.9813846349108524,-0.08474533747881198,2.2578636335818225,1.5048041183955463
53.96666666666667,0.033333333333338544,1619,1619,takeover,cartesian_freedrive,-0.9362838180715232,0.07745137531437768,0.6986758087897307,0.1565598314311131,-0.05965506398530438,-1.9813849034172777,-0.08474560962133966,2.257862446055692,1.5048051632900434
54.0,0.03333333333333144,1620,1620,takeover,cartesian_freedrive,-0.9362838180715232,0.07745137531362767,0.6986758097748671,0.15655982916940095,-0.05965506401449355,-1.9813849046599403,-0.0847456117405336,2.2578624400938736,1.5048051691579394
54.03333333333333,0.03333333333333144,1621,1621,takeover,cartesian_freedrive,-0.9362838180715232,0.07745137531362686,0.6986758097762407,0.15655982915850974,-0.05965506401463403,-1.9813849046658831,-0.08474561175134461,2.257862440065,1.504805169186815
54.06666666666667,0.033333333333338544,1622,1622,takeover,cartesian_freedrive,-0.9362838180715232,0.07745137531362685,0.6986758097762441,0.15655982915845731,-0.059655064014634676,-1.9813849046659109,-0.08474561175139712,2.257862440064862,1.5048051691869537
54.1,0.03333333333333144,1623,1623,takeover,cartesian_freedrive,-0.9362838180715232,0.07745137531362685,0.6986758097762441,0.1565598291584572,-0.059655064014634676,-1.9813849046659109,-0.08474561175139728,2.257862440064862,1.5048051691869537
54.13333333333333,0.03333333333333144,1624,1624,takeover,cartesian_freedrive,-0.937622182201217,0.07750061350137555,0.697802892820404,0.15629376508335213,-0.0653806466552268,-1.993493787899912,-0.0854456961683359,2.2601957281753067,1.4999150434073942
54.166666666666664,0.03333333333333144,1625,1625,takeover,cartesian_freedrive,-0.937622182201217,0.07750489341490616,0.697565262397059,0.15626061443433847,-0.06626560714119659,-1.9956045094053785,-0.08555519688305725,2.260556991078688,1.4991550394533826
54.2,0.033333333333338544,1626,1626,takeover,cartesian_freedrive,-0.937622182201217,0.07750490881784178,0.6975644722371849,0.15626076589579152,-0.0662686575564366,-1.9956145399038836,-0.08555637513776465,2.260556629463248,1.4991520069241113
54.233333333333334,0.03333333333333144,1627,1627,takeover,cartesian_freedrive,-0.937622182201217,0.07750490883058625,0.6975644831993713,0.15626076647000628,-0.06626867223825716,-1.9956145883515681,-0.08555637775274967,2.2605566298486335,1.4991519891247587
54.266666666666666,0.03333333333333144,1628,1628,takeover,cartesian_freedrive,-0.937622182201217,0.0775049088305773,0.6975644832639851,0.15626076647192214,-0.06626867230892161,-1.9956145885848853,-0.08555637776129682,2.2605566298572852,1.4991519890348541
54.3,0.03333333333333144,1629,1629,takeover,cartesian_freedrive,-0.937622182201217,0.07750490883057717,0.6975644832643053,0.1562607664719271,-0.0662686723092617,-1.9956145885860084,-0.0855563777613272,2.260556629857354,1.49915198903441
54.333333333333336,0.033333333333338544,1630,1630,takeover,cartesian_freedrive,-0.937622182201217,0.07750490883057717,0.6975644832643063,0.1562607664719271,-0.06626867230926328,-1.9956145885860126,-0.08555637776132724,2.260556629857354,1.499151989034409
54.36666666666667,0.03333333333333144,1631,1631,takeover,cartesian_freedrive,-0.937622182201217,0.07750490883057717,0.6975644832643063,0.1562607664719271,-0.06626867230926328,-1.9956145885860126,-0.08555637776132724,2.260556629857354,1.499151989034409
54.4,0.03333333333333144,1632,1632,takeover,cartesian_freedrive,-0.9412564601062599,0.07764986335469234,0.6920910958227934,0.16912365325629045,-0.05892635382573422,-1.9728934074998308,-0.08041400379040164,2.2694462108269025,1.5006422904950982
54.43333333333333,0.03333333333333144,1633,1633,takeover,cartesian_freedrive,-0.9412564601062599,0.07765028061731366,0.6920390388802515,0.16925062618088002,-0.0588593144594029,-1.972664732874759,-0.08036697460103916,2.269525901854997,1.5006577687622062
54.46666666666667,0.033333333333338544,1634,1634,takeover,cartesian_freedrive,-0.9412564601062599,0.07765028117568949,0.69203873988259,0.1692512403164127,-0.05885899459890825,-1.9726636305539993,-0.08036676467236935,2.269526261960611,1.5006578597576927
54.5,0.03333333333333144,1635,1635,takeover,cartesian_freedrive,-0.9412564601062599,0.07765028117663503,0.692038738398678,0.16925124328313246,-0.058858993059401635,-1.9726636252479472,-0.08036676369445724,2.269526263615598,1.5006578602297158
54.53333333333333,0.03333333333333144,1636,1636,takeover,cartesian_freedrive,-0.9412564601062599,0.0776502811766375,0.6920387383915027,0.1692512432974634,-0.05885899305199191,-1.9726636252224088,-0.08036676368987054,2.269526263623201,1.5006578602321146
54.56666666666667,0.033333333333338544,1637,1637,takeover,cartesian_freedrive,-0.9412564601062599,0.07765028117663751,0.6920387383914686,0.16925124329753258,-0.05885899305195625,-1.9726636252222864,-0.08036676368984898,2.2695262636232334,1.5006578602321252
54.6,0.03333333333333144,1638,1638,takeover,cartesian_freedrive,-0.9412564601062599,0.07765028117663751,0.6920387383914686,0.16925124329753277,-0.05885899305195612,-1.9726636252222864,-0.08036676368984896,2.2695262636232334,1.5006578602321252
54.63333333333333,0.03333333333333144,1639,1639,takeover,cartesian_freedrive,-0.9398860882479807,0.07759982072788091,0.6992242439648775,0.1688249886380408,-0.06262156686866921,-1.9856650091046848,-0.08136159301981935,2.264929342278795,1.4986442721430715
54.666666666666664,0.03333333333333144,1640,1640,takeover,cartesian_freedrive,-0.9398860882479807,0.07759546844395934,0.7003718731974904,0.16877008614206163,-0.06320969184337763,-1.9880065446533672,-0.08151721059855754,2.2642111719998668,1.4983319917917075
54.7,0.033333333333338544,1641,1641,takeover,cartesian_freedrive,-0.9398860882479807,0.07759546538622597,0.7003764674371961,0.16876992596616827,-0.06321295678657897,-1.9880177645817063,-0.08151838584367227,2.2642069409174783,1.4983309123709878
54.733333333333334,0.03333333333333144,1642,1642,takeover,cartesian_freedrive,-0.9398860882479807,0.07759546537703277,0.7003764838873754,0.16876992497326532,-0.06321297250093472,-1.9880178185134851,-0.08151839212149765,2.2642069217264105,1.4983309078114981
54.766666666666666,0.03333333333333144,1643,1643,takeover,cartesian_freedrive,-0.9398860882479807,0.07759546537699458,0.700376483961606,0.1687699249674531,-0.06321297257656878,-1.988017818772999,-0.08151839215041183,2.26420692164095,1.4983309077881668
54.8,0.03333333333333144,1644,1644,takeover,cartesian_freedrive,-0.9398860882479807,0.07759546537699441,0.7003764839619586,0.1687699249674202,-0.06321297257693283,-1.9880178187742483,-0.08151839215054114,2.2642069216405734,1.4983309077880447
54.833333333333336,0.033333333333338544,1645,1645,takeover,cartesian_freedrive,-0.9398860882479807,0.07759546537699441,0.7003764839619597,0.1687699249674202,-0.0632129725769345,-1.988017818774253,-0.08151839215054164,2.2642069216405734,1.4983309077880447
54.86666666666667,0.03333333333333144,1646,1646,takeover,cartesian_freedrive,-0.9398860882479807,0.07759546537699441,0.7003764839619597,0.1687699249674202,-0.0632129725769345,-1.988017818774253,-0.08151839215054164,2.2642069216405734,1.4983309077880447
54.9,0.03333333333333144,1647,1647,takeover,cartesian_freedrive,-0.9409996830210761,0.07763986283622744,0.7015292275158044,0.1737890850617834,-0.07912548453066898,-1.9961773006797865,-0.08682870628964874,2.2645060409151276,1.491918003553751
54.93333333333333,0.03333333333333144,1648,1648,takeover,cartesian_freedrive,-0.9409996830210761,0.07764000744072205,0.7015187648189116,0.17385021104026832,-0.07927941102766042,-1.9962581635016723,-0.08687991738603956,2.264505359242361,1.491858837339095
54.96666666666667,0.033333333333338544,1649,1649,takeover,cartesian_freedrive,-0.9409996830210761,0.07764000831716691,0.7015190233556635,0.17385054318469773,-0.0792799984536886,-1.9962585385137732,-0.08688018853197552,2.264505123687649,1.4918585715171384
55.0,0.03333333333333144,1650,1650,takeover,cartesian_freedrive,-0.9409996830210761,0.07764000831781281,0.7015190257342792,0.17385054477303732,-0.07928000128100321,-1.9962585403350324,-0.08688018958260842,2.264505122722506,1.491858569973424
55.03333333333333,0.03333333333333144,1651,1651,takeover,cartesian_freedrive,-0.9409996830210761,0.07764000831781187,0.7015190257467707,0.17385054478062295,-0.07928000129461124,-1.996258540343813,-0.08688018958732253,2.264505122718365,1.4918585699656361
55.06666666666667,0.033333333333338544,1652,1652,takeover,cartesian_freedrive,-0.9409996830210761,0.07764000831781187,0.7015190257468314,0.17385054478065917,-0.07928000129467673,-1.9962585403438542,-0.08688018958734439,2.26450512271835,1.4918585699655988
55.1,0.03333333333333144,1653,1653,takeover,cartesian_freedrive,-0.9409996830210761,0.07764000831781187,0.7015190257468314,0.17385054478065917,-0.07928000129467697,-1.9962585403438542,-0.08688018958734442,2.26450512271835,1.4918585699655988
55.13333333333333,0.03333333333333144,1654,1654,takeover,cartesian_freedrive,-0.9493102483490787,0.07794590210686933,0.7094412154167568,0.16854250527240622,-0.0803091839730646,-1.9887998104356523,-0.08147272768098707,2.2622840016233305,1.4938110081553053
55.166666666666664,0.03333333333333144,1655,1655,takeover,cartesian_freedrive,-0.9493102483490787,0.07797239168700702,0.7108267666794186,0.16736207026349006,-0.08047598835343277,-1.987566866699983,-0.08063185408889753,2.2619369619668572,1.4941151200581357
55.2,0.033333333333338544,1656,1656,takeover,cartesian_freedrive,-0.9493102483490787,0.0779724315646488,0.7108326640983018,0.16735671281683065,-0.08047798514678302,-1.9875607700306046,-0.0806287213065842,2.2619330298984637,1.4941174584443435
55.233333333333334,0.03333333333333144,1657,1657,takeover,cartesian_freedrive,-0.9493102483490787,0.07797243161735838,0.7108326767384329,0.1673566871806925,-0.08047799475746203,-1.9875607404793543,-0.08062870969430884,2.2619330086381044,1.4941174732895977
55.266666666666666,0.03333333333333144,1658,1658,takeover,cartesian_freedrive,-0.9493102483490787,0.07797243161744583,0.7108326767859149,0.16735668705819795,-0.08047799480371878,-1.987560740336948,-0.08062870964301744,2.2619330085284277,1.4941174733658382
55.3,0.03333333333333144,1659,1659,takeover,cartesian_freedrive,-0.9493102483490787,0.07797243161744605,0.7108326767861323,0.1673566870576128,-0.08047799480394138,-1.9875607403362627,-0.08062870964278236,2.2619330085278677,1.494117473366218
55.333333333333336,0.033333333333338544,1660,1660,takeover,cartesian_freedrive,-0.9493102483490787,0.07797243161744605,0.7108326767861327,0.16735668705761014,-0.08047799480394238,-1.9875607403362605,-0.08062870964278133,2.2619330085278677,1.4941174733662184
55.36666666666667,0.03333333333333144,1661,1661,takeover,cartesian_freedrive,-0.9493102483490787,0.07797243161744605,0.7108326767861327,0.16735668705761014,-0.08047799480394238,-1.9875607403362605,-0.08062870964278133,2.2619330085278677,1.4941174733662184
55.4,0.03333333333333144,1662,1662,takeover,cartesian_freedrive,-0.9460728781994305,0.07784327223560353,0.7160650753986677,0.1629947596863066,-0.07295716465455036,-2.004773604291316,-0.08068041750615224,2.271750160241526,1.5064739272894172
55.43333333333333,0.03333333333333144,1663,1663,takeover,cartesian_freedrive,-0.9460728781994305,0.0778429361824671,0.7161363799588428,0.1629546282881158,-0.07288917889474479,-2.0049446527412895,-0.08068197356052553,2.2718392055411916,1.5065914891849974
55.46666666666667,0.033333333333338544,1664,1664,takeover,cartesian_freedrive,-0.9460728781994305,0.0778429362112582,0.7161364040648105,0.16295446290193874,-0.07288896737907803,-2.0049454564487323,-0.08068210925568622,2.271839420685589,1.5065921821381183
55.5,0.03333333333333144,1665,1665,takeover,cartesian_freedrive,-0.9460728781994305,0.07784293621102487,0.716136403327298,0.16295446209318384,-0.07288896636104121,-2.00494546030664,-0.0806821100413903,2.2718394217478153,1.506592185612986
55.53333333333333,0.03333333333333144,1666,1666,takeover,cartesian_freedrive,-0.9460728781994305,0.0778429362110232,0.7161364033230204,0.16295446208923858,-0.07288896635614134,-2.0049454603251995,-0.0806821100451918,2.2718394217532465,1.5065921856297306
55.56666666666667,0.033333333333338544,1667,1667,takeover,cartesian_freedrive,-0.9460728781994305,0.0778429362110232,0.7161364033229995,0.16295446208921943,-0.07288896635611775,-2.0049454603252865,-0.08068211004520967,2.2718394217532722,1.50659218562981
55.6,0.03333333333333144,1668,1668,takeover,cartesian_freedrive,-0.9460728781994305,0.0778429362110232,0.7161364033229995,0.16295446208921943,-0.07288896635611772,-2.0049454603252865,-0.08068211004520967,2.2718394217532722,1.50659218562981
55.63333333333333,0.03333333333333144,1669,1669,takeover,cartesian_freedrive,-0.9406103450636893,0.0776418318877665,0.7136086175026144,0.16034321763147413,-0.08241342099465924,-2.0093038993367234,-0.08601063340185072,2.263513158496812,1.4978109641241046
55.666666666666664,0.03333333333333144,1670,1670,takeover,cartesian_freedrive,-0.9406103450636893,0.07762443433988378,0.7128257679484922,0.15993706520116294,-0.08394448801060826,-2.009981913448445,-0.0868395143608709,2.262217648773298,1.4964450949620656
55.7,0.033333333333338544,1671,1671,takeover,cartesian_freedrive,-0.9406103450636893,0.07762443431175076,0.7128218248595912,0.15993562657556548,-0.08394966411527181,-2.009984946131733,-0.08684473157789542,2.2622078433640116,1.4964397154650328
55.733333333333334,0.03333333333333144,1672,1672,takeover,cartesian_freedrive,-0.9406103450636893,0.07762443431102192,0.7128218401437368,0.15993561994268968,-0.08394968814284842,-2.009984960816171,-0.08684475092277635,2.2622077972181542,1.4964396833125322
55.766666666666666,0.03333333333333144,1673,1673,takeover,cartesian_freedrive,-0.9406103450636893,0.0776244343110126,0.7128218402489108,0.1599356199106,-0.0839496882584945,-2.0099849608872606,-0.08684475100950488,2.2622077969999426,1.4964396831510478
55.8,0.03333333333333144,1674,1674,takeover,cartesian_freedrive,-0.9406103450636893,0.07762443431101256,0.712821840249444,0.15993561991044436,-0.08394968825905112,-2.009984960887602,-0.08684475100991454,2.2622077969989034,1.4964396831502624
55.833333333333336,0.033333333333338544,1675,1675,takeover,cartesian_freedrive,-0.9406103450636893,0.07762443431101256,0.7128218402494461,0.15993561991044378,-0.08394968825905372,-2.009984960887602,-0.08684475100991644,2.2622077969989007,1.49643968315026
55.86666666666667,0.03333333333333144,1676,1676,takeover,cartesian_freedrive,-0.9406103450636893,0.07762443431101256,0.7128218402494461,0.15993561991044378,-0.08394968825905372,-2.009984960887602,-0.08684475100991644,2.2622077969989007,1.49643968315026
55.9,0.03333333333333144,1677,1677,takeover,cartesian_freedrive,-0.9335562469955931,0.07734302071989285,0.6893462748054429,0.18194018736416245,-0.06350893208354678,-1.9790377635029512,-0.10000750784430766,2.2555450040343605,1.5014004230768707
55.93333333333333,0.03333333333333144,1678,1678,takeover,cartesian_freedrive,-0.9335562469955931,0.07734227276727859,0.6891216471511817,0.1821707548275906,-0.0633140965348354,-1.978724026035129,-0.10013285165464807,2.255478385685045,1.5014485415233418
55.96666666666667,0.033333333333338544,1679,1679,takeover,cartesian_freedrive,-0.9335562469955931,0.07734227211317937,0.689120665737622,0.1821718787998253,-0.06331310815783028,-1.9787225094374579,-0.10013346630934587,2.2554779774235345,1.5014487818610798
56.0,0.03333333333333144,1680,1680,takeover,cartesian_freedrive,-0.9335562469955931,0.07734227211257033,0.6891206612593694,0.18217188421596406,-0.063313103400716,-1.9787225021418435,-0.10013346922896386,2.255477975433165,1.5014487829787533
56.03333333333333,0.03333333333333144,1681,1681,takeover,cartesian_freedrive,-0.9335562469955931,0.07734227211257041,0.6891206612380539,0.18217188424206313,-0.06331310337781974,-1.978722502106733,-0.10013346924303135,2.2554779754233896,1.501448782984149
56.06666666666667,0.033333333333338544,1682,1682,takeover,cartesian_freedrive,-0.9335562469955931,0.07734227211257043,0.6891206612379516,0.1821718842421889,-0.06331310337770954,-1.9787225021065644,-0.1001334692430993,2.2554779754233434,1.5014487829841745
56.1,0.03333333333333144,1683,1683,takeover,cartesian_freedrive,-0.9335562469955931,0.07734227211257043,0.6891206612379516,0.18217188424218936,-0.0633131033777091,-1.9787225021065644,-0.10013346924309956,2.2554779754233434,1.5014487829841745
56.13333333333333,0.03333333333333144,1684,1684,takeover,cartesian_freedrive,-0.9544810760403235,0.07811247343370618,0.7081766972951536,0.16329234637849327,-0.060505024659537054,-2.0024644353189216,-0.09272452590328056,2.2779082582342385,1.5057492770755792
56.166666666666664,0.03333333333333144,1685,1685,takeover,cartesian_freedrive,-0.9544810760403235,0.0781791663243856,0.7132899095305903,0.15986557283752062,-0.06009274848761555,-2.0063149308583164,-0.09157186044055726,2.281397910167878,1.5064180778547374
56.2,0.033333333333338544,1686,1686,takeover,cartesian_freedrive,-0.9544810760403235,0.07817926379578406,0.7133140784186589,0.1598495851143108,-0.06009304557871028,-2.0063334848147463,-0.0915675427998839,2.2814110709719087,1.5064226153162787
56.233333333333334,0.03333333333333144,1687,1687,takeover,cartesian_freedrive,-0.9544810760403235,0.07817926394308317,0.7133141139753817,0.15984951111480653,-0.06009305846439838,-2.00633357058743,-0.09156754415124337,2.2814111090436557,1.506422659330015
56.266666666666666,0.03333333333333144,1688,1688,takeover,cartesian_freedrive,-0.9544810760403235,0.07817926394325589,0.7133141140543366,0.15984951075838363,-0.06009305852641793,-2.0063335709991703,-0.09156754417373485,2.2814111092224727,1.5064226595588226
56.3,0.03333333333333144,1689,1689,takeover,cartesian_freedrive,-0.9544810760403235,0.07817926394325607,0.7133141140546397,0.15984951075666728,-0.06009305852671642,-2.0063335710011514,-0.09156754417385501,2.2814111092233347,1.5064226595599366
56.333333333333336,0.033333333333338544,1690,1690,takeover,cartesian_freedrive,-0.9544810760403235,0.07817926394325606,0.7133141140546406,0.15984951075665915,-0.06009305852671783,-2.006333571001158,-0.09156754417385551,2.281411109223336,1.5064226595599408
56.36666666666667,0.03333333333333144,1691,1691,takeover,cartesian_freedrive,-0.9544810760403235,0.07817926394325606,0.7133141140546406,0.15984951075665915,-0.06009305852671783,-2.006333571001158,-0.09156754417385551,2.281411109223336,1.5064226595599408
56.4,0.03333333333333144,1692,1692,takeover,cartesian_freedrive,-0.9390032829070665,0.07756182490709755,0.712450878599194,0.18474619629453828,-0.06610293642149435,-1.994272179803829,-0.08101242520441038,2.2640572562604095,1.4996415475826423
56.43333333333333,0.03333333333333144,1693,1693,takeover,cartesian_freedrive,-0.9390032829070665,0.07756015448371337,0.7124370299353981,0.18507114271161376,-0.06615722403303716,-1.9941585093237417,-0.08091425749599121,2.2638900624485414,1.499579006947556
56.46666666666667,0.033333333333338544,1694,1694,takeover,cartesian_freedrive,-0.9390032829070665,0.07756015269207563,0.7124371092308862,0.18507272050588394,-0.06615742353701336,-1.994157955739148,-0.08091378671803674,2.2638891750677272,1.4995787045929954
56.5,0.03333333333333144,1695,1695,takeover,cartesian_freedrive,-0.9390032829070665,0.07756015268942357,0.7124371099942733,0.18507272808073738,-0.06615742449723726,-1.994157953080137,-0.08091378432864217,2.2638891709589797,1.4995787030093142
56.53333333333333,0.03333333333333144,1696,1696,takeover,cartesian_freedrive,-0.9390032829070665,0.07756015268941793,0.7124371099983272,0.18507272811710304,-0.06615742450185887,-1.9941579530673437,-0.0809137843168566,2.2638891709398825,1.4995787030013934
56.56666666666667,0.033333333333338544,1697,1697,takeover,cartesian_freedrive,-0.9390032829070665,0.0775601526894179,0.7124371099983466,0.18507272811727762,-0.06615742450188113,-1.9941579530672833,-0.08091378431679883,2.263889170939796,1.499578703001355
56.6,0.03333333333333144,1698,1698,takeover,cartesian_freedrive,-0.9390032829070665,0.0775601526894179,0.7124371099983466,0.1850727281172783,-0.06615742450188114,-1.9941579530672833,-0.08091378431679862,2.263889170939796,1.499578703001355
56.63333333333333,0.03333333333333144,1699,1699,takeover,cartesian_freedrive,-0.9390032829070665,0.0775601526894179,0.7124371099983466,0.1850727281172783,-0.06615742450188114,-1.9941579530672833,-0.08091378431679862,2.263889170939796,1.499578703001355
56.666666666666664,0.03333333333333144,1700,1700,takeover,cartesian_freedrive,-0.9390032829070665,0.0775601526894179,0.7124371099983466,0.1850727281172783,-0.06615742450188114,-1.9941579530672833,-0.08091378431679862,2.263889170939796,1.499578703001355
56.7,0.033333333333338544,1701,1701,takeover,cartesian_freedrive,-0.9390032829070665,0.0775601526894179,0.7124371099983466,0.1850727281172783,-0.06615742450188114,-1.9941579530672833,-0.08091378431679862,2.263889170939796,1.499578703001355
56.733333333333334,0.03333333333333144,1702,1702,takeover,cartesian_freedrive,-0.9390032829070665,0.0775601526894179,0.7124371099983466,0.1850727281172783,-0.06615742450188114,-1.9941579530672833,-0.08091378431679862,2.263889170939796,1.499578703001355
56.766666666666666,0.03333333333333144,1703,1703,takeover,cartesian_freedrive,-0.9390032829070665,0.0775601526894179,0.7124371099983466,0.1850727281172783,-0.06615742450188114,-1.9941579530672833,-0.08091378431679862,2.263889170939796,1.499578703001355
56.8,0.03333333333333144,1704,1704,takeover,cartesian_freedrive,-0.9390032829070665,0.0775601526894179,0.7124371099983466,0.1850727281172783,-0.06615742450188114,-1.9941579530672833,-0.08091378431679862,2.263889170939796,1.499578703001355
56.833333333333336,0.033333333333338544,1705,1705,takeover,cartesian_freedrive,-0.9390032829070665,0.0775601526894179,0.7124371099983466,0.1850727281172783,-0.06615742450188114,-1.9941579530672833,-0.08091378431679862,2.263889170939796,1.499578703001355
56.86666666666667,0.03333333333333144,1706,1706,takeover,cartesian_freedrive,-0.9390032829070665,0.0775601526894179,0.7124371099983466,0.1850727281172783,-0.06615742450188114,-1.9941579530672833,-0.08091378431679862,2.263889170939796,1.499578703001355
56.9,0.03333333333333144,1707,1707,takeover,cartesian_freedrive,-0.9390032829070665,0.0775601526894179,0.7124371099983466,0.1850727281172783,-0.06615742450188114,-1.9941579530672833,-0.08091378431679862,2.263889170939796,1.499578703001355
56.93333333333333,0.03333333333333144,1708,1708,takeover,cartesian_freedrive,-0.9390032829070665,0.0775601526894179,0.7124371099983466,0.1850727281172783,-0.06615742450188114,-1.9941579530672833,-0.08091378431679862,2.263889170939796,1.499578703001355
56.96666666666667,0.033333333333338544,1709,1709,takeover,cartesian_freedrive,-0.9390032829070665,0.0775601526894179,0.7124371099983466,0.1850727281172783,-0.06615742450188114,-1.9941579530672833,-0.08091378431679862,2.263889170939796,1.499578703001355
57.0,0.03333333333333144,1710,1710,takeover,cartesian_freedrive,-0.9390032829070665,0.0775601526894179,0.7124371099983466,0.1850727281172783,-0.06615742450188114,-1.9941579530672833,-0.08091378431679862,2.263889170939796,1.499578703001355
57.03333333333333,0.03333333333333144,1711,1711,takeover,cartesian_freedrive,-0.9390032829070665,0.0775601526894179,0.7124371099983466,0.1850727281172783,-0.06615742450188114,-1.9941579530672833,-0.08091378431679862,2.263889170939796,1.499578703001355
57.06666666666667,0.033333333333338544,1712,1712,takeover,cartesian_freedrive,-0.9390032829070665,0.0775601526894179,0.7124371099983466,0.1850727281172783,-0.06615742450188114,-1.9941579530672833,-0.08091378431679862,2.263889170939796,1.499578703001355
57.1,0.03333333333333144,1713,1713,takeover,cartesian_freedrive,-0.9390032829070665,0.0775601526894179,0.7124371099983466,0.1850727281172783,-0.06615742450188114,-1.9941579530672833,-0.08091378431679862,2.263889170939796,1.499578703001355
57.13333333333333,0.03333333333333144,1714,1714,takeover,cartesian_freedrive,-0.9390032829070665,0.0775601526894179,0.7124371099983466,0.1850727281172783,-0.06615742450188114,-1.9941579530672833,-0.08091378431679862,2.263889170939796,1.499578703001355
57.166666666666664,0.03333333333333144,1715,1715,takeover,cartesian_freedrive,-0.9390032829070665,0.0775601526894179,0.7124371099983466,0.1850727281172783,-0.06615742450188114,-1.9941579530672833,-0.08091378431679862,2.263889170939796,1.499578703001355
57.2,0.033333333333338544,1716,1716,takeover,cartesian_freedrive,-0.9390032829070665,0.0775601526894179,0.7124371099983466,0.1850727281172783,-0.06615742450188114,-1.9941579530672833,-0.08091378431679862,2.263889170939796,1.499578703001355
57.233333333333334,0.03333333333333144,1717,1717,takeover,cartesian_freedrive,-0.9390032829070665,0.0775601526894179,0.7124371099983466,0.1850727281172783,-0.06615742450188114,-1.9941579530672833,-0.08091378431679862,2.263889170939796,1.499578703001355
57.266666666666666,0.03333333333333144,1718,1718,takeover,cartesian_freedrive,-0.9390032829070665,0.0775601526894179,0.7124371099983466,0.1850727281172783,-0.06615742450188114,-1.9941579530672833,-0.08091378431679862,2.263889170939796,1.499578703001355
57.3,0.03333333333333144,1719,1719,takeover,cartesian_freedrive,-0.9390032829070665,0.0775601526894179,0.7124371099983466,0.1850727281172783,-0.06615742450188114,-1.9941579530672833,-0.08091378431679862,2.263889170939796,1.499578703001355
57.333333333333336,0.033333333333338544,1720,1720,takeover,cartesian_freedrive,-0.9390032829070665,0.0775601526894179,0.7124371099983466,0.1850727281172783,-0.06615742450188114,-1.9941579530672833,-0.08091378431679862,2.263889170939796,1.499578703001355
57.36666666666667,0.03333333333333144,1721,1721,takeover,cartesian_freedrive,-0.9390032829070665,0.0775601526894179,0.7124371099983466,0.1850727281172783,-0.06615742450188114,-1.9941579530672833,-0.08091378431679862,2.263889170939796,1.499578703001355
57.4,0.03333333333333144,1722,1722,takeover,cartesian_freedrive,-0.9390032829070665,0.0775601526894179,0.7124371099983466,0.1850727281172783,-0.06615742450188114,-1.9941579530672833,-0.08091378431679862,2.263889170939796,1.499578703001355
57.43333333333333,0.03333333333333144,1723,1723,takeover,cartesian_freedrive,-0.9390032829070665,0.0775601526894179,0.7124371099983466,0.1850727281172783,-0.06615742450188114,-1.9941579530672833,-0.08091378431679862,2.263889170939796,1.499578703001355
57.46666666666667,0.033333333333338544,1724,1724,takeover,cartesian_freedrive,-0.9390032829070665,0.0775601526894179,0.7124371099983466,0.1850727281172783,-0.06615742450188114,-1.9941579530672833,-0.08091378431679862,2.263889170939796,1.499578703001355
57.5,0.03333333333333144,1725,1725,takeover,cartesian_freedrive,-0.9390032829070665,0.0775601526894179,0.7124371099983466,0.1850727281172783,-0.06615742450188114,-1.9941579530672833,-0.08091378431679862,2.263889170939796,1.499578703001355
57.53333333333333,0.03333333333333144,1726,1726,takeover,cartesian_freedrive,-0.9390032829070665,0.0775601526894179,0.7124371099983466,0.1850727281172783,-0.06615742450188114,-1.9941579530672833,-0.08091378431679862,2.263889170939796,1.499578703001355
57.56666666666667,0.033333333333338544,1727,1727,takeover,cartesian_freedrive,-0.9390032829070665,0.0775601526894179,0.7124371099983466,0.1850727281172783,-0.06615742450188114,-1.9941579530672833,-0.08091378431679862,2.263889170939796,1.499578703001355
57.6,0.03333333333333144,1728,1728,takeover,cartesian_freedrive,-0.9390032829070665,0.0775601526894179,0.7124371099983466,0.1850727281172783,-0.06615742450188114,-1.9941579530672833,-0.08091378431679862,2.263889170939796,1.499578703001355
57.63333333333333,0.03333333333333144,1729,1729,takeover,cartesian_freedrive,-0.9390032829070665,0.0775601526894179,0.7124371099983466,0.1850727281172783,-0.06615742450188114,-1.9941579530672833,-0.08091378431679862,2.263889170939796,1.499578703001355
57.666666666666664,0.03333333333333144,1730,1730,takeover,cartesian_freedrive,-0.9390032829070665,0.0775601526894179,0.7124371099983466,0.1850727281172783,-0.06615742450188114,-1.9941579530672833,-0.08091378431679862,2.263889170939796,1.499578703001355
57.7,0.033333333333338544,1731,1731,takeover,cartesian_freedrive,-0.9390032829070665,0.0775601526894179,0.7124371099983466,0.1850727281172783,-0.06615742450188114,-1.9941579530672833,-0.08091378431679862,2.263889170939796,1.499578703001355
57.733333333333334,0.03333333333333144,1732,1732,takeover,cartesian_freedrive,-0.9390032829070665,0.0775601526894179,0.7124371099983466,0.1850727281172783,-0.06615742450188114,-1.9941579530672833,-0.08091378431679862,2.263889170939796,1.499578703001355
57.766666666666666,0.03333333333333144,1733,1733,takeover,cartesian_freedrive,-0.9390032829070665,0.0775601526894179,0.7124371099983466,0.1850727281172783,-0.06615742450188114,-1.9941579530672833,-0.08091378431679862,2.263889170939796,1.499578703001355
57.8,0.03333333333333144,1734,1734,takeover,cartesian_freedrive,-0.9390032829070665,0.0775601526894179,0.7124371099983466,0.1850727281172783,-0.06615742450188114,-1.9941579530672833,-0.08091378431679862,2.263889170939796,1.499578703001355
57.833333333333336,0.033333333333338544,1735,1735,takeover,cartesian_freedrive,-0.9390032829070665,0.0775601526894179,0.7124371099983466,0.1850727281172783,-0.06615742450188114,-1.9941579530672833,-0.08091378431679862,2.263889170939796,1.499578703001355
57.86666666666667,0.03333333333333144,1736,1736,takeover,cartesian_freedrive,-0.9390032829070665,0.0775601526894179,0.7124371099983466,0.1850727281172783,-0.06615742450188114,-1.9941579530672833,-0.08091378431679862,2.263889170939796,1.499578703001355
57.9,0.03333333333333144,1737,1737,takeover,cartesian_freedrive,-0.9390032829070665,0.0775601526894179,0.7124371099983466,0.1850727281172783,-0.06615742450188114,-1.9941579530672833,-0.08091378431679862,2.263889170939796,1.499578703001355
57.93333333333333,0.03333333333333144,1738,1738,takeover,cartesian_freedrive,-0.9390032829070665,0.0775601526894179,0.7124371099983466,0.1850727281172783,-0.06615742450188114,-1.9941579530672833,-0.08091378431679862,2.263889170939796,1.499578703001355
57.96666666666667,0.033333333333338544,1739,1739,takeover,cartesian_freedrive,-0.9390032829070665,0.0775601526894179,0.7124371099983466,0.1850727281172783,-0.06615742450188114,-1.9941579530672833,-0.08091378431679862,2.263889170939796,1.499578703001355
58.0,0.03333333333333144,1740,1740,takeover,cartesian_freedrive,-0.9390032829070665,0.0775601526894179,0.7124371099983466,0.1850727281172783,-0.06615742450188114,-1.9941579530672833,-0.08091378431679862,2.263889170939796,1.499578703001355
58.03333333333333,0.03333333333333144,1741,1741,takeover,cartesian_freedrive,-0.9390032829070665,0.0775601526894179,0.7124371099983466,0.1850727281172783,-0.06615742450188114,-1.9941579530672833,-0.08091378431679862,2.263889170939796,1.499578703001355
58.06666666666667,0.033333333333338544,1742,1742,takeover,cartesian_freedrive,-0.9390032829070665,0.0775601526894179,0.7124371099983466,0.1850727281172783,-0.06615742450188114,-1.9941579530672833,-0.08091378431679862,2.263889170939796,1.499578703001355
58.1,0.03333333333333144,1743,1743,takeover,cartesian_freedrive,-0.9390032829070665,0.0775601526894179,0.7124371099983466,0.1850727281172783,-0.06615742450188114,-1.9941579530672833,-0.08091378431679862,2.263889170939796,1.499578703001355
58.12083333333333,0.020833333333328596,1744,1744,takeover,cartesian_freedrive,-0.9390032829070665,0.0775601526894179,0.7124371099983466,0.1850727281172783,-0.06615742450188114,-1.9941579530672833,-0.08091378431679862,2.263889170939796,1.499578703001355
