participant_id,eval_case_id,repeat_index,policy_sampling_seed,realised_route,success,success_within_route,termination_reason,primary_failure,failure_labels,target_xy_error,final_cylinder_tilt_degrees,minimum_box_cylinder_xy_distance,checkpoint_sha256,config_sha256,paired_manifest_sha256,video_path
CB01,0,0,20270807,L,0,0,policy_timeout,cylinder_topple,cylinder_toppled;policy_timeout;target_miss,0.431953,89.999999,0.228607,ce6afbea7e66b15af9a0305af9894501e244fdd323f467522e517fb8b808f4f3,288b64a2eddd34893080d76c9150a64e77127175c05b6d97c7c7072cd2712f85,10dbbe16da06b4013899e350fece05687abc8c45471b584ac5a2473a0e486dad,/cephfs/volumes/hpc_data_prj/eng_demt_robot_learning/45908032-a3fa-4719-9989-cd8d04c08f7a/polymetics_demt/rebuttal_dataset/simulation_control_bimodal_group/policy_rollouts/CB01/videos/case_00_repeat_0_execution_0.mp4
CB01,0,1,20270808,indeterminate,0,0,policy_timeout,cylinder_topple,cylinder_toppled;policy_timeout;target_miss,0.234938,89.99999,0.176684,ce6afbea7e66b15af9a0305af9894501e244fdd323f467522e517fb8b808f4f3,288b64a2eddd34893080d76c9150a64e77127175c05b6d97c7c7072cd2712f85,10dbbe16da06b4013899e350fece05687abc8c45471b584ac5a2473a0e486dad,/cephfs/volumes/hpc_data_prj/eng_demt_robot_learning/45908032-a3fa-4719-9989-cd8d04c08f7a/polymetics_demt/rebuttal_dataset/simulation_control_bimodal_group/policy_rollouts/CB01/videos/case_00_repeat_1_execution_0.mp4
CB01,1,0,20270817,R,1,1,success,success,,0.020993,4.2e-05,0.189776,ce6afbea7e66b15af9a0305af9894501e244fdd323f467522e517fb8b808f4f3,288b64a2eddd34893080d76c9150a64e77127175c05b6d97c7c7072cd2712f85,10dbbe16da06b4013899e350fece05687abc8c45471b584ac5a2473a0e486dad,/cephfs/volumes/hpc_data_prj/eng_demt_robot_learning/45908032-a3fa-4719-9989-cd8d04c08f7a/polymetics_demt/rebuttal_dataset/simulation_control_bimodal_group/policy_rollouts/CB01/videos/case_01_repeat_0_execution_0.mp4
CB01,1,1,20270818,R,1,1,success,success,,0.052503,5.1e-05,0.153272,ce6afbea7e66b15af9a0305af9894501e244fdd323f467522e517fb8b808f4f3,288b64a2eddd34893080d76c9150a64e77127175c05b6d97c7c7072cd2712f85,10dbbe16da06b4013899e350fece05687abc8c45471b584ac5a2473a0e486dad,/cephfs/volumes/hpc_data_prj/eng_demt_robot_learning/45908032-a3fa-4719-9989-cd8d04c08f7a/polymetics_demt/rebuttal_dataset/simulation_control_bimodal_group/policy_rollouts/CB01/videos/case_01_repeat_1_execution_0.mp4
CB01,2,0,20270827,indeterminate,0,0,policy_timeout,target_miss,policy_timeout;target_miss,4.860916,0.000216,0.279975,ce6afbea7e66b15af9a0305af9894501e244fdd323f467522e517fb8b808f4f3,288b64a2eddd34893080d76c9150a64e77127175c05b6d97c7c7072cd2712f85,10dbbe16da06b4013899e350fece05687abc8c45471b584ac5a2473a0e486dad,/cephfs/volumes/hpc_data_prj/eng_demt_robot_learning/45908032-a3fa-4719-9989-cd8d04c08f7a/polymetics_demt/rebuttal_dataset/simulation_control_bimodal_group/policy_rollouts/CB01/videos/case_02_repeat_0_execution_0.mp4
CB01,2,1,20270828,L,0,0,policy_timeout,target_miss,policy_timeout;target_miss,0.408026,0.000239,0.279975,ce6afbea7e66b15af9a0305af9894501e244fdd323f467522e517fb8b808f4f3,288b64a2eddd34893080d76c9150a64e77127175c05b6d97c7c7072cd2712f85,10dbbe16da06b4013899e350fece05687abc8c45471b584ac5a2473a0e486dad,/cephfs/volumes/hpc_data_prj/eng_demt_robot_learning/45908032-a3fa-4719-9989-cd8d04c08f7a/polymetics_demt/rebuttal_dataset/simulation_control_bimodal_group/policy_rollouts/CB01/videos/case_02_repeat_1_execution_0.mp4
CB01,3,0,20270837,R,0,0,policy_timeout,cylinder_topple,cylinder_toppled;policy_timeout,0.029122,90.0,0.131566,ce6afbea7e66b15af9a0305af9894501e244fdd323f467522e517fb8b808f4f3,288b64a2eddd34893080d76c9150a64e77127175c05b6d97c7c7072cd2712f85,10dbbe16da06b4013899e350fece05687abc8c45471b584ac5a2473a0e486dad,/cephfs/volumes/hpc_data_prj/eng_demt_robot_learning/45908032-a3fa-4719-9989-cd8d04c08f7a/polymetics_demt/rebuttal_dataset/simulation_control_bimodal_group/policy_rollouts/CB01/videos/case_03_repeat_0_execution_0.mp4
CB01,3,1,20270838,R,0,0,policy_timeout,cylinder_topple,cylinder_toppled;policy_timeout,0.031223,90.0,0.150304,ce6afbea7e66b15af9a0305af9894501e244fdd323f467522e517fb8b808f4f3,288b64a2eddd34893080d76c9150a64e77127175c05b6d97c7c7072cd2712f85,10dbbe16da06b4013899e350fece05687abc8c45471b584ac5a2473a0e486dad,/cephfs/volumes/hpc_data_prj/eng_demt_robot_learning/45908032-a3fa-4719-9989-cd8d04c08f7a/polymetics_demt/rebuttal_dataset/simulation_control_bimodal_group/policy_rollouts/CB01/videos/case_03_repeat_1_execution_0.mp4
CB01,4,0,20270847,R,1,1,success,success,,0.064562,0.000331,0.11668,ce6afbea7e66b15af9a0305af9894501e244fdd323f467522e517fb8b808f4f3,288b64a2eddd34893080d76c9150a64e77127175c05b6d97c7c7072cd2712f85,10dbbe16da06b4013899e350fece05687abc8c45471b584ac5a2473a0e486dad,/cephfs/volumes/hpc_data_prj/eng_demt_robot_learning/45908032-a3fa-4719-9989-cd8d04c08f7a/polymetics_demt/rebuttal_dataset/simulation_control_bimodal_group/policy_rollouts/CB01/videos/case_04_repeat_0_execution_0.mp4
CB01,4,1,20270848,R,1,1,success,success,,0.012354,1.3e-05,0.095598,ce6afbea7e66b15af9a0305af9894501e244fdd323f467522e517fb8b808f4f3,288b64a2eddd34893080d76c9150a64e77127175c05b6d97c7c7072cd2712f85,10dbbe16da06b4013899e350fece05687abc8c45471b584ac5a2473a0e486dad,/cephfs/volumes/hpc_data_prj/eng_demt_robot_learning/45908032-a3fa-4719-9989-cd8d04c08f7a/polymetics_demt/rebuttal_dataset/simulation_control_bimodal_group/policy_rollouts/CB01/videos/case_04_repeat_1_execution_0.mp4
CB01,5,0,20270857,indeterminate,0,0,policy_timeout,target_miss,policy_timeout;target_miss,0.948439,0.000355,0.369469,ce6afbea7e66b15af9a0305af9894501e244fdd323f467522e517fb8b808f4f3,288b64a2eddd34893080d76c9150a64e77127175c05b6d97c7c7072cd2712f85,10dbbe16da06b4013899e350fece05687abc8c45471b584ac5a2473a0e486dad,/cephfs/volumes/hpc_data_prj/eng_demt_robot_learning/45908032-a3fa-4719-9989-cd8d04c08f7a/polymetics_demt/rebuttal_dataset/simulation_control_bimodal_group/policy_rollouts/CB01/videos/case_05_repeat_0_execution_0.mp4
CB01,5,1,20270858,L,0,0,policy_timeout,target_miss,policy_timeout;target_miss,0.314986,9.7e-05,0.087361,ce6afbea7e66b15af9a0305af9894501e244fdd323f467522e517fb8b808f4f3,288b64a2eddd34893080d76c9150a64e77127175c05b6d97c7c7072cd2712f85,10dbbe16da06b4013899e350fece05687abc8c45471b584ac5a2473a0e486dad,/cephfs/volumes/hpc_data_prj/eng_demt_robot_learning/45908032-a3fa-4719-9989-cd8d04c08f7a/polymetics_demt/rebuttal_dataset/simulation_control_bimodal_group/policy_rollouts/CB01/videos/case_05_repeat_1_execution_0.mp4
CB01,6,0,20270867,R,1,1,success,success,,0.01302,0.000333,0.135437,ce6afbea7e66b15af9a0305af9894501e244fdd323f467522e517fb8b808f4f3,288b64a2eddd34893080d76c9150a64e77127175c05b6d97c7c7072cd2712f85,10dbbe16da06b4013899e350fece05687abc8c45471b584ac5a2473a0e486dad,/cephfs/volumes/hpc_data_prj/eng_demt_robot_learning/45908032-a3fa-4719-9989-cd8d04c08f7a/polymetics_demt/rebuttal_dataset/simulation_control_bimodal_group/policy_rollouts/CB01/videos/case_06_repeat_0_execution_0.mp4
CB01,6,1,20270868,L,0,0,policy_timeout,cylinder_topple,cylinder_toppled;policy_timeout;target_miss,0.752166,90.000096,0.122509,ce6afbea7e66b15af9a0305af9894501e244fdd323f467522e517fb8b808f4f3,288b64a2eddd34893080d76c9150a64e77127175c05b6d97c7c7072cd2712f85,10dbbe16da06b4013899e350fece05687abc8c45471b584ac5a2473a0e486dad,/cephfs/volumes/hpc_data_prj/eng_demt_robot_learning/45908032-a3fa-4719-9989-cd8d04c08f7a/polymetics_demt/rebuttal_dataset/simulation_control_bimodal_group/policy_rollouts/CB01/videos/case_06_repeat_1_execution_0.mp4
CB01,7,0,20270877,R,1,1,success,success,,0.050177,7e-05,0.153073,ce6afbea7e66b15af9a0305af9894501e244fdd323f467522e517fb8b808f4f3,288b64a2eddd34893080d76c9150a64e77127175c05b6d97c7c7072cd2712f85,10dbbe16da06b4013899e350fece05687abc8c45471b584ac5a2473a0e486dad,/cephfs/volumes/hpc_data_prj/eng_demt_robot_learning/45908032-a3fa-4719-9989-cd8d04c08f7a/polymetics_demt/rebuttal_dataset/simulation_control_bimodal_group/policy_rollouts/CB01/videos/case_07_repeat_0_execution_0.mp4
CB01,7,1,20270878,R,0,0,policy_timeout,cylinder_topple,cylinder_toppled;policy_timeout;target_miss,6.511084,90.000065,0.10862,ce6afbea7e66b15af9a0305af9894501e244fdd323f467522e517fb8b808f4f3,288b64a2eddd34893080d76c9150a64e77127175c05b6d97c7c7072cd2712f85,10dbbe16da06b4013899e350fece05687abc8c45471b584ac5a2473a0e486dad,/cephfs/volumes/hpc_data_prj/eng_demt_robot_learning/45908032-a3fa-4719-9989-cd8d04c08f7a/polymetics_demt/rebuttal_dataset/simulation_control_bimodal_group/policy_rollouts/CB01/videos/case_07_repeat_1_execution_0.mp4
CB01,8,0,20270887,L,1,1,success,success,,0.040084,0.000377,0.132792,ce6afbea7e66b15af9a0305af9894501e244fdd323f467522e517fb8b808f4f3,288b64a2eddd34893080d76c9150a64e77127175c05b6d97c7c7072cd2712f85,10dbbe16da06b4013899e350fece05687abc8c45471b584ac5a2473a0e486dad,/cephfs/volumes/hpc_data_prj/eng_demt_robot_learning/45908032-a3fa-4719-9989-cd8d04c08f7a/polymetics_demt/rebuttal_dataset/simulation_control_bimodal_group/policy_rollouts/CB01/videos/case_08_repeat_0_execution_0.mp4
CB01,8,1,20270888,L,1,1,success,success,,0.094077,0.000209,0.121793,ce6afbea7e66b15af9a0305af9894501e244fdd323f467522e517fb8b808f4f3,288b64a2eddd34893080d76c9150a64e77127175c05b6d97c7c7072cd2712f85,10dbbe16da06b4013899e350fece05687abc8c45471b584ac5a2473a0e486dad,/cephfs/volumes/hpc_data_prj/eng_demt_robot_learning/45908032-a3fa-4719-9989-cd8d04c08f7a/polymetics_demt/rebuttal_dataset/simulation_control_bimodal_group/policy_rollouts/CB01/videos/case_08_repeat_1_execution_0.mp4
CB01,9,0,20270897,R,1,1,success,success,,0.090468,5.4e-05,0.158035,ce6afbea7e66b15af9a0305af9894501e244fdd323f467522e517fb8b808f4f3,288b64a2eddd34893080d76c9150a64e77127175c05b6d97c7c7072cd2712f85,10dbbe16da06b4013899e350fece05687abc8c45471b584ac5a2473a0e486dad,/cephfs/volumes/hpc_data_prj/eng_demt_robot_learning/45908032-a3fa-4719-9989-cd8d04c08f7a/polymetics_demt/rebuttal_dataset/simulation_control_bimodal_group/policy_rollouts/CB01/videos/case_09_repeat_0_execution_0.mp4
CB01,9,1,20270898,R,1,1,success,success,,0.015488,8.8e-05,0.184157,ce6afbea7e66b15af9a0305af9894501e244fdd323f467522e517fb8b808f4f3,288b64a2eddd34893080d76c9150a64e77127175c05b6d97c7c7072cd2712f85,10dbbe16da06b4013899e350fece05687abc8c45471b584ac5a2473a0e486dad,/cephfs/volumes/hpc_data_prj/eng_demt_robot_learning/45908032-a3fa-4719-9989-cd8d04c08f7a/polymetics_demt/rebuttal_dataset/simulation_control_bimodal_group/policy_rollouts/CB01/videos/case_09_repeat_1_execution_0.mp4
CB02,0,0,20280807,indeterminate,0,0,policy_timeout,target_miss,policy_timeout;target_miss,1.215953,0.000355,0.301409,70d33b9df5b84ea17e33a79b76bc77f95923c17c17183724178d9b33b831442c,9273013acd847248992d19318c48a635ef49db7aad861bd65738718847e7f127,10dbbe16da06b4013899e350fece05687abc8c45471b584ac5a2473a0e486dad,/cephfs/volumes/hpc_data_prj/eng_demt_robot_learning/45908032-a3fa-4719-9989-cd8d04c08f7a/polymetics_demt/rebuttal_dataset/simulation_control_bimodal_group/policy_rollouts/CB02/videos/case_00_repeat_0_execution_0.mp4
CB02,0,1,20280808,indeterminate,0,0,policy_timeout,target_miss,policy_timeout;target_miss,3.38605,0.000227,0.301409,70d33b9df5b84ea17e33a79b76bc77f95923c17c17183724178d9b33b831442c,9273013acd847248992d19318c48a635ef49db7aad861bd65738718847e7f127,10dbbe16da06b4013899e350fece05687abc8c45471b584ac5a2473a0e486dad,/cephfs/volumes/hpc_data_prj/eng_demt_robot_learning/45908032-a3fa-4719-9989-cd8d04c08f7a/polymetics_demt/rebuttal_dataset/simulation_control_bimodal_group/policy_rollouts/CB02/videos/case_00_repeat_1_execution_0.mp4
CB02,1,0,20280817,R,0,0,policy_timeout,cylinder_topple,cylinder_toppled;policy_timeout,0.025193,90.0,0.111651,70d33b9df5b84ea17e33a79b76bc77f95923c17c17183724178d9b33b831442c,9273013acd847248992d19318c48a635ef49db7aad861bd65738718847e7f127,10dbbe16da06b4013899e350fece05687abc8c45471b584ac5a2473a0e486dad,/cephfs/volumes/hpc_data_prj/eng_demt_robot_learning/45908032-a3fa-4719-9989-cd8d04c08f7a/polymetics_demt/rebuttal_dataset/simulation_control_bimodal_group/policy_rollouts/CB02/videos/case_01_repeat_0_execution_0.mp4
CB02,1,1,20280818,R,0,0,policy_timeout,cylinder_topple,cylinder_toppled;policy_timeout;target_miss,0.173787,89.999999,0.120495,70d33b9df5b84ea17e33a79b76bc77f95923c17c17183724178d9b33b831442c,9273013acd847248992d19318c48a635ef49db7aad861bd65738718847e7f127,10dbbe16da06b4013899e350fece05687abc8c45471b584ac5a2473a0e486dad,/cephfs/volumes/hpc_data_prj/eng_demt_robot_learning/45908032-a3fa-4719-9989-cd8d04c08f7a/polymetics_demt/rebuttal_dataset/simulation_control_bimodal_group/policy_rollouts/CB02/videos/case_01_repeat_1_execution_0.mp4
CB02,2,0,20280827,indeterminate,0,0,policy_timeout,target_miss,policy_timeout;target_miss,4.892526,0.000226,0.279975,70d33b9df5b84ea17e33a79b76bc77f95923c17c17183724178d9b33b831442c,9273013acd847248992d19318c48a635ef49db7aad861bd65738718847e7f127,10dbbe16da06b4013899e350fece05687abc8c45471b584ac5a2473a0e486dad,/cephfs/volumes/hpc_data_prj/eng_demt_robot_learning/45908032-a3fa-4719-9989-cd8d04c08f7a/polymetics_demt/rebuttal_dataset/simulation_control_bimodal_group/policy_rollouts/CB02/videos/case_02_repeat_0_execution_0.mp4
CB02,2,1,20280828,indeterminate,0,0,policy_timeout,target_miss,policy_timeout;target_miss,3.262743,0.000342,0.279975,70d33b9df5b84ea17e33a79b76bc77f95923c17c17183724178d9b33b831442c,9273013acd847248992d19318c48a635ef49db7aad861bd65738718847e7f127,10dbbe16da06b4013899e350fece05687abc8c45471b584ac5a2473a0e486dad,/cephfs/volumes/hpc_data_prj/eng_demt_robot_learning/45908032-a3fa-4719-9989-cd8d04c08f7a/polymetics_demt/rebuttal_dataset/simulation_control_bimodal_group/policy_rollouts/CB02/videos/case_02_repeat_1_execution_0.mp4
CB02,3,0,20280837,R,0,0,policy_timeout,cylinder_topple,cylinder_toppled;policy_timeout,0.028567,89.99994,0.057024,70d33b9df5b84ea17e33a79b76bc77f95923c17c17183724178d9b33b831442c,9273013acd847248992d19318c48a635ef49db7aad861bd65738718847e7f127,10dbbe16da06b4013899e350fece05687abc8c45471b584ac5a2473a0e486dad,/cephfs/volumes/hpc_data_prj/eng_demt_robot_learning/45908032-a3fa-4719-9989-cd8d04c08f7a/polymetics_demt/rebuttal_dataset/simulation_control_bimodal_group/policy_rollouts/CB02/videos/case_03_repeat_0_execution_0.mp4
CB02,3,1,20280838,R,0,0,policy_timeout,cylinder_topple,cylinder_toppled;policy_timeout,0.082151,90.000045,0.04641,70d33b9df5b84ea17e33a79b76bc77f95923c17c17183724178d9b33b831442c,9273013acd847248992d19318c48a635ef49db7aad861bd65738718847e7f127,10dbbe16da06b4013899e350fece05687abc8c45471b584ac5a2473a0e486dad,/cephfs/volumes/hpc_data_prj/eng_demt_robot_learning/45908032-a3fa-4719-9989-cd8d04c08f7a/polymetics_demt/rebuttal_dataset/simulation_control_bimodal_group/policy_rollouts/CB02/videos/case_03_repeat_1_execution_0.mp4
CB02,4,0,20280847,L,1,1,success,success,,0.036633,9e-06,0.163483,70d33b9df5b84ea17e33a79b76bc77f95923c17c17183724178d9b33b831442c,9273013acd847248992d19318c48a635ef49db7aad861bd65738718847e7f127,10dbbe16da06b4013899e350fece05687abc8c45471b584ac5a2473a0e486dad,/cephfs/volumes/hpc_data_prj/eng_demt_robot_learning/45908032-a3fa-4719-9989-cd8d04c08f7a/polymetics_demt/rebuttal_dataset/simulation_control_bimodal_group/policy_rollouts/CB02/videos/case_04_repeat_0_execution_0.mp4
CB02,4,1,20280848,L,1,1,success,success,,0.02072,7e-06,0.175586,70d33b9df5b84ea17e33a79b76bc77f95923c17c17183724178d9b33b831442c,9273013acd847248992d19318c48a635ef49db7aad861bd65738718847e7f127,10dbbe16da06b4013899e350fece05687abc8c45471b584ac5a2473a0e486dad,/cephfs/volumes/hpc_data_prj/eng_demt_robot_learning/45908032-a3fa-4719-9989-cd8d04c08f7a/polymetics_demt/rebuttal_dataset/simulation_control_bimodal_group/policy_rollouts/CB02/videos/case_04_repeat_1_execution_0.mp4
CB02,5,0,20280857,L,1,1,success,success,,0.095062,0.00038,0.09752,70d33b9df5b84ea17e33a79b76bc77f95923c17c17183724178d9b33b831442c,9273013acd847248992d19318c48a635ef49db7aad861bd65738718847e7f127,10dbbe16da06b4013899e350fece05687abc8c45471b584ac5a2473a0e486dad,/cephfs/volumes/hpc_data_prj/eng_demt_robot_learning/45908032-a3fa-4719-9989-cd8d04c08f7a/polymetics_demt/rebuttal_dataset/simulation_control_bimodal_group/policy_rollouts/CB02/videos/case_05_repeat_0_execution_0.mp4
CB02,5,1,20280858,L,1,1,success,success,,0.031059,7e-06,0.19523,70d33b9df5b84ea17e33a79b76bc77f95923c17c17183724178d9b33b831442c,9273013acd847248992d19318c48a635ef49db7aad861bd65738718847e7f127,10dbbe16da06b4013899e350fece05687abc8c45471b584ac5a2473a0e486dad,/cephfs/volumes/hpc_data_prj/eng_demt_robot_learning/45908032-a3fa-4719-9989-cd8d04c08f7a/polymetics_demt/rebuttal_dataset/simulation_control_bimodal_group/policy_rollouts/CB02/videos/case_05_repeat_1_execution_0.mp4
CB02,6,0,20280867,R,0,0,policy_timeout,cylinder_topple,cylinder_toppled;policy_timeout,0.007943,90.000017,0.106451,70d33b9df5b84ea17e33a79b76bc77f95923c17c17183724178d9b33b831442c,9273013acd847248992d19318c48a635ef49db7aad861bd65738718847e7f127,10dbbe16da06b4013899e350fece05687abc8c45471b584ac5a2473a0e486dad,/cephfs/volumes/hpc_data_prj/eng_demt_robot_learning/45908032-a3fa-4719-9989-cd8d04c08f7a/polymetics_demt/rebuttal_dataset/simulation_control_bimodal_group/policy_rollouts/CB02/videos/case_06_repeat_0_execution_0.mp4
CB02,6,1,20280868,L,1,1,success,success,,0.031222,5e-06,0.178774,70d33b9df5b84ea17e33a79b76bc77f95923c17c17183724178d9b33b831442c,9273013acd847248992d19318c48a635ef49db7aad861bd65738718847e7f127,10dbbe16da06b4013899e350fece05687abc8c45471b584ac5a2473a0e486dad,/cephfs/volumes/hpc_data_prj/eng_demt_robot_learning/45908032-a3fa-4719-9989-cd8d04c08f7a/polymetics_demt/rebuttal_dataset/simulation_control_bimodal_group/policy_rollouts/CB02/videos/case_06_repeat_1_execution_0.mp4
CB02,7,0,20280877,R,0,0,policy_timeout,cylinder_topple,cylinder_toppled;policy_timeout,0.012245,90.0,0.115419,70d33b9df5b84ea17e33a79b76bc77f95923c17c17183724178d9b33b831442c,9273013acd847248992d19318c48a635ef49db7aad861bd65738718847e7f127,10dbbe16da06b4013899e350fece05687abc8c45471b584ac5a2473a0e486dad,/cephfs/volumes/hpc_data_prj/eng_demt_robot_learning/45908032-a3fa-4719-9989-cd8d04c08f7a/polymetics_demt/rebuttal_dataset/simulation_control_bimodal_group/policy_rollouts/CB02/videos/case_07_repeat_0_execution_0.mp4
CB02,7,1,20280878,R,0,0,policy_timeout,cylinder_topple,cylinder_toppled;policy_timeout,0.017697,89.999998,0.083227,70d33b9df5b84ea17e33a79b76bc77f95923c17c17183724178d9b33b831442c,9273013acd847248992d19318c48a635ef49db7aad861bd65738718847e7f127,10dbbe16da06b4013899e350fece05687abc8c45471b584ac5a2473a0e486dad,/cephfs/volumes/hpc_data_prj/eng_demt_robot_learning/45908032-a3fa-4719-9989-cd8d04c08f7a/polymetics_demt/rebuttal_dataset/simulation_control_bimodal_group/policy_rollouts/CB02/videos/case_07_repeat_1_execution_0.mp4
CB02,8,0,20280887,L,1,1,success,success,,0.034338,9e-06,0.108354,70d33b9df5b84ea17e33a79b76bc77f95923c17c17183724178d9b33b831442c,9273013acd847248992d19318c48a635ef49db7aad861bd65738718847e7f127,10dbbe16da06b4013899e350fece05687abc8c45471b584ac5a2473a0e486dad,/cephfs/volumes/hpc_data_prj/eng_demt_robot_learning/45908032-a3fa-4719-9989-cd8d04c08f7a/polymetics_demt/rebuttal_dataset/simulation_control_bimodal_group/policy_rollouts/CB02/videos/case_08_repeat_0_execution_0.mp4
CB02,8,1,20280888,L,1,1,success,success,,0.056982,3e-06,0.176545,70d33b9df5b84ea17e33a79b76bc77f95923c17c17183724178d9b33b831442c,9273013acd847248992d19318c48a635ef49db7aad861bd65738718847e7f127,10dbbe16da06b4013899e350fece05687abc8c45471b584ac5a2473a0e486dad,/cephfs/volumes/hpc_data_prj/eng_demt_robot_learning/45908032-a3fa-4719-9989-cd8d04c08f7a/polymetics_demt/rebuttal_dataset/simulation_control_bimodal_group/policy_rollouts/CB02/videos/case_08_repeat_1_execution_0.mp4
CB02,9,0,20280897,R,0,0,policy_timeout,cylinder_topple,cylinder_toppled;policy_timeout,0.003486,89.999998,0.143119,70d33b9df5b84ea17e33a79b76bc77f95923c17c17183724178d9b33b831442c,9273013acd847248992d19318c48a635ef49db7aad861bd65738718847e7f127,10dbbe16da06b4013899e350fece05687abc8c45471b584ac5a2473a0e486dad,/cephfs/volumes/hpc_data_prj/eng_demt_robot_learning/45908032-a3fa-4719-9989-cd8d04c08f7a/polymetics_demt/rebuttal_dataset/simulation_control_bimodal_group/policy_rollouts/CB02/videos/case_09_repeat_0_execution_0.mp4
CB02,9,1,20280898,R,0,0,policy_timeout,cylinder_topple,cylinder_toppled;policy_timeout,0.052438,89.999998,0.090986,70d33b9df5b84ea17e33a79b76bc77f95923c17c17183724178d9b33b831442c,9273013acd847248992d19318c48a635ef49db7aad861bd65738718847e7f127,10dbbe16da06b4013899e350fece05687abc8c45471b584ac5a2473a0e486dad,/cephfs/volumes/hpc_data_prj/eng_demt_robot_learning/45908032-a3fa-4719-9989-cd8d04c08f7a/polymetics_demt/rebuttal_dataset/simulation_control_bimodal_group/policy_rollouts/CB02/videos/case_09_repeat_1_execution_0.mp4
CB03,0,0,20290807,indeterminate,0,0,policy_timeout,target_miss,policy_timeout;target_miss,0.433861,0.000355,0.218993,07b1943c26c51e279a019da9916bf485f220bc3021bb9a3d4ae54f9facddb6d1,aa7033f1633e1798adada163fd6062556c4f8539d77c04cda392384a856c3707,10dbbe16da06b4013899e350fece05687abc8c45471b584ac5a2473a0e486dad,/cephfs/volumes/hpc_data_prj/eng_demt_robot_learning/45908032-a3fa-4719-9989-cd8d04c08f7a/polymetics_demt/rebuttal_dataset/simulation_control_bimodal_group/policy_rollouts/CB03/videos/case_00_repeat_0_execution_0.mp4
CB03,0,1,20290808,L,0,0,policy_timeout,cylinder_topple,cylinder_toppled;policy_timeout;target_miss,0.246454,89.999957,0.072821,07b1943c26c51e279a019da9916bf485f220bc3021bb9a3d4ae54f9facddb6d1,aa7033f1633e1798adada163fd6062556c4f8539d77c04cda392384a856c3707,10dbbe16da06b4013899e350fece05687abc8c45471b584ac5a2473a0e486dad,/cephfs/volumes/hpc_data_prj/eng_demt_robot_learning/45908032-a3fa-4719-9989-cd8d04c08f7a/polymetics_demt/rebuttal_dataset/simulation_control_bimodal_group/policy_rollouts/CB03/videos/case_00_repeat_1_execution_0.mp4
CB03,1,0,20290817,R,0,0,policy_timeout,cylinder_topple,cylinder_toppled;policy_timeout;target_miss,0.287572,89.999983,0.105481,07b1943c26c51e279a019da9916bf485f220bc3021bb9a3d4ae54f9facddb6d1,aa7033f1633e1798adada163fd6062556c4f8539d77c04cda392384a856c3707,10dbbe16da06b4013899e350fece05687abc8c45471b584ac5a2473a0e486dad,/cephfs/volumes/hpc_data_prj/eng_demt_robot_learning/45908032-a3fa-4719-9989-cd8d04c08f7a/polymetics_demt/rebuttal_dataset/simulation_control_bimodal_group/policy_rollouts/CB03/videos/case_01_repeat_0_execution_0.mp4
CB03,1,1,20290818,R,1,1,success,success,,0.008769,4.8e-05,0.182597,07b1943c26c51e279a019da9916bf485f220bc3021bb9a3d4ae54f9facddb6d1,aa7033f1633e1798adada163fd6062556c4f8539d77c04cda392384a856c3707,10dbbe16da06b4013899e350fece05687abc8c45471b584ac5a2473a0e486dad,/cephfs/volumes/hpc_data_prj/eng_demt_robot_learning/45908032-a3fa-4719-9989-cd8d04c08f7a/polymetics_demt/rebuttal_dataset/simulation_control_bimodal_group/policy_rollouts/CB03/videos/case_01_repeat_1_execution_0.mp4
CB03,2,0,20290827,indeterminate,0,0,policy_timeout,target_miss,policy_timeout;target_miss,0.433495,4e-06,0.088438,07b1943c26c51e279a019da9916bf485f220bc3021bb9a3d4ae54f9facddb6d1,aa7033f1633e1798adada163fd6062556c4f8539d77c04cda392384a856c3707,10dbbe16da06b4013899e350fece05687abc8c45471b584ac5a2473a0e486dad,/cephfs/volumes/hpc_data_prj/eng_demt_robot_learning/45908032-a3fa-4719-9989-cd8d04c08f7a/polymetics_demt/rebuttal_dataset/simulation_control_bimodal_group/policy_rollouts/CB03/videos/case_02_repeat_0_execution_0.mp4
CB03,2,1,20290828,L,0,0,policy_timeout,target_miss,policy_timeout;target_miss,0.268408,0.000354,0.121179,07b1943c26c51e279a019da9916bf485f220bc3021bb9a3d4ae54f9facddb6d1,aa7033f1633e1798adada163fd6062556c4f8539d77c04cda392384a856c3707,10dbbe16da06b4013899e350fece05687abc8c45471b584ac5a2473a0e486dad,/cephfs/volumes/hpc_data_prj/eng_demt_robot_learning/45908032-a3fa-4719-9989-cd8d04c08f7a/polymetics_demt/rebuttal_dataset/simulation_control_bimodal_group/policy_rollouts/CB03/videos/case_02_repeat_1_execution_0.mp4
CB03,3,0,20290837,R,0,0,policy_timeout,cylinder_topple,cylinder_toppled;policy_timeout,0.014604,89.999998,0.094595,07b1943c26c51e279a019da9916bf485f220bc3021bb9a3d4ae54f9facddb6d1,aa7033f1633e1798adada163fd6062556c4f8539d77c04cda392384a856c3707,10dbbe16da06b4013899e350fece05687abc8c45471b584ac5a2473a0e486dad,/cephfs/volumes/hpc_data_prj/eng_demt_robot_learning/45908032-a3fa-4719-9989-cd8d04c08f7a/polymetics_demt/rebuttal_dataset/simulation_control_bimodal_group/policy_rollouts/CB03/videos/case_03_repeat_0_execution_0.mp4
CB03,3,1,20290838,R,1,1,success,success,,0.021803,4.6e-05,0.174699,07b1943c26c51e279a019da9916bf485f220bc3021bb9a3d4ae54f9facddb6d1,aa7033f1633e1798adada163fd6062556c4f8539d77c04cda392384a856c3707,10dbbe16da06b4013899e350fece05687abc8c45471b584ac5a2473a0e486dad,/cephfs/volumes/hpc_data_prj/eng_demt_robot_learning/45908032-a3fa-4719-9989-cd8d04c08f7a/polymetics_demt/rebuttal_dataset/simulation_control_bimodal_group/policy_rollouts/CB03/videos/case_03_repeat_1_execution_0.mp4
CB03,4,0,20290847,R,0,0,policy_timeout,cylinder_topple,cylinder_toppled;policy_timeout,0.007068,90.000011,0.004043,07b1943c26c51e279a019da9916bf485f220bc3021bb9a3d4ae54f9facddb6d1,aa7033f1633e1798adada163fd6062556c4f8539d77c04cda392384a856c3707,10dbbe16da06b4013899e350fece05687abc8c45471b584ac5a2473a0e486dad,/cephfs/volumes/hpc_data_prj/eng_demt_robot_learning/45908032-a3fa-4719-9989-cd8d04c08f7a/polymetics_demt/rebuttal_dataset/simulation_control_bimodal_group/policy_rollouts/CB03/videos/case_04_repeat_0_execution_0.mp4
CB03,4,1,20290848,L,1,1,success,success,,0.01299,7e-06,0.035797,07b1943c26c51e279a019da9916bf485f220bc3021bb9a3d4ae54f9facddb6d1,aa7033f1633e1798adada163fd6062556c4f8539d77c04cda392384a856c3707,10dbbe16da06b4013899e350fece05687abc8c45471b584ac5a2473a0e486dad,/cephfs/volumes/hpc_data_prj/eng_demt_robot_learning/45908032-a3fa-4719-9989-cd8d04c08f7a/polymetics_demt/rebuttal_dataset/simulation_control_bimodal_group/policy_rollouts/CB03/videos/case_04_repeat_1_execution_0.mp4
CB03,5,0,20290857,L,0,0,policy_timeout,cylinder_topple,cylinder_toppled;policy_timeout,0.018156,89.999998,0.024566,07b1943c26c51e279a019da9916bf485f220bc3021bb9a3d4ae54f9facddb6d1,aa7033f1633e1798adada163fd6062556c4f8539d77c04cda392384a856c3707,10dbbe16da06b4013899e350fece05687abc8c45471b584ac5a2473a0e486dad,/cephfs/volumes/hpc_data_prj/eng_demt_robot_learning/45908032-a3fa-4719-9989-cd8d04c08f7a/polymetics_demt/rebuttal_dataset/simulation_control_bimodal_group/policy_rollouts/CB03/videos/case_05_repeat_0_execution_0.mp4
CB03,5,1,20290858,R,0,0,policy_timeout,cylinder_topple,cylinder_toppled;policy_timeout;target_miss,5.800546,89.999998,0.369469,07b1943c26c51e279a019da9916bf485f220bc3021bb9a3d4ae54f9facddb6d1,aa7033f1633e1798adada163fd6062556c4f8539d77c04cda392384a856c3707,10dbbe16da06b4013899e350fece05687abc8c45471b584ac5a2473a0e486dad,/cephfs/volumes/hpc_data_prj/eng_demt_robot_learning/45908032-a3fa-4719-9989-cd8d04c08f7a/polymetics_demt/rebuttal_dataset/simulation_control_bimodal_group/policy_rollouts/CB03/videos/case_05_repeat_1_execution_0.mp4
CB03,6,0,20290867,R,1,1,success,success,,0.024089,3e-05,0.195892,07b1943c26c51e279a019da9916bf485f220bc3021bb9a3d4ae54f9facddb6d1,aa7033f1633e1798adada163fd6062556c4f8539d77c04cda392384a856c3707,10dbbe16da06b4013899e350fece05687abc8c45471b584ac5a2473a0e486dad,/cephfs/volumes/hpc_data_prj/eng_demt_robot_learning/45908032-a3fa-4719-9989-cd8d04c08f7a/polymetics_demt/rebuttal_dataset/simulation_control_bimodal_group/policy_rollouts/CB03/videos/case_06_repeat_0_execution_0.mp4
CB03,6,1,20290868,R,0,0,policy_timeout,cylinder_topple,cylinder_toppled;policy_timeout,0.021596,90.0,0.058914,07b1943c26c51e279a019da9916bf485f220bc3021bb9a3d4ae54f9facddb6d1,aa7033f1633e1798adada163fd6062556c4f8539d77c04cda392384a856c3707,10dbbe16da06b4013899e350fece05687abc8c45471b584ac5a2473a0e486dad,/cephfs/volumes/hpc_data_prj/eng_demt_robot_learning/45908032-a3fa-4719-9989-cd8d04c08f7a/polymetics_demt/rebuttal_dataset/simulation_control_bimodal_group/policy_rollouts/CB03/videos/case_06_repeat_1_execution_0.mp4
CB03,7,0,20290877,R,1,1,success,success,,0.014834,0.0,0.194394,07b1943c26c51e279a019da9916bf485f220bc3021bb9a3d4ae54f9facddb6d1,aa7033f1633e1798adada163fd6062556c4f8539d77c04cda392384a856c3707,10dbbe16da06b4013899e350fece05687abc8c45471b584ac5a2473a0e486dad,/cephfs/volumes/hpc_data_prj/eng_demt_robot_learning/45908032-a3fa-4719-9989-cd8d04c08f7a/polymetics_demt/rebuttal_dataset/simulation_control_bimodal_group/policy_rollouts/CB03/videos/case_07_repeat_0_execution_0.mp4
CB03,7,1,20290878,L,0,0,policy_timeout,target_miss,policy_timeout;target_miss,0.330674,0.000321,0.148408,07b1943c26c51e279a019da9916bf485f220bc3021bb9a3d4ae54f9facddb6d1,aa7033f1633e1798adada163fd6062556c4f8539d77c04cda392384a856c3707,10dbbe16da06b4013899e350fece05687abc8c45471b584ac5a2473a0e486dad,/cephfs/volumes/hpc_data_prj/eng_demt_robot_learning/45908032-a3fa-4719-9989-cd8d04c08f7a/polymetics_demt/rebuttal_dataset/simulation_control_bimodal_group/policy_rollouts/CB03/videos/case_07_repeat_1_execution_0.mp4
CB03,8,0,20290887,R,1,1,success,success,,0.009104,2.8e-05,0.137711,07b1943c26c51e279a019da9916bf485f220bc3021bb9a3d4ae54f9facddb6d1,aa7033f1633e1798adada163fd6062556c4f8539d77c04cda392384a856c3707,10dbbe16da06b4013899e350fece05687abc8c45471b584ac5a2473a0e486dad,/cephfs/volumes/hpc_data_prj/eng_demt_robot_learning/45908032-a3fa-4719-9989-cd8d04c08f7a/polymetics_demt/rebuttal_dataset/simulation_control_bimodal_group/policy_rollouts/CB03/videos/case_08_repeat_0_execution_0.mp4
CB03,8,1,20290888,R,1,1,success,success,,0.008068,1e-05,0.160143,07b1943c26c51e279a019da9916bf485f220bc3021bb9a3d4ae54f9facddb6d1,aa7033f1633e1798adada163fd6062556c4f8539d77c04cda392384a856c3707,10dbbe16da06b4013899e350fece05687abc8c45471b584ac5a2473a0e486dad,/cephfs/volumes/hpc_data_prj/eng_demt_robot_learning/45908032-a3fa-4719-9989-cd8d04c08f7a/polymetics_demt/rebuttal_dataset/simulation_control_bimodal_group/policy_rollouts/CB03/videos/case_08_repeat_1_execution_0.mp4
CB03,9,0,20290897,R,0,0,policy_timeout,cylinder_topple,cylinder_toppled;policy_timeout;target_miss,0.205332,89.99999,0.182476,07b1943c26c51e279a019da9916bf485f220bc3021bb9a3d4ae54f9facddb6d1,aa7033f1633e1798adada163fd6062556c4f8539d77c04cda392384a856c3707,10dbbe16da06b4013899e350fece05687abc8c45471b584ac5a2473a0e486dad,/cephfs/volumes/hpc_data_prj/eng_demt_robot_learning/45908032-a3fa-4719-9989-cd8d04c08f7a/polymetics_demt/rebuttal_dataset/simulation_control_bimodal_group/policy_rollouts/CB03/videos/case_09_repeat_0_execution_0.mp4
CB03,9,1,20290898,R,1,1,success,success,,0.08979,4.7e-05,0.149287,07b1943c26c51e279a019da9916bf485f220bc3021bb9a3d4ae54f9facddb6d1,aa7033f1633e1798adada163fd6062556c4f8539d77c04cda392384a856c3707,10dbbe16da06b4013899e350fece05687abc8c45471b584ac5a2473a0e486dad,/cephfs/volumes/hpc_data_prj/eng_demt_robot_learning/45908032-a3fa-4719-9989-cd8d04c08f7a/polymetics_demt/rebuttal_dataset/simulation_control_bimodal_group/policy_rollouts/CB03/videos/case_09_repeat_1_execution_0.mp4
CB04,0,0,20300807,indeterminate,0,0,policy_timeout,cylinder_topple,cylinder_toppled;policy_timeout;target_miss,0.941875,90.0,0.301409,072f30e76c0d9670fc500efed88e808db8b2b662de0c2d879ccb68a626a34621,6f656e027803197983823a530ac0e34babca7145301ec54a400a3dc816c06317,10dbbe16da06b4013899e350fece05687abc8c45471b584ac5a2473a0e486dad,/cephfs/volumes/hpc_data_prj/eng_demt_robot_learning/45908032-a3fa-4719-9989-cd8d04c08f7a/polymetics_demt/rebuttal_dataset/simulation_control_bimodal_group/policy_rollouts/CB04/videos/case_00_repeat_0_execution_0.mp4
CB04,0,1,20300808,indeterminate,0,0,policy_timeout,target_miss,policy_timeout;target_miss,3.57383,3e-06,0.301409,072f30e76c0d9670fc500efed88e808db8b2b662de0c2d879ccb68a626a34621,6f656e027803197983823a530ac0e34babca7145301ec54a400a3dc816c06317,10dbbe16da06b4013899e350fece05687abc8c45471b584ac5a2473a0e486dad,/cephfs/volumes/hpc_data_prj/eng_demt_robot_learning/45908032-a3fa-4719-9989-cd8d04c08f7a/polymetics_demt/rebuttal_dataset/simulation_control_bimodal_group/policy_rollouts/CB04/videos/case_00_repeat_1_execution_0.mp4
CB04,1,0,20300817,R,0,0,policy_timeout,cylinder_topple,cylinder_toppled;policy_timeout,0.004393,89.999925,0.135442,072f30e76c0d9670fc500efed88e808db8b2b662de0c2d879ccb68a626a34621,6f656e027803197983823a530ac0e34babca7145301ec54a400a3dc816c06317,10dbbe16da06b4013899e350fece05687abc8c45471b584ac5a2473a0e486dad,/cephfs/volumes/hpc_data_prj/eng_demt_robot_learning/45908032-a3fa-4719-9989-cd8d04c08f7a/polymetics_demt/rebuttal_dataset/simulation_control_bimodal_group/policy_rollouts/CB04/videos/case_01_repeat_0_execution_0.mp4
CB04,1,1,20300818,R,0,0,policy_timeout,cylinder_topple,cylinder_toppled;policy_timeout,0.008338,90.000013,0.178949,072f30e76c0d9670fc500efed88e808db8b2b662de0c2d879ccb68a626a34621,6f656e027803197983823a530ac0e34babca7145301ec54a400a3dc816c06317,10dbbe16da06b4013899e350fece05687abc8c45471b584ac5a2473a0e486dad,/cephfs/volumes/hpc_data_prj/eng_demt_robot_learning/45908032-a3fa-4719-9989-cd8d04c08f7a/polymetics_demt/rebuttal_dataset/simulation_control_bimodal_group/policy_rollouts/CB04/videos/case_01_repeat_1_execution_0.mp4
CB04,2,0,20300827,L,0,0,policy_timeout,cylinder_topple,cylinder_toppled;policy_timeout;target_miss,0.142513,89.999999,0.153213,072f30e76c0d9670fc500efed88e808db8b2b662de0c2d879ccb68a626a34621,6f656e027803197983823a530ac0e34babca7145301ec54a400a3dc816c06317,10dbbe16da06b4013899e350fece05687abc8c45471b584ac5a2473a0e486dad,/cephfs/volumes/hpc_data_prj/eng_demt_robot_learning/45908032-a3fa-4719-9989-cd8d04c08f7a/polymetics_demt/rebuttal_dataset/simulation_control_bimodal_group/policy_rollouts/CB04/videos/case_02_repeat_0_execution_0.mp4
CB04,2,1,20300828,indeterminate,0,0,policy_timeout,target_miss,policy_timeout;target_miss,0.424286,0.000232,0.177738,072f30e76c0d9670fc500efed88e808db8b2b662de0c2d879ccb68a626a34621,6f656e027803197983823a530ac0e34babca7145301ec54a400a3dc816c06317,10dbbe16da06b4013899e350fece05687abc8c45471b584ac5a2473a0e486dad,/cephfs/volumes/hpc_data_prj/eng_demt_robot_learning/45908032-a3fa-4719-9989-cd8d04c08f7a/polymetics_demt/rebuttal_dataset/simulation_control_bimodal_group/policy_rollouts/CB04/videos/case_02_repeat_1_execution_0.mp4
CB04,3,0,20300837,R,0,0,policy_timeout,cylinder_topple,cylinder_toppled;policy_timeout,0.009172,89.999997,0.136161,072f30e76c0d9670fc500efed88e808db8b2b662de0c2d879ccb68a626a34621,6f656e027803197983823a530ac0e34babca7145301ec54a400a3dc816c06317,10dbbe16da06b4013899e350fece05687abc8c45471b584ac5a2473a0e486dad,/cephfs/volumes/hpc_data_prj/eng_demt_robot_learning/45908032-a3fa-4719-9989-cd8d04c08f7a/polymetics_demt/rebuttal_dataset/simulation_control_bimodal_group/policy_rollouts/CB04/videos/case_03_repeat_0_execution_0.mp4
CB04,3,1,20300838,R,1,1,success,success,,0.014453,2.9e-05,0.132228,072f30e76c0d9670fc500efed88e808db8b2b662de0c2d879ccb68a626a34621,6f656e027803197983823a530ac0e34babca7145301ec54a400a3dc816c06317,10dbbe16da06b4013899e350fece05687abc8c45471b584ac5a2473a0e486dad,/cephfs/volumes/hpc_data_prj/eng_demt_robot_learning/45908032-a3fa-4719-9989-cd8d04c08f7a/polymetics_demt/rebuttal_dataset/simulation_control_bimodal_group/policy_rollouts/CB04/videos/case_03_repeat_1_execution_0.mp4
CB04,4,0,20300847,R,0,0,policy_timeout,cylinder_topple,cylinder_toppled;policy_timeout;target_miss,0.666272,89.999999,0.17624,072f30e76c0d9670fc500efed88e808db8b2b662de0c2d879ccb68a626a34621,6f656e027803197983823a530ac0e34babca7145301ec54a400a3dc816c06317,10dbbe16da06b4013899e350fece05687abc8c45471b584ac5a2473a0e486dad,/cephfs/volumes/hpc_data_prj/eng_demt_robot_learning/45908032-a3fa-4719-9989-cd8d04c08f7a/polymetics_demt/rebuttal_dataset/simulation_control_bimodal_group/policy_rollouts/CB04/videos/case_04_repeat_0_execution_0.mp4
CB04,4,1,20300848,R,0,0,policy_timeout,cylinder_topple,cylinder_toppled;policy_timeout;target_miss,0.143616,89.999995,0.144216,072f30e76c0d9670fc500efed88e808db8b2b662de0c2d879ccb68a626a34621,6f656e027803197983823a530ac0e34babca7145301ec54a400a3dc816c06317,10dbbe16da06b4013899e350fece05687abc8c45471b584ac5a2473a0e486dad,/cephfs/volumes/hpc_data_prj/eng_demt_robot_learning/45908032-a3fa-4719-9989-cd8d04c08f7a/polymetics_demt/rebuttal_dataset/simulation_control_bimodal_group/policy_rollouts/CB04/videos/case_04_repeat_1_execution_0.mp4
CB04,5,0,20300857,R,1,1,success,success,,0.013224,0.000387,0.190371,072f30e76c0d9670fc500efed88e808db8b2b662de0c2d879ccb68a626a34621,6f656e027803197983823a530ac0e34babca7145301ec54a400a3dc816c06317,10dbbe16da06b4013899e350fece05687abc8c45471b584ac5a2473a0e486dad,/cephfs/volumes/hpc_data_prj/eng_demt_robot_learning/45908032-a3fa-4719-9989-cd8d04c08f7a/polymetics_demt/rebuttal_dataset/simulation_control_bimodal_group/policy_rollouts/CB04/videos/case_05_repeat_0_execution_0.mp4
CB04,5,1,20300858,L,0,0,policy_timeout,cylinder_topple,cylinder_toppled;policy_timeout;target_miss,0.150018,89.999999,0.186974,072f30e76c0d9670fc500efed88e808db8b2b662de0c2d879ccb68a626a34621,6f656e027803197983823a530ac0e34babca7145301ec54a400a3dc816c06317,10dbbe16da06b4013899e350fece05687abc8c45471b584ac5a2473a0e486dad,/cephfs/volumes/hpc_data_prj/eng_demt_robot_learning/45908032-a3fa-4719-9989-cd8d04c08f7a/polymetics_demt/rebuttal_dataset/simulation_control_bimodal_group/policy_rollouts/CB04/videos/case_05_repeat_1_execution_0.mp4
CB04,6,0,20300867,L,0,0,policy_timeout,cylinder_topple,cylinder_toppled;policy_timeout;target_miss,1.83453,89.999998,0.138255,072f30e76c0d9670fc500efed88e808db8b2b662de0c2d879ccb68a626a34621,6f656e027803197983823a530ac0e34babca7145301ec54a400a3dc816c06317,10dbbe16da06b4013899e350fece05687abc8c45471b584ac5a2473a0e486dad,/cephfs/volumes/hpc_data_prj/eng_demt_robot_learning/45908032-a3fa-4719-9989-cd8d04c08f7a/polymetics_demt/rebuttal_dataset/simulation_control_bimodal_group/policy_rollouts/CB04/videos/case_06_repeat_0_execution_0.mp4
CB04,6,1,20300868,R,0,0,policy_timeout,cylinder_topple,cylinder_toppled;policy_timeout,0.075964,89.999923,0.066411,072f30e76c0d9670fc500efed88e808db8b2b662de0c2d879ccb68a626a34621,6f656e027803197983823a530ac0e34babca7145301ec54a400a3dc816c06317,10dbbe16da06b4013899e350fece05687abc8c45471b584ac5a2473a0e486dad,/cephfs/volumes/hpc_data_prj/eng_demt_robot_learning/45908032-a3fa-4719-9989-cd8d04c08f7a/polymetics_demt/rebuttal_dataset/simulation_control_bimodal_group/policy_rollouts/CB04/videos/case_06_repeat_1_execution_0.mp4
CB04,7,0,20300877,R,0,0,policy_timeout,cylinder_topple,cylinder_toppled;policy_timeout,0.019351,89.999998,0.145257,072f30e76c0d9670fc500efed88e808db8b2b662de0c2d879ccb68a626a34621,6f656e027803197983823a530ac0e34babca7145301ec54a400a3dc816c06317,10dbbe16da06b4013899e350fece05687abc8c45471b584ac5a2473a0e486dad,/cephfs/volumes/hpc_data_prj/eng_demt_robot_learning/45908032-a3fa-4719-9989-cd8d04c08f7a/polymetics_demt/rebuttal_dataset/simulation_control_bimodal_group/policy_rollouts/CB04/videos/case_07_repeat_0_execution_0.mp4
CB04,7,1,20300878,R,0,0,policy_timeout,cylinder_topple,cylinder_toppled;policy_timeout,0.054076,90.0,0.155581,072f30e76c0d9670fc500efed88e808db8b2b662de0c2d879ccb68a626a34621,6f656e027803197983823a530ac0e34babca7145301ec54a400a3dc816c06317,10dbbe16da06b4013899e350fece05687abc8c45471b584ac5a2473a0e486dad,/cephfs/volumes/hpc_data_prj/eng_demt_robot_learning/45908032-a3fa-4719-9989-cd8d04c08f7a/polymetics_demt/rebuttal_dataset/simulation_control_bimodal_group/policy_rollouts/CB04/videos/case_07_repeat_1_execution_0.mp4
CB04,8,0,20300887,R,1,1,success,success,,0.019985,3e-05,0.12785,072f30e76c0d9670fc500efed88e808db8b2b662de0c2d879ccb68a626a34621,6f656e027803197983823a530ac0e34babca7145301ec54a400a3dc816c06317,10dbbe16da06b4013899e350fece05687abc8c45471b584ac5a2473a0e486dad,/cephfs/volumes/hpc_data_prj/eng_demt_robot_learning/45908032-a3fa-4719-9989-cd8d04c08f7a/polymetics_demt/rebuttal_dataset/simulation_control_bimodal_group/policy_rollouts/CB04/videos/case_08_repeat_0_execution_0.mp4
CB04,8,1,20300888,R,0,0,policy_timeout,cylinder_topple,cylinder_toppled;policy_timeout,0.040441,89.999969,0.128722,072f30e76c0d9670fc500efed88e808db8b2b662de0c2d879ccb68a626a34621,6f656e027803197983823a530ac0e34babca7145301ec54a400a3dc816c06317,10dbbe16da06b4013899e350fece05687abc8c45471b584ac5a2473a0e486dad,/cephfs/volumes/hpc_data_prj/eng_demt_robot_learning/45908032-a3fa-4719-9989-cd8d04c08f7a/polymetics_demt/rebuttal_dataset/simulation_control_bimodal_group/policy_rollouts/CB04/videos/case_08_repeat_1_execution_0.mp4
CB04,9,0,20300897,R,1,1,success,success,,0.021194,5.3e-05,0.183396,072f30e76c0d9670fc500efed88e808db8b2b662de0c2d879ccb68a626a34621,6f656e027803197983823a530ac0e34babca7145301ec54a400a3dc816c06317,10dbbe16da06b4013899e350fece05687abc8c45471b584ac5a2473a0e486dad,/cephfs/volumes/hpc_data_prj/eng_demt_robot_learning/45908032-a3fa-4719-9989-cd8d04c08f7a/polymetics_demt/rebuttal_dataset/simulation_control_bimodal_group/policy_rollouts/CB04/videos/case_09_repeat_0_execution_0.mp4
CB04,9,1,20300898,R,1,1,success,success,,0.087335,7.9e-05,0.163314,072f30e76c0d9670fc500efed88e808db8b2b662de0c2d879ccb68a626a34621,6f656e027803197983823a530ac0e34babca7145301ec54a400a3dc816c06317,10dbbe16da06b4013899e350fece05687abc8c45471b584ac5a2473a0e486dad,/cephfs/volumes/hpc_data_prj/eng_demt_robot_learning/45908032-a3fa-4719-9989-cd8d04c08f7a/polymetics_demt/rebuttal_dataset/simulation_control_bimodal_group/policy_rollouts/CB04/videos/case_09_repeat_1_execution_0.mp4
CB05,0,0,20310807,indeterminate,0,0,policy_timeout,target_miss,policy_timeout;target_miss,3.318115,1e-05,0.301409,1086b0bbf66cd0e371c6e6ea8fc5c4223c376c6ec2dc88b71804710ef7ab287c,d300ab04eb7b54ef426ea535a90caf2a4a65ffc4e0cc132da88ccc9eb0e630f7,10dbbe16da06b4013899e350fece05687abc8c45471b584ac5a2473a0e486dad,/cephfs/volumes/hpc_data_prj/eng_demt_robot_learning/45908032-a3fa-4719-9989-cd8d04c08f7a/polymetics_demt/rebuttal_dataset/simulation_control_bimodal_group/policy_rollouts/CB05/videos/case_00_repeat_0_execution_0.mp4
CB05,0,1,20310808,indeterminate,0,0,policy_timeout,cylinder_topple,cylinder_toppled;policy_timeout;target_miss,0.521303,89.999992,0.294334,1086b0bbf66cd0e371c6e6ea8fc5c4223c376c6ec2dc88b71804710ef7ab287c,d300ab04eb7b54ef426ea535a90caf2a4a65ffc4e0cc132da88ccc9eb0e630f7,10dbbe16da06b4013899e350fece05687abc8c45471b584ac5a2473a0e486dad,/cephfs/volumes/hpc_data_prj/eng_demt_robot_learning/45908032-a3fa-4719-9989-cd8d04c08f7a/polymetics_demt/rebuttal_dataset/simulation_control_bimodal_group/policy_rollouts/CB05/videos/case_00_repeat_1_execution_0.mp4
CB05,1,0,20310817,R,1,1,success,success,,0.022216,4.6e-05,0.186279,1086b0bbf66cd0e371c6e6ea8fc5c4223c376c6ec2dc88b71804710ef7ab287c,d300ab04eb7b54ef426ea535a90caf2a4a65ffc4e0cc132da88ccc9eb0e630f7,10dbbe16da06b4013899e350fece05687abc8c45471b584ac5a2473a0e486dad,/cephfs/volumes/hpc_data_prj/eng_demt_robot_learning/45908032-a3fa-4719-9989-cd8d04c08f7a/polymetics_demt/rebuttal_dataset/simulation_control_bimodal_group/policy_rollouts/CB05/videos/case_01_repeat_0_execution_0.mp4
CB05,1,1,20310818,R,1,1,success,success,,0.016612,5e-05,0.164786,1086b0bbf66cd0e371c6e6ea8fc5c4223c376c6ec2dc88b71804710ef7ab287c,d300ab04eb7b54ef426ea535a90caf2a4a65ffc4e0cc132da88ccc9eb0e630f7,10dbbe16da06b4013899e350fece05687abc8c45471b584ac5a2473a0e486dad,/cephfs/volumes/hpc_data_prj/eng_demt_robot_learning/45908032-a3fa-4719-9989-cd8d04c08f7a/polymetics_demt/rebuttal_dataset/simulation_control_bimodal_group/policy_rollouts/CB05/videos/case_01_repeat_1_execution_0.mp4
CB05,2,0,20310827,indeterminate,0,0,policy_timeout,cylinder_topple,cylinder_toppled;policy_timeout;target_miss,0.322673,90.000012,0.279975,1086b0bbf66cd0e371c6e6ea8fc5c4223c376c6ec2dc88b71804710ef7ab287c,d300ab04eb7b54ef426ea535a90caf2a4a65ffc4e0cc132da88ccc9eb0e630f7,10dbbe16da06b4013899e350fece05687abc8c45471b584ac5a2473a0e486dad,/cephfs/volumes/hpc_data_prj/eng_demt_robot_learning/45908032-a3fa-4719-9989-cd8d04c08f7a/polymetics_demt/rebuttal_dataset/simulation_control_bimodal_group/policy_rollouts/CB05/videos/case_02_repeat_0_execution_0.mp4
CB05,2,1,20310828,indeterminate,0,0,policy_timeout,cylinder_topple,cylinder_toppled;policy_timeout;target_miss,5.854816,90.0,0.279975,1086b0bbf66cd0e371c6e6ea8fc5c4223c376c6ec2dc88b71804710ef7ab287c,d300ab04eb7b54ef426ea535a90caf2a4a65ffc4e0cc132da88ccc9eb0e630f7,10dbbe16da06b4013899e350fece05687abc8c45471b584ac5a2473a0e486dad,/cephfs/volumes/hpc_data_prj/eng_demt_robot_learning/45908032-a3fa-4719-9989-cd8d04c08f7a/polymetics_demt/rebuttal_dataset/simulation_control_bimodal_group/policy_rollouts/CB05/videos/case_02_repeat_1_execution_0.mp4
CB05,3,0,20310837,R,0,0,policy_timeout,cylinder_topple,cylinder_toppled;policy_timeout,0.049195,90.0,0.12,1086b0bbf66cd0e371c6e6ea8fc5c4223c376c6ec2dc88b71804710ef7ab287c,d300ab04eb7b54ef426ea535a90caf2a4a65ffc4e0cc132da88ccc9eb0e630f7,10dbbe16da06b4013899e350fece05687abc8c45471b584ac5a2473a0e486dad,/cephfs/volumes/hpc_data_prj/eng_demt_robot_learning/45908032-a3fa-4719-9989-cd8d04c08f7a/polymetics_demt/rebuttal_dataset/simulation_control_bimodal_group/policy_rollouts/CB05/videos/case_03_repeat_0_execution_0.mp4
CB05,3,1,20310838,R,0,0,policy_timeout,cylinder_topple,cylinder_toppled;policy_timeout;target_miss,0.375575,90.000001,0.036583,1086b0bbf66cd0e371c6e6ea8fc5c4223c376c6ec2dc88b71804710ef7ab287c,d300ab04eb7b54ef426ea535a90caf2a4a65ffc4e0cc132da88ccc9eb0e630f7,10dbbe16da06b4013899e350fece05687abc8c45471b584ac5a2473a0e486dad,/cephfs/volumes/hpc_data_prj/eng_demt_robot_learning/45908032-a3fa-4719-9989-cd8d04c08f7a/polymetics_demt/rebuttal_dataset/simulation_control_bimodal_group/policy_rollouts/CB05/videos/case_03_repeat_1_execution_0.mp4
CB05,4,0,20310847,R,1,1,success,success,,0.009717,1.7e-05,0.089111,1086b0bbf66cd0e371c6e6ea8fc5c4223c376c6ec2dc88b71804710ef7ab287c,d300ab04eb7b54ef426ea535a90caf2a4a65ffc4e0cc132da88ccc9eb0e630f7,10dbbe16da06b4013899e350fece05687abc8c45471b584ac5a2473a0e486dad,/cephfs/volumes/hpc_data_prj/eng_demt_robot_learning/45908032-a3fa-4719-9989-cd8d04c08f7a/polymetics_demt/rebuttal_dataset/simulation_control_bimodal_group/policy_rollouts/CB05/videos/case_04_repeat_0_execution_0.mp4
CB05,4,1,20310848,L,0,0,policy_timeout,cylinder_topple,cylinder_toppled;policy_timeout;target_miss,0.916397,89.999983,0.029171,1086b0bbf66cd0e371c6e6ea8fc5c4223c376c6ec2dc88b71804710ef7ab287c,d300ab04eb7b54ef426ea535a90caf2a4a65ffc4e0cc132da88ccc9eb0e630f7,10dbbe16da06b4013899e350fece05687abc8c45471b584ac5a2473a0e486dad,/cephfs/volumes/hpc_data_prj/eng_demt_robot_learning/45908032-a3fa-4719-9989-cd8d04c08f7a/polymetics_demt/rebuttal_dataset/simulation_control_bimodal_group/policy_rollouts/CB05/videos/case_04_repeat_1_execution_0.mp4
CB05,5,0,20310857,L,0,0,policy_timeout,cylinder_topple,cylinder_toppled;policy_timeout;target_miss,0.3833,89.999997,0.050835,1086b0bbf66cd0e371c6e6ea8fc5c4223c376c6ec2dc88b71804710ef7ab287c,d300ab04eb7b54ef426ea535a90caf2a4a65ffc4e0cc132da88ccc9eb0e630f7,10dbbe16da06b4013899e350fece05687abc8c45471b584ac5a2473a0e486dad,/cephfs/volumes/hpc_data_prj/eng_demt_robot_learning/45908032-a3fa-4719-9989-cd8d04c08f7a/polymetics_demt/rebuttal_dataset/simulation_control_bimodal_group/policy_rollouts/CB05/videos/case_05_repeat_0_execution_0.mp4
CB05,5,1,20310858,L,0,0,policy_timeout,target_miss,policy_timeout;target_miss,0.6387,0.000286,0.148944,1086b0bbf66cd0e371c6e6ea8fc5c4223c376c6ec2dc88b71804710ef7ab287c,d300ab04eb7b54ef426ea535a90caf2a4a65ffc4e0cc132da88ccc9eb0e630f7,10dbbe16da06b4013899e350fece05687abc8c45471b584ac5a2473a0e486dad,/cephfs/volumes/hpc_data_prj/eng_demt_robot_learning/45908032-a3fa-4719-9989-cd8d04c08f7a/polymetics_demt/rebuttal_dataset/simulation_control_bimodal_group/policy_rollouts/CB05/videos/case_05_repeat_1_execution_0.mp4
CB05,6,0,20310867,R,0,0,policy_timeout,cylinder_topple,cylinder_toppled;policy_timeout;target_miss,0.172727,90.0,0.120274,1086b0bbf66cd0e371c6e6ea8fc5c4223c376c6ec2dc88b71804710ef7ab287c,d300ab04eb7b54ef426ea535a90caf2a4a65ffc4e0cc132da88ccc9eb0e630f7,10dbbe16da06b4013899e350fece05687abc8c45471b584ac5a2473a0e486dad,/cephfs/volumes/hpc_data_prj/eng_demt_robot_learning/45908032-a3fa-4719-9989-cd8d04c08f7a/polymetics_demt/rebuttal_dataset/simulation_control_bimodal_group/policy_rollouts/CB05/videos/case_06_repeat_0_execution_0.mp4
CB05,6,1,20310868,L,1,1,success,success,,0.027306,4e-06,0.088839,1086b0bbf66cd0e371c6e6ea8fc5c4223c376c6ec2dc88b71804710ef7ab287c,d300ab04eb7b54ef426ea535a90caf2a4a65ffc4e0cc132da88ccc9eb0e630f7,10dbbe16da06b4013899e350fece05687abc8c45471b584ac5a2473a0e486dad,/cephfs/volumes/hpc_data_prj/eng_demt_robot_learning/45908032-a3fa-4719-9989-cd8d04c08f7a/polymetics_demt/rebuttal_dataset/simulation_control_bimodal_group/policy_rollouts/CB05/videos/case_06_repeat_1_execution_0.mp4
CB05,7,0,20310877,R,1,1,success,success,,0.022091,1e-06,0.192006,1086b0bbf66cd0e371c6e6ea8fc5c4223c376c6ec2dc88b71804710ef7ab287c,d300ab04eb7b54ef426ea535a90caf2a4a65ffc4e0cc132da88ccc9eb0e630f7,10dbbe16da06b4013899e350fece05687abc8c45471b584ac5a2473a0e486dad,/cephfs/volumes/hpc_data_prj/eng_demt_robot_learning/45908032-a3fa-4719-9989-cd8d04c08f7a/polymetics_demt/rebuttal_dataset/simulation_control_bimodal_group/policy_rollouts/CB05/videos/case_07_repeat_0_execution_0.mp4
CB05,7,1,20310878,R,1,1,success,success,,0.047502,2.4e-05,0.165456,1086b0bbf66cd0e371c6e6ea8fc5c4223c376c6ec2dc88b71804710ef7ab287c,d300ab04eb7b54ef426ea535a90caf2a4a65ffc4e0cc132da88ccc9eb0e630f7,10dbbe16da06b4013899e350fece05687abc8c45471b584ac5a2473a0e486dad,/cephfs/volumes/hpc_data_prj/eng_demt_robot_learning/45908032-a3fa-4719-9989-cd8d04c08f7a/polymetics_demt/rebuttal_dataset/simulation_control_bimodal_group/policy_rollouts/CB05/videos/case_07_repeat_1_execution_0.mp4
CB05,8,0,20310887,R,0,0,policy_timeout,cylinder_topple,cylinder_toppled;policy_timeout,0.020155,89.999929,0.086959,1086b0bbf66cd0e371c6e6ea8fc5c4223c376c6ec2dc88b71804710ef7ab287c,d300ab04eb7b54ef426ea535a90caf2a4a65ffc4e0cc132da88ccc9eb0e630f7,10dbbe16da06b4013899e350fece05687abc8c45471b584ac5a2473a0e486dad,/cephfs/volumes/hpc_data_prj/eng_demt_robot_learning/45908032-a3fa-4719-9989-cd8d04c08f7a/polymetics_demt/rebuttal_dataset/simulation_control_bimodal_group/policy_rollouts/CB05/videos/case_08_repeat_0_execution_0.mp4
CB05,8,1,20310888,L,0,0,policy_timeout,cylinder_topple,cylinder_toppled;policy_timeout;target_miss,0.791304,90.000078,0.172835,1086b0bbf66cd0e371c6e6ea8fc5c4223c376c6ec2dc88b71804710ef7ab287c,d300ab04eb7b54ef426ea535a90caf2a4a65ffc4e0cc132da88ccc9eb0e630f7,10dbbe16da06b4013899e350fece05687abc8c45471b584ac5a2473a0e486dad,/cephfs/volumes/hpc_data_prj/eng_demt_robot_learning/45908032-a3fa-4719-9989-cd8d04c08f7a/polymetics_demt/rebuttal_dataset/simulation_control_bimodal_group/policy_rollouts/CB05/videos/case_08_repeat_1_execution_0.mp4
CB05,9,0,20310897,R,1,1,success,success,,0.026424,0.000384,0.174261,1086b0bbf66cd0e371c6e6ea8fc5c4223c376c6ec2dc88b71804710ef7ab287c,d300ab04eb7b54ef426ea535a90caf2a4a65ffc4e0cc132da88ccc9eb0e630f7,10dbbe16da06b4013899e350fece05687abc8c45471b584ac5a2473a0e486dad,/cephfs/volumes/hpc_data_prj/eng_demt_robot_learning/45908032-a3fa-4719-9989-cd8d04c08f7a/polymetics_demt/rebuttal_dataset/simulation_control_bimodal_group/policy_rollouts/CB05/videos/case_09_repeat_0_execution_0.mp4
CB05,9,1,20310898,R,1,1,success,success,,0.050092,3.3e-05,0.158471,1086b0bbf66cd0e371c6e6ea8fc5c4223c376c6ec2dc88b71804710ef7ab287c,d300ab04eb7b54ef426ea535a90caf2a4a65ffc4e0cc132da88ccc9eb0e630f7,10dbbe16da06b4013899e350fece05687abc8c45471b584ac5a2473a0e486dad,/cephfs/volumes/hpc_data_prj/eng_demt_robot_learning/45908032-a3fa-4719-9989-cd8d04c08f7a/polymetics_demt/rebuttal_dataset/simulation_control_bimodal_group/policy_rollouts/CB05/videos/case_09_repeat_1_execution_0.mp4
CB06,0,0,20320807,indeterminate,0,0,policy_timeout,cylinder_topple,cylinder_toppled;policy_timeout;target_miss,0.154516,89.99997,0.301409,32b64f1d0a736154170c173293967090539d77ed2b376ee60dd8dfba56450ef3,0693b3e8bcc38120a1d4443100a9a1e0e067960231d24fc5dfcf3aa1fbc74df8,10dbbe16da06b4013899e350fece05687abc8c45471b584ac5a2473a0e486dad,/cephfs/volumes/hpc_data_prj/eng_demt_robot_learning/45908032-a3fa-4719-9989-cd8d04c08f7a/polymetics_demt/rebuttal_dataset/simulation_control_bimodal_group/policy_rollouts/CB06/videos/case_00_repeat_0_execution_0.mp4
CB06,0,1,20320808,indeterminate,0,0,policy_timeout,cylinder_topple,cylinder_toppled;policy_timeout;target_miss,0.216692,89.999993,0.301409,32b64f1d0a736154170c173293967090539d77ed2b376ee60dd8dfba56450ef3,0693b3e8bcc38120a1d4443100a9a1e0e067960231d24fc5dfcf3aa1fbc74df8,10dbbe16da06b4013899e350fece05687abc8c45471b584ac5a2473a0e486dad,/cephfs/volumes/hpc_data_prj/eng_demt_robot_learning/45908032-a3fa-4719-9989-cd8d04c08f7a/polymetics_demt/rebuttal_dataset/simulation_control_bimodal_group/policy_rollouts/CB06/videos/case_00_repeat_1_execution_0.mp4
CB06,1,0,20320817,R,1,1,success,success,,0.022478,0.279623,0.137735,32b64f1d0a736154170c173293967090539d77ed2b376ee60dd8dfba56450ef3,0693b3e8bcc38120a1d4443100a9a1e0e067960231d24fc5dfcf3aa1fbc74df8,10dbbe16da06b4013899e350fece05687abc8c45471b584ac5a2473a0e486dad,/cephfs/volumes/hpc_data_prj/eng_demt_robot_learning/45908032-a3fa-4719-9989-cd8d04c08f7a/polymetics_demt/rebuttal_dataset/simulation_control_bimodal_group/policy_rollouts/CB06/videos/case_01_repeat_0_execution_0.mp4
CB06,1,1,20320818,R,0,0,policy_timeout,target_miss,policy_timeout;target_miss,0.347386,5.062415,0.162231,32b64f1d0a736154170c173293967090539d77ed2b376ee60dd8dfba56450ef3,0693b3e8bcc38120a1d4443100a9a1e0e067960231d24fc5dfcf3aa1fbc74df8,10dbbe16da06b4013899e350fece05687abc8c45471b584ac5a2473a0e486dad,/cephfs/volumes/hpc_data_prj/eng_demt_robot_learning/45908032-a3fa-4719-9989-cd8d04c08f7a/polymetics_demt/rebuttal_dataset/simulation_control_bimodal_group/policy_rollouts/CB06/videos/case_01_repeat_1_execution_0.mp4
CB06,2,0,20320827,indeterminate,0,0,policy_timeout,cylinder_topple,cylinder_toppled;policy_timeout;target_miss,0.619029,90.00007,0.279975,32b64f1d0a736154170c173293967090539d77ed2b376ee60dd8dfba56450ef3,0693b3e8bcc38120a1d4443100a9a1e0e067960231d24fc5dfcf3aa1fbc74df8,10dbbe16da06b4013899e350fece05687abc8c45471b584ac5a2473a0e486dad,/cephfs/volumes/hpc_data_prj/eng_demt_robot_learning/45908032-a3fa-4719-9989-cd8d04c08f7a/polymetics_demt/rebuttal_dataset/simulation_control_bimodal_group/policy_rollouts/CB06/videos/case_02_repeat_0_execution_0.mp4
CB06,2,1,20320828,indeterminate,0,0,policy_timeout,target_miss,policy_timeout;target_miss,0.56477,0.00024,0.231451,32b64f1d0a736154170c173293967090539d77ed2b376ee60dd8dfba56450ef3,0693b3e8bcc38120a1d4443100a9a1e0e067960231d24fc5dfcf3aa1fbc74df8,10dbbe16da06b4013899e350fece05687abc8c45471b584ac5a2473a0e486dad,/cephfs/volumes/hpc_data_prj/eng_demt_robot_learning/45908032-a3fa-4719-9989-cd8d04c08f7a/polymetics_demt/rebuttal_dataset/simulation_control_bimodal_group/policy_rollouts/CB06/videos/case_02_repeat_1_execution_0.mp4
CB06,3,0,20320837,R,1,1,success,success,,0.00786,0.000257,0.142992,32b64f1d0a736154170c173293967090539d77ed2b376ee60dd8dfba56450ef3,0693b3e8bcc38120a1d4443100a9a1e0e067960231d24fc5dfcf3aa1fbc74df8,10dbbe16da06b4013899e350fece05687abc8c45471b584ac5a2473a0e486dad,/cephfs/volumes/hpc_data_prj/eng_demt_robot_learning/45908032-a3fa-4719-9989-cd8d04c08f7a/polymetics_demt/rebuttal_dataset/simulation_control_bimodal_group/policy_rollouts/CB06/videos/case_03_repeat_0_execution_0.mp4
CB06,3,1,20320838,R,1,1,success,success,,0.031234,5.6e-05,0.169321,32b64f1d0a736154170c173293967090539d77ed2b376ee60dd8dfba56450ef3,0693b3e8bcc38120a1d4443100a9a1e0e067960231d24fc5dfcf3aa1fbc74df8,10dbbe16da06b4013899e350fece05687abc8c45471b584ac5a2473a0e486dad,/cephfs/volumes/hpc_data_prj/eng_demt_robot_learning/45908032-a3fa-4719-9989-cd8d04c08f7a/polymetics_demt/rebuttal_dataset/simulation_control_bimodal_group/policy_rollouts/CB06/videos/case_03_repeat_1_execution_0.mp4
CB06,4,0,20320847,R,0,0,policy_timeout,cylinder_topple,cylinder_toppled;policy_timeout;target_miss,0.658677,90.000074,0.032726,32b64f1d0a736154170c173293967090539d77ed2b376ee60dd8dfba56450ef3,0693b3e8bcc38120a1d4443100a9a1e0e067960231d24fc5dfcf3aa1fbc74df8,10dbbe16da06b4013899e350fece05687abc8c45471b584ac5a2473a0e486dad,/cephfs/volumes/hpc_data_prj/eng_demt_robot_learning/45908032-a3fa-4719-9989-cd8d04c08f7a/polymetics_demt/rebuttal_dataset/simulation_control_bimodal_group/policy_rollouts/CB06/videos/case_04_repeat_0_execution_0.mp4
CB06,4,1,20320848,R,1,1,success,success,,0.039634,3.4e-05,0.130764,32b64f1d0a736154170c173293967090539d77ed2b376ee60dd8dfba56450ef3,0693b3e8bcc38120a1d4443100a9a1e0e067960231d24fc5dfcf3aa1fbc74df8,10dbbe16da06b4013899e350fece05687abc8c45471b584ac5a2473a0e486dad,/cephfs/volumes/hpc_data_prj/eng_demt_robot_learning/45908032-a3fa-4719-9989-cd8d04c08f7a/polymetics_demt/rebuttal_dataset/simulation_control_bimodal_group/policy_rollouts/CB06/videos/case_04_repeat_1_execution_0.mp4
CB06,5,0,20320857,R,1,1,success,success,,0.029616,0.0,0.098286,32b64f1d0a736154170c173293967090539d77ed2b376ee60dd8dfba56450ef3,0693b3e8bcc38120a1d4443100a9a1e0e067960231d24fc5dfcf3aa1fbc74df8,10dbbe16da06b4013899e350fece05687abc8c45471b584ac5a2473a0e486dad,/cephfs/volumes/hpc_data_prj/eng_demt_robot_learning/45908032-a3fa-4719-9989-cd8d04c08f7a/polymetics_demt/rebuttal_dataset/simulation_control_bimodal_group/policy_rollouts/CB06/videos/case_05_repeat_0_execution_0.mp4
CB06,5,1,20320858,R,0,0,policy_timeout,cylinder_topple,cylinder_toppled;policy_timeout;target_miss,3.944724,89.999996,0.086095,32b64f1d0a736154170c173293967090539d77ed2b376ee60dd8dfba56450ef3,0693b3e8bcc38120a1d4443100a9a1e0e067960231d24fc5dfcf3aa1fbc74df8,10dbbe16da06b4013899e350fece05687abc8c45471b584ac5a2473a0e486dad,/cephfs/volumes/hpc_data_prj/eng_demt_robot_learning/45908032-a3fa-4719-9989-cd8d04c08f7a/polymetics_demt/rebuttal_dataset/simulation_control_bimodal_group/policy_rollouts/CB06/videos/case_05_repeat_1_execution_0.mp4
CB06,6,0,20320867,R,1,1,success,success,,0.038084,6.7e-05,0.152974,32b64f1d0a736154170c173293967090539d77ed2b376ee60dd8dfba56450ef3,0693b3e8bcc38120a1d4443100a9a1e0e067960231d24fc5dfcf3aa1fbc74df8,10dbbe16da06b4013899e350fece05687abc8c45471b584ac5a2473a0e486dad,/cephfs/volumes/hpc_data_prj/eng_demt_robot_learning/45908032-a3fa-4719-9989-cd8d04c08f7a/polymetics_demt/rebuttal_dataset/simulation_control_bimodal_group/policy_rollouts/CB06/videos/case_06_repeat_0_execution_0.mp4
CB06,6,1,20320868,L,0,0,policy_timeout,cylinder_topple,cylinder_toppled;policy_timeout;target_miss,0.312619,90.000024,0.03202,32b64f1d0a736154170c173293967090539d77ed2b376ee60dd8dfba56450ef3,0693b3e8bcc38120a1d4443100a9a1e0e067960231d24fc5dfcf3aa1fbc74df8,10dbbe16da06b4013899e350fece05687abc8c45471b584ac5a2473a0e486dad,/cephfs/volumes/hpc_data_prj/eng_demt_robot_learning/45908032-a3fa-4719-9989-cd8d04c08f7a/polymetics_demt/rebuttal_dataset/simulation_control_bimodal_group/policy_rollouts/CB06/videos/case_06_repeat_1_execution_0.mp4
CB06,7,0,20320877,R,0,0,policy_timeout,target_miss,policy_timeout;target_miss,0.212835,4.3e-05,0.063858,32b64f1d0a736154170c173293967090539d77ed2b376ee60dd8dfba56450ef3,0693b3e8bcc38120a1d4443100a9a1e0e067960231d24fc5dfcf3aa1fbc74df8,10dbbe16da06b4013899e350fece05687abc8c45471b584ac5a2473a0e486dad,/cephfs/volumes/hpc_data_prj/eng_demt_robot_learning/45908032-a3fa-4719-9989-cd8d04c08f7a/polymetics_demt/rebuttal_dataset/simulation_control_bimodal_group/policy_rollouts/CB06/videos/case_07_repeat_0_execution_0.mp4
CB06,7,1,20320878,R,0,0,policy_timeout,cylinder_topple,cylinder_toppled;policy_timeout,0.063298,89.999999,0.154609,32b64f1d0a736154170c173293967090539d77ed2b376ee60dd8dfba56450ef3,0693b3e8bcc38120a1d4443100a9a1e0e067960231d24fc5dfcf3aa1fbc74df8,10dbbe16da06b4013899e350fece05687abc8c45471b584ac5a2473a0e486dad,/cephfs/volumes/hpc_data_prj/eng_demt_robot_learning/45908032-a3fa-4719-9989-cd8d04c08f7a/polymetics_demt/rebuttal_dataset/simulation_control_bimodal_group/policy_rollouts/CB06/videos/case_07_repeat_1_execution_0.mp4
CB06,8,0,20320887,R,1,1,success,success,,0.027359,4.7e-05,0.148923,32b64f1d0a736154170c173293967090539d77ed2b376ee60dd8dfba56450ef3,0693b3e8bcc38120a1d4443100a9a1e0e067960231d24fc5dfcf3aa1fbc74df8,10dbbe16da06b4013899e350fece05687abc8c45471b584ac5a2473a0e486dad,/cephfs/volumes/hpc_data_prj/eng_demt_robot_learning/45908032-a3fa-4719-9989-cd8d04c08f7a/polymetics_demt/rebuttal_dataset/simulation_control_bimodal_group/policy_rollouts/CB06/videos/case_08_repeat_0_execution_0.mp4
CB06,8,1,20320888,R,1,1,success,success,,0.00587,0.0,0.169636,32b64f1d0a736154170c173293967090539d77ed2b376ee60dd8dfba56450ef3,0693b3e8bcc38120a1d4443100a9a1e0e067960231d24fc5dfcf3aa1fbc74df8,10dbbe16da06b4013899e350fece05687abc8c45471b584ac5a2473a0e486dad,/cephfs/volumes/hpc_data_prj/eng_demt_robot_learning/45908032-a3fa-4719-9989-cd8d04c08f7a/polymetics_demt/rebuttal_dataset/simulation_control_bimodal_group/policy_rollouts/CB06/videos/case_08_repeat_1_execution_0.mp4
CB06,9,0,20320897,R,0,0,policy_timeout,target_miss,policy_timeout;target_miss,0.37783,0.000343,0.179028,32b64f1d0a736154170c173293967090539d77ed2b376ee60dd8dfba56450ef3,0693b3e8bcc38120a1d4443100a9a1e0e067960231d24fc5dfcf3aa1fbc74df8,10dbbe16da06b4013899e350fece05687abc8c45471b584ac5a2473a0e486dad,/cephfs/volumes/hpc_data_prj/eng_demt_robot_learning/45908032-a3fa-4719-9989-cd8d04c08f7a/polymetics_demt/rebuttal_dataset/simulation_control_bimodal_group/policy_rollouts/CB06/videos/case_09_repeat_0_execution_0.mp4
CB06,9,1,20320898,R,0,0,policy_timeout,cylinder_topple,cylinder_toppled;policy_timeout;target_miss,0.135367,90.000012,0.112977,32b64f1d0a736154170c173293967090539d77ed2b376ee60dd8dfba56450ef3,0693b3e8bcc38120a1d4443100a9a1e0e067960231d24fc5dfcf3aa1fbc74df8,10dbbe16da06b4013899e350fece05687abc8c45471b584ac5a2473a0e486dad,/cephfs/volumes/hpc_data_prj/eng_demt_robot_learning/45908032-a3fa-4719-9989-cd8d04c08f7a/polymetics_demt/rebuttal_dataset/simulation_control_bimodal_group/policy_rollouts/CB06/videos/case_09_repeat_1_execution_0.mp4
CB07,0,0,20330807,R,0,0,policy_timeout,cylinder_topple,cylinder_toppled;policy_timeout;target_miss,0.253368,89.999991,0.092667,7069e3e0be63cf076745a1fbd1c38c46d800de5411c12a6240094fd36a3b6104,dade4448af8135299a3ed3921528bb742bdfba1c7ce49c8ff8ddf36dfe01f4ce,10dbbe16da06b4013899e350fece05687abc8c45471b584ac5a2473a0e486dad,/cephfs/volumes/hpc_data_prj/eng_demt_robot_learning/45908032-a3fa-4719-9989-cd8d04c08f7a/polymetics_demt/rebuttal_dataset/simulation_control_bimodal_group/policy_rollouts/CB07/videos/case_00_repeat_0_execution_0.mp4
CB07,0,1,20330808,L,0,0,policy_timeout,cylinder_topple,cylinder_toppled;policy_timeout;target_miss,0.272185,89.999987,0.09204,7069e3e0be63cf076745a1fbd1c38c46d800de5411c12a6240094fd36a3b6104,dade4448af8135299a3ed3921528bb742bdfba1c7ce49c8ff8ddf36dfe01f4ce,10dbbe16da06b4013899e350fece05687abc8c45471b584ac5a2473a0e486dad,/cephfs/volumes/hpc_data_prj/eng_demt_robot_learning/45908032-a3fa-4719-9989-cd8d04c08f7a/polymetics_demt/rebuttal_dataset/simulation_control_bimodal_group/policy_rollouts/CB07/videos/case_00_repeat_1_execution_0.mp4
CB07,1,0,20330817,R,0,0,policy_timeout,cylinder_topple,cylinder_toppled;policy_timeout,0.039022,89.999991,0.122413,7069e3e0be63cf076745a1fbd1c38c46d800de5411c12a6240094fd36a3b6104,dade4448af8135299a3ed3921528bb742bdfba1c7ce49c8ff8ddf36dfe01f4ce,10dbbe16da06b4013899e350fece05687abc8c45471b584ac5a2473a0e486dad,/cephfs/volumes/hpc_data_prj/eng_demt_robot_learning/45908032-a3fa-4719-9989-cd8d04c08f7a/polymetics_demt/rebuttal_dataset/simulation_control_bimodal_group/policy_rollouts/CB07/videos/case_01_repeat_0_execution_0.mp4
CB07,1,1,20330818,R,0,0,policy_timeout,cylinder_topple,cylinder_toppled;policy_timeout,0.026329,90.0,0.105841,7069e3e0be63cf076745a1fbd1c38c46d800de5411c12a6240094fd36a3b6104,dade4448af8135299a3ed3921528bb742bdfba1c7ce49c8ff8ddf36dfe01f4ce,10dbbe16da06b4013899e350fece05687abc8c45471b584ac5a2473a0e486dad,/cephfs/volumes/hpc_data_prj/eng_demt_robot_learning/45908032-a3fa-4719-9989-cd8d04c08f7a/polymetics_demt/rebuttal_dataset/simulation_control_bimodal_group/policy_rollouts/CB07/videos/case_01_repeat_1_execution_0.mp4
CB07,2,0,20330827,indeterminate,0,0,policy_timeout,target_miss,policy_timeout;target_miss,1.97315,0.000388,0.279975,7069e3e0be63cf076745a1fbd1c38c46d800de5411c12a6240094fd36a3b6104,dade4448af8135299a3ed3921528bb742bdfba1c7ce49c8ff8ddf36dfe01f4ce,10dbbe16da06b4013899e350fece05687abc8c45471b584ac5a2473a0e486dad,/cephfs/volumes/hpc_data_prj/eng_demt_robot_learning/45908032-a3fa-4719-9989-cd8d04c08f7a/polymetics_demt/rebuttal_dataset/simulation_control_bimodal_group/policy_rollouts/CB07/videos/case_02_repeat_0_execution_0.mp4
CB07,2,1,20330828,indeterminate,0,0,policy_timeout,cylinder_topple,cylinder_toppled;policy_timeout;target_miss,0.160274,90.000099,0.168649,7069e3e0be63cf076745a1fbd1c38c46d800de5411c12a6240094fd36a3b6104,dade4448af8135299a3ed3921528bb742bdfba1c7ce49c8ff8ddf36dfe01f4ce,10dbbe16da06b4013899e350fece05687abc8c45471b584ac5a2473a0e486dad,/cephfs/volumes/hpc_data_prj/eng_demt_robot_learning/45908032-a3fa-4719-9989-cd8d04c08f7a/polymetics_demt/rebuttal_dataset/simulation_control_bimodal_group/policy_rollouts/CB07/videos/case_02_repeat_1_execution_0.mp4
CB07,3,0,20330837,R,0,0,policy_timeout,cylinder_topple,cylinder_toppled;policy_timeout;target_miss,0.235188,89.999926,0.013302,7069e3e0be63cf076745a1fbd1c38c46d800de5411c12a6240094fd36a3b6104,dade4448af8135299a3ed3921528bb742bdfba1c7ce49c8ff8ddf36dfe01f4ce,10dbbe16da06b4013899e350fece05687abc8c45471b584ac5a2473a0e486dad,/cephfs/volumes/hpc_data_prj/eng_demt_robot_learning/45908032-a3fa-4719-9989-cd8d04c08f7a/polymetics_demt/rebuttal_dataset/simulation_control_bimodal_group/policy_rollouts/CB07/videos/case_03_repeat_0_execution_0.mp4
CB07,3,1,20330838,L,0,0,policy_timeout,cylinder_topple,cylinder_toppled;policy_timeout,0.009529,90.000002,0.01633,7069e3e0be63cf076745a1fbd1c38c46d800de5411c12a6240094fd36a3b6104,dade4448af8135299a3ed3921528bb742bdfba1c7ce49c8ff8ddf36dfe01f4ce,10dbbe16da06b4013899e350fece05687abc8c45471b584ac5a2473a0e486dad,/cephfs/volumes/hpc_data_prj/eng_demt_robot_learning/45908032-a3fa-4719-9989-cd8d04c08f7a/polymetics_demt/rebuttal_dataset/simulation_control_bimodal_group/policy_rollouts/CB07/videos/case_03_repeat_1_execution_0.mp4
CB07,4,0,20330847,R,0,0,policy_timeout,cylinder_topple,cylinder_toppled;policy_timeout,0.009477,89.999999,0.103236,7069e3e0be63cf076745a1fbd1c38c46d800de5411c12a6240094fd36a3b6104,dade4448af8135299a3ed3921528bb742bdfba1c7ce49c8ff8ddf36dfe01f4ce,10dbbe16da06b4013899e350fece05687abc8c45471b584ac5a2473a0e486dad,/cephfs/volumes/hpc_data_prj/eng_demt_robot_learning/45908032-a3fa-4719-9989-cd8d04c08f7a/polymetics_demt/rebuttal_dataset/simulation_control_bimodal_group/policy_rollouts/CB07/videos/case_04_repeat_0_execution_0.mp4
CB07,4,1,20330848,R,0,0,policy_timeout,cylinder_topple,cylinder_toppled;policy_timeout;target_miss,0.208694,89.999998,0.09405,7069e3e0be63cf076745a1fbd1c38c46d800de5411c12a6240094fd36a3b6104,dade4448af8135299a3ed3921528bb742bdfba1c7ce49c8ff8ddf36dfe01f4ce,10dbbe16da06b4013899e350fece05687abc8c45471b584ac5a2473a0e486dad,/cephfs/volumes/hpc_data_prj/eng_demt_robot_learning/45908032-a3fa-4719-9989-cd8d04c08f7a/polymetics_demt/rebuttal_dataset/simulation_control_bimodal_group/policy_rollouts/CB07/videos/case_04_repeat_1_execution_0.mp4
CB07,5,0,20330857,indeterminate,0,0,policy_timeout,target_miss,policy_timeout;target_miss,0.567317,0.000371,0.369469,7069e3e0be63cf076745a1fbd1c38c46d800de5411c12a6240094fd36a3b6104,dade4448af8135299a3ed3921528bb742bdfba1c7ce49c8ff8ddf36dfe01f4ce,10dbbe16da06b4013899e350fece05687abc8c45471b584ac5a2473a0e486dad,/cephfs/volumes/hpc_data_prj/eng_demt_robot_learning/45908032-a3fa-4719-9989-cd8d04c08f7a/polymetics_demt/rebuttal_dataset/simulation_control_bimodal_group/policy_rollouts/CB07/videos/case_05_repeat_0_execution_0.mp4
CB07,5,1,20330858,L,0,0,policy_timeout,target_miss,policy_timeout;target_miss,0.364467,0.000371,0.237655,7069e3e0be63cf076745a1fbd1c38c46d800de5411c12a6240094fd36a3b6104,dade4448af8135299a3ed3921528bb742bdfba1c7ce49c8ff8ddf36dfe01f4ce,10dbbe16da06b4013899e350fece05687abc8c45471b584ac5a2473a0e486dad,/cephfs/volumes/hpc_data_prj/eng_demt_robot_learning/45908032-a3fa-4719-9989-cd8d04c08f7a/polymetics_demt/rebuttal_dataset/simulation_control_bimodal_group/policy_rollouts/CB07/videos/case_05_repeat_1_execution_0.mp4
CB07,6,0,20330867,R,0,0,policy_timeout,cylinder_topple,cylinder_toppled;policy_timeout,0.007489,89.999992,0.129888,7069e3e0be63cf076745a1fbd1c38c46d800de5411c12a6240094fd36a3b6104,dade4448af8135299a3ed3921528bb742bdfba1c7ce49c8ff8ddf36dfe01f4ce,10dbbe16da06b4013899e350fece05687abc8c45471b584ac5a2473a0e486dad,/cephfs/volumes/hpc_data_prj/eng_demt_robot_learning/45908032-a3fa-4719-9989-cd8d04c08f7a/polymetics_demt/rebuttal_dataset/simulation_control_bimodal_group/policy_rollouts/CB07/videos/case_06_repeat_0_execution_0.mp4
CB07,6,1,20330868,L,0,0,policy_timeout,cylinder_topple,cylinder_toppled;policy_timeout;target_miss,0.496878,89.999958,0.034966,7069e3e0be63cf076745a1fbd1c38c46d800de5411c12a6240094fd36a3b6104,dade4448af8135299a3ed3921528bb742bdfba1c7ce49c8ff8ddf36dfe01f4ce,10dbbe16da06b4013899e350fece05687abc8c45471b584ac5a2473a0e486dad,/cephfs/volumes/hpc_data_prj/eng_demt_robot_learning/45908032-a3fa-4719-9989-cd8d04c08f7a/polymetics_demt/rebuttal_dataset/simulation_control_bimodal_group/policy_rollouts/CB07/videos/case_06_repeat_1_execution_0.mp4
CB07,7,0,20330877,R,0,0,policy_timeout,cylinder_topple,cylinder_toppled;policy_timeout,0.009307,90.0,0.116682,7069e3e0be63cf076745a1fbd1c38c46d800de5411c12a6240094fd36a3b6104,dade4448af8135299a3ed3921528bb742bdfba1c7ce49c8ff8ddf36dfe01f4ce,10dbbe16da06b4013899e350fece05687abc8c45471b584ac5a2473a0e486dad,/cephfs/volumes/hpc_data_prj/eng_demt_robot_learning/45908032-a3fa-4719-9989-cd8d04c08f7a/polymetics_demt/rebuttal_dataset/simulation_control_bimodal_group/policy_rollouts/CB07/videos/case_07_repeat_0_execution_0.mp4
CB07,7,1,20330878,R,0,0,policy_timeout,cylinder_topple,cylinder_toppled;policy_timeout,0.043754,90.0,0.135654,7069e3e0be63cf076745a1fbd1c38c46d800de5411c12a6240094fd36a3b6104,dade4448af8135299a3ed3921528bb742bdfba1c7ce49c8ff8ddf36dfe01f4ce,10dbbe16da06b4013899e350fece05687abc8c45471b584ac5a2473a0e486dad,/cephfs/volumes/hpc_data_prj/eng_demt_robot_learning/45908032-a3fa-4719-9989-cd8d04c08f7a/polymetics_demt/rebuttal_dataset/simulation_control_bimodal_group/policy_rollouts/CB07/videos/case_07_repeat_1_execution_0.mp4
CB07,8,0,20330887,L,1,1,success,success,,0.026851,0.0,0.140414,7069e3e0be63cf076745a1fbd1c38c46d800de5411c12a6240094fd36a3b6104,dade4448af8135299a3ed3921528bb742bdfba1c7ce49c8ff8ddf36dfe01f4ce,10dbbe16da06b4013899e350fece05687abc8c45471b584ac5a2473a0e486dad,/cephfs/volumes/hpc_data_prj/eng_demt_robot_learning/45908032-a3fa-4719-9989-cd8d04c08f7a/polymetics_demt/rebuttal_dataset/simulation_control_bimodal_group/policy_rollouts/CB07/videos/case_08_repeat_0_execution_0.mp4
CB07,8,1,20330888,L,0,0,policy_timeout,cylinder_topple,cylinder_toppled;policy_timeout,0.037036,90.000001,0.050261,7069e3e0be63cf076745a1fbd1c38c46d800de5411c12a6240094fd36a3b6104,dade4448af8135299a3ed3921528bb742bdfba1c7ce49c8ff8ddf36dfe01f4ce,10dbbe16da06b4013899e350fece05687abc8c45471b584ac5a2473a0e486dad,/cephfs/volumes/hpc_data_prj/eng_demt_robot_learning/45908032-a3fa-4719-9989-cd8d04c08f7a/polymetics_demt/rebuttal_dataset/simulation_control_bimodal_group/policy_rollouts/CB07/videos/case_08_repeat_1_execution_0.mp4
CB07,9,0,20330897,R,0,0,policy_timeout,cylinder_topple,cylinder_toppled;policy_timeout,0.008383,90.0,0.168016,7069e3e0be63cf076745a1fbd1c38c46d800de5411c12a6240094fd36a3b6104,dade4448af8135299a3ed3921528bb742bdfba1c7ce49c8ff8ddf36dfe01f4ce,10dbbe16da06b4013899e350fece05687abc8c45471b584ac5a2473a0e486dad,/cephfs/volumes/hpc_data_prj/eng_demt_robot_learning/45908032-a3fa-4719-9989-cd8d04c08f7a/polymetics_demt/rebuttal_dataset/simulation_control_bimodal_group/policy_rollouts/CB07/videos/case_09_repeat_0_execution_0.mp4
CB07,9,1,20330898,R,1,1,success,success,,0.072912,0.0001,0.155654,7069e3e0be63cf076745a1fbd1c38c46d800de5411c12a6240094fd36a3b6104,dade4448af8135299a3ed3921528bb742bdfba1c7ce49c8ff8ddf36dfe01f4ce,10dbbe16da06b4013899e350fece05687abc8c45471b584ac5a2473a0e486dad,/cephfs/volumes/hpc_data_prj/eng_demt_robot_learning/45908032-a3fa-4719-9989-cd8d04c08f7a/polymetics_demt/rebuttal_dataset/simulation_control_bimodal_group/policy_rollouts/CB07/videos/case_09_repeat_1_execution_0.mp4
CB08,0,0,20340807,indeterminate,0,0,policy_timeout,target_miss,policy_timeout;target_miss,2.578985,1.4e-05,0.301409,8270635d41719b67652933a88c60230f4dad2a9f6494426a1ab50eb686c05491,1c19030474c034fc51b2094dfa62c590f50288d17fc7d9ae2c4c0c76101afcd3,10dbbe16da06b4013899e350fece05687abc8c45471b584ac5a2473a0e486dad,/cephfs/volumes/hpc_data_prj/eng_demt_robot_learning/45908032-a3fa-4719-9989-cd8d04c08f7a/polymetics_demt/rebuttal_dataset/simulation_control_bimodal_group/policy_rollouts/CB08/videos/case_00_repeat_0_execution_0.mp4
CB08,0,1,20340808,indeterminate,0,0,policy_timeout,target_miss,policy_timeout;target_miss,1.027372,0.000396,0.301409,8270635d41719b67652933a88c60230f4dad2a9f6494426a1ab50eb686c05491,1c19030474c034fc51b2094dfa62c590f50288d17fc7d9ae2c4c0c76101afcd3,10dbbe16da06b4013899e350fece05687abc8c45471b584ac5a2473a0e486dad,/cephfs/volumes/hpc_data_prj/eng_demt_robot_learning/45908032-a3fa-4719-9989-cd8d04c08f7a/polymetics_demt/rebuttal_dataset/simulation_control_bimodal_group/policy_rollouts/CB08/videos/case_00_repeat_1_execution_0.mp4
CB08,1,0,20340817,R,0,0,policy_timeout,cylinder_topple,cylinder_toppled;policy_timeout,0.004286,90.0,0.153258,8270635d41719b67652933a88c60230f4dad2a9f6494426a1ab50eb686c05491,1c19030474c034fc51b2094dfa62c590f50288d17fc7d9ae2c4c0c76101afcd3,10dbbe16da06b4013899e350fece05687abc8c45471b584ac5a2473a0e486dad,/cephfs/volumes/hpc_data_prj/eng_demt_robot_learning/45908032-a3fa-4719-9989-cd8d04c08f7a/polymetics_demt/rebuttal_dataset/simulation_control_bimodal_group/policy_rollouts/CB08/videos/case_01_repeat_0_execution_0.mp4
CB08,1,1,20340818,R,0,0,policy_timeout,cylinder_topple,cylinder_toppled;policy_timeout,0.054583,90.0,0.027236,8270635d41719b67652933a88c60230f4dad2a9f6494426a1ab50eb686c05491,1c19030474c034fc51b2094dfa62c590f50288d17fc7d9ae2c4c0c76101afcd3,10dbbe16da06b4013899e350fece05687abc8c45471b584ac5a2473a0e486dad,/cephfs/volumes/hpc_data_prj/eng_demt_robot_learning/45908032-a3fa-4719-9989-cd8d04c08f7a/polymetics_demt/rebuttal_dataset/simulation_control_bimodal_group/policy_rollouts/CB08/videos/case_01_repeat_1_execution_0.mp4
CB08,2,0,20340827,indeterminate,0,0,policy_timeout,target_miss,policy_timeout;target_miss,2.105599,0.000376,0.279975,8270635d41719b67652933a88c60230f4dad2a9f6494426a1ab50eb686c05491,1c19030474c034fc51b2094dfa62c590f50288d17fc7d9ae2c4c0c76101afcd3,10dbbe16da06b4013899e350fece05687abc8c45471b584ac5a2473a0e486dad,/cephfs/volumes/hpc_data_prj/eng_demt_robot_learning/45908032-a3fa-4719-9989-cd8d04c08f7a/polymetics_demt/rebuttal_dataset/simulation_control_bimodal_group/policy_rollouts/CB08/videos/case_02_repeat_0_execution_0.mp4
CB08,2,1,20340828,indeterminate,0,0,policy_timeout,target_miss,policy_timeout;target_miss,3.734043,0.000373,0.279975,8270635d41719b67652933a88c60230f4dad2a9f6494426a1ab50eb686c05491,1c19030474c034fc51b2094dfa62c590f50288d17fc7d9ae2c4c0c76101afcd3,10dbbe16da06b4013899e350fece05687abc8c45471b584ac5a2473a0e486dad,/cephfs/volumes/hpc_data_prj/eng_demt_robot_learning/45908032-a3fa-4719-9989-cd8d04c08f7a/polymetics_demt/rebuttal_dataset/simulation_control_bimodal_group/policy_rollouts/CB08/videos/case_02_repeat_1_execution_0.mp4
CB08,3,0,20340837,R,0,0,policy_timeout,cylinder_topple,cylinder_toppled;policy_timeout,0.036515,90.0,0.052207,8270635d41719b67652933a88c60230f4dad2a9f6494426a1ab50eb686c05491,1c19030474c034fc51b2094dfa62c590f50288d17fc7d9ae2c4c0c76101afcd3,10dbbe16da06b4013899e350fece05687abc8c45471b584ac5a2473a0e486dad,/cephfs/volumes/hpc_data_prj/eng_demt_robot_learning/45908032-a3fa-4719-9989-cd8d04c08f7a/polymetics_demt/rebuttal_dataset/simulation_control_bimodal_group/policy_rollouts/CB08/videos/case_03_repeat_0_execution_0.mp4
CB08,3,1,20340838,R,0,0,policy_timeout,cylinder_topple,cylinder_toppled;policy_timeout,0.013615,90.000078,0.092692,8270635d41719b67652933a88c60230f4dad2a9f6494426a1ab50eb686c05491,1c19030474c034fc51b2094dfa62c590f50288d17fc7d9ae2c4c0c76101afcd3,10dbbe16da06b4013899e350fece05687abc8c45471b584ac5a2473a0e486dad,/cephfs/volumes/hpc_data_prj/eng_demt_robot_learning/45908032-a3fa-4719-9989-cd8d04c08f7a/polymetics_demt/rebuttal_dataset/simulation_control_bimodal_group/policy_rollouts/CB08/videos/case_03_repeat_1_execution_0.mp4
CB08,4,0,20340847,L,0,0,policy_timeout,cylinder_topple,cylinder_toppled;policy_timeout,0.043929,90.000002,0.0286,8270635d41719b67652933a88c60230f4dad2a9f6494426a1ab50eb686c05491,1c19030474c034fc51b2094dfa62c590f50288d17fc7d9ae2c4c0c76101afcd3,10dbbe16da06b4013899e350fece05687abc8c45471b584ac5a2473a0e486dad,/cephfs/volumes/hpc_data_prj/eng_demt_robot_learning/45908032-a3fa-4719-9989-cd8d04c08f7a/polymetics_demt/rebuttal_dataset/simulation_control_bimodal_group/policy_rollouts/CB08/videos/case_04_repeat_0_execution_0.mp4
CB08,4,1,20340848,L,1,1,success,success,,0.039327,4e-06,0.160867,8270635d41719b67652933a88c60230f4dad2a9f6494426a1ab50eb686c05491,1c19030474c034fc51b2094dfa62c590f50288d17fc7d9ae2c4c0c76101afcd3,10dbbe16da06b4013899e350fece05687abc8c45471b584ac5a2473a0e486dad,/cephfs/volumes/hpc_data_prj/eng_demt_robot_learning/45908032-a3fa-4719-9989-cd8d04c08f7a/polymetics_demt/rebuttal_dataset/simulation_control_bimodal_group/policy_rollouts/CB08/videos/case_04_repeat_1_execution_0.mp4
CB08,5,0,20340857,L,1,1,success,success,,0.093328,0.000332,0.159823,8270635d41719b67652933a88c60230f4dad2a9f6494426a1ab50eb686c05491,1c19030474c034fc51b2094dfa62c590f50288d17fc7d9ae2c4c0c76101afcd3,10dbbe16da06b4013899e350fece05687abc8c45471b584ac5a2473a0e486dad,/cephfs/volumes/hpc_data_prj/eng_demt_robot_learning/45908032-a3fa-4719-9989-cd8d04c08f7a/polymetics_demt/rebuttal_dataset/simulation_control_bimodal_group/policy_rollouts/CB08/videos/case_05_repeat_0_execution_0.mp4
CB08,5,1,20340858,L,1,1,success,success,,0.016147,0.000332,0.172813,8270635d41719b67652933a88c60230f4dad2a9f6494426a1ab50eb686c05491,1c19030474c034fc51b2094dfa62c590f50288d17fc7d9ae2c4c0c76101afcd3,10dbbe16da06b4013899e350fece05687abc8c45471b584ac5a2473a0e486dad,/cephfs/volumes/hpc_data_prj/eng_demt_robot_learning/45908032-a3fa-4719-9989-cd8d04c08f7a/polymetics_demt/rebuttal_dataset/simulation_control_bimodal_group/policy_rollouts/CB08/videos/case_05_repeat_1_execution_0.mp4
CB08,6,0,20340867,L,0,0,policy_timeout,cylinder_topple,cylinder_toppled;policy_timeout,0.020426,89.999979,0.017482,8270635d41719b67652933a88c60230f4dad2a9f6494426a1ab50eb686c05491,1c19030474c034fc51b2094dfa62c590f50288d17fc7d9ae2c4c0c76101afcd3,10dbbe16da06b4013899e350fece05687abc8c45471b584ac5a2473a0e486dad,/cephfs/volumes/hpc_data_prj/eng_demt_robot_learning/45908032-a3fa-4719-9989-cd8d04c08f7a/polymetics_demt/rebuttal_dataset/simulation_control_bimodal_group/policy_rollouts/CB08/videos/case_06_repeat_0_execution_0.mp4
CB08,6,1,20340868,L,1,1,success,success,,0.010435,9e-06,0.112012,8270635d41719b67652933a88c60230f4dad2a9f6494426a1ab50eb686c05491,1c19030474c034fc51b2094dfa62c590f50288d17fc7d9ae2c4c0c76101afcd3,10dbbe16da06b4013899e350fece05687abc8c45471b584ac5a2473a0e486dad,/cephfs/volumes/hpc_data_prj/eng_demt_robot_learning/45908032-a3fa-4719-9989-cd8d04c08f7a/polymetics_demt/rebuttal_dataset/simulation_control_bimodal_group/policy_rollouts/CB08/videos/case_06_repeat_1_execution_0.mp4
CB08,7,0,20340877,R,0,0,policy_timeout,cylinder_topple,cylinder_toppled;policy_timeout,0.098744,90.0,0.100949,8270635d41719b67652933a88c60230f4dad2a9f6494426a1ab50eb686c05491,1c19030474c034fc51b2094dfa62c590f50288d17fc7d9ae2c4c0c76101afcd3,10dbbe16da06b4013899e350fece05687abc8c45471b584ac5a2473a0e486dad,/cephfs/volumes/hpc_data_prj/eng_demt_robot_learning/45908032-a3fa-4719-9989-cd8d04c08f7a/polymetics_demt/rebuttal_dataset/simulation_control_bimodal_group/policy_rollouts/CB08/videos/case_07_repeat_0_execution_0.mp4
CB08,7,1,20340878,R,0,0,policy_timeout,cylinder_topple,cylinder_toppled;policy_timeout,0.016954,90.0,0.079154,8270635d41719b67652933a88c60230f4dad2a9f6494426a1ab50eb686c05491,1c19030474c034fc51b2094dfa62c590f50288d17fc7d9ae2c4c0c76101afcd3,10dbbe16da06b4013899e350fece05687abc8c45471b584ac5a2473a0e486dad,/cephfs/volumes/hpc_data_prj/eng_demt_robot_learning/45908032-a3fa-4719-9989-cd8d04c08f7a/polymetics_demt/rebuttal_dataset/simulation_control_bimodal_group/policy_rollouts/CB08/videos/case_07_repeat_1_execution_0.mp4
CB08,8,0,20340887,L,1,1,success,success,,0.030452,1.2e-05,0.176248,8270635d41719b67652933a88c60230f4dad2a9f6494426a1ab50eb686c05491,1c19030474c034fc51b2094dfa62c590f50288d17fc7d9ae2c4c0c76101afcd3,10dbbe16da06b4013899e350fece05687abc8c45471b584ac5a2473a0e486dad,/cephfs/volumes/hpc_data_prj/eng_demt_robot_learning/45908032-a3fa-4719-9989-cd8d04c08f7a/polymetics_demt/rebuttal_dataset/simulation_control_bimodal_group/policy_rollouts/CB08/videos/case_08_repeat_0_execution_0.mp4
CB08,8,1,20340888,R,1,1,success,success,,0.047024,5.1e-05,0.182205,8270635d41719b67652933a88c60230f4dad2a9f6494426a1ab50eb686c05491,1c19030474c034fc51b2094dfa62c590f50288d17fc7d9ae2c4c0c76101afcd3,10dbbe16da06b4013899e350fece05687abc8c45471b584ac5a2473a0e486dad,/cephfs/volumes/hpc_data_prj/eng_demt_robot_learning/45908032-a3fa-4719-9989-cd8d04c08f7a/polymetics_demt/rebuttal_dataset/simulation_control_bimodal_group/policy_rollouts/CB08/videos/case_08_repeat_1_execution_0.mp4
CB08,9,0,20340897,R,1,1,success,success,,0.030632,0.000327,0.146488,8270635d41719b67652933a88c60230f4dad2a9f6494426a1ab50eb686c05491,1c19030474c034fc51b2094dfa62c590f50288d17fc7d9ae2c4c0c76101afcd3,10dbbe16da06b4013899e350fece05687abc8c45471b584ac5a2473a0e486dad,/cephfs/volumes/hpc_data_prj/eng_demt_robot_learning/45908032-a3fa-4719-9989-cd8d04c08f7a/polymetics_demt/rebuttal_dataset/simulation_control_bimodal_group/policy_rollouts/CB08/videos/case_09_repeat_0_execution_0.mp4
CB08,9,1,20340898,R,0,0,policy_timeout,cylinder_topple,cylinder_toppled;policy_timeout,0.018731,89.999995,0.137691,8270635d41719b67652933a88c60230f4dad2a9f6494426a1ab50eb686c05491,1c19030474c034fc51b2094dfa62c590f50288d17fc7d9ae2c4c0c76101afcd3,10dbbe16da06b4013899e350fece05687abc8c45471b584ac5a2473a0e486dad,/cephfs/volumes/hpc_data_prj/eng_demt_robot_learning/45908032-a3fa-4719-9989-cd8d04c08f7a/polymetics_demt/rebuttal_dataset/simulation_control_bimodal_group/policy_rollouts/CB08/videos/case_09_repeat_1_execution_0.mp4
CB09,0,0,20350807,L,0,0,policy_timeout,cylinder_topple,cylinder_toppled;policy_timeout;target_miss,0.21809,89.999989,0.15494,df001694e449dc7bcab83ca6118dfc39acc0a61b8953cc28f599fcb77fda9506,e5e2a6aa94c90cf394487a2a0a86366b2c7db91d7a2586a70cb9be79d0e1f345,10dbbe16da06b4013899e350fece05687abc8c45471b584ac5a2473a0e486dad,/cephfs/volumes/hpc_data_prj/eng_demt_robot_learning/45908032-a3fa-4719-9989-cd8d04c08f7a/polymetics_demt/rebuttal_dataset/simulation_control_bimodal_group/policy_rollouts/CB09/videos/case_00_repeat_0_execution_0.mp4
CB09,0,1,20350808,indeterminate,0,0,policy_timeout,cylinder_topple,cylinder_toppled;policy_timeout;target_miss,3.793181,89.999989,0.301409,df001694e449dc7bcab83ca6118dfc39acc0a61b8953cc28f599fcb77fda9506,e5e2a6aa94c90cf394487a2a0a86366b2c7db91d7a2586a70cb9be79d0e1f345,10dbbe16da06b4013899e350fece05687abc8c45471b584ac5a2473a0e486dad,/cephfs/volumes/hpc_data_prj/eng_demt_robot_learning/45908032-a3fa-4719-9989-cd8d04c08f7a/polymetics_demt/rebuttal_dataset/simulation_control_bimodal_group/policy_rollouts/CB09/videos/case_00_repeat_1_execution_0.mp4
CB09,1,0,20350817,R,0,0,policy_timeout,cylinder_topple,cylinder_toppled;policy_timeout,0.016947,90.0,0.110593,df001694e449dc7bcab83ca6118dfc39acc0a61b8953cc28f599fcb77fda9506,e5e2a6aa94c90cf394487a2a0a86366b2c7db91d7a2586a70cb9be79d0e1f345,10dbbe16da06b4013899e350fece05687abc8c45471b584ac5a2473a0e486dad,/cephfs/volumes/hpc_data_prj/eng_demt_robot_learning/45908032-a3fa-4719-9989-cd8d04c08f7a/polymetics_demt/rebuttal_dataset/simulation_control_bimodal_group/policy_rollouts/CB09/videos/case_01_repeat_0_execution_0.mp4
CB09,1,1,20350818,R,1,1,success,success,,0.051071,3.3e-05,0.147247,df001694e449dc7bcab83ca6118dfc39acc0a61b8953cc28f599fcb77fda9506,e5e2a6aa94c90cf394487a2a0a86366b2c7db91d7a2586a70cb9be79d0e1f345,10dbbe16da06b4013899e350fece05687abc8c45471b584ac5a2473a0e486dad,/cephfs/volumes/hpc_data_prj/eng_demt_robot_learning/45908032-a3fa-4719-9989-cd8d04c08f7a/polymetics_demt/rebuttal_dataset/simulation_control_bimodal_group/policy_rollouts/CB09/videos/case_01_repeat_1_execution_0.mp4
CB09,2,0,20350827,indeterminate,0,0,policy_timeout,cylinder_topple,cylinder_toppled;policy_timeout;target_miss,0.663063,89.999999,0.279975,df001694e449dc7bcab83ca6118dfc39acc0a61b8953cc28f599fcb77fda9506,e5e2a6aa94c90cf394487a2a0a86366b2c7db91d7a2586a70cb9be79d0e1f345,10dbbe16da06b4013899e350fece05687abc8c45471b584ac5a2473a0e486dad,/cephfs/volumes/hpc_data_prj/eng_demt_robot_learning/45908032-a3fa-4719-9989-cd8d04c08f7a/polymetics_demt/rebuttal_dataset/simulation_control_bimodal_group/policy_rollouts/CB09/videos/case_02_repeat_0_execution_0.mp4
CB09,2,1,20350828,indeterminate,0,0,policy_timeout,cylinder_topple,cylinder_toppled;policy_timeout;target_miss,0.199701,89.999996,0.256723,df001694e449dc7bcab83ca6118dfc39acc0a61b8953cc28f599fcb77fda9506,e5e2a6aa94c90cf394487a2a0a86366b2c7db91d7a2586a70cb9be79d0e1f345,10dbbe16da06b4013899e350fece05687abc8c45471b584ac5a2473a0e486dad,/cephfs/volumes/hpc_data_prj/eng_demt_robot_learning/45908032-a3fa-4719-9989-cd8d04c08f7a/polymetics_demt/rebuttal_dataset/simulation_control_bimodal_group/policy_rollouts/CB09/videos/case_02_repeat_1_execution_0.mp4
CB09,3,0,20350837,R,0,0,policy_timeout,cylinder_topple,cylinder_toppled;policy_timeout,0.092501,90.000225,0.136438,df001694e449dc7bcab83ca6118dfc39acc0a61b8953cc28f599fcb77fda9506,e5e2a6aa94c90cf394487a2a0a86366b2c7db91d7a2586a70cb9be79d0e1f345,10dbbe16da06b4013899e350fece05687abc8c45471b584ac5a2473a0e486dad,/cephfs/volumes/hpc_data_prj/eng_demt_robot_learning/45908032-a3fa-4719-9989-cd8d04c08f7a/polymetics_demt/rebuttal_dataset/simulation_control_bimodal_group/policy_rollouts/CB09/videos/case_03_repeat_0_execution_0.mp4
CB09,3,1,20350838,R,0,0,policy_timeout,cylinder_topple,cylinder_toppled;policy_timeout,0.017485,90.0,0.131246,df001694e449dc7bcab83ca6118dfc39acc0a61b8953cc28f599fcb77fda9506,e5e2a6aa94c90cf394487a2a0a86366b2c7db91d7a2586a70cb9be79d0e1f345,10dbbe16da06b4013899e350fece05687abc8c45471b584ac5a2473a0e486dad,/cephfs/volumes/hpc_data_prj/eng_demt_robot_learning/45908032-a3fa-4719-9989-cd8d04c08f7a/polymetics_demt/rebuttal_dataset/simulation_control_bimodal_group/policy_rollouts/CB09/videos/case_03_repeat_1_execution_0.mp4
CB09,4,0,20350847,L,1,1,success,success,,0.029674,0.000332,0.135134,df001694e449dc7bcab83ca6118dfc39acc0a61b8953cc28f599fcb77fda9506,e5e2a6aa94c90cf394487a2a0a86366b2c7db91d7a2586a70cb9be79d0e1f345,10dbbe16da06b4013899e350fece05687abc8c45471b584ac5a2473a0e486dad,/cephfs/volumes/hpc_data_prj/eng_demt_robot_learning/45908032-a3fa-4719-9989-cd8d04c08f7a/polymetics_demt/rebuttal_dataset/simulation_control_bimodal_group/policy_rollouts/CB09/videos/case_04_repeat_0_execution_0.mp4
CB09,4,1,20350848,L,1,1,success,success,,0.090491,6e-06,0.179453,df001694e449dc7bcab83ca6118dfc39acc0a61b8953cc28f599fcb77fda9506,e5e2a6aa94c90cf394487a2a0a86366b2c7db91d7a2586a70cb9be79d0e1f345,10dbbe16da06b4013899e350fece05687abc8c45471b584ac5a2473a0e486dad,/cephfs/volumes/hpc_data_prj/eng_demt_robot_learning/45908032-a3fa-4719-9989-cd8d04c08f7a/polymetics_demt/rebuttal_dataset/simulation_control_bimodal_group/policy_rollouts/CB09/videos/case_04_repeat_1_execution_0.mp4
CB09,5,0,20350857,L,0,0,policy_timeout,cylinder_topple,cylinder_toppled;policy_timeout;target_miss,0.475088,90.000018,0.023851,df001694e449dc7bcab83ca6118dfc39acc0a61b8953cc28f599fcb77fda9506,e5e2a6aa94c90cf394487a2a0a86366b2c7db91d7a2586a70cb9be79d0e1f345,10dbbe16da06b4013899e350fece05687abc8c45471b584ac5a2473a0e486dad,/cephfs/volumes/hpc_data_prj/eng_demt_robot_learning/45908032-a3fa-4719-9989-cd8d04c08f7a/polymetics_demt/rebuttal_dataset/simulation_control_bimodal_group/policy_rollouts/CB09/videos/case_05_repeat_0_execution_0.mp4
CB09,5,1,20350858,indeterminate,0,0,policy_timeout,target_miss,policy_timeout;target_miss,0.388013,1.2e-05,0.188937,df001694e449dc7bcab83ca6118dfc39acc0a61b8953cc28f599fcb77fda9506,e5e2a6aa94c90cf394487a2a0a86366b2c7db91d7a2586a70cb9be79d0e1f345,10dbbe16da06b4013899e350fece05687abc8c45471b584ac5a2473a0e486dad,/cephfs/volumes/hpc_data_prj/eng_demt_robot_learning/45908032-a3fa-4719-9989-cd8d04c08f7a/polymetics_demt/rebuttal_dataset/simulation_control_bimodal_group/policy_rollouts/CB09/videos/case_05_repeat_1_execution_0.mp4
CB09,6,0,20350867,L,0,0,policy_timeout,cylinder_topple,cylinder_toppled;policy_timeout;target_miss,0.196448,90.000008,0.015503,df001694e449dc7bcab83ca6118dfc39acc0a61b8953cc28f599fcb77fda9506,e5e2a6aa94c90cf394487a2a0a86366b2c7db91d7a2586a70cb9be79d0e1f345,10dbbe16da06b4013899e350fece05687abc8c45471b584ac5a2473a0e486dad,/cephfs/volumes/hpc_data_prj/eng_demt_robot_learning/45908032-a3fa-4719-9989-cd8d04c08f7a/polymetics_demt/rebuttal_dataset/simulation_control_bimodal_group/policy_rollouts/CB09/videos/case_06_repeat_0_execution_0.mp4
CB09,6,1,20350868,R,0,0,policy_timeout,cylinder_topple,cylinder_toppled;policy_timeout;target_miss,0.772373,90.000074,0.041494,df001694e449dc7bcab83ca6118dfc39acc0a61b8953cc28f599fcb77fda9506,e5e2a6aa94c90cf394487a2a0a86366b2c7db91d7a2586a70cb9be79d0e1f345,10dbbe16da06b4013899e350fece05687abc8c45471b584ac5a2473a0e486dad,/cephfs/volumes/hpc_data_prj/eng_demt_robot_learning/45908032-a3fa-4719-9989-cd8d04c08f7a/polymetics_demt/rebuttal_dataset/simulation_control_bimodal_group/policy_rollouts/CB09/videos/case_06_repeat_1_execution_0.mp4
CB09,7,0,20350877,R,1,1,success,success,,0.014376,0.662132,0.126911,df001694e449dc7bcab83ca6118dfc39acc0a61b8953cc28f599fcb77fda9506,e5e2a6aa94c90cf394487a2a0a86366b2c7db91d7a2586a70cb9be79d0e1f345,10dbbe16da06b4013899e350fece05687abc8c45471b584ac5a2473a0e486dad,/cephfs/volumes/hpc_data_prj/eng_demt_robot_learning/45908032-a3fa-4719-9989-cd8d04c08f7a/polymetics_demt/rebuttal_dataset/simulation_control_bimodal_group/policy_rollouts/CB09/videos/case_07_repeat_0_execution_0.mp4
CB09,7,1,20350878,R,0,0,policy_timeout,cylinder_topple,cylinder_toppled;policy_timeout,0.009213,89.999998,0.122328,df001694e449dc7bcab83ca6118dfc39acc0a61b8953cc28f599fcb77fda9506,e5e2a6aa94c90cf394487a2a0a86366b2c7db91d7a2586a70cb9be79d0e1f345,10dbbe16da06b4013899e350fece05687abc8c45471b584ac5a2473a0e486dad,/cephfs/volumes/hpc_data_prj/eng_demt_robot_learning/45908032-a3fa-4719-9989-cd8d04c08f7a/polymetics_demt/rebuttal_dataset/simulation_control_bimodal_group/policy_rollouts/CB09/videos/case_07_repeat_1_execution_0.mp4
CB09,8,0,20350887,R,0,0,policy_timeout,cylinder_topple,cylinder_toppled;policy_timeout;target_miss,0.192477,89.999944,0.018126,df001694e449dc7bcab83ca6118dfc39acc0a61b8953cc28f599fcb77fda9506,e5e2a6aa94c90cf394487a2a0a86366b2c7db91d7a2586a70cb9be79d0e1f345,10dbbe16da06b4013899e350fece05687abc8c45471b584ac5a2473a0e486dad,/cephfs/volumes/hpc_data_prj/eng_demt_robot_learning/45908032-a3fa-4719-9989-cd8d04c08f7a/polymetics_demt/rebuttal_dataset/simulation_control_bimodal_group/policy_rollouts/CB09/videos/case_08_repeat_0_execution_0.mp4
CB09,8,1,20350888,L,1,1,success,success,,0.023507,8e-06,0.155632,df001694e449dc7bcab83ca6118dfc39acc0a61b8953cc28f599fcb77fda9506,e5e2a6aa94c90cf394487a2a0a86366b2c7db91d7a2586a70cb9be79d0e1f345,10dbbe16da06b4013899e350fece05687abc8c45471b584ac5a2473a0e486dad,/cephfs/volumes/hpc_data_prj/eng_demt_robot_learning/45908032-a3fa-4719-9989-cd8d04c08f7a/polymetics_demt/rebuttal_dataset/simulation_control_bimodal_group/policy_rollouts/CB09/videos/case_08_repeat_1_execution_0.mp4
CB09,9,0,20350897,R,0,0,policy_timeout,target_miss,policy_timeout;target_miss,0.502214,0.00039,0.145356,df001694e449dc7bcab83ca6118dfc39acc0a61b8953cc28f599fcb77fda9506,e5e2a6aa94c90cf394487a2a0a86366b2c7db91d7a2586a70cb9be79d0e1f345,10dbbe16da06b4013899e350fece05687abc8c45471b584ac5a2473a0e486dad,/cephfs/volumes/hpc_data_prj/eng_demt_robot_learning/45908032-a3fa-4719-9989-cd8d04c08f7a/polymetics_demt/rebuttal_dataset/simulation_control_bimodal_group/policy_rollouts/CB09/videos/case_09_repeat_0_execution_0.mp4
CB09,9,1,20350898,R,1,1,success,success,,0.005245,2.4e-05,0.165647,df001694e449dc7bcab83ca6118dfc39acc0a61b8953cc28f599fcb77fda9506,e5e2a6aa94c90cf394487a2a0a86366b2c7db91d7a2586a70cb9be79d0e1f345,10dbbe16da06b4013899e350fece05687abc8c45471b584ac5a2473a0e486dad,/cephfs/volumes/hpc_data_prj/eng_demt_robot_learning/45908032-a3fa-4719-9989-cd8d04c08f7a/polymetics_demt/rebuttal_dataset/simulation_control_bimodal_group/policy_rollouts/CB09/videos/case_09_repeat_1_execution_0.mp4
CB10,0,0,20360807,indeterminate,0,0,policy_timeout,cylinder_topple,cylinder_toppled;policy_timeout;target_miss,0.262824,89.999993,0.284515,0bccd8d12dc339b551fca5ef7ad687570602c450d7c70ad6449ed5cefabc85ea,d9436bb410433e94893c362d285b0b043e3c8168ea73007b1d1c111ecc91085a,10dbbe16da06b4013899e350fece05687abc8c45471b584ac5a2473a0e486dad,/cephfs/volumes/hpc_data_prj/eng_demt_robot_learning/45908032-a3fa-4719-9989-cd8d04c08f7a/polymetics_demt/rebuttal_dataset/simulation_control_bimodal_group/policy_rollouts/CB10/videos/case_00_repeat_0_execution_0.mp4
CB10,0,1,20360808,indeterminate,0,0,policy_timeout,cylinder_topple,cylinder_toppled;policy_timeout;target_miss,0.650817,89.999998,0.301409,0bccd8d12dc339b551fca5ef7ad687570602c450d7c70ad6449ed5cefabc85ea,d9436bb410433e94893c362d285b0b043e3c8168ea73007b1d1c111ecc91085a,10dbbe16da06b4013899e350fece05687abc8c45471b584ac5a2473a0e486dad,/cephfs/volumes/hpc_data_prj/eng_demt_robot_learning/45908032-a3fa-4719-9989-cd8d04c08f7a/polymetics_demt/rebuttal_dataset/simulation_control_bimodal_group/policy_rollouts/CB10/videos/case_00_repeat_1_execution_0.mp4
CB10,1,0,20360817,R,0,0,policy_timeout,cylinder_topple,cylinder_toppled;policy_timeout,0.01038,89.99999,0.193011,0bccd8d12dc339b551fca5ef7ad687570602c450d7c70ad6449ed5cefabc85ea,d9436bb410433e94893c362d285b0b043e3c8168ea73007b1d1c111ecc91085a,10dbbe16da06b4013899e350fece05687abc8c45471b584ac5a2473a0e486dad,/cephfs/volumes/hpc_data_prj/eng_demt_robot_learning/45908032-a3fa-4719-9989-cd8d04c08f7a/polymetics_demt/rebuttal_dataset/simulation_control_bimodal_group/policy_rollouts/CB10/videos/case_01_repeat_0_execution_0.mp4
CB10,1,1,20360818,R,1,1,success,success,,0.011411,5.5e-05,0.18433,0bccd8d12dc339b551fca5ef7ad687570602c450d7c70ad6449ed5cefabc85ea,d9436bb410433e94893c362d285b0b043e3c8168ea73007b1d1c111ecc91085a,10dbbe16da06b4013899e350fece05687abc8c45471b584ac5a2473a0e486dad,/cephfs/volumes/hpc_data_prj/eng_demt_robot_learning/45908032-a3fa-4719-9989-cd8d04c08f7a/polymetics_demt/rebuttal_dataset/simulation_control_bimodal_group/policy_rollouts/CB10/videos/case_01_repeat_1_execution_0.mp4
CB10,2,0,20360827,indeterminate,0,0,policy_timeout,target_miss,policy_timeout;target_miss,4.810164,0.000343,0.279975,0bccd8d12dc339b551fca5ef7ad687570602c450d7c70ad6449ed5cefabc85ea,d9436bb410433e94893c362d285b0b043e3c8168ea73007b1d1c111ecc91085a,10dbbe16da06b4013899e350fece05687abc8c45471b584ac5a2473a0e486dad,/cephfs/volumes/hpc_data_prj/eng_demt_robot_learning/45908032-a3fa-4719-9989-cd8d04c08f7a/polymetics_demt/rebuttal_dataset/simulation_control_bimodal_group/policy_rollouts/CB10/videos/case_02_repeat_0_execution_0.mp4
CB10,2,1,20360828,indeterminate,0,0,policy_timeout,cylinder_topple,cylinder_toppled;policy_timeout;target_miss,0.798673,89.999998,0.279975,0bccd8d12dc339b551fca5ef7ad687570602c450d7c70ad6449ed5cefabc85ea,d9436bb410433e94893c362d285b0b043e3c8168ea73007b1d1c111ecc91085a,10dbbe16da06b4013899e350fece05687abc8c45471b584ac5a2473a0e486dad,/cephfs/volumes/hpc_data_prj/eng_demt_robot_learning/45908032-a3fa-4719-9989-cd8d04c08f7a/polymetics_demt/rebuttal_dataset/simulation_control_bimodal_group/policy_rollouts/CB10/videos/case_02_repeat_1_execution_0.mp4
CB10,3,0,20360837,R,1,1,success,success,,0.052202,6e-05,0.176274,0bccd8d12dc339b551fca5ef7ad687570602c450d7c70ad6449ed5cefabc85ea,d9436bb410433e94893c362d285b0b043e3c8168ea73007b1d1c111ecc91085a,10dbbe16da06b4013899e350fece05687abc8c45471b584ac5a2473a0e486dad,/cephfs/volumes/hpc_data_prj/eng_demt_robot_learning/45908032-a3fa-4719-9989-cd8d04c08f7a/polymetics_demt/rebuttal_dataset/simulation_control_bimodal_group/policy_rollouts/CB10/videos/case_03_repeat_0_execution_0.mp4
CB10,3,1,20360838,R,1,1,success,success,,0.024315,6.9e-05,0.164301,0bccd8d12dc339b551fca5ef7ad687570602c450d7c70ad6449ed5cefabc85ea,d9436bb410433e94893c362d285b0b043e3c8168ea73007b1d1c111ecc91085a,10dbbe16da06b4013899e350fece05687abc8c45471b584ac5a2473a0e486dad,/cephfs/volumes/hpc_data_prj/eng_demt_robot_learning/45908032-a3fa-4719-9989-cd8d04c08f7a/polymetics_demt/rebuttal_dataset/simulation_control_bimodal_group/policy_rollouts/CB10/videos/case_03_repeat_1_execution_0.mp4
CB10,4,0,20360847,R,1,1,success,success,,0.043062,1.5e-05,0.134897,0bccd8d12dc339b551fca5ef7ad687570602c450d7c70ad6449ed5cefabc85ea,d9436bb410433e94893c362d285b0b043e3c8168ea73007b1d1c111ecc91085a,10dbbe16da06b4013899e350fece05687abc8c45471b584ac5a2473a0e486dad,/cephfs/volumes/hpc_data_prj/eng_demt_robot_learning/45908032-a3fa-4719-9989-cd8d04c08f7a/polymetics_demt/rebuttal_dataset/simulation_control_bimodal_group/policy_rollouts/CB10/videos/case_04_repeat_0_execution_0.mp4
CB10,4,1,20360848,R,1,1,success,success,,0.024558,0.000314,0.163036,0bccd8d12dc339b551fca5ef7ad687570602c450d7c70ad6449ed5cefabc85ea,d9436bb410433e94893c362d285b0b043e3c8168ea73007b1d1c111ecc91085a,10dbbe16da06b4013899e350fece05687abc8c45471b584ac5a2473a0e486dad,/cephfs/volumes/hpc_data_prj/eng_demt_robot_learning/45908032-a3fa-4719-9989-cd8d04c08f7a/polymetics_demt/rebuttal_dataset/simulation_control_bimodal_group/policy_rollouts/CB10/videos/case_04_repeat_1_execution_0.mp4
CB10,5,0,20360857,L,1,1,success,success,,0.012751,8e-06,0.201598,0bccd8d12dc339b551fca5ef7ad687570602c450d7c70ad6449ed5cefabc85ea,d9436bb410433e94893c362d285b0b043e3c8168ea73007b1d1c111ecc91085a,10dbbe16da06b4013899e350fece05687abc8c45471b584ac5a2473a0e486dad,/cephfs/volumes/hpc_data_prj/eng_demt_robot_learning/45908032-a3fa-4719-9989-cd8d04c08f7a/polymetics_demt/rebuttal_dataset/simulation_control_bimodal_group/policy_rollouts/CB10/videos/case_05_repeat_0_execution_0.mp4
CB10,5,1,20360858,L,0,0,policy_timeout,cylinder_topple,cylinder_toppled;policy_timeout;target_miss,0.173257,89.999947,0.086555,0bccd8d12dc339b551fca5ef7ad687570602c450d7c70ad6449ed5cefabc85ea,d9436bb410433e94893c362d285b0b043e3c8168ea73007b1d1c111ecc91085a,10dbbe16da06b4013899e350fece05687abc8c45471b584ac5a2473a0e486dad,/cephfs/volumes/hpc_data_prj/eng_demt_robot_learning/45908032-a3fa-4719-9989-cd8d04c08f7a/polymetics_demt/rebuttal_dataset/simulation_control_bimodal_group/policy_rollouts/CB10/videos/case_05_repeat_1_execution_0.mp4
CB10,6,0,20360867,L,1,1,success,success,,0.035773,7e-06,0.143437,0bccd8d12dc339b551fca5ef7ad687570602c450d7c70ad6449ed5cefabc85ea,d9436bb410433e94893c362d285b0b043e3c8168ea73007b1d1c111ecc91085a,10dbbe16da06b4013899e350fece05687abc8c45471b584ac5a2473a0e486dad,/cephfs/volumes/hpc_data_prj/eng_demt_robot_learning/45908032-a3fa-4719-9989-cd8d04c08f7a/polymetics_demt/rebuttal_dataset/simulation_control_bimodal_group/policy_rollouts/CB10/videos/case_06_repeat_0_execution_0.mp4
CB10,6,1,20360868,R,0,0,policy_timeout,cylinder_topple,cylinder_toppled;policy_timeout;target_miss,0.452847,90.0,0.162781,0bccd8d12dc339b551fca5ef7ad687570602c450d7c70ad6449ed5cefabc85ea,d9436bb410433e94893c362d285b0b043e3c8168ea73007b1d1c111ecc91085a,10dbbe16da06b4013899e350fece05687abc8c45471b584ac5a2473a0e486dad,/cephfs/volumes/hpc_data_prj/eng_demt_robot_learning/45908032-a3fa-4719-9989-cd8d04c08f7a/polymetics_demt/rebuttal_dataset/simulation_control_bimodal_group/policy_rollouts/CB10/videos/case_06_repeat_1_execution_0.mp4
CB10,7,0,20360877,R,0,0,policy_timeout,target_miss,policy_timeout;target_miss,0.577107,0.000247,0.195008,0bccd8d12dc339b551fca5ef7ad687570602c450d7c70ad6449ed5cefabc85ea,d9436bb410433e94893c362d285b0b043e3c8168ea73007b1d1c111ecc91085a,10dbbe16da06b4013899e350fece05687abc8c45471b584ac5a2473a0e486dad,/cephfs/volumes/hpc_data_prj/eng_demt_robot_learning/45908032-a3fa-4719-9989-cd8d04c08f7a/polymetics_demt/rebuttal_dataset/simulation_control_bimodal_group/policy_rollouts/CB10/videos/case_07_repeat_0_execution_0.mp4
CB10,7,1,20360878,R,1,1,success,success,,0.004982,9.5e-05,0.184879,0bccd8d12dc339b551fca5ef7ad687570602c450d7c70ad6449ed5cefabc85ea,d9436bb410433e94893c362d285b0b043e3c8168ea73007b1d1c111ecc91085a,10dbbe16da06b4013899e350fece05687abc8c45471b584ac5a2473a0e486dad,/cephfs/volumes/hpc_data_prj/eng_demt_robot_learning/45908032-a3fa-4719-9989-cd8d04c08f7a/polymetics_demt/rebuttal_dataset/simulation_control_bimodal_group/policy_rollouts/CB10/videos/case_07_repeat_1_execution_0.mp4
CB10,8,0,20360887,R,0,0,policy_timeout,cylinder_topple,cylinder_toppled;policy_timeout,0.008398,90.0,0.04021,0bccd8d12dc339b551fca5ef7ad687570602c450d7c70ad6449ed5cefabc85ea,d9436bb410433e94893c362d285b0b043e3c8168ea73007b1d1c111ecc91085a,10dbbe16da06b4013899e350fece05687abc8c45471b584ac5a2473a0e486dad,/cephfs/volumes/hpc_data_prj/eng_demt_robot_learning/45908032-a3fa-4719-9989-cd8d04c08f7a/polymetics_demt/rebuttal_dataset/simulation_control_bimodal_group/policy_rollouts/CB10/videos/case_08_repeat_0_execution_0.mp4
CB10,8,1,20360888,L,0,0,policy_timeout,cylinder_topple,cylinder_toppled;policy_timeout;target_miss,1.126766,90.000078,0.079425,0bccd8d12dc339b551fca5ef7ad687570602c450d7c70ad6449ed5cefabc85ea,d9436bb410433e94893c362d285b0b043e3c8168ea73007b1d1c111ecc91085a,10dbbe16da06b4013899e350fece05687abc8c45471b584ac5a2473a0e486dad,/cephfs/volumes/hpc_data_prj/eng_demt_robot_learning/45908032-a3fa-4719-9989-cd8d04c08f7a/polymetics_demt/rebuttal_dataset/simulation_control_bimodal_group/policy_rollouts/CB10/videos/case_08_repeat_1_execution_0.mp4
CB10,9,0,20360897,R,0,0,policy_timeout,cylinder_topple,cylinder_toppled;policy_timeout;target_miss,0.242551,90.0,0.013638,0bccd8d12dc339b551fca5ef7ad687570602c450d7c70ad6449ed5cefabc85ea,d9436bb410433e94893c362d285b0b043e3c8168ea73007b1d1c111ecc91085a,10dbbe16da06b4013899e350fece05687abc8c45471b584ac5a2473a0e486dad,/cephfs/volumes/hpc_data_prj/eng_demt_robot_learning/45908032-a3fa-4719-9989-cd8d04c08f7a/polymetics_demt/rebuttal_dataset/simulation_control_bimodal_group/policy_rollouts/CB10/videos/case_09_repeat_0_execution_0.mp4
CB10,9,1,20360898,R,0,0,policy_timeout,cylinder_topple,cylinder_toppled;policy_timeout,0.05879,90.0,0.180503,0bccd8d12dc339b551fca5ef7ad687570602c450d7c70ad6449ed5cefabc85ea,d9436bb410433e94893c362d285b0b043e3c8168ea73007b1d1c111ecc91085a,10dbbe16da06b4013899e350fece05687abc8c45471b584ac5a2473a0e486dad,/cephfs/volumes/hpc_data_prj/eng_demt_robot_learning/45908032-a3fa-4719-9989-cd8d04c08f7a/polymetics_demt/rebuttal_dataset/simulation_control_bimodal_group/policy_rollouts/CB10/videos/case_09_repeat_1_execution_0.mp4
