t,dt,step,state_seq,control_mode,drive_mode,gripper_cmd,gripper_width,q0,q1,q2,q3,q4,q5,q6
0.0,0.0,0,0,takeover,cartesian_freedrive,-1.0,0.07999998929891343,0.21767647626806325,-0.029503374674862727,0.11977628213729621,-2.6014913987201753,-0.1339426047503272,2.732965311334843,1.241541526718013
0.03333333333333333,0.03333333333333333,1,1,takeover,cartesian_freedrive,-1.0,0.07999999288488023,0.2187745455786424,-0.029495001777715434,0.1213676830419863,-2.600762956164987,-0.13694651831748544,2.732139179210628,1.2472108650873575
0.06666666666666667,0.03333333333333333,2,2,takeover,cartesian_freedrive,-1.0,0.07999999805832755,0.21893692565605763,-0.031212775342281666,0.12138395681992825,-2.6004699508183102,-0.13571562570154097,2.7302595720795355,1.2461563012939942
0.1,0.03333333333333333,3,3,takeover,cartesian_freedrive,-1.0,0.08000000122496406,0.21908931081125668,-0.03298221066254811,0.12137454812922728,-2.6001900356229717,-0.13441266532975235,2.7283466964989205,1.2449950826928105
0.13333333333333333,0.03333333333333333,4,4,takeover,cartesian_freedrive,-1.0,0.08000000439009289,0.2192435549166112,-0.03474880936923727,0.12136004602682629,-2.599905552918427,-0.1331201021335051,2.726432010258836,1.2438410567965439
0.16666666666666666,0.03333333333333333,5,5,takeover,cartesian_freedrive,-1.0,0.07999999980910046,0.21942862921661413,-0.03679266984784952,0.12135084945864087,-2.599583657277334,-0.1316944869440415,2.7242039898103387,1.242589655589035
0.2,0.03333333333333333,6,6,takeover,cartesian_freedrive,-1.0,0.07999999732423874,0.21961651193151213,-0.03883153124586596,0.12133623029811119,-2.599254045463637,-0.13028490764936612,2.7219720204370055,1.241351733891372
0.23333333333333334,0.03333333333333333,7,7,takeover,cartesian_freedrive,-1.0,0.07999999600692695,0.21980657014466212,-0.040865710141113766,0.12131569627394248,-2.598918147837676,-0.12888971245278602,2.7197377576649755,1.2401245574237696
0.26666666666666666,0.03333333333333333,8,8,takeover,cartesian_freedrive,-1.0,0.07999999276408272,0.2199986201450337,-0.042893048796793676,0.12129000584324223,-2.5985751538718467,-0.12751075605878417,2.7175025402695656,1.2389104484729763
0.3,0.03333333333333333,9,9,takeover,cartesian_freedrive,-1.0,0.07999998375406434,0.220198064475124,-0.04493719402086299,0.12127416178514121,-2.598237542612063,-0.12619268824069635,2.7152355690798173,1.237774885831535
0.3333333333333333,0.03333333333333333,10,10,takeover,cartesian_freedrive,-1.0,0.07999997731607819,0.2203994726963795,-0.04697436404704711,0.12125365354344843,-2.5978928169888085,-0.12489095373003516,2.7129675265790962,1.236652921942088
0.36666666666666664,0.03333333333333333,11,11,takeover,cartesian_freedrive,-1.0,0.07999995888812436,0.22060218151036476,-0.04900687292975565,0.12122834318367016,-2.5975419589595328,-0.12360245056003849,2.7106975229919037,1.2355406976087642
0.4,0.03333333333333333,12,12,takeover,cartesian_freedrive,-1.0,0.0799999607998566,0.22080683210030297,-0.05103236326830983,0.12119810275716307,-2.5971839217631083,-0.12232950425500154,2.708426439263233,1.2344409812696464
0.43333333333333335,0.03333333333333333,13,13,takeover,cartesian_freedrive,-1.0,0.07999998018389554,0.22101806442108105,-0.05307321983173029,0.12117872208302113,-2.5968315985588135,-0.12111679240931265,2.7061253677540376,1.233419595559274
0.4666666666666667,0.03333333333333333,14,14,takeover,cartesian_freedrive,-1.0,0.07999998285930811,0.2212303654272679,-0.05510695424904658,0.1211558259327465,-2.596472211988114,-0.11991922446149239,2.7038237038922595,1.2324107934907405
0.5,0.03333333333333333,15,15,takeover,cartesian_freedrive,-1.0,0.07999997148545016,0.22144354107392114,-0.05713607289472201,0.12112873591546769,-2.5961067726252254,-0.1187338724474237,2.7015201638396102,1.2314108332798088
0.5333333333333333,0.03333333333333333,16,16,takeover,cartesian_freedrive,-1.0,0.07999997755886301,0.22165795502229182,-0.05915933800635919,0.12109737800573735,-2.5957347427492885,-0.11756183545317507,2.699215260687538,1.2304210472325818
0.5666666666666667,0.03333333333333333,17,17,takeover,cartesian_freedrive,-1.0,0.07999997654736465,0.22187751353343707,-0.06119527427763185,0.12107921622214969,-2.5953676166996655,-0.11645013275397419,2.696882693050035,1.2295107792079591
0.6,0.03333333333333333,18,18,takeover,cartesian_freedrive,-1.0,0.07999997918501678,0.2220979845930377,-0.06322649979253672,0.12105733556664876,-2.5949944592770686,-0.11535053533206874,2.6945481716899655,1.2286096986581558
0.6333333333333333,0.03333333333333333,19,19,takeover,cartesian_freedrive,-1.0,0.07999998526524879,0.22231930882671788,-0.06525051115819429,0.12103205573974977,-2.5946142011317552,-0.11426438623309444,2.692213222645438,1.2277193188195248
0.6666666666666666,0.03333333333333333,20,20,takeover,cartesian_freedrive,-1.0,0.07999998571726678,0.22254104055890522,-0.06726993766732423,0.12100327405372369,-2.59422797640876,-0.11318933486382796,2.6898764736096883,1.226836818642322
0.7,0.03333333333333333,21,21,takeover,cartesian_freedrive,-1.0,0.07999999424300547,0.22276721791839132,-0.06930307214702791,0.12098844071176044,-2.5938472999022943,-0.11217176799238042,2.687511951518154,1.226031336297134
0.7333333333333333,0.03333333333333333,22,22,takeover,cartesian_freedrive,-1.0,0.07999999226696299,0.22299350940047516,-0.07132884064042402,0.12097148335444238,-2.5934595452109592,-0.11116726149135,2.68514720268103,1.225236673358071
0.7666666666666667,0.03333333333333333,23,23,takeover,cartesian_freedrive,-1.0,0.07999998843739017,0.2232202168515094,-0.07335001226294163,0.12095118759438007,-2.593065850844311,-0.1101730523144428,2.682780708571046,1.2244492052556724
0.8,0.03333333333333333,24,24,takeover,cartesian_freedrive,-1.0,0.07999998528889714,0.22344692522616166,-0.07536526000341587,0.12092828977764909,-2.592665697283747,-0.10918996267954698,2.680413311453776,1.223670053570818
0.8333333333333334,0.03333333333333333,25,25,takeover,cartesian_freedrive,-1.0,0.07999998759700447,0.2236773891095878,-0.07739251840370853,0.12092066920824183,-2.5922705717657495,-0.10826357587071851,2.6780195667361637,1.2229679636835067
0.8666666666666667,0.03333333333333333,26,26,takeover,cartesian_freedrive,-1.0,0.07999999222495668,0.2239081628486212,-0.07941512718982159,0.12091031162733178,-2.5918695399580587,-0.10734723325393354,2.6756240772271145,1.2222732761827204
0.9,0.03333333333333333,27,27,takeover,cartesian_freedrive,-1.0,0.07999999019720572,0.2241385926738044,-0.08143177642229175,0.12089788386605724,-2.59146205483009,-0.10644115064725043,2.6732277752106977,1.2215861770332055
0.9333333333333333,0.03333333333333333,28,28,takeover,cartesian_freedrive,-1.0,0.07999999655899118,0.22436939257633315,-0.08344092017009776,0.12088297393759913,-2.5910474434318136,-0.10554645299832925,2.670831398625579,1.2209080340772442
0.9666666666666667,0.03333333333333333,29,29,takeover,cartesian_freedrive,-1.0,0.07999999518877311,0.2246025184254194,-0.08546475410346022,0.12088451237332384,-2.590639228594587,-0.10470426802165746,2.6684078568014393,1.2203028887998084
1.0,0.03333333333333333,30,30,takeover,cartesian_freedrive,-1.0,0.0799999953955531,0.22483560191286922,-0.08748251789623203,0.12088417359674114,-2.5902245514925424,-0.10387215283185142,2.665983467524995,1.2197055849120308
1.0333333333333334,0.03333333333333333,31,31,takeover,cartesian_freedrive,-1.0,0.07999999558958734,0.22506855794995648,-0.08949268328190538,0.12088203723593847,-2.5898027435140825,-0.10305051598701984,2.6635591814859447,1.219116480800224
1.0666666666666667,0.03333333333333333,32,32,takeover,cartesian_freedrive,-1.0,0.07999999402377399,0.22530108013874003,-0.09149832459936777,0.1208778103851504,-2.5893751313186817,-0.10223707534783592,2.6611333524095264,1.2185327863164868
1.1,0.03333333333333333,33,33,takeover,cartesian_freedrive,-1.0,0.07999999335364535,0.22553551124284751,-0.09351697737721983,0.12089106595656908,-2.588953391012262,-0.10147531551392537,2.658681758758504,1.218022098308461
1.1333333333333333,0.03333333333333333,34,34,takeover,cartesian_freedrive,-1.0,0.07999999417766968,0.22576989719596513,-0.09552947847701353,0.12090263499740722,-2.588525169807073,-0.10072274482191372,2.6562293842447944,1.217518502511761
1.1666666666666667,0.03333333333333333,35,35,takeover,cartesian_freedrive,-1.0,0.07999999453318238,0.22600376692484858,-0.09753428852163613,0.12091297653623456,-2.588089808819867,-0.09997967777032923,2.653777261441023,1.217022276527166
1.2,0.03333333333333333,36,36,takeover,cartesian_freedrive,-1.0,0.07999999574576566,0.22623736269523068,-0.0995345609873816,0.12092125078790066,-2.5876486646050574,-0.09924397840153087,2.651323628218927,1.216530758413555
1.2333333333333334,0.03333333333333333,37,37,takeover,cartesian_freedrive,-1.0,0.07999999684465103,0.22647235520026923,-0.10154761529489927,0.12094782816209598,-2.587213459237237,-0.09855811303814652,2.6488447957590213,1.2161109821395297
1.2666666666666666,0.03333333333333333,38,38,takeover,cartesian_freedrive,-1.0,0.07999999867856794,0.22670698408029688,-0.10355448283177739,0.12097320792446661,-2.586771790552345,-0.09788047258542686,2.6463653091510397,1.2156974783572163
1.3,0.03333333333333333,39,39,takeover,cartesian_freedrive,-1.0,0.07999999810651895,0.2269408879934805,-0.10555355062081273,0.12099774716173864,-2.586322963797344,-0.09721142897766415,2.6438862102261615,1.2152905697484122
1.3333333333333333,0.03333333333333333,40,40,takeover,cartesian_freedrive,-1.0,0.07999999853547543,0.2271742821024089,-0.10754808906940101,0.1210206388378961,-2.585868381611509,-0.09654887805205233,2.641405658116163,1.214887638100438
1.3666666666666667,0.03333333333333333,41,41,takeover,cartesian_freedrive,-1.0,0.07999999987897237,0.2270961613508769,-0.10689443508766178,0.12091916605391297,-2.58590730858911,-0.09658315805096172,2.6422155056847316,1.2146762166060336
1.4,0.03333333333333333,42,42,takeover,cartesian_freedrive,-1.0,0.07999999989455897,0.22701199904739608,-0.10616892352851054,0.12082505738666459,-2.5859316868044293,-0.09665137704776292,2.6430852164105514,1.2144981776155506
1.4333333333333333,0.03333333333333333,43,43,takeover,cartesian_freedrive,-1.0,0.07999999839029995,0.22692742623352152,-0.10543901803345379,0.12073202958088365,-2.585953536653483,-0.09672178040869563,2.643956730783641,1.214322838572162
1.4666666666666666,0.03333333333333333,44,44,takeover,cartesian_freedrive,-1.0,0.08000000043567795,0.22684363409080296,-0.10471390311267206,0.12063796017165693,-2.5859763004151826,-0.09678952821116363,2.644824147554126,1.214144603246313
1.5,0.03333333333333333,45,45,takeover,cartesian_freedrive,-1.0,0.0800000003282226,0.22669232812250334,-0.10340534812923542,0.12051224567066683,-2.586083338766411,-0.09699960752410591,2.6464023599695943,1.2139894108625988
1.5333333333333334,0.03333333333333333,46,46,takeover,cartesian_freedrive,-1.0,0.08000000039406668,0.226540751324284,-0.10208968874426894,0.12038675099050541,-2.5861879417645173,-0.09721287283234241,2.6479856110312614,1.213836822657948
1.5666666666666667,0.03333333333333333,47,47,takeover,cartesian_freedrive,-1.0,0.07999999789537943,0.22638883292505776,-0.10077436812566314,0.12026104476417147,-2.5862910573668265,-0.09742563136326547,2.6495670178581814,1.2136830112847645
1.6,0.03333333333333333,48,48,takeover,cartesian_freedrive,-1.0,0.0799999996516641,0.2262375968195276,-0.09945724821485456,0.12013436777895642,-2.586391818706309,-0.09763940484901747,2.6511476186032654,1.2135296521235437
1.6333333333333333,0.03333333333333333,49,49,takeover,cartesian_freedrive,-1.0,0.07999999420577453,0.22608561527537965,-0.0981402222839462,0.12001471661138122,-2.58649702617068,-0.0978660242544266,2.6527280315935977,1.2133991502066264
1.6666666666666667,0.03333333333333333,50,50,takeover,cartesian_freedrive,-1.0,0.07999999436405622,0.22593410850088444,-0.0968211239293987,0.119894430673301,-2.586599825121782,-0.0980940904154572,2.654307807482335,1.213269699952521
1.7,0.03333333333333333,51,51,takeover,cartesian_freedrive,-1.0,0.08000000029870172,0.22578322399691036,-0.09550012870652066,0.11977322147333597,-2.5867002070345015,-0.09832338282420298,2.6558867793304413,1.2131409055591469
1.7333333333333334,0.03333333333333333,52,52,takeover,cartesian_freedrive,-1.0,0.08000000070108637,0.22563141329954883,-0.09417732262005096,0.1196526555024048,-2.586798328993341,-0.09855335232946948,2.6574654866200644,1.2130123223335423
1.7666666666666666,0.03333333333333333,53,53,takeover,cartesian_freedrive,-1.0,0.08000000061177645,0.22548024949411316,-0.09285619030132333,0.11953794905333134,-2.5869006623701303,-0.09879665507950329,2.6590415646201366,1.2129073045540162
1.8,0.03333333333333333,54,54,takeover,cartesian_freedrive,-1.0,0.08000000040688757,0.22532902548201603,-0.09153304825339868,0.11942312012837705,-2.5870006398335965,-0.09904135068520989,2.660617169115762,1.2128032962462352
1.8333333333333333,0.03333333333333333,55,55,takeover,cartesian_freedrive,-1.0,0.07999999641528027,0.22517717434452447,-0.09020807240425095,0.1193086168774519,-2.587098328196912,-0.0992869626246473,2.6621924165005497,1.2126996997218662
1.8666666666666667,0.03333333333333333,56,56,takeover,cartesian_freedrive,-1.0,0.08000000020388623,0.22502595027519529,-0.0888812160881908,0.11919314132250372,-2.587193586999269,-0.09953395728774043,2.6637668172295887,1.212596884720496
1.9,0.03333333333333333,57,57,takeover,cartesian_freedrive,-1.0,0.08000000031722174,0.2248752487665797,-0.08755613851716815,0.11908358184876873,-2.5872931140525517,-0.09979455882014636,2.6653385434024246,1.2125178175041598
1.9333333333333333,0.03333333333333333,58,58,takeover,cartesian_freedrive,-1.0,0.07999999532297744,0.22472423186965,-0.08622906541503195,0.11897413590166664,-2.587390328201995,-0.10005656147793221,2.666909979036257,1.2124397652471446
1.9666666666666666,0.03333333333333333,59,59,takeover,cartesian_freedrive,-1.0,0.07999999688808401,0.22457337638602556,-0.08489790238032464,0.11886451036470214,-2.587484270704087,-0.10032144064048108,2.6684819938770645,1.212364278199297
2.0,0.03333333333333333,60,60,takeover,cartesian_freedrive,-1.0,0.08000000102033326,0.22442251896782853,-0.08356701698181362,0.11875421533759704,-2.58757668114655,-0.10058621262291681,2.670052118374229,1.2122878488344675
2.033333333333333,0.03333333333333333,61,61,takeover,cartesian_freedrive,-1.0,0.08000000129534257,0.22427228158096849,-0.08223805105339267,0.11864962996951628,-2.587673416826507,-0.10086487396874862,2.6716194329034564,1.212235302353727
2.066666666666667,0.03333333333333333,62,62,takeover,cartesian_freedrive,-1.0,0.07999999811620717,0.22412200017441034,-0.0809070863814661,0.11854484761767378,-2.5877677895301874,-0.10114521724701997,2.6731862999051033,1.212183995860592
2.1,0.03333333333333333,63,63,takeover,cartesian_freedrive,-1.0,0.07999999796427498,0.2239716073409156,-0.07957426981032743,0.11843979203870181,-2.5878598036641356,-0.10142697560495642,2.674752578625959,1.2121335141392517
2.1333333333333333,0.03333333333333333,64,64,takeover,cartesian_freedrive,-1.0,0.07999999520241144,0.22382126046191383,-0.0782396137984346,0.11833430522471355,-2.587949461687043,-0.10171015760395892,2.6763182734339774,1.2120838485452137
2.1666666666666665,0.03333333333333333,65,65,takeover,cartesian_freedrive,-1.0,0.0800000020230599,0.22367210743359509,-0.07690685314901485,0.11823387036543594,-2.5880433579876203,-0.10200786037231008,2.6778808119455557,1.2120585555043233
2.2,0.03333333333333333,66,66,takeover,cartesian_freedrive,-1.0,0.08000000225688261,0.22352295022701416,-0.0755720828240193,0.11813317998837732,-2.5881348870901215,-0.10230743044041692,2.67944287508176,1.212034673766944
2.2333333333333334,0.03333333333333333,67,67,takeover,cartesian_freedrive,-1.0,0.08000000239697172,0.22337359208335644,-0.07423547437542345,0.11803226878938518,-2.5882240694602707,-0.10260849849586764,2.681004450155592,1.2120116701924044
2.2666666666666666,0.03333333333333333,68,68,takeover,cartesian_freedrive,-1.0,0.08000000224392448,0.2232235786365368,-0.07289706666077779,0.11793161573827295,-2.5883109839874305,-0.10291084921050375,2.682565750768133,1.2119893697976656
2.3,0.03333333333333333,69,69,takeover,cartesian_freedrive,-1.0,0.08000000259465045,0.22307512101501556,-0.07155849916401377,0.11783592206006586,-2.5884012802380156,-0.10322973040783759,2.6841248769134567,1.2119936043299246
2.3333333333333335,0.03333333333333333,70,70,takeover,cartesian_freedrive,-1.0,0.08000000285515863,0.22292658565393134,-0.07021995414848475,0.11773965489574274,-2.5884900056778983,-0.10354916624554923,2.6856823621376664,1.211997628170732
2.3666666666666667,0.03333333333333333,71,71,takeover,cartesian_freedrive,-1.0,0.08000000302704043,0.22277838995029245,-0.0688796231598655,0.11764258076097309,-2.5885763631370775,-0.10387041072496672,2.6872390784236453,1.2120027754099905
2.4,0.03333333333333333,72,72,takeover,cartesian_freedrive,-1.0,0.08000000329736211,0.22262977401528333,-0.06753748506834562,0.11754547963715051,-2.5886603994087842,-0.1041932259946711,2.6887953722865197,1.2120088597356447
2.433333333333333,0.03333333333333333,73,73,takeover,cartesian_freedrive,-1.0,0.08000000327358758,0.22248262664143814,-0.06619739075772764,0.11745296761026666,-2.5887487024687283,-0.10453127103488215,2.690348277609896,1.2120397445226734
2.466666666666667,0.03333333333333333,74,74,takeover,cartesian_freedrive,-1.0,0.08000000318394976,0.22233534247278278,-0.06485529532562284,0.1173602658292496,-2.5888346532723294,-0.10487146730282768,2.691900737624751,1.2120722956918635
2.5,0.03333333333333333,75,75,takeover,cartesian_freedrive,-1.0,0.08000000337944407,0.22218822157878315,-0.0635113506826104,0.11726690997367574,-2.588918205899962,-0.10521363411029225,2.6934525248455827,1.212106124403612
2.533333333333333,0.03333333333333333,76,76,takeover,cartesian_freedrive,-1.0,0.08000000361872,0.22204133290415823,-0.06216556888098598,0.11717282246798638,-2.588999348629326,-0.10555780222425466,2.6950036022475494,1.212141246318014
2.566666666666667,0.03333333333333333,77,77,takeover,cartesian_freedrive,-1.0,0.08000000370970578,0.22189562358659368,-0.06082193825500206,0.11708352582644994,-2.5890848433458333,-0.10591738122133844,2.696551339556279,1.212201249375575
2.6,0.03333333333333333,78,78,takeover,cartesian_freedrive,-1.0,0.08000000470670729,0.22175017539170833,-0.059474250524972246,0.11699397142283463,-2.5891671104072675,-0.10628105654117623,2.698099650323725,1.2122651289273747
2.6333333333333333,0.03333333333333333,79,79,takeover,cartesian_freedrive,-1.0,0.08000000489371212,0.22160455160609108,-0.0581266892105831,0.11690372368055925,-2.5892478130929084,-0.10664513340759386,2.6996464298159326,1.2123284008577875
2.6666666666666665,0.03333333333333333,80,80,takeover,cartesian_freedrive,-1.0,0.0800000051762832,0.22145903251621984,-0.05677737036933418,0.11681283497323551,-2.589326167584192,-0.10701126828043235,2.701192477356402,1.2123930143341746
2.7,0.03333333333333333,81,81,takeover,cartesian_freedrive,-1.0,0.08000000545845438,0.2213149466647473,-0.05543026928012709,0.11672639592022194,-2.589408866427301,-0.10739324484293977,2.702735020272033,1.2124828091384168
2.7333333333333334,0.03333333333333333,82,82,takeover,cartesian_freedrive,-1.0,0.08000000566818566,0.22117102448206505,-0.05408116638183356,0.11663936081288766,-2.5894891647471354,-0.10777779566799531,2.7042770957106805,1.2125745953332387
2.7666666666666666,0.03333333333333333,83,83,takeover,cartesian_freedrive,-1.0,0.08000000624805582,0.22102726494318312,-0.05273021707018533,0.1165516280771127,-2.589567071618847,-0.10816466481077049,2.705818428372488,1.2126679820245085
2.8,0.03333333333333333,84,84,takeover,cartesian_freedrive,-1.0,0.08000000667374238,0.22088365945640495,-0.05137745126266387,0.11646316434356416,-2.5896425889185064,-0.10855377837917306,2.7073591665093266,1.21276285510447
2.8333333333333335,0.03333333333333333,85,85,takeover,cartesian_freedrive,-1.0,0.08000000683020186,0.22074166565828116,-0.05002698554196486,0.1163788556696985,-2.589722462762577,-0.10895909174394842,2.7088962553079066,1.2128831159211344
2.8666666666666667,0.03333333333333333,86,86,takeover,cartesian_freedrive,-1.0,0.08000000726629605,0.22059994202976838,-0.0486725517504881,0.1162942335570845,-2.5897991565431053,-0.10936887514516504,2.710433902453905,1.213007605584012
2.9,0.03333333333333333,87,87,takeover,cartesian_freedrive,-1.0,0.08000000756023634,0.22045839990749652,-0.047318153345326644,0.11620845609074514,-2.589874182394585,-0.10977952622792572,2.7119698775571566,1.2131318498528592
2.933333333333333,0.03333333333333333,88,88,takeover,cartesian_freedrive,-1.0,0.08000000791177148,0.2203170935438132,-0.04596199856371816,0.11612182882759935,-2.5899468445372382,-0.11019261191350171,2.7135050647197465,1.2132577590076299
2.966666666666667,0.03333333333333333,89,89,takeover,cartesian_freedrive,-1.0,0.08000000806149019,0.22017756000840644,-0.04460822415729582,0.1160390767286068,-2.5900238714970816,-0.1106222351929194,2.71503655823993,1.2134092202944013
3.0,0.03333333333333333,90,90,takeover,cartesian_freedrive,-1.0,0.08000000893576922,0.22003833694394737,-0.0432524261769879,0.11595552569792944,-2.5900984809442575,-0.11105494022494491,2.716567318096481,1.2135631757844552
3.033333333333333,0.03333333333333333,91,91,takeover,cartesian_freedrive,-1.0,0.08000000878596228,0.21989940360082547,-0.04189481982297454,0.11587104869240335,-2.590170683739428,-0.11149017425291036,2.718097653994893,1.2137188042597409
3.066666666666667,0.03333333333333333,92,92,takeover,cartesian_freedrive,-1.0,0.080000009583852,0.21976075274509171,-0.0405353818120684,0.11578565098675293,-2.5902404779997656,-0.11192813797406959,2.719627126240357,1.2138763967035657
3.1,0.03333333333333333,93,93,takeover,cartesian_freedrive,-1.0,0.08000000986195988,0.21962418472618445,-0.03917653507226381,0.11570414727869592,-2.590313915700582,-0.11238471408173475,2.7211538284829517,1.2140618715984495
3.1333333333333333,0.03333333333333333,94,94,takeover,cartesian_freedrive,-1.0,0.08000001006428156,0.21948792834894523,-0.03781746224030636,0.11562140567106768,-2.5903856256128237,-0.11284289612635588,2.7226789408072327,1.2142479597342148
3.1666666666666665,0.03333333333333333,95,95,takeover,cartesian_freedrive,-1.0,0.0800000100955296,0.21935202152785724,-0.03645664209147354,0.1155376193482104,-2.5904549442052462,-0.11330379010786054,2.7242034662503105,1.2144358806663005
3.2,0.03333333333333333,96,96,takeover,cartesian_freedrive,-1.0,0.0800000103670071,0.2192165086090876,-0.03509400124243313,0.11545275718092914,-2.590521851755995,-0.11376757292116817,2.7257271751451984,1.2146258822888754
3.2333333333333334,0.03333333333333333,97,97,takeover,cartesian_freedrive,-1.0,0.0800000103022157,0.219083199054003,-0.03373389368265317,0.11537112854303187,-2.590593145691021,-0.1142486535320897,2.727246864731842,1.214841924233241
3.2666666666666666,0.03333333333333333,98,98,takeover,cartesian_freedrive,-1.0,0.0800000104171554,0.21895034665836632,-0.03237178195240498,0.11528846787681556,-2.590661998216376,-0.11473313127595719,2.72876600617156,1.2150606660811125
3.3,0.03333333333333333,99,99,takeover,cartesian_freedrive,-1.0,0.08000001019548598,0.21881805598430865,-0.031006066023589327,0.11520494271399091,-2.590727727197513,-0.11522231935765212,2.730285539951752,1.2152836022780287
3.3333333333333335,0.03333333333333333,100,100,takeover,cartesian_freedrive,-1.0,0.080000010140857,0.21868614826304505,-0.029640245346755693,0.11511992218687829,-2.5907916963333717,-0.11571292594712015,2.731803367684641,1.2155067516310445
3.3666666666666667,0.03333333333333333,101,101,takeover,cartesian_freedrive,-1.0,0.0800000102537733,0.2185566901102483,-0.028277080688966907,0.11503778923877984,-2.5908600837389164,-0.1162212293302252,2.7333168434223736,1.2157562543943699
3.4,0.03333333333333333,102,102,takeover,cartesian_freedrive,-1.0,0.08000001003690396,0.21842781285089224,-0.026911923342341916,0.11495445655736203,-2.5909260258623688,-0.1167331130434304,2.734829781228776,1.2160086031887056
3.433333333333333,0.03333333333333333,103,103,takeover,cartesian_freedrive,-1.0,0.0800000099862549,0.21829948369696042,-0.025544947283776147,0.1148698188515149,-2.590989528546971,-0.11724821493288087,2.736342019004851,1.2162632733275383
3.466666666666667,0.03333333333333333,104,104,takeover,cartesian_freedrive,-1.0,0.0800000099371167,0.2181717283539187,-0.02417616762159009,0.11478384302450169,-2.5910505949401847,-0.11776653889710605,2.737853538909942,1.216520265237729
3.5,0.03333333333333333,105,105,takeover,cartesian_freedrive,-1.0,0.08000000989069761,0.21804681053907687,-0.022808346452804724,0.1147006899746068,-2.591115394928606,-0.11830471440109237,2.7393616247953347,1.2168059989826596
3.533333333333333,0.03333333333333333,106,106,takeover,cartesian_freedrive,-1.0,0.08000000984668543,0.21792245954052086,-0.021440165663843148,0.11461591564408993,-2.5911783695091613,-0.11884505472135809,2.7408681727425273,1.217092799054303
3.566666666666667,0.03333333333333333,107,107,takeover,cartesian_freedrive,-1.0,0.08000000980348977,0.2177987688252634,-0.020070231796125066,0.11452966500960363,-2.5912389201816874,-0.11938874813671993,2.7423739634709814,1.217382013099237
3.6,0.03333333333333333,108,108,takeover,cartesian_freedrive,-1.0,0.08000000976192052,0.21767576463325755,-0.01869850108747283,0.11444192114886535,-2.591297023693922,-0.11993585503333375,2.7438790254704806,1.2176737085362723
3.6333333333333333,0.03333333333333333,109,109,takeover,cartesian_freedrive,-1.0,0.08000000970904846,0.2175557492568257,-0.017329528486036413,0.1143563103506695,-2.5913595358729244,-0.12050142375688996,2.745379485455641,1.2179922392542692
3.6666666666666665,0.03333333333333333,110,110,takeover,cartesian_freedrive,-1.0,0.08000000952046,0.21743668737842287,-0.01595690818134949,0.11426945896788536,-2.5914189404905015,-0.12107276767866913,2.746880341132366,1.2183161169388474
3.7,0.03333333333333333,111,111,takeover,cartesian_freedrive,-1.0,0.08000000966291193,0.21731826177006902,-0.014584048514732608,0.11418073457253573,-2.59147648496853,-0.12164607469069509,2.748379514108191,1.2186406654476722
3.7333333333333334,0.03333333333333333,112,112,takeover,cartesian_freedrive,-1.0,0.08000000944368876,0.21720065752267545,-0.013209455347751272,0.11409032512274199,-2.591531596192279,-0.12222292089059185,2.7498779238101823,1.2189677765237927
3.7666666666666666,0.03333333333333333,113,113,takeover,cartesian_freedrive,-1.0,0.08000000936538151,0.2170863329050552,-0.0118376969096833,0.11400165572559044,-2.591591118748769,-0.12281859766704174,2.751371566545411,1.2193219759545284
3.8,0.03333333333333333,114,114,takeover,cartesian_freedrive,-1.0,0.08000000950838927,0.2169729382324585,-0.010463947115246622,0.11391130976283263,-2.591648153175783,-0.12341850798962267,2.752864583976252,1.219679594751585
3.8333333333333335,0.03333333333333333,115,115,takeover,cartesian_freedrive,-1.0,0.08000000925892434,0.21686064989256296,-0.009086805701710795,0.11381938352836439,-2.591702112849011,-0.1240239866387961,2.7543578185143534,1.220042153885076
3.8666666666666667,0.03333333333333333,116,116,takeover,cartesian_freedrive,-1.0,0.0800000092830086,0.21674914063465395,-0.007709383446237976,0.11372539427341583,-2.5917541718030894,-0.12463161146205608,2.7558493721820416,1.2204055373743472
3.9,0.03333333333333333,117,117,takeover,cartesian_freedrive,-1.0,0.08000000935163333,0.21664122283187737,-0.006334927785218924,0.11363271224245176,-2.5918106658003097,-0.12525835950434366,2.757335961568597,1.2207961615865086
3.933333333333333,0.03333333333333333,118,118,takeover,cartesian_freedrive,-1.0,0.08000000912627867,0.21653440818048886,-0.004958492878080723,0.1135381358397442,-2.5918646653793274,-0.12588952156292824,2.7588219401900727,1.2211903520179865
3.966666666666667,0.03333333333333333,119,119,takeover,cartesian_freedrive,-1.0,0.08000000915777909,0.21642865257016386,-0.0035802545696859544,0.11344157192317345,-2.591916173061818,-0.12652469401653035,2.760307134726603,1.2215875470118647
4.0,0.03333333333333333,120,120,takeover,cartesian_freedrive,-1.0,0.08000000911467821,0.21632418954912197,-0.0021986992457716055,0.11334318780633568,-2.591964620038008,-0.12716565956181672,2.761792469409077,1.221989877992942
4.033333333333333,0.03333333333333333,121,121,takeover,cartesian_freedrive,-1.0,0.0800000090481729,0.21622348658844254,-0.0008215891007091244,0.11324546273987444,-2.59201802895463,-0.1278244587733253,2.7632718486709678,1.2224177116358137
4.066666666666666,0.03333333333333333,122,122,takeover,cartesian_freedrive,-1.0,0.08000000903192005,0.21612402656102866,0.0005574409363136397,0.11314564427661282,-2.592068947982304,-0.12848782090449679,2.7647505364376403,1.2228492259347843
4.1,0.03333333333333333,123,123,takeover,cartesian_freedrive,-1.0,0.08000000883915104,0.2160258040395369,0.0019382653331789347,0.1130436174267013,-2.5921173642899173,-0.12915536805267894,2.766228444296581,1.2232838912687327
4.133333333333334,0.03333333333333333,124,124,takeover,cartesian_freedrive,-1.0,0.08000000879816128,0.2159290473137607,0.0033223433459112395,0.11293954694146849,-2.5921627327716634,-0.1298289041952926,2.7677064240493077,1.2237238630083227
4.166666666666667,0.03333333333333333,125,125,takeover,cartesian_freedrive,-1.0,0.08000000887361311,0.21583638412697043,0.0047019537537561495,0.11283570355190287,-2.592213034062522,-0.13052060209572067,2.7691783184603525,1.224189547625895
4.2,0.03333333333333333,126,126,takeover,cartesian_freedrive,-1.0,0.08000000866684097,0.21574515778406617,0.0060834791642684245,0.11272952911607483,-2.5922608326431997,-0.13121705620078633,2.7706495030293166,1.2246590844666703
4.233333333333333,0.03333333333333333,127,127,takeover,cartesian_freedrive,-1.0,0.08000000868221593,0.21565532710360583,0.007466794152545009,0.11262094773940833,-2.5923061093968696,-0.13191788635464385,2.772119878314575,1.22513194255182
4.266666666666667,0.03333333333333333,128,128,takeover,cartesian_freedrive,-1.0,0.08000000857701287,0.21556716759435468,0.00885330438720276,0.11251006838381455,-2.592348351761667,-0.1326248860012894,2.77359029047806,1.2256102608045971
4.3,0.03333333333333333,129,129,takeover,cartesian_freedrive,-1.0,0.08000000851214267,0.2154834744401327,0.010235316616369899,0.11239894403597726,-2.59239550188863,-0.13335035405557344,2.7750544759051086,1.2261144871408203
4.333333333333333,0.03333333333333333,130,130,takeover,cartesian_freedrive,-1.0,0.08000000852878969,0.21540139370854552,0.011619238427171006,0.11228527299897037,-2.5924401296839696,-0.13408077239090666,2.7765179236285586,1.2266227393997218
4.366666666666666,0.03333333333333333,131,131,takeover,cartesian_freedrive,-1.0,0.08000000854979204,0.21532090425198008,0.013004945026620257,0.112168956682197,-2.592482221009592,-0.13481574763621007,2.777980533977005,1.2271344791299803
4.4,0.03333333333333333,132,132,takeover,cartesian_freedrive,-1.0,0.08000000830673801,0.21524231054162146,0.014393794036176934,0.11205007342966683,-2.592521287230996,-0.13555706746406931,2.779443157754218,1.2276518278214466
4.433333333333334,0.03333333333333333,133,133,takeover,cartesian_freedrive,-1.0,0.080000008423352,0.21516854980413855,0.015778107804622514,0.11193048002260077,-2.592565232895931,-0.13631714928701624,2.780899387937824,1.2281952732094636
4.466666666666667,0.03333333333333333,134,134,takeover,cartesian_freedrive,-1.0,0.08000000839896526,0.2150966186686541,0.017164323500371156,0.11180808477006444,-2.592606641415694,-0.13708235190253595,2.7823548791463764,1.2287428952038686
4.5,0.03333333333333333,135,135,takeover,cartesian_freedrive,-1.0,0.0800000083865191,0.2150267512416275,0.01855363869611834,0.11168290849644191,-2.5926450313526668,-0.13785406322934696,2.7838103197745445,1.2292962754266041
4.533333333333333,0.03333333333333333,136,136,takeover,cartesian_freedrive,-1.0,0.08000000818168265,0.21495847867140652,0.01994346232981676,0.11155468193980345,-2.592681311059455,-0.13862881717698539,2.7852641272031367,1.2298512961449777
4.566666666666666,0.03333333333333333,137,137,takeover,cartesian_freedrive,-1.0,0.08000000814034061,0.21489570874717653,0.021329922592108204,0.11142533157181332,-2.5927220199777845,-0.13942421968653293,2.7867121585870014,1.2304345006257136
4.6,0.03333333333333333,138,138,takeover,cartesian_freedrive,-1.0,0.08000000808829642,0.2148352709733375,0.02271959866822283,0.11129301635611037,-2.59275971550804,-0.14022674610397032,2.78816023757092,1.2310242112474066
4.633333333333334,0.03333333333333333,139,139,takeover,cartesian_freedrive,-1.0,0.08000000803672568,0.21477658678111916,0.024109840150565467,0.11115747009296324,-2.592795257634066,-0.1410325055601404,2.789606685709334,1.231615754013002
4.666666666666667,0.03333333333333333,140,140,takeover,cartesian_freedrive,-1.0,0.08000000783782454,0.21471996005453658,0.025501793298777872,0.11101871784181773,-2.5928282438231056,-0.14184308239186658,2.791052204321504,1.2322110094027738
4.7,0.03333333333333333,141,141,takeover,cartesian_freedrive,-1.0,0.08000000793846046,0.21466928374312252,0.026890343275184095,0.11087830532925295,-2.5928656391956313,-0.14267460315314176,2.7924918127292946,1.232834642153891
4.733333333333333,0.03333333333333333,142,142,takeover,cartesian_freedrive,-1.0,0.08000000787481049,0.21462121180342775,0.028282072304751292,0.11073461462971709,-2.592900024688529,-0.14351342413379678,2.7939314449820922,1.2334649455086462
4.766666666666667,0.03333333333333333,143,143,takeover,cartesian_freedrive,-1.0,0.08000000789511452,0.2145751066787116,0.02967438909335974,0.11058745032313669,-2.5929322178112644,-0.14435561225642327,2.7953694249692154,1.234097214595777
4.8,0.03333333333333333,144,144,takeover,cartesian_freedrive,-1.0,0.08000000769182289,0.21453129586071804,0.031068410552928485,0.11043680898083016,-2.5929618352963466,-0.1452027579200131,2.7968064576475102,1.2347333313341482
4.833333333333333,0.03333333333333333,145,145,takeover,cartesian_freedrive,-1.0,0.08000000763409591,0.2144942441129415,0.032460141816681144,0.11028396887988938,-2.592995460328985,-0.1460728259009323,2.798238188077574,1.235400040596154
4.866666666666666,0.03333333333333333,146,146,takeover,cartesian_freedrive,-1.0,0.0800000076032308,0.21445943982153812,0.03385266284072527,0.11012747840406041,-2.593026855832343,-0.14694691508684818,2.799668388715327,1.236069527329765
4.9,0.03333333333333333,147,147,takeover,cartesian_freedrive,-1.0,0.08000000756503661,0.21442712691534543,0.03524689774302068,0.10996729023395221,-2.5930556532839266,-0.14782610407596056,2.8010976416549567,1.2367430007111417
4.933333333333334,0.03333333333333333,148,148,takeover,cartesian_freedrive,-1.0,0.08000000746470085,0.21439769215986237,0.03664402663806255,0.10980336170006304,-2.5930814623186085,-0.14871217531984254,2.8025266953140027,1.2374225597734632
4.966666666666667,0.03333333333333333,149,149,takeover,cartesian_freedrive,-1.0,0.08000000745012409,0.21437489444641902,0.038036495551202,0.10963659058469623,-2.5931120311909597,-0.14961797924466763,2.8039487990564633,1.2381288371607768
5.0,0.03333333333333333,150,150,takeover,cartesian_freedrive,-1.0,0.08000000738590703,0.2143548996934377,0.0394308299656152,0.10946590623574604,-2.5931399881910875,-0.150529500910481,2.805370057657647,1.2388398685000823
5.033333333333333,0.03333333333333333,151,151,takeover,cartesian_freedrive,-1.0,0.08000000717637701,0.214338025796449,0.04082803313856954,0.10929120673432763,-2.5931649557762024,-0.1514480207997697,2.8067911093992626,1.2395570964652967
5.066666666666666,0.03333333333333333,152,152,takeover,cartesian_freedrive,-1.0,0.08000000714901043,0.21432363581618197,0.04222590742068202,0.10911247966220498,-2.593187629711991,-0.15237019199234106,2.8082104810579764,1.240276610296317
5.1,0.03333333333333333,153,153,takeover,cartesian_freedrive,-1.0,0.0800000070405654,0.21431670011349974,0.04362008246981956,0.10893032434325324,-2.593214714250693,-0.153313796848482,2.809623427465801,1.2410247382717232
5.133333333333334,0.03333333333333333,154,154,takeover,cartesian_freedrive,-1.0,0.08000000707556199,0.21431322045078716,0.04501724763083864,0.10874390885756186,-2.5932388119429888,-0.15426501539786425,2.8110362436984606,1.2417798280282233
5.166666666666667,0.03333333333333333,155,155,takeover,cartesian_freedrive,-1.0,0.08000000697706681,0.21431245291116688,0.04641511700517897,0.10855322550565481,-2.5932605819833006,-0.155219992480446,2.8124474048583004,1.2425373217711575
5.2,0.03333333333333333,156,156,takeover,cartesian_freedrive,-1.0,0.08000000665651599,0.21431478570830037,0.04781466989143882,0.10835818008055227,-2.593279710845846,-0.15618025365753635,2.813857563055397,1.2432990100916306
5.233333333333333,0.03333333333333333,157,157,takeover,cartesian_freedrive,-1.0,0.08000000680634259,0.2143254694257223,0.04921153826936175,0.10815905881859592,-2.5933029034363404,-0.15716384786116483,2.815261828537948,1.2440914450757667
5.266666666666667,0.03333333333333333,158,158,takeover,cartesian_freedrive,-1.0,0.08000000659441314,0.21433922869886432,0.05060928255065797,0.1079554154524049,-2.5933237458482137,-0.15815179532537427,2.8166645797183505,1.2448870367719096
5.3,0.03333333333333333,159,159,takeover,cartesian_freedrive,-1.0,0.08000000634252846,0.21435667785008206,0.05200973646336878,0.10774710459246294,-2.5933416161890945,-0.15914679434318255,2.8180669910297764,1.2456888789168798
5.333333333333333,0.03333333333333333,160,160,takeover,cartesian_freedrive,-1.0,0.08000000613290889,0.21437718510587855,0.05341093853395633,0.10753417815344747,-2.593357104429843,-0.16014564909959692,2.819467735438815,1.2464932668067188
5.366666666666666,0.03333333333333333,161,161,takeover,cartesian_freedrive,-1.0,0.0800000062778709,0.2144062194595825,0.05480827082088333,0.10731661008925474,-2.593376985763271,-0.16116614467122148,2.8208616911659985,1.2473263664438756
5.4,0.03333333333333333,162,162,takeover,cartesian_freedrive,-1.0,0.08000000595052809,0.21443938095326776,0.05620846295838937,0.1070940456662403,-2.5933938955633726,-0.1621943106403682,2.822255465920312,1.2481664928372644
5.433333333333334,0.03333333333333333,163,163,takeover,cartesian_freedrive,-1.0,0.0800000056965707,0.21447581286128214,0.057609430378666206,0.10686664686140919,-2.5934083857216637,-0.16322641312185074,2.823647571183794,1.2490092709851888
5.466666666666667,0.03333333333333333,164,164,takeover,cartesian_freedrive,-1.0,0.08000000549336636,0.21451593731515672,0.05901206619098952,0.10663426050355806,-2.5934201883254544,-0.16426392126891812,2.8250386078012557,1.2498564226183873
5.5,0.03333333333333333,165,165,takeover,cartesian_freedrive,-1.0,0.08000000544493507,0.21456560643852268,0.06041174605844774,0.10639645454275987,-2.5934360922085506,-0.16532479795573674,2.826423405204545,1.2507342348016182
5.533333333333333,0.03333333333333333,166,166,takeover,cartesian_freedrive,-1.0,0.08000000502122342,0.21461893479314081,0.06181235528433257,0.10615353786847381,-2.5934495617384226,-0.16639016773635218,2.8278066598521945,1.2516154224401377
5.566666666666666,0.03333333333333333,167,167,takeover,cartesian_freedrive,-1.0,0.08000000481891589,0.21467662305626062,0.0632155734435437,0.10590523688670929,-2.5934600574081093,-0.167462609617347,2.8291895046842055,1.2525029242098034
5.6,0.03333333333333333,168,168,takeover,cartesian_freedrive,-1.0,0.08000000430151019,0.21473797011963472,0.06461959471140097,0.10565172099341226,-2.5934680873867646,-0.16853900187584417,2.8305706786492717,1.2533931522368855
5.633333333333334,0.03333333333333333,169,169,takeover,cartesian_freedrive,-1.0,0.08000000388293688,0.2148094386199216,0.06602046939358959,0.10539213322356626,-2.593480249426543,-0.1696386143018311,2.8319454028932696,1.2543138355205135
5.666666666666667,0.03333333333333333,170,170,takeover,cartesian_freedrive,-1.0,0.08000000319762893,0.21488489274560768,0.06742231692268613,0.1051271194707322,-2.593489931589909,-0.17074278498548376,2.833318577657419,1.255238018747988
5.7,0.03333333333333333,171,171,takeover,cartesian_freedrive,-1.0,0.08000000214192668,0.21496464466614196,0.06882582629481483,0.10485650561700062,-2.5934968828570892,-0.17185239663590368,2.8346906880044758,1.2561666774295726
5.733333333333333,0.03333333333333333,172,172,takeover,cartesian_freedrive,-1.0,0.08000000105442662,0.2150491628746541,0.0702319004305989,0.1045800906636148,-2.593500852654066,-0.17296905116101136,2.836062336816859,1.2571016803111217
5.766666666666667,0.03333333333333333,173,173,takeover,cartesian_freedrive,-1.0,0.07999999982635085,0.21514364482420664,0.0716330222036902,0.10429721409772726,-2.5935094245974497,-0.17410582356123872,2.837426190953265,1.2580635495176125
5.8,0.03333333333333333,174,174,takeover,cartesian_freedrive,-1.0,0.07999999774287017,0.21524325481534295,0.0730367859865814,0.10400826324981924,-2.5935150412088275,-0.1752501094387494,2.83878966696095,1.2590323794974385
5.833333333333333,0.03333333333333333,175,175,takeover,cartesian_freedrive,-1.0,0.07999999509940678,0.2153471187213838,0.0744414135590898,0.10371353183345866,-2.5935181143875994,-0.1763983788403371,2.8401515149689978,1.2600040679489355
5.866666666666666,0.03333333333333333,176,176,takeover,cartesian_freedrive,-1.0,0.0799999921469253,0.2154560803626727,0.07584850515049193,0.10341265004711137,-2.5935182163432136,-0.177553518279513,2.841512846172298,1.2609819583091397
5.9,0.03333333333333333,177,177,takeover,cartesian_freedrive,-1.0,0.07999999102872658,0.21557560031139458,0.0772506081171827,0.1031046942408339,-2.5935228928205643,-0.1787287351130736,2.8428661919311424,1.2619867005971448
5.933333333333334,0.03333333333333333,178,178,takeover,cartesian_freedrive,-1.0,0.07999999092642185,0.21570058633180256,0.07865527925954563,0.10279032549694993,-2.5935246112146464,-0.17991133641950036,2.844219107771518,1.2629983156441067
5.966666666666667,0.03333333333333333,179,179,takeover,cartesian_freedrive,-1.0,0.07999999019491716,0.2158301696038355,0.08006085191586708,0.10246985920126374,-2.593523745775015,-0.18109790175120127,2.8455704012767424,1.2640128502863512
6.0,0.03333333333333333,180,180,takeover,cartesian_freedrive,-1.0,0.07999998922473826,0.21596478394087695,0.08146804911729322,0.10214308101857339,-2.5935201043930505,-0.18228973589349146,2.8469205729929583,1.2650318298829555
6.033333333333333,0.03333333333333333,181,181,takeover,cartesian_freedrive,-1.0,0.07999998901982722,0.21611140330639803,0.0828717361317731,0.10180822430764104,-2.5935206296173967,-0.18350439410589103,2.8482637410398786,1.2660808488515456
6.066666666666666,0.03333333333333333,182,182,takeover,cartesian_freedrive,-1.0,0.07999998929599367,0.21626303980645306,0.08427644000338476,0.1014669912886411,-2.59351856521608,-0.18472345441669902,2.8496054157013604,1.2671334005152304
6.1,0.03333333333333333,183,183,takeover,cartesian_freedrive,-1.0,0.07999998812878945,0.21642046475419496,0.08568354060091361,0.10111890970149846,-2.593513528912287,-0.1859491974143457,2.850946528835696,1.2681920859706624
6.133333333333334,0.03333333333333333,184,184,takeover,cartesian_freedrive,-1.0,0.07999998722683557,0.216582875769257,0.08709154423117065,0.1007643998453571,-2.5935058630174845,-0.18717873274306857,2.852286049162777,1.2692536077576337
6.166666666666667,0.03333333333333333,185,185,takeover,cartesian_freedrive,-1.0,0.07999998704631084,0.21675788768649645,0.08849587505619405,0.10040116635892313,-2.5935023901371874,-0.18843078206971142,2.8536182895651074,1.270344890089419
6.2,0.03333333333333333,186,186,takeover,cartesian_freedrive,-1.0,0.07999998572737448,0.2169383340932551,0.08990123106391323,0.10003119929247709,-2.593496303230952,-0.18968705942366776,2.854949194026555,1.271439589834314
6.233333333333333,0.03333333333333333,187,187,takeover,cartesian_freedrive,-1.0,0.0799999845181375,0.21712489040221247,0.09130892756473691,0.09965407709277532,-2.593487233192311,-0.1909498306337513,2.8562794871656103,1.2725403070991315
6.266666666666667,0.03333333333333333,188,188,takeover,cartesian_freedrive,-1.0,0.0799999828504736,0.21731676200495373,0.09271756039628123,0.09927021555721126,-2.5934755021157203,-0.19221631128509242,2.8576081302342375,1.2736439000179636
6.3,0.03333333333333333,189,189,takeover,cartesian_freedrive,-1.0,0.07999998095508198,0.21752190994438422,0.09412237537853939,0.09887695815066545,-2.593467989852635,-0.193504903552312,2.858929404827721,1.2747768417340626
6.333333333333333,0.03333333333333333,190,190,takeover,cartesian_freedrive,-1.0,0.07999997938793398,0.2177327764793712,0.09552825342870912,0.09847669612513078,-2.5934578237027917,-0.19479770163864316,2.860249111268557,1.275913338773494
6.366666666666666,0.03333333333333333,191,191,takeover,cartesian_freedrive,-1.0,0.07999997503486092,0.21795018912904054,0.09693640047336637,0.09806887859742328,-2.5934446876714325,-0.19609664235304636,2.8615684020570256,1.2770555411431093
6.4,0.03333333333333333,192,192,takeover,cartesian_freedrive,-1.0,0.0799999722770586,0.21817320115754682,0.0983455179352139,0.09765408375691159,-2.5934288467030098,-0.19739921220381873,2.862885912830666,1.2782006781095403
6.433333333333334,0.03333333333333333,193,193,takeover,cartesian_freedrive,-1.0,0.07999996921049166,0.21841013012102403,0.09975068177067617,0.09722926711417736,-2.5934172427194695,-0.1987235069607697,2.8641958701952874,1.2793748543387815
6.466666666666667,0.03333333333333333,194,194,takeover,cartesian_freedrive,-1.0,0.07999996261448455,0.21865320935208718,0.1011569147340268,0.09679705958393185,-2.593402973664903,-0.20005176361129706,2.865504383802427,1.280552437076953
6.5,0.03333333333333333,195,195,takeover,cartesian_freedrive,-1.0,0.07999994919364506,0.21890325769195207,0.10256537467047193,0.09635690632679081,-2.593385746494647,-0.201385922588702,2.8668123931580785,1.281735609254986
6.533333333333333,0.03333333333333333,196,196,takeover,cartesian_freedrive,-1.0,0.079999930851724,0.21915938819058026,0.10397480595138582,0.09590936290992902,-2.5933658070072627,-0.2027233984019368,2.8681188692141992,1.2829214762388923
6.566666666666666,0.03333333333333333,197,197,takeover,cartesian_freedrive,-1.0,0.07999992271188432,0.21942982079634324,0.10538015647273076,0.09545142563656095,-2.5933500885744225,-0.20408218189193147,2.869417494930244,1.2841360121037146
6.6,0.03333333333333333,198,198,takeover,cartesian_freedrive,-1.0,0.0799999234096907,0.21970650384475127,0.10678660119516592,0.09498606794122033,-2.5933316300375853,-0.20544482510950446,2.8707144572827303,1.2853540017970229
6.633333333333334,0.03333333333333333,199,199,takeover,cartesian_freedrive,-1.0,0.07999992397477784,0.21999035762162011,0.10819523423722506,0.09451260633783158,-2.593310186937623,-0.2068131262248864,2.8720107668570636,1.2865774655549502
6.666666666666667,0.03333333333333333,200,200,takeover,cartesian_freedrive,-1.0,0.07999992478626763,0.22028053170311424,0.10960485958580159,0.09403158525264581,-2.5932859887017004,-0.20818454479763576,2.873305480129398,1.2878035643750225
6.7,0.03333333333333333,201,201,takeover,cartesian_freedrive,-1.0,0.07999992491381919,0.220585852016013,0.11101025549490318,0.09353937053277725,-2.5932660788225017,-0.20957662207399375,2.8745924172294464,1.2890577415098208
6.733333333333333,0.03333333333333333,202,202,takeover,cartesian_freedrive,-1.0,0.07999992662689318,0.22089790471974619,0.1124167446086113,0.09303932464350088,-2.593243434318173,-0.210972212540029,2.875877854945698,1.290315137984059
6.766666666666667,0.03333333333333333,203,203,takeover,cartesian_freedrive,-1.0,0.07999992761163614,0.22121746232039463,0.1138253773983669,0.09253089175964084,-2.5932178087734497,-0.21237310614973723,2.8771626308945657,1.2915777780799027
6.8,0.03333333333333333,204,204,takeover,cartesian_freedrive,-1.0,0.07999993041651578,0.22154365718538727,0.115235015573287,0.09201467094914843,-2.593189397859787,-0.21377684001766065,2.8784458324212867,1.2928429085383746
6.833333333333333,0.03333333333333333,205,205,takeover,cartesian_freedrive,-1.0,0.07999993234306144,0.22188559167310337,0.11664029202007317,0.0914867077374781,-2.5931653038367704,-0.21520063312981907,2.8797211153177966,1.2941356130463695
6.866666666666666,0.03333333333333333,206,206,takeover,cartesian_freedrive,-1.0,0.07999993569803485,0.22223457511814312,0.11804666867394062,0.09095067100577883,-2.5931384581364827,-0.21662762405363906,2.880994919331249,1.2954313654417915
6.9,0.03333333333333333,207,207,takeover,cartesian_freedrive,-1.0,0.07999993747906911,0.2225913824738048,0.11945514674365862,0.09040598952612074,-2.5931086369368574,-0.21805952460166644,2.882268057537475,1.2967321036450796
6.933333333333334,0.03333333333333333,208,208,takeover,cartesian_freedrive,-1.0,0.07999994207272557,0.22295512965089584,0.12086464200647239,0.08985329226169537,-2.593076007151683,-0.21949394392931412,2.883539646639839,1.298035156252254
6.966666666666667,0.03333333333333333,209,209,takeover,cartesian_freedrive,-1.0,0.07999994095962525,0.22333516851602073,0.12226964703884133,0.08928833926734969,-2.593047747527494,-0.2209477233922426,2.8848031878287275,1.2993651797261403
7.0,0.03333333333333333,210,210,takeover,cartesian_freedrive,-1.0,0.07999994264105703,0.22372303928047674,0.1236762808677043,0.08871476379729647,-2.593016631132061,-0.22240548916330632,2.886065714489502,1.300699333226692
7.033333333333333,0.03333333333333333,211,211,takeover,cartesian_freedrive,-1.0,0.07999994778785405,0.22411808169626496,0.12508394467312572,0.08813301312047284,-2.592982689222527,-0.22386551791623396,2.8873267142673806,1.302035662092931
7.066666666666666,0.03333333333333333,212,212,takeover,cartesian_freedrive,-1.0,0.07999995003192775,0.22452128499950977,0.12649363513347464,0.08754236836516896,-2.592945788424995,-0.22532985342472417,2.8885870331428887,1.3033765514352211
7.1,0.03333333333333333,213,213,takeover,cartesian_freedrive,-1.0,0.0799999493896281,0.2249404054940836,0.1278977221301198,0.08693967340861201,-2.5929134297890246,-0.22681071058301547,2.889838336708433,1.3047414392335004
7.133333333333334,0.03333333333333333,214,214,takeover,cartesian_freedrive,-1.0,0.07999995230778192,0.2253680947591074,0.12930389168733483,0.08632784464643693,-2.5928781371737815,-0.228296164111141,2.891089043432248,1.3061113540363112
7.166666666666667,0.03333333333333333,215,215,takeover,cartesian_freedrive,-1.0,0.07999995267461846,0.22580324232205337,0.13071112159504827,0.08570763012001353,-2.592840027338413,-0.22978350316791954,2.8923382691463364,1.307483256515515
7.2,0.03333333333333333,216,216,takeover,cartesian_freedrive,-1.0,0.07999995297810203,0.22624682466272772,0.1321203411624178,0.08507834306564944,-2.592798954059121,-0.23127468946394353,2.893586824504817,1.308859405298554
7.233333333333333,0.03333333333333333,217,217,takeover,cartesian_freedrive,-1.0,0.07999995286806369,0.2267072690728575,0.1335243452677421,0.08443628234930249,-2.5927623725917686,-0.2327827099591021,2.8948266881034304,1.310260085269785
7.266666666666667,0.03333333333333333,218,218,takeover,cartesian_freedrive,-1.0,0.07999995335161775,0.22717560152262253,0.13492946874293738,0.08378559714847218,-2.592723008874976,-0.2342927548298341,2.8960651622020412,1.311663124273113
7.3,0.03333333333333333,219,219,takeover,cartesian_freedrive,-1.0,0.07999995369634785,0.22765256642667903,0.13633655477012144,0.08312570603904164,-2.5926806885486435,-0.23580626461122148,2.897302972191028,1.3130701507279752
7.333333333333333,0.03333333333333333,220,220,takeover,cartesian_freedrive,-1.0,0.07999995411026309,0.22813728279180884,0.1377447146396496,0.08245728824359398,-2.5926355303812376,-0.23732113411278513,2.8985393534527235,1.3144788442509134
7.366666666666666,0.03333333333333333,221,221,takeover,cartesian_freedrive,-1.0,0.07999995559822275,0.22863980584782317,0.1391479791421798,0.08177541740146661,-2.5925948320915584,-0.23885303149415546,2.8997673042911933,1.3159125724040948
7.4,0.03333333333333333,222,222,takeover,cartesian_freedrive,-1.0,0.07999995600478538,0.22915046434480169,0.1405523839115205,0.08108476942854917,-2.592551352755214,-0.2403865174427448,2.9009939164437797,1.3173484104400175
7.433333333333334,0.03333333333333333,223,223,takeover,cartesian_freedrive,-1.0,0.07999995842496943,0.2296699816671904,0.141958719091298,0.0803848022670726,-2.592504920778266,-0.2419229461471835,2.9022198850019794,1.3187878767401702
7.466666666666667,0.03333333333333333,224,224,takeover,cartesian_freedrive,-1.0,0.07999995732335433,0.23019746340844033,0.14336613914030022,0.07967619332121567,-2.5924556607339344,-0.24346025189744086,2.903444465955309,1.3202287187558674
7.5,0.03333333333333333,225,225,takeover,cartesian_freedrive,-1.0,0.07999995772051649,0.2307431317184502,0.14476854228211147,0.07895382352411659,-2.5924109150040815,-0.24501365703597877,2.9046605269896566,1.3216937567543277
7.533333333333333,0.03333333333333333,226,226,takeover,cartesian_freedrive,-1.0,0.07999995828841534,0.23129761274334118,0.1461724989022439,0.07822223935616025,-2.592363340807252,-0.24656909960523946,2.9058756640146663,1.3231616521420315
7.566666666666666,0.03333333333333333,227,227,takeover,cartesian_freedrive,-1.0,0.07999995911326074,0.23186020980706726,0.147577551203219,0.0774819731737769,-2.5923129222281585,-0.24812506479469607,2.907089450980564,1.3246306970866013
7.6,0.03333333333333333,228,228,takeover,cartesian_freedrive,-1.0,0.07999996019399606,0.23243187341956295,0.14898447786133376,0.0767323018607461,-2.5922595807452384,-0.249683221598532,2.908302610176032,1.3261028389072342
7.633333333333334,0.03333333333333333,229,229,takeover,cartesian_freedrive,-1.0,0.07999996011549929,0.23302123530615904,0.15038549731423287,0.07596930750352929,-2.59221088660624,-0.25125480498060654,2.90950642803759,1.327596509367497
7.666666666666667,0.03333333333333333,230,230,takeover,cartesian_freedrive,-1.0,0.07999996007301213,0.23362002669106302,0.15178842842627158,0.07519669179511536,-2.5921593406582595,-0.2528287275936694,2.9107097000717794,1.32909363572518
7.7,0.03333333333333333,231,231,takeover,cartesian_freedrive,-1.0,0.07999996121362093,0.23422710711910705,0.15319247967754623,0.0744153541337784,-2.592104948954016,-0.2544026879718015,2.911911683117699,1.3305916169509424
7.733333333333333,0.03333333333333333,232,232,takeover,cartesian_freedrive,-1.0,0.0799999604725289,0.23484340997767916,0.15459838110380414,0.0736245714361015,-2.592047661110503,-0.25597824500090915,2.9131130708978663,1.3320922894043634
7.766666666666667,0.03333333333333333,233,233,takeover,cartesian_freedrive,-1.0,0.07999996192184744,0.23547814527205302,0.1559986620485196,0.07281995051880116,-2.5919950325030983,-0.2575671382836075,2.9143054161403152,1.333614596631558
7.8,0.03333333333333333,234,234,takeover,cartesian_freedrive,-1.0,0.07999996112084379,0.23612152304685285,0.15740010237081464,0.07200641801283385,-2.5919396433717248,-0.2591560498448877,2.9154965634052616,1.3351380065218843
7.833333333333333,0.03333333333333333,235,235,takeover,cartesian_freedrive,-1.0,0.07999996271252371,0.23677422033928572,0.15880337465105712,0.07118344940931795,-2.5918813581037488,-0.26074610926421027,2.916687140412429,1.3366637873759315
7.866666666666666,0.03333333333333333,236,236,takeover,cartesian_freedrive,-1.0,0.0799999621340638,0.23743535163319163,0.16020778430840962,0.07035176561417629,-2.591820251216092,-0.26233552282908756,2.9178765000791618,1.3381899890358764
7.9,0.03333333333333333,237,237,takeover,cartesian_freedrive,-1.0,0.07999996292500276,0.23811567980758572,0.16160680850523024,0.06950573346215133,-2.5917638333230917,-0.26393812356781676,2.919057045323839,1.3397380211517955
7.933333333333334,0.03333333333333333,238,238,takeover,cartesian_freedrive,-1.0,0.07999996241418819,0.23880476703244877,0.16300701242888352,0.06865082408025464,-2.591704663478876,-0.26554020831168246,2.920236459640526,1.341286815664145
7.966666666666667,0.03333333333333333,239,239,takeover,cartesian_freedrive,-1.0,0.07999996186769956,0.23950326489598897,0.16440902964135207,0.06778650877974461,-2.5916426315181935,-0.267142810067732,2.9214153438280435,1.3428375468042435
8.0,0.03333333333333333,240,240,takeover,cartesian_freedrive,-1.0,0.07999996339122528,0.24021027590273122,0.16581219693501828,0.0669135528823608,-2.591577775690379,-0.26874421553613825,2.9225930710468258,1.3443883301049295
8.033333333333333,0.03333333333333333,241,241,takeover,cartesian_freedrive,-1.0,0.07999996226295425,0.24093665046932075,0.1672098704261139,0.0660261841135051,-2.5915177024521405,-0.2703577078601594,2.9237619261550636,1.345959960578669
8.066666666666666,0.03333333333333333,242,242,takeover,cartesian_freedrive,-1.0,0.0799999621853671,0.2416718440503237,0.16860873190132353,0.06513002365929374,-2.5914548870973473,-0.2719701058563021,2.9249297084932406,1.347531962019698
8.1,0.03333333333333333,243,243,takeover,cartesian_freedrive,-1.0,0.07999996164196438,0.24241650020419925,0.17000938971662136,0.06422453678383716,-2.5913892398811162,-0.27358238108617744,2.926097005608521,1.3491054516172574
8.133333333333333,0.03333333333333333,244,244,takeover,cartesian_freedrive,-1.0,0.07999996157020939,0.2431697142537266,0.17141121506586704,0.06331049737250252,-2.591320792108614,-0.27519287929821523,2.927263209151239,1.3506786133530397
8.166666666666666,0.03333333333333333,245,245,takeover,cartesian_freedrive,-1.0,0.0799999620035447,0.24394250118166383,0.172807436096021,0.06238203530348552,-2.591257185174804,-0.27681444733668076,2.928420456342844,1.3522718247837249
8.2,0.03333333333333333,246,246,takeover,cartesian_freedrive,-1.0,0.07999996194872967,0.24472459288393822,0.17420516140009898,0.06144451319297005,-2.5911908546027043,-0.2784350587771804,2.929577002916813,1.3538658458145512
8.233333333333333,0.03333333333333333,247,247,takeover,cartesian_freedrive,-1.0,0.07999996200805679,0.2455152599143696,0.17560407328351815,0.060498534358171215,-2.591121739496766,-0.2800534554947479,2.930732507228201,1.3554592522614237
8.266666666666667,0.03333333333333333,248,248,takeover,cartesian_freedrive,-1.0,0.0799999605012664,0.24631537328998443,0.1770047491266398,0.059543400694402907,-2.5910498382522817,-0.2816708879787158,2.931887573246359,1.3570535395617116
8.3,0.03333333333333333,249,249,takeover,cartesian_freedrive,-1.0,0.07999995961476153,0.24713424566135664,0.1783991483658395,0.05857465229027695,-2.5909828772022068,-0.2832968869128882,2.933033053001945,1.3586653050055268
8.333333333333334,0.03333333333333333,250,250,takeover,cartesian_freedrive,-1.0,0.07999996071413384,0.2479628308085266,0.1797953235353976,0.057596654957335056,-2.59091320932013,-0.2849219726499876,2.934178167406668,1.360278200187788
8.366666666666667,0.03333333333333333,251,251,takeover,cartesian_freedrive,-1.0,0.07999995936619443,0.2487999849910146,0.1811927170950294,0.05661034612563878,-2.5908407900290578,-0.28654427300004726,2.935322317816427,1.3618901149121512
8.4,0.03333333333333333,252,252,takeover,cartesian_freedrive,-1.0,0.07999996050537986,0.2496465478968366,0.18259186414090453,0.05561507639258366,-2.590765605843939,-0.28816497019052884,2.9364660839282597,1.3635024480252667
8.433333333333334,0.03333333333333333,253,253,takeover,cartesian_freedrive,-1.0,0.07999995766874254,0.25051193396387006,0.1839846664017902,0.05460628841164145,-2.590695451842457,-0.28979320700749744,2.9376002026723116,1.3651314434281976
8.466666666666667,0.03333333333333333,254,254,takeover,cartesian_freedrive,-1.0,0.07999995658198505,0.25138698005164023,0.18537923081846044,0.053588441014810154,-2.590622631722003,-0.2914198595966945,2.9387340162737914,1.3667610822926124
8.5,0.03333333333333333,255,255,takeover,cartesian_freedrive,-1.0,0.07999995599995621,0.25227053773883645,0.1867750356615957,0.05256249903234958,-2.5905470784235893,-0.29304314634564965,2.9398669404925992,1.3683893424429152
8.533333333333333,0.03333333333333333,256,256,takeover,cartesian_freedrive,-1.0,0.0799999559040346,0.253163427398371,0.18817258924182226,0.051527811624011925,-2.5904688056098055,-0.2946641747069299,2.940999532070488,1.3700175576466944
8.566666666666666,0.03333333333333333,257,257,takeover,cartesian_freedrive,-1.0,0.07999995649993691,0.2540751335395178,0.18956372903869298,0.05047981458873385,-2.5903956298397963,-0.2962917185171434,2.942122436631163,1.3716615594285932
8.6,0.03333333333333333,258,258,takeover,cartesian_freedrive,-1.0,0.0799999562869939,0.25499640538892526,0.19095662106222994,0.04942297564813955,-2.590319841450492,-0.2979169958968993,2.943245103521263,1.3733057101863677
8.633333333333333,0.03333333333333333,259,259,takeover,cartesian_freedrive,-1.0,0.07999995603553736,0.25592609315005865,0.19235077961297425,0.048358279714902724,-2.59024135352064,-0.29953832144457976,2.9443669556003775,1.3749480849471192
8.666666666666666,0.03333333333333333,260,260,takeover,cartesian_freedrive,-1.0,0.07999995575495197,0.2568650019433063,0.19374668508168466,0.047285082088372295,-2.590160189980416,-0.3011567404462224,2.945488531631746,1.376589950395517
8.7,0.03333333333333333,261,261,takeover,cartesian_freedrive,-1.0,0.07999995383907718,0.2578226568633392,0.1951361123420468,0.04619880210673612,-2.5900842210995445,-0.3027806170732035,2.9466003976027393,1.3782467007690313
8.733333333333333,0.03333333333333333,262,262,takeover,cartesian_freedrive,-1.0,0.07999995292324526,0.25878973586513937,0.19652728511720124,0.04510396977027461,-2.590005677220199,-0.30440157933014506,2.9477120731231756,1.3799031260163561
8.766666666666667,0.03333333333333333,263,263,takeover,cartesian_freedrive,-1.0,0.07999995229184789,0.2597650968129669,0.19791975337579307,0.04400156499168653,-2.589924467905866,-0.30601801471472023,2.948823007149539,1.3815573824655654
8.8,0.03333333333333333,264,264,takeover,cartesian_freedrive,-1.0,0.07999995172874294,0.26074909964086795,0.19931373664467106,0.04289131744509149,-2.5898406144117514,-0.30763032188798184,2.949933463565371,1.3832099929892894
8.833333333333334,0.03333333333333333,265,265,takeover,cartesian_freedrive,-1.0,0.07999995175596938,0.2617525832348857,0.20070163604060678,0.0417675699806862,-2.589762062517394,-0.3092482139791119,2.951034693251731,1.3848779508894764
8.866666666666667,0.03333333333333333,266,266,takeover,cartesian_freedrive,-1.0,0.07999994919647319,0.26276492370612886,0.2020910624515536,0.040635898458380317,-2.589680986418345,-0.3108619864744276,2.952135546487109,1.3865444774418512
8.9,0.03333333333333333,267,267,takeover,cartesian_freedrive,-1.0,0.07999994993217555,0.2637853704650371,0.20348180709266803,0.03949698868298524,-2.5895972721358382,-0.3124706578978472,2.9532357274839423,1.3882084254492817
8.933333333333334,0.03333333333333333,268,268,takeover,cartesian_freedrive,-1.0,0.07999994699400098,0.26481427322255674,0.20487408720760236,0.038350540745537995,-2.589510967411934,-0.3140745990349373,2.9543354942172546,1.389870308842213
8.966666666666667,0.03333333333333333,269,269,takeover,cartesian_freedrive,-1.0,0.0799999467262216,0.26586245334314457,0.20626019537356813,0.03719097751631881,-2.589430067751726,-0.31568302535924275,2.9554260018110794,1.3915465510029779
9.0,0.03333333333333333,270,270,takeover,cartesian_freedrive,-1.0,0.07999994677246602,0.2669188660309996,0.20764763081966356,0.03602421347510116,-2.589346660015807,-0.3172862052373441,2.9565159472780587,1.3932203058997743
9.033333333333333,0.03333333333333333,271,271,takeover,cartesian_freedrive,-1.0,0.0799999466168525,0.26798401384254167,0.20903683768670292,0.034849816322801166,-2.5892607038711324,-0.31888477559261746,2.9576057857558498,1.3948923250330725
9.066666666666666,0.03333333333333333,272,272,takeover,cartesian_freedrive,-1.0,0.0799999464460478,0.2690570134317786,0.21042740242387747,0.03366859516421316,-2.589172171757172,-0.32047755161306024,2.9586950481978573,1.3965612888649337
9.1,0.03333333333333333,273,273,takeover,cartesian_freedrive,-1.0,0.07999994562233773,0.27014904523531647,0.21181170470266703,0.03247464682772112,-2.5890891627813297,-0.3220737151651213,2.9597750003971637,1.3982436664797453
9.133333333333333,0.03333333333333333,274,274,takeover,cartesian_freedrive,-1.0,0.07999994571732637,0.2712490944048034,0.21319736493654737,0.03127385845393207,-2.5890036884229763,-0.32366408707326993,2.960854461083472,1.3999231728341552
9.166666666666666,0.03333333333333333,275,275,takeover,cartesian_freedrive,-1.0,0.07999994545072395,0.27235720913584854,0.21458460766998924,0.030066186149878684,-2.588915691466345,-0.3252487512252719,2.961933626881622,1.4015999168934206
9.2,0.03333333333333333,276,276,takeover,cartesian_freedrive,-1.0,0.07999994419949155,0.2734733511485385,0.21597343800448188,0.02885169454983861,-2.588825190028608,-0.32682757349168373,2.9630125309971818,1.4032738030181655
9.233333333333333,0.03333333333333333,277,277,takeover,cartesian_freedrive,-1.0,0.07999994231709212,0.2746082168369756,0.21735594129959118,0.027624931702928884,-2.58874032703521,-0.32840875546821324,2.9640820964283705,1.4049601659781716
9.266666666666667,0.03333333333333333,278,278,takeover,cartesian_freedrive,-1.0,0.07999994072418307,0.27575082322664185,0.21873982867236846,0.026391734465048913,-2.588653046925612,-0.3299835939473958,2.965151230044348,1.4066432593986091
9.3,0.03333333333333333,279,279,takeover,cartesian_freedrive,-1.0,0.0799999374603548,0.27690167042843644,0.22012551800779082,0.0251516601033926,-2.5885633252199143,-0.33155266318929866,2.9662203981842366,1.4083237656138314
9.333333333333334,0.03333333333333333,280,280,takeover,cartesian_freedrive,-1.0,0.07999993409048545,0.2780598552877869,0.22151263501236693,0.023905557308996846,-2.588471115541602,-0.3331148892144446,2.9672891277860196,1.4100004759969424
9.366666666666667,0.03333333333333333,281,281,takeover,cartesian_freedrive,-0.5,0.07933411280399552,0.2782166048911853,0.22170292828308488,0.023736207670887664,-2.5884570982283766,-0.33332595845666874,2.967434547358347,1.4102264703350447
9.4,0.03333333333333333,282,282,takeover,cartesian_freedrive,0.0,0.0786674506951669,0.2783696048564529,0.2218844513684717,0.023572045700189496,-2.588445366103829,-0.33353082070641593,2.967574048270948,1.4104469198291871
9.433333333333334,0.03333333333333333,283,283,takeover,cartesian_freedrive,0.5,0.07800078760008408,0.2785227686401232,0.2220659511942024,0.02340775238265333,-2.588433632510692,-0.3337355898681957,2.9677135401866925,1.4106673502986367
9.466666666666667,0.03333333333333333,284,284,takeover,cartesian_freedrive,1.0,0.0773341245090515,0.27867607269337735,0.22224748240175282,0.023243341543830214,-2.5884218587344447,-0.3339402558342964,2.967853033819357,1.4108877347829565
9.5,0.03333333333333333,285,285,takeover,cartesian_freedrive,1.0,0.0766674611728391,0.2786785361766337,0.22224938798280558,0.023241002805313462,-2.5884218894724302,-0.3339432854292742,2.9678547665511923,1.4108911720746387
9.533333333333333,0.03333333333333333,286,286,takeover,cartesian_freedrive,1.0,0.07600079797788048,0.27868021147223526,0.22225045562842907,0.02323946472596786,-2.5884219903657693,-0.3339452885005702,2.967855816509252,1.4108935166254315
9.566666666666666,0.03333333333333333,287,287,takeover,cartesian_freedrive,1.0,0.07533413478366983,0.2786818383463597,0.2222515321622869,0.023237959722811282,-2.58842208005172,-0.33394724423645056,2.96785686414006,1.4108957965156914
9.6,0.03333333333333333,288,288,takeover,cartesian_freedrive,1.0,0.07466747158945267,0.2786834231613827,0.2222526174636927,0.023236482430566877,-2.5884221580391524,-0.3339491601353987,2.967857909406659,1.4108980199614791
9.633333333333333,0.03333333333333333,289,289,takeover,cartesian_freedrive,1.0,0.0740008151739312,0.278684986875071,0.22225355461407695,0.023235062263231274,-2.5884221596209827,-0.33395092636483975,2.9678588700856174,1.4109003169464176
9.666666666666666,0.03333333333333333,290,290,takeover,cartesian_freedrive,1.0,0.07333415876717059,0.27868655662877634,0.22225440265617086,0.023233715672918372,-2.5884221400779444,-0.3339526061377708,2.9678597164526543,1.4109026223489973
9.7,0.03333333333333333,291,291,takeover,cartesian_freedrive,1.0,0.07266750235953129,0.27868812511083346,0.2222551752990237,0.023232432429703326,-2.588422106492345,-0.3339542169168048,2.9678604587845316,1.4109049184265197
9.733333333333333,0.03333333333333333,292,292,takeover,cartesian_freedrive,1.0,0.07200084595340649,0.2786896854008378,0.22225588169207242,0.023231202420756766,-2.588422062886015,-0.3339557664679339,2.9678611106804365,1.41090719607985
9.766666666666667,0.03333333333333333,293,293,takeover,cartesian_freedrive,1.0,0.07133414818100747,0.2786912236068157,0.222256517407402,0.023230008226205173,-2.588421997408619,-0.33395728656200335,2.967861694369167,1.410909420879261
9.8,0.03333333333333333,294,294,takeover,cartesian_freedrive,1.0,0.0706674503604515,0.2786927352932023,0.22225710177900113,0.023228847737806042,-2.588421925641706,-0.3339587647530969,2.9678622156184855,1.4109116031606874
9.833333333333334,0.03333333333333333,295,295,takeover,cartesian_freedrive,1.0,0.07000075253983698,0.2786942204747179,0.22225764240548182,0.023227722461446845,-2.588421850802279,-0.3339601990935164,2.96786268382882,1.4109137455025678
9.866666666666667,0.03333333333333333,296,296,takeover,cartesian_freedrive,1.0,0.06933405472140866,0.27869567923173844,0.2222581446755852,0.023226630702884856,-2.5884217751068563,-0.3339615893444437,2.9678631064887555,1.4109158488401021
9.9,0.03333333333333333,297,297,takeover,cartesian_freedrive,1.0,0.0686672729646178,0.27869710753294663,0.22225863496934953,0.02322560336988057,-2.5884217180418547,-0.33396301096286696,2.96786353786708,1.4109177750405493
9.933333333333334,0.03333333333333333,298,298,takeover,cartesian_freedrive,1.0,0.06800049110909419,0.2786984632247517,0.22225911284931088,0.023224600323344894,-2.5884216765741987,-0.3339643994044081,2.9678639774835704,1.4109195937812358
9.966666666666667,0.03333333333333333,299,299,takeover,cartesian_freedrive,1.0,0.06733370925367725,0.2786997509630778,0.22225957854775158,0.023223624988087888,-2.5884216486135574,-0.3339657440490143,2.967864422836145,1.4109213222287678
10.0,0.03333333333333333,300,300,takeover,cartesian_freedrive,1.0,0.06666692739740279,0.2787009771398139,0.2222600318608872,0.023222681211747646,-2.588421631736083,-0.33396704241909475,2.967864870452076,1.4109229696214414
10.033333333333333,0.03333333333333333,301,301,takeover,cartesian_freedrive,1.0,0.06600013246005688,0.278702141994085,0.2222604720520832,0.02322176823783932,-2.5884216236722324,-0.3339682933435031,2.967865322761848,1.4109245399372552
10.066666666666666,0.03333333333333333,302,302,takeover,cartesian_freedrive,1.0,0.0653333375089804,0.2787032518438943,0.22226090019826053,0.023220886059226207,-2.58842162492533,-0.3339694974794167,2.9678657746158983,1.4109260379755415
10.1,0.03333333333333333,303,303,takeover,cartesian_freedrive,1.0,0.06466654255835212,0.2787043108340579,0.22226131585481884,0.02322003546771341,-2.588421633367451,-0.3339706561396141,2.9678662226333756,1.410927468681573
10.133333333333333,0.03333333333333333,304,304,takeover,cartesian_freedrive,1.0,0.06399974760987268,0.27870532250023794,0.2222617185863505,0.023219214761433907,-2.588421647815003,-0.3339717702677573,2.9678666641233606,1.410928836394772
10.166666666666666,0.03333333333333333,305,305,takeover,cartesian_freedrive,1.0,0.06333298246403228,0.2787062891518227,0.22226210869823998,0.02321842678856773,-2.5884216662176422,-0.33397284328371046,2.967867098740201,1.4109301419849185
10.2,0.03333333333333333,306,306,takeover,cartesian_freedrive,1.0,0.06266621735307915,0.27870721290722833,0.22226248602178952,0.023217668652417207,-2.588421688003652,-0.3339738751094854,2.967867524567881,1.4109313900620515
10.233333333333333,0.03333333333333333,307,307,takeover,cartesian_freedrive,1.0,0.0619994522431217,0.27870809638852123,0.22226285061888587,0.023216938948424748,-2.5884217126187754,-0.33397486662357484,2.9678679402499815,1.4109325840395242
10.266666666666667,0.03333333333333333,308,308,takeover,cartesian_freedrive,1.0,0.061332687132182116,0.27870894186507333,0.22226320242920308,0.023216238008670474,-2.588421738722482,-0.3339758196453093,2.9678683447503182,1.410933726907457
10.3,0.03333333333333333,309,309,takeover,cartesian_freedrive,1.0,0.060665934204197705,0.27870975231057676,0.22226354189283673,0.02321556466608122,-2.5884217663859066,-0.3339767367038035,2.967868737068198,1.4109348195762825
10.333333333333334,0.03333333333333333,310,310,takeover,cartesian_freedrive,1.0,0.059999181297758476,0.27871052881573083,0.2222638691532933,0.023214913187133077,-2.588421796556365,-0.3339776165066406,2.967869116975569,1.4109358657937643
10.366666666666667,0.03333333333333333,311,311,takeover,cartesian_freedrive,1.0,0.05933242838301041,0.27871127267816403,0.22226418390686517,0.023214292077852236,-2.588421824711897,-0.33397846366581446,2.9678694841815156,1.4109368680606404
10.4,0.03333333333333333,312,312,takeover,cartesian_freedrive,1.0,0.058665675487122315,0.27871198630911653,0.2222644873887416,0.023213684440085876,-2.5884218572918214,-0.3339792736892856,2.9678698386993987,1.4109378285665295
10.433333333333334,0.03333333333333333,313,313,takeover,cartesian_freedrive,1.0,0.05799893852901541,0.2787126693619956,0.22226477917481988,0.023213103845824222,-2.5884218878660175,-0.3339800595032232,2.9678701840170287,1.4109387385699732
10.466666666666667,0.03333333333333333,314,314,takeover,cartesian_freedrive,1.0,0.05733220165592855,0.27871332166259793,0.2222650618149584,0.02321254205338101,-2.5884219261200982,-0.3339808099981007,2.967870519623363,1.410939605256473
10.5,0.03333333333333333,315,315,takeover,cartesian_freedrive,1.0,0.056665464686976495,0.27871394336712074,0.2222653330952412,0.023212005833100752,-2.5884219532041377,-0.33398153997779,2.96787084504886,1.4109404318405652
10.533333333333333,0.03333333333333333,316,316,takeover,cartesian_freedrive,1.0,0.05599872773446368,0.27871453725302503,0.2222655948413041,0.023211496200582472,-2.5884219808645184,-0.3339822408344791,2.967871160320037,1.410941220723099
10.566666666666666,0.03333333333333333,317,317,takeover,cartesian_freedrive,1.0,0.05533197166610354,0.27871510208413985,0.22226584627505805,0.023211004308657437,-2.5884220057793548,-0.33398290332613667,2.967871463773636,1.4109419902553293
10.6,0.03333333333333333,318,318,takeover,cartesian_freedrive,1.0,0.054665215585861314,0.2787156456172566,0.2222660876111342,0.023210537585014384,-2.5884220304557366,-0.3339835360388171,2.967871754999484,1.4109427323948498
10.633333333333333,0.03333333333333333,319,319,takeover,cartesian_freedrive,1.0,0.05399845951975487,0.2787161689018946,0.22226631908438416,0.023210087491569963,-2.588422056131786,-0.3339841406820906,2.9678720338584275,1.4109434466263178
10.666666666666666,0.03333333333333333,320,320,takeover,cartesian_freedrive,1.0,0.05333170344687714,0.278716672165534,0.22226654068101742,0.02320965911547506,-2.5884220794451127,-0.3339847216445628,2.9678723006139425,1.4109441335138377
10.7,0.03333333333333333,321,321,takeover,cartesian_freedrive,1.0,0.0526649657986905,0.2787171553495985,0.22226675372246096,0.023209245851920034,-2.588422103619849,-0.3339852779877892,2.9678725574176252,1.4109447923351863
10.733333333333333,0.03333333333333333,322,322,takeover,cartesian_freedrive,1.0,0.05199822824845101,0.27871761987107824,0.22226695979810707,0.02320884141077948,-2.5884221372296596,-0.3339858035722601,2.967872804632322,1.4109454243035144
10.766666666666667,0.03333333333333333,323,323,takeover,cartesian_freedrive,1.0,0.05133149062253034,0.27871806459113513,0.22226715617906373,0.023208460984759587,-2.588422160357048,-0.33398631546209956,2.967873041978746,1.4109460305083465
10.8,0.03333333333333333,324,324,takeover,cartesian_freedrive,1.0,0.05066475295923473,0.27871849103242896,0.22226734417733784,0.023208093005135537,-2.5884221792973467,-0.33398680930428243,2.9678732698289836,1.4109466120369498
10.833333333333334,0.03333333333333333,325,325,takeover,cartesian_freedrive,1.0,0.04999797527600272,0.2787189014203691,0.22226752344472323,0.023207747533115126,-2.588422195938427,-0.3339872878364081,2.9678734875671515,1.410947166405439
10.866666666666667,0.03333333333333333,326,326,takeover,cartesian_freedrive,1.0,0.04933119764540972,0.2787192962816608,0.22226769652910344,0.023207402603613064,-2.588422223965473,-0.33398773855337943,2.9678736957480645,1.4109476972991915
10.9,0.03333333333333333,327,327,takeover,cartesian_freedrive,1.0,0.048664419874819745,0.2787196736746666,0.22226786013040994,0.023207082804907877,-2.588422233482788,-0.33398818564539173,2.967873894622463,1.4109482062985315
10.933333333333334,0.03333333333333333,328,328,takeover,cartesian_freedrive,1.0,0.04799764223523317,0.2787200374230176,0.22226801920137795,0.023206767205174693,-2.588422257909724,-0.3339886028827345,2.9678740853180883,1.4109486945304435
10.966666666666667,0.03333333333333333,329,329,takeover,cartesian_freedrive,1.0,0.04733089671395297,0.2787203817110804,0.22226816972397107,0.023206470436918133,-2.588422266084311,-0.3339890072927145,2.9678742690031714,1.4109491722946008
11.0,0.03333333333333333,330,330,takeover,cartesian_freedrive,1.0,0.04666415133811727,0.27872071452896124,0.22226831597742966,0.02320617623340812,-2.5884222875225276,-0.3339893827040268,2.9678744456050126,1.4109496338390137
11.033333333333333,0.03333333333333333,331,331,takeover,cartesian_freedrive,1.0,0.045997405869591765,0.2787210337916448,0.2222684540859799,0.023205910080185056,-2.5884222951689386,-0.3339897530106501,2.9678746143960772,1.4109500787270621
11.066666666666666,0.03333333333333333,332,332,takeover,cartesian_freedrive,1.0,0.04533066048516352,0.27872134247812375,0.2222685881555372,0.023205636806724075,-2.588422314819159,-0.3339900979786638,2.9678747761124593,1.4109505072571178
11.1,0.03333333333333333,333,333,takeover,cartesian_freedrive,1.0,0.044663899294421355,0.27872164038111386,0.2222687152202516,0.02320538365458343,-2.588422331540966,-0.3339904330183409,2.9678749298667686,1.4109509178243227
11.133333333333333,0.03333333333333333,334,334,takeover,cartesian_freedrive,1.0,0.04399713797799329,0.278721926133106,0.22226883483315998,0.023205142994571486,-2.5884223348349127,-0.3339907654232214,2.9678750759299466,1.4109513127340825
11.166666666666666,0.03333333333333333,335,335,takeover,cartesian_freedrive,1.0,0.043330376738032694,0.2787222021828081,0.22226895033529695,0.02320490383815235,-2.5884223468255056,-0.3339910779500741,2.9678752151975853,1.4109516929584782
11.2,0.03333333333333333,336,336,takeover,cartesian_freedrive,1.0,0.04266361551837232,0.27872246830328035,0.22226906100019772,0.0232046732445716,-2.5884223601486513,-0.3339913770278461,2.96787534799028,1.4109520592223175
11.233333333333333,0.03333333333333333,337,337,takeover,cartesian_freedrive,1.0,0.04199686620952442,0.27872272123701247,0.22226916633247085,0.023204463551236294,-2.5884223626052467,-0.3339916662193674,2.967875475120522,1.4109524196198544
11.266666666666667,0.03333333333333333,338,338,takeover,cartesian_freedrive,1.0,0.04133011698560665,0.27872296683528247,0.22226926855735551,0.02320424706670446,-2.5884223752574576,-0.3339919338042135,2.9678755967933705,1.4109527694626252
11.3,0.03333333333333333,339,339,takeover,cartesian_freedrive,1.0,0.04066336774191838,0.2787232039957234,0.22226936606661196,0.02320404605774262,-2.5884223841800265,-0.33399219264657465,2.967875712867058,1.4109531081682802
11.333333333333334,0.03333333333333333,340,340,takeover,cartesian_freedrive,1.0,0.03999661849818781,0.2787234331029632,0.22226945924042069,0.02320385307966818,-2.5884223924506444,-0.3339924410197078,2.9678758234800746,1.4109534358012201
11.366666666666667,0.03333333333333333,341,341,takeover,cartesian_freedrive,1.0,0.0393298900985804,0.27872365496300466,0.22226954701961738,0.023203666685662434,-2.588422398726494,-0.3339926811961353,2.9678759278569826,1.410953752439396
11.4,0.03333333333333333,342,342,takeover,cartesian_freedrive,1.0,0.03866316172354163,0.27872386965146495,0.22226963004891218,0.023203486184149504,-2.5884224036150982,-0.3339929132984041,2.9678760260765884,1.4109540590583698
11.433333333333334,0.03333333333333333,343,343,takeover,cartesian_freedrive,1.0,0.0379964333485278,0.2787240776224749,0.22226970918431233,0.023203312091977363,-2.5884224077340723,-0.33399313703787786,2.9678761188676765,1.4109543561911722
11.466666666666667,0.03333333333333333,344,344,takeover,cartesian_freedrive,1.0,0.037329704974463904,0.27872427922883186,0.2222697848914855,0.023203140503156423,-2.5884224123786352,-0.33399335152275245,2.9678762068010585,1.4109546442272254
11.5,0.03333333333333333,345,345,takeover,cartesian_freedrive,1.0,0.03666301256438445,0.2787244755502608,0.22226985812790925,0.023202971491795656,-2.588422424299612,-0.3339935523536708,2.9678762900206315,1.4109549230560354
11.533333333333333,0.03333333333333333,346,346,takeover,cartesian_freedrive,1.0,0.03599632009826016,0.2787246647366142,0.22226992638239748,0.02320281388582433,-2.5884224236796274,-0.3339937552802783,2.967876368570152,1.410955193388633
11.566666666666666,0.03333333333333333,347,347,takeover,cartesian_freedrive,1.0,0.03532962762358806,0.2787248478531553,0.22226999125059116,0.023202667701712545,-2.5884224204822672,-0.33399395281936134,2.9678764429576328,1.4109554556020218
11.6,0.03333333333333333,348,348,takeover,cartesian_freedrive,1.0,0.03466293521778405,0.2787250262062878,0.22227005436184044,0.023202517177417423,-2.588422425884685,-0.33399413616394025,2.9678765136072234,1.410955710027086
11.633333333333333,0.03333333333333333,349,349,takeover,cartesian_freedrive,1.0,0.0339961777242869,0.2787252019201923,0.22227011664084179,0.023202390479032324,-2.588422423515471,-0.3339943254404231,2.9678765802853935,1.4109559510253218
11.666666666666666,0.03333333333333333,350,350,takeover,cartesian_freedrive,1.0,0.033329420227945536,0.2787253727739997,0.22227017848662595,0.023202254117901104,-2.588422432494448,-0.33399449913164375,2.9678766448698006,1.4109561830507518
11.7,0.03333333333333333,351,351,takeover,cartesian_freedrive,1.0,0.03266266274952248,0.2787255375469284,0.2222702381934355,0.02320212933420464,-2.5884224423447546,-0.3339946657870077,2.967876707191838,1.4109564068002771
11.733333333333333,0.03333333333333333,352,352,takeover,cartesian_freedrive,1.0,0.03199590516554454,0.2787256954774978,0.22227029433788623,0.02320201328747031,-2.5884224402786256,-0.33399483529068325,2.9678767671736637,1.4109566226289443
11.766666666666667,0.03333333333333333,353,353,takeover,cartesian_freedrive,1.0,0.031329148831067376,0.27872584356783725,0.22227034656536165,0.023201887052701903,-2.5884224464360623,-0.3339949817892183,2.9678768254057326,1.4109568414118645
11.8,0.03333333333333333,354,354,takeover,cartesian_freedrive,1.0,0.030662392416871295,0.2787259866967003,0.22227039485166328,0.023201778731502958,-2.588422440914491,-0.333995130408748,2.96787688029839,1.4109570561241125
11.833333333333334,0.03333333333333333,355,355,takeover,cartesian_freedrive,1.0,0.029995636076595313,0.27872612732497687,0.22227044214103317,0.02320165928356106,-2.588422445603954,-0.33399526465962087,2.9678769320594216,1.4109572660104814
11.866666666666667,0.03333333333333333,356,356,takeover,cartesian_freedrive,1.0,0.029328879709088373,0.2787262640003939,0.2222704865020375,0.02320155050531731,-2.5884224455607536,-0.3339953974214626,2.9678769805607113,1.4109574709915584
11.9,0.03333333333333333,357,357,takeover,cartesian_freedrive,1.0,0.02866214902625348,0.278726397161292,0.22227052854682394,0.023201445044571962,-2.588422445025879,-0.3339955251285548,2.9678770258881064,1.4109576719964234
11.933333333333334,0.03333333333333333,358,358,takeover,cartesian_freedrive,1.0,0.02799541837369674,0.27872652722717567,0.22227056861222796,0.023201343239873627,-2.5884224442015604,-0.33399564820553806,2.9678770684140825,1.410957868660073
11.966666666666667,0.03333333333333333,359,359,takeover,cartesian_freedrive,1.0,0.02732868772116946,0.2787266542140635,0.2222706068651275,0.023201244966207783,-2.588422443126787,-0.3339957668352942,2.967877108424591,1.4109580609699295
12.0,0.03333333333333333,360,360,takeover,cartesian_freedrive,1.0,0.0266619570686353,0.27872677810241325,0.2222706432504693,0.02320114977445418,-2.588422441692779,-0.3339958814091732,2.9678771460166677,1.4109582490030175
12.033333333333333,0.03333333333333333,361,361,takeover,cartesian_freedrive,1.0,0.025995244866036035,0.27872689892912916,0.22227067769981293,0.023201057052967534,-2.588422439898383,-0.3339959917066842,2.9678771809365996,1.410958433948949
12.066666666666666,0.03333333333333333,362,362,takeover,cartesian_freedrive,1.0,0.0253285326851853,0.27872701720729987,0.22227071041800414,0.023200967186876986,-2.588422437836307,-0.33399609830221466,2.9678772134867835,1.410958615382571
12.1,0.03333333333333333,363,363,takeover,cartesian_freedrive,1.0,0.02466182050435458,0.27872713301396396,0.22227074170331432,0.02320088032620464,-2.5884224356559318,-0.3339962011958042,2.9678772440016545,1.410958793263059
12.133333333333333,0.03333333333333333,364,364,takeover,cartesian_freedrive,1.0,0.023995108308445527,0.27872724605686405,0.22227077107080181,0.02320079896901906,-2.588422430967116,-0.33399630261819413,2.9678772724624367,1.4109589676739707
12.166666666666666,0.03333333333333333,365,365,takeover,cartesian_freedrive,1.0,0.023328404786862086,0.2787273569173479,0.22227079956400322,0.02320071727917186,-2.588422428452734,-0.33399639830650596,2.967877299060347,1.410959139400578
12.2,0.03333333333333333,366,366,takeover,cartesian_freedrive,1.0,0.022661701275505215,0.2787274655594835,0.22227082674995624,0.023200638149623275,-2.588422425756825,-0.33399649067168496,2.967877323895514,1.4109593080989946
12.233333333333333,0.03333333333333333,367,367,takeover,cartesian_freedrive,1.0,0.021994997764153177,0.2787275719558171,0.22227085239074015,0.023200560945534656,-2.588422422657504,-0.3339965803160214,2.9678773468539683,1.4109594738135618
12.266666666666667,0.03333333333333333,368,368,takeover,cartesian_freedrive,1.0,0.021328294252796524,0.2787276763172923,0.22227087701352766,0.023200486208908758,-2.5884224195273036,-0.3339966669875624,2.9678773682900688,1.4109596365325845
12.3,0.03333333333333333,369,369,takeover,cartesian_freedrive,1.0,0.020661593999853838,0.27872777846697894,0.22227090009936107,0.02320041290854307,-2.5884224159248874,-0.33399675111680566,2.967877387947931,1.4109597967775893
12.333333333333334,0.03333333333333333,370,370,takeover,cartesian_freedrive,1.0,0.019994893750748775,0.27872787879450195,0.22227092213967004,0.02320034166286124,-2.5884224122205595,-0.3339968326870248,2.967877406107986,1.4109599544012192
12.366666666666667,0.03333333333333333,371,371,takeover,cartesian_freedrive,1.0,0.019328193501641576,0.2787279772753406,0.22227094304976894,0.02320027215971213,-2.588422408301739,-0.33399691192488357,2.9678774228329488,1.4109601094943807
12.4,0.03333333333333333,372,372,takeover,cartesian_freedrive,1.0,0.018661493252528735,0.2787280740041805,0.22227096302906119,0.023200204514346186,-2.588422404288169,-0.33399698881638856,2.9678774382959117,1.4109602620973063
12.433333333333334,0.03333333333333333,373,373,takeover,cartesian_freedrive,1.0,0.017994793458073623,0.2787281674173133,0.2222709799983289,0.023200135875359313,-2.588422397878855,-0.3339970670250111,2.967877453851833,1.4109604087370877
12.466666666666667,0.03333333333333333,374,374,takeover,cartesian_freedrive,1.0,0.017328093664151615,0.27872825791084893,0.2222709962340385,0.0232000675526384,-2.5884223912993187,-0.33399714444107836,2.967877468949221,1.4109605511307621
12.5,0.03333333333333333,375,375,takeover,cartesian_freedrive,1.0,0.01666139387022833,0.27872834599151464,0.2222710127804543,0.023200001335194193,-2.5884223853313357,-0.3339972194915279,2.9678774842760625,1.4109606898361502
12.533333333333333,0.03333333333333333,376,376,takeover,cartesian_freedrive,1.0,0.01599469407629564,0.2787284314457081,0.2222710284748493,0.023199935656684465,-2.5884223790455763,-0.33399729303811987,2.96787749920084,1.4109608254122035
12.566666666666666,0.03333333333333333,377,377,takeover,cartesian_freedrive,1.0,0.015328013400251939,0.2787285152589988,0.2222710448999137,0.023199872111903653,-2.588422374314408,-0.33399736160426546,2.9678775126445207,1.410960961909345
12.6,0.03333333333333333,378,378,takeover,cartesian_freedrive,1.0,0.01466133274674443,0.27872859820891155,0.22227106076295006,0.023199810842775958,-2.588422369774726,-0.33399742731977505,2.967877525155149,1.4109610975310738
12.633333333333333,0.03333333333333333,379,379,takeover,cartesian_freedrive,1.0,0.01399465209325808,0.27872868027757913,0.22227107639437876,0.02319975221335697,-2.588422365560724,-0.3339974902733959,2.9678775370417667,1.4109612316531641
12.666666666666666,0.03333333333333333,380,380,takeover,cartesian_freedrive,1.0,0.013327971439762826,0.2787287610684638,0.222271091227057,0.02319969508246656,-2.5884223611596138,-0.33399755120574603,2.9678775480095028,1.4109613641624184
12.7,0.03333333333333333,381,381,takeover,cartesian_freedrive,1.0,0.012670749486476032,0.2787288401134926,0.22227111185132578,0.023199645877226765,-2.5884223630964316,-0.33399761334563927,2.9678775652075235,1.4109614821520313
12.733333333333333,0.03333333333333333,382,382,takeover,cartesian_freedrive,1.0,0.012013538685145222,0.27872891280411494,0.22227113541344307,0.023199599771433037,-2.588422368271648,-0.333997671883063,2.967877588601585,1.4109615910649924
12.766666666666667,0.03333333333333333,383,383,takeover,cartesian_freedrive,1.0,0.01135632789695161,0.2787289790095907,0.22227115964875613,0.023199554206596917,-2.588422374781572,-0.33399772804085215,2.9678776160239595,1.4109616923030117
12.8,0.03333333333333333,384,384,takeover,cartesian_freedrive,1.0,0.010699117108772933,0.27872903988221365,0.22227118530953835,0.023199510989105457,-2.5884223831725635,-0.33399778084025755,2.9678776468710386,1.4109617865060287
12.833333333333334,0.03333333333333333,385,385,takeover,cartesian_freedrive,1.0,0.010312648683324212,0.2787290785730556,0.2222712536689244,0.023199513664709178,-2.5884224360190093,-0.33399794099152547,2.967877778233639,1.4109616373353513
12.866666666666667,0.03333333333333333,386,386,takeover,cartesian_freedrive,1.0,0.00992649939852401,0.2787290273933966,0.22227135563610015,0.023199515986992325,-2.588422511897533,-0.33399811520089795,2.9678779955977466,1.4109613578644944
12.9,0.03333333333333333,387,387,takeover,cartesian_freedrive,1.0,0.009540350585181328,0.278728896751833,0.22227148850622944,0.023199508166108124,-2.5884226266218544,-0.33399826630321044,2.967878284798906,1.4109609776997887
12.933333333333334,0.03333333333333333,388,388,takeover,cartesian_freedrive,1.0,0.009154201651154749,0.2787286962844788,0.22227164310506234,0.023199512970762004,-2.588422749267028,-0.33399840847676937,2.9678786321706143,1.4109605117156132
12.966666666666667,0.03333333333333333,389,389,takeover,cartesian_freedrive,1.0,0.00901098737833583,0.2787284557221182,0.22227177641019394,0.023199474476937036,-2.588422864692933,-0.33399841541265113,2.9678789314719407,1.4109601887682617
13.0,0.03333333333333333,390,390,takeover,cartesian_freedrive,1.0,0.008868059424078917,0.27872824111235894,0.22227188864252123,0.023199461945603638,-2.588422951444366,-0.3339984002999953,2.967879185737783,1.410959915180453
13.033333333333333,0.03333333333333333,391,391,takeover,cartesian_freedrive,1.0,0.00872513182554514,0.27872805120110716,0.22227198316868027,0.02319947284997556,-2.588423024220286,-0.3339983702746655,2.9678793993517685,1.4109596723842788
13.066666666666666,0.03333333333333333,392,392,takeover,cartesian_freedrive,1.0,0.00858220432774158,0.2787278819404515,0.22227206394007504,0.02319948104657263,-2.58842309778987,-0.33399832091628023,2.9678795782944674,1.4109594521734214
13.1,0.03333333333333333,393,393,takeover,cartesian_freedrive,1.0,0.008529263831639884,0.27872772817928543,0.22227212793782816,0.0231995012116584,-2.588423149692583,-0.33399826823840345,2.967879722271748,1.4109592613834279
13.133333333333333,0.03333333333333333,394,394,takeover,cartesian_freedrive,1.0,0.008476429431908964,0.2787275911661822,0.22227217926030005,0.02319952827282666,-2.5884231916287486,-0.3339982109980895,2.967879838206033,1.4109590907535845
13.166666666666666,0.03333333333333333,395,395,takeover,cartesian_freedrive,1.0,0.0084235950842204,0.27872746698514983,0.22227221839950573,0.02319956663647461,-2.588423215974973,-0.333998159180266,2.9678799303719012,1.4109589361864188
13.2,0.03333333333333333,396,396,takeover,cartesian_freedrive,1.0,0.00837076082195826,0.2787273552486583,0.22227225009773616,0.023199597114553525,-2.5884232449072497,-0.33399809727284757,2.9678800035285793,1.410958794814228
13.233333333333333,0.03333333333333333,397,397,takeover,cartesian_freedrive,1.0,0.0083511952687512,0.27872725434608187,0.22227227232283223,0.02319963223128819,-2.58842326475233,-0.33399803810486384,2.967880058194318,1.41095866635822
13.266666666666667,0.03333333333333333,398,398,takeover,cartesian_freedrive,1.0,0.008331668939952313,0.27872716298677513,0.2222722872519088,0.023199667748659503,-2.588423279232957,-0.3339979803203174,2.9678800977613204,1.410958549115828
13.3,0.03333333333333333,399,399,takeover,cartesian_freedrive,1.0,0.008312142657399393,0.2787270799807205,0.22227229694692444,0.02319970447104339,-2.588423290026582,-0.3339979231516883,2.9678801259196095,1.4109584415465741
13.333333333333334,0.03333333333333333,400,400,takeover,cartesian_freedrive,1.0,0.008292616374898868,0.27872700399533473,0.22227230275782203,0.023199742438105228,-2.5884232981453774,-0.33399786627088685,2.9678801453704176,1.410958342218214
13.366666666666667,0.03333333333333333,401,401,takeover,cartesian_freedrive,1.0,0.00828647029943132,0.2773970010914669,0.2213279783582262,0.024467836470427773,-2.5884135493212703,-0.3323601520448058,2.9672847497027197,1.4091228194108356
13.4,0.03333333333333333,402,402,takeover,cartesian_freedrive,1.0,0.008280340548296483,0.2760242403233499,0.22036005118689433,0.02577476685056273,-2.5884006958957264,-0.330660696033979,2.9666622918370074,1.4072190527022077
13.433333333333334,0.03333333333333333,403,403,takeover,cartesian_freedrive,1.0,0.008274210824760063,0.27465572029497953,0.21939317459168778,0.02707873602213895,-2.5883860184208802,-0.3289549575468409,2.966039015235736,1.4053115723493754
13.466666666666667,0.03333333333333333,404,404,takeover,cartesian_freedrive,1.0,0.008268081115292416,0.2732920472452883,0.21842762861909504,0.028379162285672554,-2.58836953189766,-0.3272436500845598,2.965415227569535,1.4034011931489347
13.5,0.03333333333333333,405,405,takeover,cartesian_freedrive,1.0,0.008266734880725535,0.27174089321430733,0.21731011642624753,0.029864752774727603,-2.588353311970845,-0.3252779641943904,2.9646856189015636,1.4012134639709903
13.533333333333333,0.03333333333333333,406,406,takeover,cartesian_freedrive,1.0,0.008265394315023688,0.2701952565400698,0.21619323795297252,0.03134649843709837,-2.588334902817864,-0.3233036593902021,2.963954656776151,1.399020480787239
13.566666666666666,0.03333333333333333,407,407,takeover,cartesian_freedrive,1.0,0.008264053803357452,0.26865633080469403,0.21507809602089853,0.03282320186375881,-2.588314065763952,-0.3213222820298184,2.963222989609113,1.3968238901938776
13.6,0.03333333333333333,408,408,takeover,cartesian_freedrive,1.0,0.008262713242188349,0.267124419390011,0.21396480524766764,0.03429456480219656,-2.5882907850389523,-0.31933423217563534,2.9624907381044276,1.394624107029611
13.633333333333333,0.03333333333333333,409,409,takeover,cartesian_freedrive,1.0,0.008263206589849255,0.2656090146961671,0.21284220315371433,0.035756844216326196,-2.5882705087894062,-0.31734675258979217,2.9617442220178587,1.392432080718689
13.666666666666666,0.03333333333333333,410,410,takeover,cartesian_freedrive,1.0,0.008263702101154562,0.2641010514800526,0.21172135403193373,0.03721338013973333,-2.588247833695563,-0.3153529893612683,2.9609970495866857,1.3902372819153823
13.7,0.03333333333333333,411,411,takeover,cartesian_freedrive,1.0,0.008264197562606991,0.26259996234208144,0.2106021156921068,0.03866456420122672,-2.588222653989772,-0.313352314023821,2.960248997366641,1.3880388836910762
13.733333333333333,0.03333333333333333,412,412,takeover,cartesian_freedrive,1.0,0.00826469306442773,0.2611060310536727,0.20948459298360608,0.040110113760678835,-2.5881949773726376,-0.31134508810279987,2.9595001746090586,1.3858372745158438
13.766666666666667,0.03333333333333333,413,413,takeover,cartesian_freedrive,1.0,0.008265871952016954,0.25963039079948097,0.20835868874075653,0.04154470491379864,-2.5881702749421995,-0.3093410636544263,2.9587378387803316,1.3836461750957023
13.8,0.03333333333333333,414,414,takeover,cartesian_freedrive,1.0,0.008267051637249955,0.2581621292917051,0.20723430748604468,0.04297341870677459,-2.58814310675816,-0.3073306750417263,2.957974551433747,1.381452026179066
13.833333333333334,0.03333333333333333,415,415,takeover,cartesian_freedrive,1.0,0.00826823132670942,0.25670154984770904,0.206111742488922,0.04439592898087272,-2.5881134052038948,-0.30531439815532435,2.9572105996126385,1.3792552869195884
13.866666666666667,0.03333333333333333,416,416,takeover,cartesian_freedrive,1.0,0.008269411015913365,0.2552482496036288,0.2049907528947858,0.04581252362446054,-2.588081146544792,-0.30329173871958476,2.9564456934552408,1.37705533931682
13.9,0.03333333333333333,417,417,takeover,cartesian_freedrive,1.0,0.008270849139323157,0.2538136117347288,0.20386141983476505,0.04721759607003766,-2.5880518014193417,-0.30127317529615893,2.955667325365973,1.3748666895422952
13.933333333333334,0.03333333333333333,418,418,takeover,cartesian_freedrive,1.0,0.008272287565207665,0.25238668354351734,0.2027335815416258,0.04861635408203908,-2.5880199401830524,-0.29924871030538625,2.9548879505147765,1.3726753287236317
13.966666666666667,0.03333333333333333,419,419,takeover,cartesian_freedrive,1.0,0.008273725988396768,0.2509677804322712,0.20160754548942766,0.0500084110297215,-2.587985498955021,-0.2972188464334289,2.954107865275675,1.3704817508831035
14.0,0.03333333333333333,420,420,takeover,cartesian_freedrive,1.0,0.008275164413730076,0.2495564771589307,0.20048305311939218,0.05139412000573353,-2.5879484525280136,-0.29518306298267916,2.953326767676075,1.3682852984478475
14.033333333333333,0.03333333333333333,421,421,takeover,cartesian_freedrive,1.0,0.00827670439313044,0.2481641756817695,0.19935025778944124,0.05276776482796573,-2.587914263420474,-0.2931522991702657,2.9525322616450516,1.366100951680407
14.066666666666666,0.03333333333333333,422,422,takeover,cartesian_freedrive,1.0,0.008278244487692765,0.24677989521192276,0.1982189309867338,0.05413464851521286,-2.5878775122926454,-0.2911161180747007,2.9517366934100675,1.3639142476000514
14.1,0.03333333333333333,423,423,takeover,cartesian_freedrive,1.0,0.008279784580088118,0.2454039613820498,0.19708939418348412,0.05549437722022399,-2.587838132738807,-0.2890750560598877,2.950940368706432,1.3617257160393608
14.133333333333333,0.03333333333333333,424,424,takeover,cartesian_freedrive,1.0,0.008281324676612325,0.2440359276598311,0.19596137123641913,0.05684733005683259,-2.5877961039165323,-0.28702855969628466,2.9501429737083456,1.3595346587042991
14.166666666666666,0.03333333333333333,425,425,takeover,cartesian_freedrive,1.0,0.010409579511410512,0.24268709786935233,0.19482509132749143,0.05818775081401583,-2.5877568850006254,-0.2849879959436608,2.949332237695381,1.3573562957264296
14.2,0.03333333333333333,426,426,takeover,cartesian_freedrive,1.0,0.01254289039245108,0.2413465759750526,0.19369025485535968,0.05952097849592091,-2.587715062262705,-0.28294251761878875,2.9485203833295217,1.355175938988078
14.233333333333333,0.03333333333333333,427,427,takeover,cartesian_freedrive,1.0,0.014676233440375865,0.24001469772726677,0.19255719780266642,0.06084665011220062,-2.5876705584258533,-0.28089270422999546,2.9477077263909024,1.3529941580081677
14.266666666666667,0.03333333333333333,428,428,takeover,cartesian_freedrive,1.0,0.016809576679878997,0.2386909975395632,0.19142562731245374,0.062165098553149986,-2.58762336706678,-0.27883795955808,2.9468939418344675,1.3508102134108981
14.3,0.03333333333333333,429,429,takeover,cartesian_freedrive,1.0,0.017998356141081126,0.2373869586964973,0.19028584000215104,0.06347045197077889,-2.5875789184081985,-0.27679022427579186,2.9460668448095473,1.3486402277044576
14.333333333333334,0.03333333333333333,430,430,takeover,cartesian_freedrive,1.0,0.019183564663374487,0.23609149727150966,0.18914747557745368,0.06476819446533838,-2.5875318255539317,-0.2747381096314033,2.9452385769065907,1.3464686392168808
14.366666666666667,0.03333333333333333,431,431,takeover,cartesian_freedrive,1.0,0.020368766069362464,0.2348049516622242,0.18801088398368704,0.06605796027900711,-2.5874820104059792,-0.27268222080035903,2.9444094617036676,1.3442960447996875
14.4,0.03333333333333333,432,432,takeover,cartesian_freedrive,1.0,0.021553967446426917,0.23352683596814425,0.18687575339071696,0.067340108328775,-2.587429469756848,-0.27062192931833245,2.943579163021327,1.3421216628641373
14.433333333333334,0.03333333333333333,433,433,takeover,cartesian_freedrive,1.0,0.021996411021874926,0.23226844262366872,0.1857324575583147,0.06860883947237027,-2.5873796460642398,-0.26856950564202164,2.94273563823621,1.3399617823161694
14.466666666666667,0.03333333333333333,434,434,takeover,cartesian_freedrive,1.0,0.022437840450718304,0.2310191378462307,0.18459073226287784,0.06986935872243435,-2.587327127862011,-0.2665136609716834,2.9418910583129994,1.3378011580550075
14.5,0.03333333333333333,435,435,takeover,cartesian_freedrive,1.0,0.02287926871158345,0.22977844118218507,0.18345044160027577,0.07112196859969941,-2.5872718647834168,-0.2644538113498684,2.941045251533539,1.3356390255093769
14.533333333333333,0.03333333333333333,436,436,takeover,cartesian_freedrive,1.0,0.02332069695903844,0.2285469460683003,0.1823119234922932,0.07236613357135513,-2.587213823058169,-0.26239091424554545,2.9401985406431477,1.3334764220868383
14.566666666666666,0.03333333333333333,437,437,takeover,cartesian_freedrive,1.0,0.023487157576704706,0.22733487157675808,0.18116494965391203,0.07359689850862525,-2.587158466112014,-0.26033613589375976,2.93933831892976,1.3313283911659544
14.6,0.03333333333333333,438,438,takeover,cartesian_freedrive,1.0,0.02365329399721676,0.22613237077701187,0.18001970506471787,0.07481885664512555,-2.587100369389926,-0.2582789203408634,2.9384771607739855,1.3291805037356466
14.633333333333333,0.03333333333333333,439,439,takeover,cartesian_freedrive,1.0,0.02381943003549506,0.22493868600362268,0.17887587800201618,0.07603255238400637,-2.587039491129701,-0.2562182731786245,2.9376147276848554,1.3270315142259597
14.666666666666666,0.03333333333333333,440,440,takeover,cartesian_freedrive,1.0,0.02398556607362054,0.22375440962193877,0.17773382323632667,0.07723745691653543,-2.5869757955491366,-0.2541551826505089,2.936751349399204,1.3248824966467319
14.7,0.03333333333333333,441,441,takeover,cartesian_freedrive,1.0,0.024049914179874482,0.222589950017794,0.1765835398887246,0.0784283984373157,-2.5869147353836293,-0.25210165749379154,2.9358746956838173,1.3227493325075743
14.733333333333333,0.03333333333333333,442,442,takeover,cartesian_freedrive,1.0,0.02411414226945921,0.2214346650239007,0.17543461257957663,0.07961067772814946,-2.586850928424588,-0.2500454099241623,2.934996704185371,1.320615729951959
14.766666666666667,0.03333333333333333,443,443,takeover,cartesian_freedrive,1.0,0.024178370217913994,0.22028894583409994,0.1742874626439323,0.08078389858237241,-2.586784276885723,-0.24798720675972094,2.934117748213971,1.3184824613015527
14.8,0.03333333333333333,444,444,takeover,cartesian_freedrive,1.0,0.024242598166274623,0.21915222405528828,0.17314170315635635,0.08194848622027555,-2.586714808546127,-0.2459262608039066,2.9332374442560756,1.316348564500047
14.833333333333334,0.03333333333333333,445,445,takeover,cartesian_freedrive,1.0,0.02426919783374941,0.21803566740414912,0.17198794988274704,0.08309858606705527,-2.58664793045545,-0.2438763235322555,2.9323441061622932,1.3142318475940906
14.866666666666667,0.03333333333333333,446,446,takeover,cartesian_freedrive,1.0,0.024295753132422583,0.2169287468025541,0.1708357561577979,0.08423947832158692,-2.586578253463412,-0.24182476766003208,2.931449585120316,1.3121156936957608
14.9,0.03333333333333333,447,447,takeover,cartesian_freedrive,1.0,0.024322308379750086,0.21583092411780122,0.16968492966339108,0.08537151824839818,-2.586505743805155,-0.23977089731576495,2.930553677290585,1.3099992015020108
14.933333333333334,0.03333333333333333,448,448,takeover,cartesian_freedrive,1.0,0.02434886362554259,0.21474283556518067,0.16853589365862545,0.08649414709379814,-2.5864303459866353,-0.23771584966532602,2.9296567583475626,1.3078836097951454
14.966666666666667,0.03333333333333333,449,449,takeover,cartesian_freedrive,1.0,0.024361473634566894,0.21367465349487422,0.16737872826528827,0.087602288487505,-2.5863575302306945,-0.23567238217563088,2.9287466954003754,1.3057855344357367
15.0,0.03333333333333333,450,450,takeover,cartesian_freedrive,1.0,0.02437406720546119,0.212615882416596,0.16622288557189974,0.08870122600900922,-2.58628191922172,-0.23362735414064073,2.9278351964205047,1.303687825259065
15.033333333333333,0.03333333333333333,451,451,takeover,cartesian_freedrive,1.0,0.024386660757350756,0.2115669479671531,0.16506884508672484,0.0897905436679621,-2.5862033972125937,-0.2315816528184115,2.9269226727231845,1.3015913875756204
15.066666666666666,0.03333333333333333,452,452,takeover,cartesian_freedrive,1.0,0.024399254317051894,0.21052721878770267,0.16391615601426585,0.0908706951759752,-2.5861220210808855,-0.2295343530089472,2.9260087023141237,1.2994951062395732
15.1,0.03333333333333333,453,453,takeover,cartesian_freedrive,1.0,0.02440654777584869,0.209507651091875,0.16275560973566364,0.09193594837492275,-2.586043179319413,-0.22750013395523636,2.925081862808836,1.2974177068517387
15.133333333333333,0.03333333333333333,454,454,takeover,cartesian_freedrive,1.0,0.02441383499882475,0.2084979100065912,0.1615966311318388,0.0929914962782485,-2.5859614885817486,-0.2254655389155668,2.924153770663867,1.2953417598588102
15.166666666666666,0.03333333333333333,455,455,takeover,cartesian_freedrive,1.0,0.02442112219834094,0.20749741682551276,0.16043898192855288,0.0940377342079357,-2.585876927672141,-0.22342978324985097,2.9232241973645716,1.2932662552450294
15.2,0.03333333333333333,456,456,takeover,cartesian_freedrive,1.0,0.02442840940245985,0.2065068408710668,0.15928315745239632,0.09507409442972388,-2.585789420329212,-0.22139414746735092,2.922293562405097,1.2911925949119567
15.233333333333333,0.03333333333333333,457,457,takeover,cartesian_freedrive,1.0,0.024433698112957744,0.20553603114558328,0.1581193163174396,0.09609565145106601,-2.585704471892472,-0.2193720703980275,2.9213499428044547,1.2891380390548088
15.266666666666667,0.03333333333333333,458,458,takeover,cartesian_freedrive,1.0,0.024438984459063867,0.2045747228511496,0.15695677194562543,0.09710760600221975,-2.5856166950873827,-0.21734960382720223,2.920404802257523,1.2870846456351683
15.3,0.03333333333333333,459,459,takeover,cartesian_freedrive,1.0,0.02444427080172471,0.20362337575140577,0.1557960702441142,0.09810954181474324,-2.585525951074548,-0.21532776826847438,2.9194585931936228,1.2850334681980802
15.333333333333334,0.03333333333333333,460,460,takeover,cartesian_freedrive,1.0,0.024449557144612735,0.2026812962332787,0.15463668772384326,0.09910195447532316,-2.5854323265231343,-0.21330548837214114,2.918510853266296,1.2829832209751442
15.366666666666667,0.03333333333333333,461,461,takeover,cartesian_freedrive,1.0,0.024454062164641875,0.2017591724233151,0.15346960256323888,0.10007922129155715,-2.585341213421601,-0.2112983278798149,2.9175504308402416,1.280953531364402
15.4,0.03333333333333333,462,462,takeover,cartesian_freedrive,1.0,0.024458566259342854,0.20084691554008982,0.15230410347771586,0.10104648802790345,-2.5852472023150375,-0.20929204823100886,2.916588702187527,1.2789261741545952
15.433333333333334,0.03333333333333333,463,463,takeover,cartesian_freedrive,1.0,0.024463070350771738,0.1999439103153069,0.15113990468669036,0.1020041059504981,-2.5851503138950007,-0.20728574036964778,2.915625414023948,1.2769000192616218
15.466666666666667,0.03333333333333333,464,464,takeover,cartesian_freedrive,1.0,0.02446757444345958,0.19905085585690713,0.1499775806799399,0.10295153861189149,-2.585050432102502,-0.20528085174147512,2.9146610322394038,1.2748766460333603
15.5,0.03333333333333333,465,465,takeover,cartesian_freedrive,1.0,0.024471745620000318,0.198177234245484,0.148807363430036,0.10388410156415817,-2.584953098915785,-0.20329146854095648,2.9136838439959334,1.2728739379132152
15.533333333333333,0.03333333333333333,466,466,takeover,cartesian_freedrive,1.0,0.02447591639887894,0.19731305515222425,0.1476384238226258,0.10480683042102633,-2.5848529234690227,-0.20130284398263817,2.912705066435309,1.2708731588742272
15.566666666666666,0.03333333333333333,467,467,takeover,cartesian_freedrive,1.0,0.02448008717656658,0.19645881191281728,0.14647138454794487,0.10571927047548997,-2.5847497445138155,-0.1993161352877336,2.911725196590441,1.268875524601093
15.6,0.03333333333333333,468,468,takeover,cartesian_freedrive,1.0,0.02448425795490719,0.1956137503066131,0.1453056388029638,0.10662197948200267,-2.5846436807677162,-0.19733010401631057,2.9107437290292673,1.2668795595531819
15.633333333333333,0.03333333333333333,469,469,takeover,cartesian_freedrive,1.0,0.024489052279058336,0.1947882821030522,0.14413235837572178,0.10750956466056824,-2.5845401060180584,-0.19536123098382888,2.9097497774638232,1.2649058791922787
15.666666666666666,0.03333333333333333,470,470,takeover,cartesian_freedrive,1.0,0.02449384733357832,0.19397257257381936,0.14296069638075115,0.10838696411680868,-2.58443361286991,-0.193394452350813,2.908754486255827,1.2629353807516226
15.7,0.03333333333333333,471,471,takeover,cartesian_freedrive,1.0,0.024498642387837197,0.19316596933533875,0.14179030972243772,0.10925457841810811,-2.5843242451066364,-0.191428744372704,2.9077575750365376,1.2609667998406315
15.733333333333333,0.03333333333333333,472,472,takeover,cartesian_freedrive,1.0,0.02450343747369592,0.19236920077291025,0.14062186512686145,0.11011185354257319,-2.5842118591632914,-0.1894657142187388,2.90675956004407,1.2590019084036332
15.766666666666667,0.03333333333333333,473,473,takeover,cartesian_freedrive,1.0,0.02450683229853598,0.19159127752620164,0.13944566179041068,0.11095442275261024,-2.5841020365630962,-0.1875199865708035,2.9057489560748633,1.2570590364369487
15.8,0.03333333333333333,474,474,takeover,cartesian_freedrive,1.0,0.02451022549445743,0.19082258943621536,0.13827072239174326,0.11178706022515916,-2.583989388152335,-0.1855760954238145,2.9047367125756804,1.2551188017713655
15.833333333333334,0.03333333333333333,475,475,takeover,cartesian_freedrive,1.0,0.02451361866699752,0.19006366280785633,0.13709775528656298,0.11260935571770848,-2.583873699024978,-0.18363537322242662,2.9037233749921887,1.2531826025660622
15.866666666666667,0.03333333333333333,476,476,takeover,cartesian_freedrive,1.0,0.024517011861716197,0.18931368746400695,0.13592606178501795,0.11342183903841511,-2.5837551519443154,-0.18169637461632626,2.9027083920197283,1.2512487514742414
15.9,0.03333333333333333,477,477,takeover,cartesian_freedrive,1.0,0.02452063481591258,0.18858263730949773,0.13474701899023767,0.11421949214659902,-2.583639107110567,-0.17977634436050968,2.901681179781985,1.249338574961711
15.933333333333334,0.03333333333333333,478,478,takeover,cartesian_freedrive,1.0,0.024524257992865076,0.187861089498883,0.13356963474913075,0.11500695706952263,-2.5835201273305652,-0.1778595621234059,2.900652614210655,1.2474323672586063
15.966666666666667,0.03333333333333333,479,479,takeover,cartesian_freedrive,1.0,0.024527881203396412,0.18714836159091822,0.1323935046565213,0.11578465344520406,-2.583398303817256,-0.17594486345484261,2.8996223869497535,1.2455287219861204
16.0,0.03333333333333333,480,480,takeover,cartesian_freedrive,1.0,0.024531504404035946,0.18644520933097708,0.13121939821053938,0.11655202449028076,-2.583273435231725,-0.17403404847666165,2.898591068606466,1.2436296225354717
16.033333333333335,0.03333333333333333,481,481,takeover,cartesian_freedrive,1.0,0.024535164830817927,0.18576022657562422,0.13003767613070932,0.11730504504021551,-2.583151172042024,-0.17214228740010082,2.8975473784574644,1.241754005578478
16.066666666666666,0.03333333333333333,482,482,takeover,cartesian_freedrive,1.0,0.024538825266126565,0.1850841338401613,0.12885720500518236,0.11804822868668868,-2.5830260952194997,-0.17025337455395398,2.896502017913504,1.2398816595865354
16.1,0.03333333333333333,483,483,takeover,cartesian_freedrive,1.0,0.024542485732042214,0.18441749180175585,0.12767879680911604,0.11878112736768856,-2.582897977640482,-0.1683687841421774,2.895455585801607,1.2380141815360297
16.133333333333333,0.03333333333333333,484,484,takeover,cartesian_freedrive,1.0,0.024546146176432478,0.18375943381138704,0.12650164054077306,0.11950435519170419,-2.5827670225452737,-0.16648688975630282,2.8944074791682652,1.2361496454517353
16.166666666666668,0.03333333333333333,485,485,takeover,cartesian_freedrive,1.0,0.024549772793332023,0.1831195073674483,0.1253173338860031,0.12021321998412007,-2.5826385946199206,-0.16462567900861347,2.8933474124063836,1.2343101722611332
16.2,0.03333333333333333,486,486,takeover,cartesian_freedrive,1.0,0.02455339935268249,0.18248869600070616,0.12413473675454259,0.12091206551719336,-2.5825072411743784,-0.16276876628588835,2.892286001135731,1.2324753806218467
16.233333333333334,0.03333333333333333,487,487,takeover,cartesian_freedrive,1.0,0.02455702591594225,0.18186628795232107,0.12295337140668228,0.12160129138392098,-2.5823730870223387,-0.160914845100021,2.8912229051478864,1.2306437018276024
16.266666666666666,0.03333333333333333,488,488,takeover,cartesian_freedrive,1.0,0.02456065253030671,0.18125306832538296,0.1217741285453097,0.12228038369109064,-2.5822358880129364,-0.15906590713649021,2.890158755477625,1.2288173564422107
16.3,0.03333333333333333,489,489,takeover,cartesian_freedrive,1.0,0.024564218432889313,0.18065669067404944,0.12058694872984603,0.1229459985193792,-2.582101479854797,-0.15723656649899773,2.8890821589591544,1.2270145625299869
16.333333333333332,0.03333333333333333,490,490,takeover,cartesian_freedrive,1.0,0.02456778425337504,0.1800695871797013,0.11940193042526141,0.1236014387702104,-2.581964039802559,-0.15541289445097406,2.8880045309629936,1.2252177943001916
16.366666666666667,0.03333333333333333,491,491,takeover,cartesian_freedrive,1.0,0.024571350072780843,0.179490660178873,0.11821815753452597,0.12424739863244257,-2.581823815356658,-0.15359267882184408,2.886925232023844,1.2234244368162144
16.4,0.03333333333333333,492,492,takeover,cartesian_freedrive,1.0,0.02457491586736254,0.1789206740838299,0.11703654794935608,0.12488336830444596,-2.581680533165727,-0.15177794576045328,2.8858448983064955,1.221636746733637
16.433333333333334,0.03333333333333333,493,493,takeover,cartesian_freedrive,1.0,0.02457841049065601,0.1783674634162168,0.11584754892144296,0.12550594898031886,-2.581539950520601,-0.1499844826486197,2.884752587095591,1.2198742815709254
16.466666666666665,0.03333333333333333,494,494,takeover,cartesian_freedrive,1.0,0.024581905053064755,0.1778224093075134,0.11465979229697824,0.12611907580254147,-2.581396641298856,-0.1481951349490502,2.8836586010206333,1.21811586308973
16.5,0.03333333333333333,495,495,takeover,cartesian_freedrive,1.0,0.024585399571256487,0.1772861045439664,0.11347424561114085,0.12672235148233685,-2.581250267356262,-0.14641165384229984,2.8825636127524743,1.2163633838136594
16.533333333333335,0.03333333333333333,496,496,takeover,cartesian_freedrive,1.0,0.02458889410404524,0.1767576303398128,0.11228992968611946,0.12731635155480733,-2.5811011558130987,-0.14463207240873155,2.881466948997437,1.214614564005592
16.566666666666666,0.03333333333333333,497,497,takeover,cartesian_freedrive,1.0,0.024592312923346946,0.1762458063983484,0.11109877299001499,0.1278971184546735,-2.5809546226927664,-0.14287538515081386,2.8803587724814346,1.2128925854468084
16.6,0.03333333333333333,498,498,takeover,cartesian_freedrive,1.0,0.024595731623129245,0.17574230736196472,0.1099094124302352,0.12846836438851983,-2.580805194793191,-0.14112433423044338,2.8792493024741503,1.2111761686612217
16.633333333333333,0.03333333333333333,499,499,takeover,cartesian_freedrive,1.0,0.024599150326514458,0.17524639731476346,0.10872125463367509,0.12903049962437133,-2.5806530620164985,-0.13937739953777392,2.8781381538364923,1.209463503778917
16.666666666666668,0.03333333333333333,500,500,takeover,cartesian_freedrive,1.0,0.024602569026494207,0.17475888549692103,0.10753537924864093,0.12958304978047766,-2.5804978718874327,-0.13763687333022664,2.877026042617569,1.20775716147626
16.7,0.03333333333333333,501,501,takeover,cartesian_freedrive,1.0,0.024605909757706348,0.17428660593696416,0.10634169596311444,0.13012333796737852,-2.5803456453185576,-0.13591767370557864,2.8759018700466035,1.20607566195182
16.733333333333334,0.03333333333333333,502,502,takeover,cartesian_freedrive,1.0,0.024609250381191466,0.1738227585766197,0.10515035443273005,0.1306540754103355,-2.580190375784368,-0.13420552373890124,2.8747767697960445,1.2044011603654357
16.766666666666666,0.03333333333333333,503,503,takeover,cartesian_freedrive,1.0,0.02461259199427123,0.1733659237094403,0.10396024961515918,0.13117620189718182,-2.5800323726904453,-0.13249799532663512,2.8736497271580794,1.2027308123216185
16.8,0.03333333333333333,504,504,takeover,cartesian_freedrive,1.0,0.024615934054187803,0.1729170212439533,0.10277248870463754,0.13168913990812453,-2.5798712873116236,-0.1307973436782943,2.8725215908024557,1.2010671526092014
16.833333333333332,0.03333333333333333,505,505,takeover,cartesian_freedrive,1.0,0.02461919636832264,0.1724828451727442,0.10157696535869166,0.13219021697119565,-2.579713237872193,-0.12911846924807155,2.8713815999199146,1.1994286556641447
16.866666666666667,0.03333333333333333,506,506,takeover,cartesian_freedrive,1.0,0.024622457752910235,0.17205704503337407,0.10038382070522857,0.13268174040196076,-2.5795522032217493,-0.1274468657545638,2.8702409939249147,1.1977972265124084
16.9,0.03333333333333333,507,507,takeover,cartesian_freedrive,1.0,0.024625719075355015,0.17163824352706078,0.09919188958912843,0.1331645859381875,-2.5793885378971124,-0.12577999855658228,2.869098776425309,1.1961698957766362
16.933333333333334,0.03333333333333333,508,508,takeover,cartesian_freedrive,1.0,0.024628980612837616,0.17122720231458813,0.0980023498041183,0.13363834995040969,-2.5792218313435424,-0.12412029652005166,2.8679555983393774,1.194549427850453
16.966666666666665,0.03333333333333333,509,509,takeover,cartesian_freedrive,1.0,0.02463216168734091,0.17083068134557103,0.09680573157232449,0.1341005629141815,-2.5790579883735445,-0.12248407404923305,2.866801011568136,1.192955920947489
17.0,0.03333333333333333,510,510,takeover,cartesian_freedrive,1.0,0.02463534294396283,0.17044103606135869,0.0956103386744934,0.1345542541699825,-2.578891560691718,-0.1208531949630738,2.8656447107636387,1.1913671444391611
17.033333333333335,0.03333333333333333,511,511,takeover,cartesian_freedrive,1.0,0.02463852371104206,0.17005895479475652,0.09441737689325307,0.13499906250358532,-2.578722094915472,-0.11922964454762178,2.864487730638821,1.1897852607444765
17.066666666666666,0.03333333333333333,512,512,takeover,cartesian_freedrive,1.0,0.024641704400930428,0.16968342063341962,0.09322559871714095,0.13543555051617148,-2.5785500542935558,-0.117611074092759,2.8633291503581715,1.1882075553496174
17.1,0.03333333333333333,513,513,takeover,cartesian_freedrive,1.0,0.02464480414788113,0.16932218180892944,0.09202743867312492,0.13586084290291212,-2.5783806948478936,-0.11601765013530806,2.8621595193925,1.1866586112115487
17.133333333333333,0.03333333333333333,514,514,takeover,cartesian_freedrive,1.0,0.024647903344320373,0.16896751747372127,0.09083049862116513,0.13627787749229542,-2.5782087899362214,-0.11442969535793594,2.8609884604382225,1.185114350434975
17.166666666666668,0.03333333333333333,515,515,takeover,cartesian_freedrive,1.0,0.02465100228157827,0.16862004634360603,0.08963605263711477,0.13668637563613867,-2.5780338443886035,-0.11284938570179497,2.859816699745898,1.1835772160120797
17.2,0.03333333333333333,516,516,takeover,cartesian_freedrive,1.0,0.024654101101034505,0.16827880733373188,0.08844277840734631,0.1370868217243413,-2.5778563745418452,-0.11127422282685002,2.8586433981871284,1.1820443066631638
17.233333333333334,0.03333333333333333,517,517,takeover,cartesian_freedrive,1.0,0.02465711764065709,0.1679512278808083,0.08724321914601149,0.13747667600899077,-2.5776816097592334,-0.10972453616755763,2.857459330857188,1.1805403915677277
17.266666666666666,0.03333333333333333,518,518,takeover,cartesian_freedrive,1.0,0.024660133878739082,0.1676298861767994,0.08604487906872489,0.13785855679591927,-2.577504347737049,-0.10818050532490825,2.8562738112105373,1.1790412567828432
17.3,0.03333333333333333,519,519,takeover,cartesian_freedrive,1.0,0.024663150133895397,0.1673153512567119,0.08484910147385767,0.13823224394270578,-2.577324046514761,-0.10664440690129082,2.855087538747199,1.1775494778456823
17.333333333333332,0.03333333333333333,520,520,takeover,cartesian_freedrive,1.0,0.02466616636925785,0.16700668606323404,0.08365448701191985,0.13859817882980893,-2.577141271294648,-0.10511361254263792,2.853899710577843,1.1760619903245633
17.366666666666667,0.03333333333333333,521,521,takeover,cartesian_freedrive,1.0,0.02466909930755143,0.16671107905757396,0.0824536911190195,0.13895411062549776,-2.5769612305874032,-0.10360858951274873,2.8527013568988298,1.1746037269245855
17.4,0.03333333333333333,522,522,takeover,cartesian_freedrive,1.0,0.02467203208160399,0.16642132639278365,0.08125411085900032,0.13930239334049702,-2.5767787379317886,-0.10210937186231818,2.8515015147763925,1.1731503139223824
17.433333333333334,0.03333333333333333,523,523,takeover,cartesian_freedrive,1.0,0.024674964839237014,0.16613803945484554,0.08005715399442817,0.13964281253887925,-2.5765932111229115,-0.10061828212659368,2.8503009945611515,1.1717043755443244
17.466666666666665,0.03333333333333333,524,524,takeover,cartesian_freedrive,1.0,0.024677897624179608,0.1658602471461194,0.07886134614191455,0.13997580999471204,-2.5764052579903614,-0.09913260898715258,2.8490989172738113,1.1702627513739179
17.5,0.03333333333333333,525,525,takeover,cartesian_freedrive,1.0,0.02468074622413651,0.16559491193594797,0.07765946615148793,0.14029939324824273,-2.576220071057376,-0.0976729619364494,2.8478865200173247,1.1688505693492042
17.533333333333335,0.03333333333333333,526,526,takeover,cartesian_freedrive,1.0,0.02468359468950529,0.16533505561620454,0.07645879003900061,0.140615664560774,-2.5760324788499505,-0.09621920660475933,2.8466726471887878,1.1674432394696372
17.566666666666666,0.03333333333333333,527,527,takeover,cartesian_freedrive,1.0,0.02468644315548029,0.1650813034434703,0.07526080404545177,0.1409244299874674,-2.57584185202784,-0.09477375643386626,2.8454581430886683,1.166043502230398
17.6,0.03333333333333333,528,528,takeover,cartesian_freedrive,1.0,0.024689291612629734,0.16483271060936713,0.07406394428683474,0.1412260747398208,-2.5756488563989937,-0.09333376727906773,2.8442421340723567,1.1646480332928948
17.633333333333333,0.03333333333333333,529,529,takeover,cartesian_freedrive,1.0,0.024692055143250936,0.16459594232143976,0.07286112976814287,0.14151893363639861,-2.5754586507719304,-0.09192003944325033,2.84301594355364,1.163282234659482
17.666666666666668,0.03333333333333333,530,530,takeover,cartesian_freedrive,1.0,0.02469481849126593,0.16436429567074423,0.0716594984192836,0.14180481178054904,-2.5752660908643916,-0.09051222510903471,2.841788340954549,1.161921221634098
17.7,0.03333333333333333,531,531,takeover,cartesian_freedrive,1.0,0.024697581832407108,0.16413796265436081,0.07045977362135362,0.1420836795934242,-2.5750708638189352,-0.08911132694892661,2.840559701853344,1.160566109573395
17.733333333333334,0.03333333333333333,532,532,takeover,cartesian_freedrive,1.0,0.024700345192233207,0.16391730072820906,0.06926282588938257,0.1423554782876485,-2.5748725998287383,-0.08771891415447329,2.8393304902183005,1.1592187118864645
17.766666666666666,0.03333333333333333,533,533,takeover,cartesian_freedrive,1.0,0.024703022834290517,0.16370699790559604,0.0680583694394277,0.1426193783732518,-2.574677874033578,-0.08634994601824705,2.8380903849586856,1.157897666191151
17.8,0.03333333333333333,534,534,takeover,cartesian_freedrive,1.0,0.02470570029912253,0.16350231641681268,0.06685676515761352,0.14287637680850382,-2.5744801077416537,-0.08498988844499618,2.836849817255362,1.1565848336757052
17.833333333333332,0.03333333333333333,535,535,takeover,cartesian_freedrive,1.0,0.024708377774827886,0.16330218664450857,0.06565627311292531,0.1431268284319865,-2.574280058988221,-0.08363535166958677,2.8356078028351264,1.155276212950568
17.866666666666667,0.03333333333333333,536,536,takeover,cartesian_freedrive,1.0,0.02471105526101079,0.16310737530729308,0.06445860354481572,0.14337057370972747,-2.5740769810921296,-0.0822893511124495,2.8343652690796297,1.1539753114141031
17.9,0.03333333333333333,537,537,takeover,cartesian_freedrive,1.0,0.024713646266874424,0.16292230914122502,0.06325343266834037,0.14360702078588092,-2.5738775253928154,-0.08096676589560649,2.8331120217864894,1.1527006999907323
17.933333333333334,0.03333333333333333,538,538,takeover,cartesian_freedrive,1.0,0.024716237158751854,0.16274251612400933,0.06205120024021733,0.1438369356272585,-2.5736750179025694,-0.07965320359055653,2.831858335138076,1.151434397466647
17.966666666666665,0.03333333333333333,539,539,takeover,cartesian_freedrive,1.0,0.024718828044611472,0.16256693547984485,0.060850044212601456,0.1440606248501678,-2.573470288723202,-0.07834510509084675,2.8306032385500903,1.1501721838318253
18.0,0.03333333333333333,540,540,takeover,cartesian_freedrive,1.0,0.024721418930019355,0.1623959062799313,0.05965083312070052,0.14427805888402576,-2.573262957547862,-0.07704398181940789,2.829347196646815,1.1489158159191115
18.033333333333335,0.03333333333333333,541,541,takeover,cartesian_freedrive,1.0,0.024723922664349807,0.16223487822442678,0.05844599940238944,0.1444886064025139,-2.573058481127158,-0.07576941310266365,2.8280815702448487,1.1476894225183332
18.066666666666666,0.03333333333333333,542,542,takeover,cartesian_freedrive,1.0,0.02472642628419786,0.16207794480066404,0.0572423221984959,0.1446931581403236,-2.5728517942196394,-0.07450075253126533,2.8268145987197624,1.1464676494653718
18.1,0.03333333333333333,543,543,takeover,cartesian_freedrive,1.0,0.02472892990449585,0.16192572583465398,0.05604157851015115,0.14489165566335707,-2.572642072826303,-0.07324068295119884,2.8255472232305676,1.1452536014026906
18.133333333333333,0.03333333333333333,544,544,takeover,cartesian_freedrive,1.0,0.02473143352474296,0.16177732455276544,0.05484188271745217,0.14508430855360027,-2.5724301985408395,-0.07198601602563286,2.8242784715594293,1.1440435191206555
18.166666666666668,0.03333333333333333,545,545,takeover,cartesian_freedrive,1.0,0.02473384935659414,0.16163791655006154,0.05363565689200651,0.14527075957237104,-2.572221674452398,-0.07075621083718474,2.822999801773672,1.1428614467874638
18.2,0.03333333333333333,546,546,takeover,cartesian_freedrive,1.0,0.024736265080698906,0.16150308959230492,0.0524325104830721,0.14545143281057774,-2.5720100787899596,-0.06953547282936509,2.8217208102202176,1.1416876899809567
18.233333333333334,0.03333333333333333,547,547,takeover,cartesian_freedrive,1.0,0.024738680806237638,0.16137184556302372,0.05123041739412283,0.14562650780047792,-2.5717963599341296,-0.06832010361387723,2.8204404817909166,1.1405178428991802
18.266666666666666,0.03333333333333333,548,548,takeover,cartesian_freedrive,1.0,0.024741096529326205,0.1612449168599018,0.05003133035248723,0.14579596427623912,-2.571579603605969,-0.06711331369515425,2.8191598195803405,1.1393556865066237
18.3,0.03333333333333333,549,549,takeover,cartesian_freedrive,1.0,0.024743423868433256,0.1611260204462537,0.0488248005850369,0.14595985595906252,-2.571366706727393,-0.0659296960339883,2.8178689167068054,1.1382195892435507
18.333333333333332,0.03333333333333333,550,550,takeover,cartesian_freedrive,1.0,0.024745751103007016,0.16101096909062176,0.047620355102834536,0.14611835979450186,-2.5711512395828535,-0.0647533981969268,2.8165772164817593,1.1370897370353483
18.366666666666667,0.03333333333333333,551,551,takeover,cartesian_freedrive,1.0,0.024748078341645493,0.16089998912529302,0.04641898829516936,0.14627152996750045,-2.570932716218809,-0.06358568390427084,2.81528523487619,1.1359675844081532
18.4,0.03333333333333333,552,552,takeover,cartesian_freedrive,1.0,0.024750405576895645,0.160792227248423,0.045218632826636164,0.14641946484539192,-2.570712141929942,-0.06242319958192011,2.8139919543851883,1.1348491542318133
18.433333333333334,0.03333333333333333,553,553,takeover,cartesian_freedrive,1.0,0.024752643887670858,0.16069273318761704,0.04401294810314727,0.14656239218929012,-2.570494485497,-0.06128708869892189,2.8126896113589437,1.1337606367518072
18.466666666666665,0.03333333333333333,554,554,takeover,cartesian_freedrive,1.0,0.02475488206616628,0.16059640518629378,0.0428083414620513,0.1467002600504249,-2.570274777056697,-0.06015655701693486,2.8113860321964648,1.132676299539659
18.5,0.03333333333333333,555,555,takeover,cartesian_freedrive,1.0,0.024757120257995608,0.16050344198868513,0.0416057465625502,0.14683313300924444,-2.570052560145526,-0.05903277481139522,2.8100816693411286,1.1315974929302515
18.533333333333335,0.03333333333333333,556,556,takeover,cartesian_freedrive,1.0,0.02475935845028442,0.160414178869124,0.04040631494405429,0.14696109703180663,-2.569827273248561,-0.05791751821702102,2.8087771027709736,1.1305263256530977
18.566666666666666,0.03333333333333333,557,557,takeover,cartesian_freedrive,1.0,0.02476150719410798,0.16033188960129088,0.03919947486709501,0.14708461072592938,-2.569605995571531,-0.05682509798705675,2.807462580329601,1.1294809493656612
18.6,0.03333333333333333,558,558,takeover,cartesian_freedrive,1.0,0.02476365581347787,0.16025285081592835,0.03799475449252904,0.14720338840925581,-2.5693821890501543,-0.05573978154688759,2.806147370461167,1.128441574434846
18.633333333333333,0.03333333333333333,559,559,takeover,cartesian_freedrive,1.0,0.024765804424162353,0.16017728168556306,0.036793239626909856,0.1473175272299171,-2.5691553058292507,-0.054662899729767754,2.804832008758494,1.1274097506567897
18.666666666666668,0.03333333333333333,560,560,takeover,cartesian_freedrive,1.0,0.024767953042461786,0.16010437570401637,0.03559267722551985,0.14742700815203147,-2.5689264790414303,-0.053590971438198,2.803515399512046,1.1263813295511962
18.7,0.03333333333333333,561,561,takeover,cartesian_freedrive,1.0,0.02477001170481189,0.1600383147296575,0.03438581208816592,0.1475326111499032,-2.5687011889019087,-0.05254333360916865,2.802189516526287,1.1253805198294293
18.733333333333334,0.03333333333333333,562,562,takeover,cartesian_freedrive,1.0,0.024772070252782816,0.159975588379063,0.03318229090178614,0.1476338666948948,-2.5684727771222025,-0.05150448284618118,2.800863550776659,1.1243877516884424
18.766666666666666,0.03333333333333333,563,563,takeover,cartesian_freedrive,1.0,0.024774128800688675,0.15991532698917485,0.03197971202202888,0.1477306860112586,-2.5682424524112375,-0.05047046767843038,2.799536373635129,1.1233982624325547
18.8,0.03333333333333333,564,564,takeover,cartesian_freedrive,1.0,0.02477618734896031,0.1598578211399321,0.030779168127304107,0.14782318494830857,-2.5680096733979036,-0.0494429158375092,2.7982085157308734,1.1224139980071122
18.833333333333332,0.03333333333333333,565,565,takeover,cartesian_freedrive,1.0,0.02477815543795538,0.15980703922232922,0.029573619016179768,0.1479124410327515,-2.5677798360319413,-0.048441252239697495,2.796872152211113,1.121459368467554
18.866666666666667,0.03333333333333333,566,566,takeover,cartesian_freedrive,1.0,0.02478012342794675,0.15975861167917219,0.02836909283773691,0.14799751017782253,-2.5675480792564658,-0.04744474158773644,2.7955346170095376,1.1205084661927993
18.9,0.03333333333333333,567,567,takeover,cartesian_freedrive,1.0,0.02478209141817734,0.15971274258735296,0.027166616930779496,0.14807849129574552,-2.567313879240229,-0.046454572121741596,2.794196436607749,1.119562673197173
18.933333333333334,0.03333333333333333,568,568,takeover,cartesian_freedrive,1.0,0.024784059407599538,0.1596697316459844,0.025967477522834778,0.14815555492159604,-2.567076579819201,-0.04547257348512744,2.7928582204371484,1.1186241928033074
18.966666666666665,0.03333333333333333,569,569,takeover,cartesian_freedrive,1.0,0.024785936473575982,0.15963228095617257,0.024760967560310897,0.14822971830098441,-2.5668434985030255,-0.04451267235942046,2.791510506984498,1.117710922113112
19.0,0.03333333333333333,570,570,takeover,cartesian_freedrive,1.0,0.02478781343434809,0.15959727562035084,0.023556625855445247,0.14830006308464802,-2.566607939977502,-0.043559433382087405,2.79016220399341,1.1168032264839927
19.033333333333335,0.03333333333333333,571,571,takeover,cartesian_freedrive,1.0,0.02478969038664075,0.15956493080670286,0.022355674224434095,0.14836673765107233,-2.566369266419483,-0.04261424406556921,2.7888139219155534,1.1159027398084578
19.066666666666666,0.03333333333333333,572,572,takeover,cartesian_freedrive,1.0,0.024791567346979113,0.15953452966292636,0.02115558002780593,0.14842954038948922,-2.566128796261483,-0.04167349121956423,2.7874644677620752,1.1150051150225069
19.1,0.03333333333333333,573,573,takeover,cartesian_freedrive,1.0,0.024793353420458367,0.15950957514388478,0.01994933363325673,0.14849005410186164,-2.565891984511692,-0.04075625518254822,2.7861062189729915,1.1141345413671027
19.133333333333333,0.03333333333333333,574,574,takeover,cartesian_freedrive,1.0,0.024795139389503576,0.1594871653658146,0.01874663879328449,0.14854718678450018,-2.5656519939776676,-0.039847393867112016,2.7847480538575056,1.1132716609300084
19.166666666666668,0.03333333333333333,575,575,takeover,cartesian_freedrive,1.0,0.024796925358444636,0.1594665332849958,0.017544776750982056,0.14860064199540346,-2.565410238791641,-0.03894280595214832,2.783388743261342,1.1124114825091895
19.2,0.03333333333333333,576,576,takeover,cartesian_freedrive,1.0,0.024798711327774108,0.15944794252740235,0.01634498085441441,0.14865060943336852,-2.565166087036346,-0.03804417668791024,2.7820288688360666,1.111556046142871
19.233333333333334,0.03333333333333333,577,577,takeover,cartesian_freedrive,1.0,0.024800405206907163,0.15943469800266405,0.015140504507180021,0.1486989673683922,-2.5649248811516463,-0.03717068226064295,2.7806610152021705,1.1107297676172183
19.266666666666666,0.03333333333333333,578,578,takeover,cartesian_freedrive,1.0,0.024802098988557033,0.15942314058996646,0.013936935756506907,0.14874388961396973,-2.5646818963575795,-0.036301733166289915,2.7792920366864857,1.109906609712981
19.3,0.03333333333333333,579,579,takeover,cartesian_freedrive,1.0,0.02480379276822589,0.15941346051992353,0.01273544630343617,0.1487855288033273,-2.5644365223921364,-0.03543858967357144,2.777922528680343,1.1090880564228727
19.333333333333332,0.03333333333333333,580,580,takeover,cartesian_freedrive,1.0,0.024805486548193888,0.15940562255061122,0.011536084818586522,0.1488239401723793,-2.5641887389548566,-0.03458128646883021,2.776552515337103,1.1082741573985249
19.366666666666667,0.03333333333333333,581,581,takeover,cartesian_freedrive,1.0,0.02480708787027895,0.1594026988831457,0.01033212777072147,0.1488612583042611,-2.563943911515748,-0.03374878009177002,2.7751747015748247,1.107489172396322
19.4,0.03333333333333333,582,582,takeover,cartesian_freedrive,1.0,0.024808689100710074,0.15940128639048867,0.009129059467177068,0.14889535581498933,-2.5636973357308968,-0.032920641231931225,2.7737957670235445,1.1067071466996452
19.433333333333334,0.03333333333333333,583,583,takeover,cartesian_freedrive,1.0,0.024810290330090773,0.15940155289438743,0.00792808006124116,0.14892641346219826,-2.5634483855457164,-0.03209811351287274,2.7724163364387717,1.105929549149702
19.466666666666665,0.03333333333333333,584,584,takeover,cartesian_freedrive,1.0,0.024811891555321507,0.15940346423656004,0.006729238907963873,0.14895448591769483,-2.5631970394158046,-0.03128122670050414,2.771036440206904,1.105156424011816
19.5,0.03333333333333333,585,585,takeover,cartesian_freedrive,1.0,0.024813399953269533,0.15940988617099727,0.005525889878830581,0.1489819540731964,-2.5629486541984523,-0.030488791291710008,2.769648912271392,1.1044119659233211
19.533333333333335,0.03333333333333333,586,586,takeover,cartesian_freedrive,1.0,0.024814908273408893,0.15941765163464425,0.0043234049573797305,0.1490064111157048,-2.5626985537381013,-0.029700531910855595,2.76826026327956,1.1036702965952152
19.566666666666666,0.03333333333333333,587,587,takeover,cartesian_freedrive,1.0,0.024816416586938405,0.1594269086950635,0.00312301697346215,0.14902806169020094,-2.5624460928201738,-0.02891767689057426,2.766871158982177,1.1029328678828236
19.6,0.03333333333333333,588,588,takeover,cartesian_freedrive,1.0,0.024817924899660615,0.15943763389117133,0.0019247778878126807,0.14904695010277788,-2.5621912468615182,-0.02814026478821248,2.7654816156220248,1.1021997352980786
19.633333333333333,0.03333333333333333,589,589,takeover,cartesian_freedrive,1.0,0.02481933994670289,0.15945247479913285,0.000722123302133648,0.14906571755499795,-2.5619393684321863,-0.027386941557654143,2.764084611059132,1.1014950142602258
19.666666666666668,0.03333333333333333,590,590,takeover,cartesian_freedrive,1.0,0.024820754907489896,0.15946851151318547,-0.00047969960379032594,0.14908166194612982,-2.561685803862687,-0.02663759091703229,2.7626864951156174,1.1007928940884906
19.7,0.03333333333333333,591,591,takeover,cartesian_freedrive,1.0,0.024822169868285955,0.1594858688081961,-0.0016794171394450268,0.1490950178568703,-2.561429891075137,-0.025893441297125924,2.761287947287985,1.1000948355990119
19.733333333333334,0.03333333333333333,592,592,takeover,cartesian_freedrive,1.0,0.02482358482436374,0.15950451720679595,-0.0028769770270986677,0.14910583627244195,-2.561171606101697,-0.025154519730618243,2.759889001516295,1.0994008817776122
19.766666666666666,0.03333333333333333,593,593,takeover,cartesian_freedrive,1.0,0.024824906041044672,0.15952693839270332,-0.004078853293377066,0.1491169641360828,-2.560916284848394,-0.02443933391698454,2.7584827510168126,1.0987350942788334
19.8,0.03333333333333333,594,594,takeover,cartesian_freedrive,1.0,0.024826227169329605,0.1595503902068699,-0.005279938656553546,0.14912547702069257,-2.5606593138353606,-0.023727891616923045,2.7570754092002243,1.0980716985993368
19.833333333333332,0.03333333333333333,595,595,takeover,cartesian_freedrive,1.0,0.024827548310542312,0.1595750227815835,-0.0064789095915175855,0.14913158746918243,-2.5604000011255676,-0.02302145643061287,2.7556676406831997,1.0974121957130618
19.866666666666667,0.03333333333333333,596,596,takeover,cartesian_freedrive,1.0,0.024828869441903417,0.1596007813159519,-0.0076757147237913196,0.14913537311954123,-2.5601383281232564,-0.022320030938943084,2.754259514055275,1.0967566044627945
19.9,0.03333333333333333,597,597,takeover,cartesian_freedrive,1.0,0.024830096329883505,0.1596299870934011,-0.008876732164157667,0.14913987915592256,-2.559879610189714,-0.021641976867990315,2.752844255855501,1.0961289208168195
19.933333333333334,0.03333333333333333,598,598,takeover,cartesian_freedrive,1.0,0.024831323142788193,0.15966008540618784,-0.010077004827991294,0.14914195198611416,-2.5596192766448747,-0.020967445541831668,2.7514278943384944,1.0955034334868257
19.966666666666665,0.03333333333333333,599,599,takeover,cartesian_freedrive,1.0,0.024832549943736217,0.1596912022677625,-0.011275160013806159,0.14914183116070268,-2.5593566162079755,-0.02029768710952364,2.750011166279714,1.0948816272250947
20.0,0.03333333333333333,600,600,takeover,cartesian_freedrive,1.0,0.024833776657104206,0.1597233027361905,-0.01247114418508315,0.14913956147238333,-2.559091600020446,-0.01963271382011086,2.7485941419213047,1.0942635225111834
20.033333333333335,0.03333333333333333,601,601,takeover,cartesian_freedrive,1.0,0.024834908495188844,0.15975847832303075,-0.013671238247924532,0.14913846010240753,-2.558829539385417,-0.018990680526118946,2.7471702608190833,1.0936729930876907
20.066666666666666,0.03333333333333333,602,602,takeover,cartesian_freedrive,1.0,0.02483603981638885,0.1597944545826543,-0.014870658787218318,0.14913505066252303,-2.5585658885607265,-0.018351875918161637,2.745745429270421,1.0930843378957968
20.1,0.03333333333333333,603,603,takeover,cartesian_freedrive,1.0,0.02483717163959858,0.1598313092315386,-0.016067934300555267,0.14912963898871565,-2.5582999220072753,-0.01771773634872366,2.744320019142936,1.092499345187095
20.133333333333333,0.03333333333333333,604,604,takeover,cartesian_freedrive,1.0,0.024838303469182192,0.15986902538550418,-0.01726302560746717,0.1491222641725669,-2.5580316079865852,-0.017088193118807427,2.742894286666525,1.0919179064370015
20.166666666666668,0.03333333333333333,605,605,takeover,cartesian_freedrive,1.0,0.024839339647298585,0.1599095031885947,-0.018462118484069652,0.14911646571898685,-2.557766242807384,-0.016481152212068754,2.74146200538936,1.0913636932673099
20.2,0.03333333333333333,606,606,takeover,cartesian_freedrive,1.0,0.02484037602473768,0.15995072989141812,-0.019660569262537293,0.1491084741662598,-2.557499312616929,-0.01587728272784231,2.740028397739132,1.0908113994978739
20.233333333333334,0.03333333333333333,607,607,takeover,cartesian_freedrive,1.0,0.02484141286206312,0.15999270265766138,-0.020856873871280993,0.14909866973540892,-2.557230079106331,-0.015277843972814975,2.738594268134198,1.0902625564710238
20.266666666666666,0.03333333333333333,608,608,takeover,cartesian_freedrive,1.0,0.02484244908664191,0.1600353444831746,-0.02205101702126507,0.14908712305203523,-2.5569585137655513,-0.014682624566333511,2.7371601624763824,1.0897168508185422
20.3,0.03333333333333333,609,609,takeover,cartesian_freedrive,1.0,0.024843389773019642,0.16008027386861648,-0.02325083941328253,0.14907716479872793,-2.556690820874259,-0.014107788608609596,2.735718506606198,1.0891960056097967
20.333333333333332,0.03333333333333333,610,610,takeover,cartesian_freedrive,1.0,0.024844330097550514,0.1601261651679667,-0.02444833795515524,0.14906537657756813,-2.5564206750436256,-0.013537668336312366,2.7342765466857752,1.088678996218205
20.366666666666667,0.03333333333333333,611,611,takeover,cartesian_freedrive,1.0,0.024845270913391244,0.16017269227222064,-0.025641819630385865,0.14905250402778894,-2.556147303669268,-0.012973563891679578,2.732835085442825,1.0881675184759552
20.4,0.03333333333333333,612,612,takeover,cartesian_freedrive,1.0,0.02484621149469217,0.16021975382297157,-0.026834843606789668,0.14903754670692101,-2.5558724562575335,-0.012411868046494804,2.731392546579817,1.0876570173485112
20.433333333333334,0.03333333333333333,613,613,takeover,cartesian_freedrive,1.0,0.02484705590546902,0.16026869072918432,-0.02803359539981328,0.14902464969029053,-2.5556015722652243,-0.011869976382679897,2.729942687205111,1.0871708896630725
20.466666666666665,0.03333333333333333,614,614,takeover,cartesian_freedrive,1.0,0.024847900341994994,0.16031812396150982,-0.02923002274353585,0.14901046408390037,-2.555328310629532,-0.011332456828711774,2.728492597510708,1.0866883591108065
20.5,0.03333333333333333,615,615,takeover,cartesian_freedrive,1.0,0.024848744643566824,0.16036787151865356,-0.030424252085642575,0.148995001515454,-2.555052749201725,-0.010798790827204075,2.727042440102551,1.0862087335066395
20.533333333333335,0.03333333333333333,616,616,takeover,cartesian_freedrive,1.0,0.02484958927570126,0.16041898669799715,-0.03161433752145252,0.14897774708229317,-2.554773783377035,-0.010271328820686914,2.7255924320952327,1.0857347612482349
20.566666666666666,0.03333333333333333,617,617,takeover,cartesian_freedrive,1.0,0.024850337428810015,0.16047184167668282,-0.03281184218484963,0.14896222366393536,-2.554499595168691,-0.009761729725843271,2.7241341918632935,1.0852829049356907
20.6,0.03333333333333333,618,618,takeover,cartesian_freedrive,1.0,0.024851085421801165,0.16052523079961115,-0.034007089760898876,0.14894536289776894,-2.5542230356676345,-0.009256274385357241,2.7226756979269737,1.0848343858847456
20.633333333333333,0.03333333333333333,619,619,takeover,cartesian_freedrive,1.0,0.024851833467700188,0.16057908518525893,-0.0352001152259098,0.1489271337952746,-2.5539441535533487,-0.008754598601453008,2.7212169656567684,1.0843887334629998
20.666666666666668,0.03333333333333333,620,620,takeover,cartesian_freedrive,1.0,0.024852581514065823,0.16063338677377953,-0.036390923254677195,0.14890753344418534,-2.553662940160104,-0.00825668244157046,2.7197579985566143,1.0839459144588461
20.7,0.03333333333333333,621,621,takeover,cartesian_freedrive,1.0,0.02485323435229931,0.1606893616302828,-0.03758727915795497,0.14889037323441393,-2.5533856113332973,-0.007778004166971235,2.718291843703262,1.0835271238987823
20.733333333333334,0.03333333333333333,622,622,takeover,cartesian_freedrive,1.0,0.024853887115945977,0.16074590949360787,-0.03877935724257463,0.14887247714915752,-2.5531049562682826,-0.0073050371775424915,2.716826491857109,1.0831137296085427
20.766666666666666,0.03333333333333333,623,623,takeover,cartesian_freedrive,1.0,0.024854539834378457,0.16080272295790718,-0.03997108430748468,0.14885289009236108,-2.5528228478476747,-0.0068339785500491955,2.7153599312312,1.082700924386403
20.8,0.03333333333333333,624,624,takeover,cartesian_freedrive,1.0,0.024855192580649114,0.16085989264419495,-0.04116066890593979,0.14883205885070605,-2.5525384684287626,-0.006366392452102835,2.7138931230198042,1.0822906815885134
20.833333333333332,0.03333333333333333,625,625,takeover,cartesian_freedrive,1.0,0.024855748074541863,0.16091853575849482,-0.042355766666868105,0.148813942945965,-2.5522580033110533,-0.005917625957890883,2.712419237259588,1.0819041723669431
20.866666666666667,0.03333333333333333,626,626,takeover,cartesian_freedrive,1.0,0.024856303457680598,0.16097755350569035,-0.04354852488382724,0.14879477693601822,-2.551975143151882,-0.005472631689793835,2.710945158090394,1.0815207198852073
20.9,0.03333333333333333,627,627,takeover,cartesian_freedrive,1.0,0.02485685881471409,0.1610368868779794,-0.0447390452414787,0.14877445039756437,-2.551689938578875,-0.005031037418582509,2.7094708748261684,1.0811397906268438
20.933333333333334,0.03333333333333333,628,628,takeover,cartesian_freedrive,1.0,0.024857414189941765,0.16109660296594075,-0.04592529296831508,0.14875346847635798,-2.551401450142541,-0.004594522383074732,2.7079974940402907,1.0807634925684588
20.966666666666665,0.03333333333333333,629,629,takeover,cartesian_freedrive,1.0,0.024857871740534557,0.16115763755919263,-0.04711897934990265,0.14873489133149065,-2.5511177823239746,-0.004174795480354282,2.706516033649657,1.0804085927118203
21.0,0.03333333333333333,630,630,takeover,cartesian_freedrive,1.0,0.024858329273498844,0.16121873519556104,-0.048310413342138196,0.1487156162511282,-2.5508317955196715,-0.003758491120529357,2.7050344254636696,1.0800564312316163
21.033333333333335,0.03333333333333333,631,631,takeover,cartesian_freedrive,1.0,0.02485878669726968,0.16128034177376674,-0.04949959595324198,0.14869501769061305,-2.5505434460569503,-0.003345468681906885,2.7035525500036495,1.0797066870695455
21.066666666666666,0.03333333333333333,632,632,takeover,cartesian_freedrive,1.0,0.02485924424654447,0.16134184346082875,-0.050686552646453734,0.14867374312680542,-2.5502527996128457,-0.00293549969059466,2.702070591660936,1.0793591790611397
21.1,0.03333333333333333,633,633,takeover,cartesian_freedrive,1.0,0.024859603008677608,0.16140483687562832,-0.05187891869648634,0.1486553099166269,-2.5499660367898307,-0.002543704719490223,2.7005816601395876,1.0790349576324412
21.133333333333333,0.03333333333333333,634,634,takeover,cartesian_freedrive,1.0,0.024859961812823496,0.16146772630521222,-0.053068956329347654,0.14863641218647364,-2.549676923633118,-0.0021551461941221838,2.6990926699227527,1.0787133412167502
21.166666666666668,0.03333333333333333,635,635,takeover,cartesian_freedrive,1.0,0.024860320562276692,0.16153104113678401,-0.05425461381283065,0.14861687204471735,-2.549384505858525,-0.0017713127966346104,2.6976046472895745,1.078396026632473
21.2,0.03333333333333333,636,636,takeover,cartesian_freedrive,1.0,0.024860679277418276,0.16159450692017963,-0.05544007093314555,0.14859590053932217,-2.549090658509322,-0.001388851006136088,2.6961152725916198,1.0780788797299814
21.233333333333334,0.03333333333333333,637,637,takeover,cartesian_freedrive,1.0,0.02486093714298178,0.16165885364883728,-0.05663100887884424,0.1485784355090821,-2.5488007994356243,-0.0010239521526215214,2.6946191196322635,1.0777845297911308
21.266666666666666,0.03333333333333333,638,638,takeover,cartesian_freedrive,1.0,0.024861194760142726,0.1617236588228267,-0.057819593318443246,0.14855995807038205,-2.5485085333203696,-0.0006622904883766271,2.6931227505088553,1.077492767474305
21.3,0.03333333333333333,639,639,takeover,cartesian_freedrive,1.0,0.024861452606635866,0.16178813490629024,-0.059005933601607254,0.14854110283616456,-2.5482139607311214,-0.00030332446382434373,2.6916263196966685,1.0772029461090042
21.333333333333332,0.03333333333333333,640,640,takeover,cartesian_freedrive,1.0,0.024861710288627534,0.1618530766717512,-0.060190011484760754,0.14852106507273338,-2.5479170350216482,5.2763505399008725e-05,2.690129657918349,1.0769151916218394
21.366666666666667,0.03333333333333333,641,641,takeover,cartesian_freedrive,1.0,0.02486186718019428,0.16191850307829145,-0.06137943913552245,0.14850505431255875,-2.5476240639738643,0.00039165898318987557,2.688626411033905,1.076650025235583
21.4,0.03333333333333333,642,642,takeover,cartesian_freedrive,1.0,0.024862023858981654,0.161984190951144,-0.06256651905257465,0.14848825953738573,-2.5473286963459794,0.0007275529007001722,2.687122984191246,1.0763872419481573
21.433333333333334,0.03333333333333333,643,643,takeover,cartesian_freedrive,1.0,0.024862180435137465,0.16205018904964552,-0.06374912195984533,0.14847098382516377,-2.5470300376358654,0.001059170676197155,2.685620681150814,1.0761283374920572
21.466666666666665,0.03333333333333333,644,644,takeover,cartesian_freedrive,1.0,0.024862337100111244,0.16211607317799356,-0.06493159811016398,0.14845265342500613,-2.54672994546284,0.0013897635833230006,2.6841169794992368,1.0758693460862059
21.5,0.03333333333333333,645,645,takeover,cartesian_freedrive,1.0,0.024862392776778416,0.1621825369911679,-0.06611947630253755,0.14843829282453186,-2.546433852604743,0.0017035565739447736,2.682606696679981,1.075632619279164
21.533333333333335,0.03333333333333333,646,646,takeover,cartesian_freedrive,1.0,0.024862448413554603,0.16224900241922072,-0.06730501260214061,0.14842344889017714,-2.546135384878729,0.0020146023356475084,2.681096310306296,1.0753980672264785
21.566666666666666,0.03333333333333333,647,647,takeover,cartesian_freedrive,1.0,0.024862503952764268,0.16231569168649265,-0.06848827098300554,0.14840774758375663,-2.5458345642375453,0.0023231369537783392,2.6795857356800536,1.0751652814229953
21.6,0.03333333333333333,648,648,takeover,cartesian_freedrive,1.0,0.024862559493276058,0.16238239273631877,-0.06966926457235713,0.1483913902151957,-2.545531409975468,0.00262924187492988,2.6780750259047084,1.074934191125274
21.633333333333333,0.03333333333333333,649,649,takeover,cartesian_freedrive,1.0,0.024862513593373898,0.1624496908146764,-0.0708555162099898,0.14837908325452787,-2.5452321895731407,0.002918811962827619,2.676557849147995,1.0747252283706374
21.666666666666668,0.03333333333333333,650,650,takeover,cartesian_freedrive,1.0,0.024862467560730905,0.16251706906193272,-0.07203942186124576,0.148366244335471,-2.544930584604095,0.0032057843343675976,2.675040538087873,1.0745183031918182
21.7,0.03333333333333333,651,651,takeover,cartesian_freedrive,1.0,0.024862421466235532,0.16258452104295312,-0.07322104860615962,0.14835271516235735,-2.54462663107599,0.0034904512439169256,2.673523083993775,1.0743129669761609
21.733333333333334,0.03333333333333333,652,652,takeover,cartesian_freedrive,1.0,0.024862375306973175,0.16265211638176758,-0.07439810081107255,0.148338932340494,-2.5443194288178526,0.003771319021413448,2.672006936032362,1.0741110644279053
21.766666666666666,0.03333333333333333,653,653,takeover,cartesian_freedrive,1.0,0.024862227314451524,0.1627199046732414,-0.07558259921047072,0.14832919947694626,-2.5440170292939106,0.004037548728587882,2.6704830282571463,1.0739291769342052
21.8,0.03333333333333333,654,654,takeover,cartesian_freedrive,1.0,0.024862079270575724,0.16278760971023953,-0.07676484707815355,0.14831910982365276,-2.5437123090453118,0.0043014437577902805,2.668958974394873,1.073749082935335
21.833333333333332,0.03333333333333333,655,655,takeover,cartesian_freedrive,1.0,0.024861931365899384,0.1628551241425753,-0.07794481963774395,0.14830864772400765,-2.543405255082641,0.004563258202919737,2.667434824326186,1.0735703950590358
21.866666666666667,0.03333333333333333,656,656,takeover,cartesian_freedrive,1.0,0.024861783217413242,0.16292295666800238,-0.07912250425132898,0.1482972869041897,-2.543095845636829,0.004822897103866339,2.6659105040939,1.0733931721262968
21.9,0.03333333333333333,657,657,takeover,cartesian_freedrive,1.0,0.02486153246511222,0.16299123724637823,-0.08030536673949065,0.14829025794426412,-2.542790365588702,0.005066719801534759,2.6643798887503727,1.0732375706151078
21.933333333333334,0.03333333333333333,658,658,takeover,cartesian_freedrive,1.0,0.02486128173550926,0.1630593340162401,-0.08148588692578113,0.14828303455555794,-2.5424825145977894,0.005308337610769435,2.662849180056531,1.0730836778540185
21.966666666666665,0.03333333333333333,659,659,takeover,cartesian_freedrive,1.0,0.024861031069946134,0.16312723758280442,-0.08266412087971638,0.14827546173228234,-2.5421723161975702,0.0055480192607621215,2.6613183749851665,1.0729310636825016
22.0,0.03333333333333333,660,660,takeover,cartesian_freedrive,1.0,0.024860780160219698,0.16319547423581754,-0.0838400595326225,0.14826701191134783,-2.5418597611941878,0.005785681141715664,2.659787409579259,1.0727797803587336
22.033333333333335,0.03333333333333333,661,661,takeover,cartesian_freedrive,1.0,0.02486042659143218,0.1632633161803925,-0.08502115277865614,0.14826381893438356,-2.541551164628842,0.006008039207220487,2.658250339401636,1.0726497698889623
22.066666666666666,0.03333333333333333,662,662,takeover,cartesian_freedrive,1.0,0.024860072871582255,0.1633311545522241,-0.0861975101453338,0.14826072383365224,-2.5412393268753073,0.0062268991490762905,2.6567147505329296,1.0725230749187513
22.1,0.03333333333333333,663,663,takeover,cartesian_freedrive,1.0,0.024859718917029965,0.1633992944875493,-0.08737386420567164,0.1482563808418774,-2.5409259268743614,0.006445242857410686,2.655177434130843,1.0723959324408443
22.133333333333333,0.03333333333333333,664,664,takeover,cartesian_freedrive,1.0,0.02485936504425061,0.16346722702948793,-0.08854803142119996,0.14825171675976467,-2.5406102472984182,0.00666188873377502,2.653639987664996,1.0722698360968346
22.166666666666668,0.03333333333333333,665,665,takeover,cartesian_freedrive,1.0,0.024858907392335497,0.16353553443977026,-0.08972730228214196,0.14825157900805797,-2.5402984971522646,0.006863421614895683,2.6520964113897976,1.07216486463007
22.2,0.03333333333333333,666,666,takeover,cartesian_freedrive,1.0,0.024858449669079907,0.1636036757258592,-0.090904227486923,0.14825128073485397,-2.5399843677377083,0.007063050463780242,2.650552735674822,1.072061337012079
22.233333333333334,0.03333333333333333,667,667,takeover,cartesian_freedrive,1.0,0.024857991932658956,0.1636717566926178,-0.09207884874714205,0.148250566654631,-2.5396678805556956,0.0072610142979686815,2.6490089553432465,1.0719588516888756
22.266666666666666,0.03333333333333333,668,668,takeover,cartesian_freedrive,1.0,0.024857534200132342,0.16373973411352685,-0.09325117154033913,0.14824947531938362,-2.5393490432079475,0.007457338322341341,2.6474650775653616,1.0718573849674158
22.3,0.03333333333333333,669,669,takeover,cartesian_freedrive,1.0,0.02485697215027892,0.16380792190602475,-0.0944285538442519,0.14825314027285819,-2.539034129314896,0.00763890412991564,2.6459151649329784,1.0717768035608224
22.333333333333332,0.03333333333333333,670,670,takeover,cartesian_freedrive,1.0,0.02485641008181736,0.16387588594740268,-0.09560359463742918,0.14825673460843997,-2.5387168401316202,0.007818733669260062,2.6443651581345353,1.0716975169928011
22.366666666666667,0.03333333333333333,671,671,takeover,cartesian_freedrive,1.0,0.02485584800375661,0.1639437646535082,-0.09677632586787338,0.14825996198184022,-2.5383971892929686,0.007997044169523347,2.6428150542403825,1.0716191465645382
22.4,0.03333333333333333,672,672,takeover,cartesian_freedrive,1.0,0.024855286067662657,0.16401136194001062,-0.09794675569076151,0.1482630234473104,-2.5380751901700584,0.008173888643477067,2.641264872863607,1.071541653000888
22.433333333333334,0.03333333333333333,673,673,takeover,cartesian_freedrive,1.0,0.024854619214774512,0.16407915444469715,-0.09912220309253657,0.14827092458636068,-2.5377571073392553,0.008336300070696783,2.6397087336176748,1.0714848229280347
22.466666666666665,0.03333333333333333,674,674,takeover,cartesian_freedrive,1.0,0.024853952210272798,0.16414689462462462,-0.10029530708896586,0.1482785990127683,-2.537436644670718,0.008497094424921825,2.6381524847728945,1.071429170540421
22.5,0.03333333333333333,675,675,takeover,cartesian_freedrive,1.0,0.024853285399390704,0.16421419984799454,-0.10146363502856724,0.1482866974381922,-2.537113050437305,0.008655274242335498,2.6365979534835184,1.0713758372031177
22.533333333333335,0.03333333333333333,676,676,takeover,cartesian_freedrive,1.0,0.02485261841089919,0.16428166332040844,-0.10263202022848898,0.14829381414195028,-2.5367878078206143,0.008813287580261486,2.6350415625537127,1.071321816271432
22.566666666666666,0.03333333333333333,677,677,takeover,cartesian_freedrive,1.0,0.02485184614160467,0.16434902412930918,-0.10380550041334534,0.14830609826860247,-2.5364665506470656,0.008957318700947561,2.6334792708203074,1.0712881036527546
22.6,0.03333333333333333,678,678,takeover,cartesian_freedrive,1.0,0.024851073827090755,0.1644162014729477,-0.10497664064884453,0.14831832255539543,-2.536142919797612,0.00909989255339965,2.6319168848831866,1.0712554413003441
22.633333333333333,0.03333333333333333,679,679,takeover,cartesian_freedrive,1.0,0.024850301401616117,0.16448337139220806,-0.1061454552999991,0.148330152341905,-2.535816913445012,0.009241196093181095,2.63035440024912,1.071223475383038
22.666666666666668,0.03333333333333333,680,680,takeover,cartesian_freedrive,1.0,0.024849529104036965,0.16455026111831186,-0.10731195426608457,0.14834186314068237,-2.535488547625312,0.009381295756400685,2.6287918441164857,1.0711921587479385
22.7,0.03333333333333333,681,681,takeover,cartesian_freedrive,1.0,0.024848650662082236,0.16461735295307506,-0.10848339545300083,0.14835851717696683,-2.535164087190889,0.009507607766590386,2.627223472371445,1.071181051489401
22.733333333333334,0.03333333333333333,682,682,takeover,cartesian_freedrive,1.0,0.024847772379451984,0.1646839903427523,-0.1096525011289745,0.1483754018989917,-2.5348372578129768,0.009632651878505663,2.625655032772164,1.0711708353535416
22.766666666666666,0.03333333333333333,683,683,takeover,cartesian_freedrive,1.0,0.024846894025036724,0.16475059768164177,-0.11081927502175876,0.1483919443154819,-2.534508050288037,0.009756556197864339,2.6240864980449454,1.0711612046019128
22.8,0.03333333333333333,684,684,takeover,cartesian_freedrive,1.0,0.024846015712120473,0.16481701844657876,-0.11198372387213744,0.14840829304787043,-2.5341764739576913,0.009879362755005422,2.622517887683551,1.0711521257196583
22.833333333333332,0.03333333333333333,685,685,takeover,cartesian_freedrive,1.0,0.0248450309724225,0.164883275562665,-0.11315308512408448,0.14843000998210643,-2.5338488070366867,0.00998876377263684,2.620943569316734,1.0711629975068409
22.866666666666667,0.03333333333333333,686,686,takeover,cartesian_freedrive,1.0,0.024844046160479232,0.1649493326685205,-0.11432010553097169,0.14845171647694955,-2.5335187627054503,0.010096980040312769,2.6193691559622594,1.0711746713114685
22.9,0.03333333333333333,687,687,takeover,cartesian_freedrive,1.0,0.024843061361870988,0.16501523744842794,-0.11548479072613713,0.14847322433009208,-2.533186337967594,0.010204200067651012,2.6177946603088356,1.0711868100691395
22.933333333333334,0.03333333333333333,688,688,takeover,cartesian_freedrive,1.0,0.024842076572560347,0.16508099620994907,-0.116647142276685,0.14849452605229907,-2.53285153750639,0.01031043327634358,2.6162200853257205,1.0711994030080971
22.966666666666665,0.03333333333333333,689,689,takeover,cartesian_freedrive,1.0,0.024840984811601477,0.16514649272774973,-0.11781437016651522,0.148521344325742,-2.5325206402960077,0.010403583052927583,2.614639878043028,1.0712317276963037
23.0,0.03333333333333333,690,690,takeover,cartesian_freedrive,1.0,0.024839892722690556,0.16521203866073925,-0.11897670957483171,0.14854827613557148,-2.5321867003481997,0.01049446184836651,2.613061551819839,1.0712661434074395
23.033333333333335,0.03333333333333333,691,691,takeover,cartesian_freedrive,1.0,0.024838800696158566,0.16527745825099338,-0.1201391539705661,0.14857467266899596,-2.531850979187437,0.010585581511292496,2.61148118653571,1.0712996054081794
23.066666666666666,0.03333333333333333,692,692,takeover,cartesian_freedrive,1.0,0.02483770861926472,0.16534279825953688,-0.12129936211197934,0.14860079409736068,-2.5315129363479105,0.010675869987431025,2.609900694604202,1.071333361520376
23.1,0.03333333333333333,693,693,takeover,cartesian_freedrive,1.0,0.024836508949600423,0.1654079289369437,-0.12246441723003369,0.1486324232885015,-2.531178795075316,0.010753383259401856,2.608314636474303,1.0713866228103999
23.133333333333333,0.03333333333333333,694,694,takeover,cartesian_freedrive,1.0,0.02483530923549425,0.1654728109388046,-0.12362713074693207,0.14866413780630092,-2.530842275626951,0.010829959594829205,2.6067284864811673,1.0714404724471993
23.166666666666668,0.03333333333333333,695,695,takeover,cartesian_freedrive,1.0,0.024834109520366646,0.16553755897212924,-0.12478749406636294,0.1486956792754816,-2.5305033637549625,0.01090576281313496,2.605142255988392,1.071494591517951
23.2,0.03333333333333333,696,696,takeover,cartesian_freedrive,1.0,0.024832909799010115,0.1656021682954748,-0.1259455088170732,0.14872704989693206,-2.5301620639955167,0.010980800245374796,2.603555948293225,1.0715489714454438
23.233333333333334,0.03333333333333333,697,697,takeover,cartesian_freedrive,1.0,0.024831601893647998,0.1656664971071852,-0.12710833036704278,0.1487640449525291,-2.529824654761616,0.011043366817411504,2.6019641451313,1.0716226513721188
23.266666666666666,0.03333333333333333,698,698,takeover,cartesian_freedrive,1.0,0.02483029377426198,0.16573081653321806,-0.12826880517085396,0.1488008931239462,-2.5294848627997504,0.011105074316444233,2.6003722380877288,1.071696835025161
23.3,0.03333333333333333,699,699,takeover,cartesian_freedrive,1.0,0.024828985753906345,0.1657949029085297,-0.12942692559106764,0.14883769624130966,-2.5291426755116206,0.01116613315070742,2.5987802583395467,1.0717711834889778
23.333333333333332,0.03333333333333333,700,700,takeover,cartesian_freedrive,1.0,0.02482767774206126,0.1658588298311681,-0.13058269050602897,0.14887436890375835,-2.528798094271068,0.011226534677007679,2.597188203130026,1.0718456984355555
23.366666666666667,0.03333333333333333,701,701,takeover,cartesian_freedrive,1.0,0.02482626090073642,0.1659224957486346,-0.13174322569675398,0.14891669363195317,-2.5284573954786844,0.011274753121104179,2.595590717629106,1.071939317018396
23.4,0.03333333333333333,702,702,takeover,cartesian_freedrive,1.0,0.024824844021115032,0.16598594293911761,-0.13290141960670213,0.14895910447475222,-2.5281143180371664,0.011322263063128946,2.59399313966126,1.072033311463007
23.433333333333334,0.03333333333333333,703,703,takeover,cartesian_freedrive,1.0,0.02482342704073752,0.16604936687520577,-0.13405724689678994,0.14900126328018484,-2.5277688337977344,0.01136918622802506,2.5923954757709278,1.0721274059375308
23.466666666666665,0.03333333333333333,704,704,takeover,cartesian_freedrive,1.0,0.024822010151418168,0.16611255393912983,-0.13521071311018315,0.1490433946706116,-2.5274209515425485,0.011415567869757916,2.5907977424947313,1.0722215688740957
23.5,0.03333333333333333,705,705,takeover,cartesian_freedrive,1.0,0.024820483821006684,0.16617543865887785,-0.1363689158863483,0.14909126646856016,-2.5270769452630746,0.011450061212310429,2.5891946478773766,1.0723346341642896
23.533333333333335,0.03333333333333333,706,706,takeover,cartesian_freedrive,1.0,0.02481895744497671,0.1662381395394195,-0.13752477636221314,0.14913920159287147,-2.526730558964414,0.011483947995841208,2.587591457962797,1.0724479790709691
23.566666666666666,0.03333333333333333,707,707,takeover,cartesian_freedrive,1.0,0.024817431058575184,0.16630073125501055,-0.13867826533992428,0.14918699414042572,-2.5263817622157245,0.011517361635404805,2.585988188046127,1.072561327877405
23.6,0.03333333333333333,708,708,takeover,cartesian_freedrive,1.0,0.024815904676771472,0.16636316297945009,-0.13982938350625967,0.14923469427331598,-2.5260305583990914,0.011550314184273209,2.5843848427274034,1.0726746702322634
23.633333333333333,0.03333333333333333,709,709,takeover,cartesian_freedrive,1.0,0.024814268148896857,0.16642537980824237,-0.14098520235766818,0.14928808929041607,-2.525683222182493,0.011571644823782083,2.5827761969452254,1.0728067319008572
23.666666666666668,0.03333333333333333,710,710,takeover,cartesian_freedrive,1.0,0.024812631636933282,0.166487197964785,-0.14213610767750806,0.14934206827856894,-2.5253330267090734,0.011591491543096577,2.581169701323196,1.0729401161557308
23.7,0.03333333333333333,711,711,takeover,cartesian_freedrive,1.0,0.024810995129137738,0.1665489962087056,-0.14328711327184124,0.14939555703932977,-2.524980842763689,0.011611921603133459,2.5795609268888264,1.0730723198436196
23.733333333333334,0.03333333333333333,712,712,takeover,cartesian_freedrive,1.0,0.024809358671315722,0.16661059646054374,-0.14443584747362873,0.14944899103295234,-2.524626304326109,0.011632036880135036,2.577952032472261,1.0732043720023794
23.766666666666666,0.03333333333333333,713,713,takeover,cartesian_freedrive,1.0,0.024807611397207587,0.1666719655987836,-0.14558925483905294,0.14950816658630806,-2.524275628448756,0.011640818704099299,2.5763378969009008,1.0733549332605112
23.8,0.03333333333333333,714,714,takeover,cartesian_freedrive,1.0,0.024805864119370302,0.1667331217187017,-0.14674031878840674,0.1495674699822059,-2.523922572189905,0.011649193155413528,2.5747236678003054,1.0735056004718895
23.833333333333332,0.03333333333333333,715,715,takeover,cartesian_freedrive,1.0,0.024804116833628712,0.1667941601060534,-0.14788899618017562,0.14962667209893918,-2.523567092196925,0.011657276755037298,2.5731093575462594,1.0736561101233941
23.866666666666667,0.03333333333333333,716,716,takeover,cartesian_freedrive,1.0,0.024802369526021148,0.16685510387204996,-0.14903528586976744,0.14968574982709656,-2.5232091911734553,0.01166506650749534,2.5714949691179556,1.0738064618977508
23.9,0.03333333333333333,717,717,takeover,cartesian_freedrive,1.0,0.024800511065927656,0.16691542158995662,-0.1501862220424143,0.14975100281409584,-2.5228551495803626,0.01166186756372459,2.5698754255317153,1.073975091565179
23.933333333333334,0.03333333333333333,718,718,takeover,cartesian_freedrive,1.0,0.024798652304827824,0.16697585895747202,-0.15133480438196542,0.1498160634795452,-2.5224987191519874,0.011658291416304986,2.568255766364824,1.0741437800783324
23.966666666666665,0.03333333333333333,719,719,takeover,cartesian_freedrive,1.0,0.024796793581650715,0.1670361248847248,-0.15248099457295416,0.14988109012167677,-2.5221398595004403,0.011654518197958888,2.5666360289146515,1.0743122293912617
24.0,0.03333333333333333,720,720,takeover,cartesian_freedrive,1.0,0.024794934858153435,0.16709627131890042,-0.15362478956682102,0.14994603126065192,-2.5217785721682078,0.011650539766370127,2.565016213481075,1.074480442753628
24.033333333333335,0.03333333333333333,721,721,takeover,cartesian_freedrive,1.0,0.024792964212297316,0.1671559005975703,-0.15477319656453395,0.1500170820057212,-2.5214211354690828,0.011635820037701732,2.563391298440859,1.0746667640408918
24.066666666666666,0.03333333333333333,722,722,takeover,cartesian_freedrive,1.0,0.02479099340015005,0.16721546997499268,-0.15591925320350575,0.15008812225352577,-2.521061310800542,0.011620844462302276,2.5617662750066748,1.0748530393814206
24.1,0.03333333333333333,723,723,takeover,cartesian_freedrive,1.0,0.024789022534490737,0.16727499679616653,-0.15706290638537457,0.1501590176475684,-2.52069904832805,0.011605728016687258,2.5601411642268985,1.0750390192801293
24.133333333333333,0.03333333333333333,724,724,takeover,cartesian_freedrive,1.0,0.02478705169197918,0.167334389270088,-0.15820415713194377,0.15022985508776834,-2.520334351674787,0.01159048913492744,2.5585159767902184,1.0752246893617554
24.166666666666668,0.03333333333333333,725,725,takeover,cartesian_freedrive,1.0,0.024784967977192048,0.1673935160178181,-0.1593499818141611,0.15030658301270236,-2.5199734931349878,0.011564720379443698,2.5568857330896355,1.0754283212802824
24.2,0.03333333333333333,726,726,takeover,cartesian_freedrive,1.0,0.024782884338624356,0.16745234661970998,-0.16049346099941078,0.1503835488828436,-2.519610249998139,0.011538828872282029,2.555255394614958,1.075631795221415
24.233333333333334,0.03333333333333333,727,727,takeover,cartesian_freedrive,1.0,0.024780800779379733,0.16751096114421138,-0.16163453407583378,0.15046055420687715,-2.519244564606616,0.011512905797776345,2.5536249764381,1.0758348829976736
24.266666666666666,0.03333333333333333,728,728,takeover,cartesian_freedrive,1.0,0.024778717135956897,0.167569590923389,-0.16277319233379023,0.15053736702547224,-2.5188764357592084,0.011486907272862262,2.551994472028743,1.0760376115879313
24.3,0.03333333333333333,729,729,takeover,cartesian_freedrive,1.0,0.02477651996883024,0.1676278054607124,-0.1639163988166913,0.1506202560548019,-2.5185121418263816,0.011450667226756276,2.550358979386858,1.0762581055584026
24.333333333333332,0.03333333333333333,730,730,takeover,cartesian_freedrive,1.0,0.024774322718676887,0.1676858771313078,-0.16505725332320254,0.15070323526560303,-2.518145457488568,0.01141435354411645,2.548723380351465,1.076478385396148
24.366666666666667,0.03333333333333333,731,731,takeover,cartesian_freedrive,1.0,0.024772125547543364,0.16774374671391543,-0.16619569343893634,0.1507862523909227,-2.517776323770349,0.011378079217023804,2.547087699088116,1.0766982140063108
24.4,0.03333333333333333,732,732,takeover,cartesian_freedrive,1.0,0.024769928455703288,0.167801493782948,-0.1673317149017722,0.15086923032294144,-2.5174047428336404,0.011341829895033408,2.5454519394888466,1.0769175994967395
24.433333333333334,0.03333333333333333,733,733,takeover,cartesian_freedrive,1.0,0.02476761688721306,0.16785910120316017,-0.16847224704373703,0.15095803344636938,-2.5170369832645885,0.011295532959070992,2.543811230528402,1.077154616236413
24.466666666666665,0.03333333333333333,734,734,takeover,cartesian_freedrive,1.0,0.024765305646135327,0.16791618990921942,-0.1696104357888915,0.1510473166599987,-2.5166668388388835,0.01124931770924021,2.5421704359821766,1.0773912937219086
24.5,0.03333333333333333,735,735,takeover,cartesian_freedrive,1.0,0.02476299416178613,0.16797343114956867,-0.17074619214451314,0.1511362929309401,-2.5162942318389008,0.011203139189910626,2.5405295382104316,1.0776275041218872
24.533333333333335,0.03333333333333333,736,736,takeover,cartesian_freedrive,1.0,0.02476068264342303,0.16803047403993054,-0.1718769678759206,0.15122554443549718,-2.5159189464695935,0.011156194007879646,2.5388910662793607,1.0778641601136738
24.566666666666666,0.03333333333333333,737,737,takeover,cartesian_freedrive,1.0,0.024758256163405504,0.16808720150176978,-0.1730146930346548,0.1513206060488803,-2.5155476570403748,0.011100332497807524,2.5372452559481364,1.0781173209219892
24.6,0.03333333333333333,738,738,takeover,cartesian_freedrive,1.0,0.024755829691156174,0.1681437008815339,-0.17415016883939208,0.15141585273578118,-2.5151740284175417,0.011044598650704564,2.535599288345697,1.078370077776563
24.633333333333333,0.03333333333333333,739,739,takeover,cartesian_freedrive,1.0,0.024753403072950195,0.16820028730196826,-0.17528321038773684,0.1515108736746402,-2.5147979354890504,0.01098898291422088,2.5339532179459594,1.0786222965070913
24.666666666666668,0.03333333333333333,740,740,takeover,cartesian_freedrive,1.0,0.024750976463320345,0.16825676778041204,-0.17641381615283952,0.15160585827749481,-2.514419378895216,0.010933519086077785,2.5323070620254122,1.0788739540906482
24.7,0.03333333333333333,741,741,takeover,cartesian_freedrive,1.0,0.024748434393933955,0.16831266858553195,-0.17754888615316858,0.15170715439231602,-2.514044636043839,0.01086859707867105,2.530656096088484,1.0791428300607022
24.733333333333334,0.03333333333333333,742,742,takeover,cartesian_freedrive,1.0,0.02474589207147495,0.16836860664967898,-0.17868159354674112,0.15180839975914912,-2.513667495997745,0.010803777552603443,2.5290050068566754,1.0794113203750442
24.766666666666666,0.03333333333333333,743,743,takeover,cartesian_freedrive,1.0,0.0247433498101561,0.1684244206327572,-0.1798118606044091,0.15190963350181014,-2.513287884658203,0.0107391802802016,2.527353826256844,1.0796791876806113
24.8,0.03333333333333333,744,744,takeover,cartesian_freedrive,1.0,0.0247408073324223,0.16848037690096498,-0.18093967479802944,0.15201060203992214,-2.5129057972107014,0.010674740949434955,2.5257025366409516,1.0799464761921702
24.833333333333332,0.03333333333333333,745,745,takeover,cartesian_freedrive,1.0,0.02473814820538158,0.16853562043869708,-0.18207193063166097,0.152118037767341,-2.512527519717924,0.010601113332029354,2.5240465048218907,1.0802307969079918
24.866666666666667,0.03333333333333333,746,746,takeover,cartesian_freedrive,1.0,0.02473548901624057,0.16859078096692412,-0.18320182467504748,0.1522255469100054,-2.512146845852126,0.010527681298064655,2.522390355981396,1.0805146497261724
24.9,0.03333333333333333,747,747,takeover,cartesian_freedrive,1.0,0.024732829580764067,0.1686460806295101,-0.18432926134308486,0.15233279736888675,-2.5117636871558595,0.010454469984457551,2.5207340918742758,1.0807978663771491
24.933333333333334,0.03333333333333333,748,748,takeover,cartesian_freedrive,1.0,0.024730170340252187,0.16870111809359103,-0.18545425013910022,0.15244017801412038,-2.5113780527728777,0.010381567477693277,2.5190777506497932,1.0810803843525685
24.966666666666665,0.03333333333333333,749,749,takeover,cartesian_freedrive,1.0,0.024727394339423545,0.16875559154449876,-0.18658365003397673,0.15255390652882658,-2.5109962204983374,0.010299681850738264,2.517416714897273,1.081379792950057
25.0,0.03333333333333333,750,750,takeover,cartesian_freedrive,1.0,0.024724618042728942,0.168810164809363,-0.18771067775354527,0.15266753159520852,-2.5106119835194844,0.010218008937766027,2.5157555402351996,1.081678704503745
25.033333333333335,0.03333333333333333,751,751,takeover,cartesian_freedrive,1.0,0.024721841767594184,0.16886466390717908,-0.18883524650984246,0.15278112881646455,-2.510225259371293,0.01013665935925848,2.514094259496885,1.0819768967994765
25.066666666666666,0.03333333333333333,752,752,takeover,cartesian_freedrive,1.0,0.024719065457916127,0.16891913611740653,-0.18995735150739343,0.15289462753402255,-2.509836047756684,0.01005562365076996,2.5124328865015553,1.0822743720754977
25.1,0.03333333333333333,753,753,takeover,cartesian_freedrive,1.0,0.024716171550374887,0.1689730516609321,-0.19108384075955706,0.1530144882173289,-2.509450630426695,0.009965828084725743,2.5107668628448105,1.0825885857012427
25.133333333333333,0.03333333333333333,754,754,takeover,cartesian_freedrive,1.0,0.024713277309851935,0.16902714283263406,-0.1922079519935537,0.15313417995826406,-2.509062804728624,0.009876288268537137,2.509100696242357,1.0829022546364488
25.166666666666668,0.03333333333333333,755,755,takeover,cartesian_freedrive,1.0,0.02471038350178567,0.16908080438665354,-0.19332960892629042,0.1532541856519443,-2.5086724931800837,0.009787214751776022,2.5074344598114,1.0832150883275173
25.2,0.03333333333333333,756,756,takeover,cartesian_freedrive,1.0,0.024707489669429834,0.169134473692458,-0.19444879158745998,0.15337408372713218,-2.508279685732928,0.00969849612971608,2.505768118551812,1.0835271656435452
25.233333333333334,0.03333333333333333,757,757,takeover,cartesian_freedrive,1.0,0.024704476668682095,0.1691878182435472,-0.1955723253777037,0.15350012987045206,-2.5078906611440863,0.009601188245823797,2.504097159067218,1.0838558641845701
25.266666666666666,0.03333333333333333,758,758,takeover,cartesian_freedrive,1.0,0.024701463496278275,0.16924117952179918,-0.19669348250686394,0.15362616324377923,-2.507499227779947,0.009504228571633898,2.5024260672388703,1.084183936477984
25.3,0.03333333333333333,759,759,takeover,cartesian_freedrive,1.0,0.024698450528659537,0.16929432795872817,-0.19781216907617613,0.15375231287926613,-2.507105296246927,0.009407732881910423,2.500754881546532,1.084511163456599
25.333333333333332,0.03333333333333333,760,760,takeover,cartesian_freedrive,1.0,0.02469543735177066,0.16934762051312266,-0.19892836789913568,0.15387821677442715,-2.506708858036662,0.009311610063092814,2.4990835802028055,1.084837607983993
25.366666666666667,0.03333333333333333,761,761,takeover,cartesian_freedrive,1.0,0.02469230503402979,0.16940040704046191,-0.2000488999758201,0.15401047329433734,-2.5063162019715968,0.009207163324331797,2.4974077267140053,1.0851804908036753
25.4,0.03333333333333333,762,762,takeover,cartesian_freedrive,1.0,0.024689172019259045,0.16945362367110928,-0.20116703486651577,0.1541423292572548,-2.5059211232779752,0.009103009943847794,2.4957316925495863,1.0855227732804518
25.433333333333334,0.03333333333333333,763,763,takeover,cartesian_freedrive,1.0,0.024686039917499465,0.1695060857716962,-0.20228271139395404,0.15427482125326927,-2.5055235520748904,0.008999508434588263,2.4940556203648736,1.0858640619966378
25.466666666666665,0.03333333333333333,764,764,takeover,cartesian_freedrive,1.0,0.024682906899108757,0.1695592732534395,-0.20339586919698383,0.15440652345519437,-2.505123453053781,0.00889627729963928,2.492379370419903,1.086204631957502
25.5,0.03333333333333333,765,765,takeover,cartesian_freedrive,1.0,0.024679654643379564,0.16961146289480214,-0.20451335494788522,0.15454505865545712,-2.5047271414484764,0.008785063204109397,2.4906986653722933,1.0865614002392283
25.533333333333335,0.03333333333333333,766,766,takeover,cartesian_freedrive,1.0,0.024676402547371273,0.16966342864982048,-0.20562846376025187,0.15468382731278169,-2.5043284199893345,0.008674361052511322,2.48901784554679,1.0869173953861841
25.566666666666666,0.03333333333333333,767,767,takeover,cartesian_freedrive,1.0,0.024673150099050203,0.16971566550309675,-0.2067410673828692,0.15482225186533186,-2.503927174848516,0.008564096365115268,2.487336885469128,1.0872725403779813
25.6,0.03333333333333333,768,768,takeover,cartesian_freedrive,1.0,0.02466989765535111,0.16976787449887046,-0.20785117113769963,0.15496060905748718,-2.5035234107943363,0.008454336656333918,2.485655817475913,1.0876267857156197
25.633333333333333,0.03333333333333333,769,769,takeover,cartesian_freedrive,1.0,0.024666524361064222,0.16981957716235985,-0.20896309775877228,0.15510552469902897,-2.503123547602324,0.00833593885987293,2.4839730918067824,1.0879979478508308
25.666666666666668,0.03333333333333333,770,770,takeover,cartesian_freedrive,1.0,0.024663150984148827,0.16987140799229392,-0.21007501200891907,0.15525016878527895,-2.5027211038006962,0.00821872702270668,2.4822874719565573,1.0883676131843094
25.7,0.03333333333333333,771,771,takeover,cartesian_freedrive,1.0,0.024659777887833613,0.16992298042195214,-0.21118452613501873,0.15539497437677435,-2.502316178257663,0.0081021594671881,2.4806016978147,1.0887362528551803
25.733333333333334,0.03333333333333333,772,772,takeover,cartesian_freedrive,1.0,0.024656404392421928,0.16997491255222974,-0.21229152082397434,0.15553935603282812,-2.5019087211306,0.007986040212356764,2.478915774596677,1.0891040230594806
25.766666666666666,0.03333333333333333,773,773,takeover,cartesian_freedrive,1.0,0.024652909281908386,0.17002621680818997,-0.21340277604720279,0.15569023748275806,-2.501505023669194,0.007862268773397482,2.4772254573393497,1.0894877581718332
25.8,0.03333333333333333,774,774,takeover,cartesian_freedrive,1.0,0.02464941409780356,0.17007748612605722,-0.21451164541823556,0.1558411728332424,-2.5010989131858534,0.007739052771291086,2.475535006260946,1.0898706675319345
25.833333333333332,0.03333333333333333,775,775,takeover,cartesian_freedrive,1.0,0.024645918897304317,0.1701287827371388,-0.2156180010684976,0.15599201490487902,-2.500690269954655,0.0076164170472001755,2.473844429438629,1.090252602697929
25.866666666666667,0.03333333333333333,776,776,takeover,cartesian_freedrive,1.0,0.02464242372593546,0.17018003145416488,-0.21672183938971082,0.1561428209662944,-2.500279092388581,0.0074943719820492714,2.472153739541801,1.0906335549435549
25.9,0.03333333333333333,777,777,takeover,cartesian_freedrive,1.0,0.02463880661035581,0.1702308242992646,-0.2178299096807538,0.15629997903939985,-2.4998716661980906,0.0073648364988009776,2.4704586878775565,1.091030361612294
25.933333333333334,0.03333333333333333,778,778,takeover,cartesian_freedrive,1.0,0.02463518943172137,0.17028158347240366,-0.2189355885580089,0.15645719791765222,-2.4994618226697836,0.007235895661653778,2.4687634953073285,1.0914263015800258
25.966666666666665,0.03333333333333333,779,779,takeover,cartesian_freedrive,1.0,0.024631572103539535,0.17033246379604616,-0.2200387410153436,0.15661423039238498,-2.4990494356008455,0.007107546723460295,2.467068164754188,1.09182124794604
26.0,0.03333333333333333,780,780,takeover,cartesian_freedrive,1.0,0.024627954975300594,0.17038318246612147,-0.22113937127549982,0.15677134803732837,-2.4986345099889324,0.006979857581006969,2.465372729615547,1.092215151255834
26.033333333333335,0.03333333333333333,781,781,takeover,cartesian_freedrive,1.0,0.024624215012860898,0.17043357209090104,-0.22224420751454182,0.15693470002987772,-2.4982233281122257,0.006844846062629508,2.463672969137275,1.0926247931469304
26.066666666666666,0.03333333333333333,782,782,takeover,cartesian_freedrive,1.0,0.024620474763941948,0.1704841279922132,-0.22334663880966313,0.1570979250511472,-2.4978097199448825,0.006710413408912431,2.46197304377001,1.0930335670989484
26.1,0.03333333333333333,783,783,takeover,cartesian_freedrive,1.0,0.024616734707670687,0.17053451333342864,-0.22444654641447714,0.15726124031816494,-2.4973935680805877,0.006576688854870158,2.460273009942349,1.0934412519473082
26.133333333333333,0.03333333333333333,784,784,takeover,cartesian_freedrive,1.0,0.02461299467806565,0.17058490504229265,-0.2255439156550459,0.15742449107056322,-2.496974865392004,0.00644361223251874,2.458572848741168,1.0938478930719924
26.166666666666668,0.03333333333333333,785,785,takeover,cartesian_freedrive,1.0,0.024609131067986824,0.1706350059412467,-0.2266454684282307,0.1575939474819523,-2.4965599012019686,0.0063033996180821275,2.4568684042417352,1.0942701438583258
26.2,0.03333333333333333,786,786,takeover,cartesian_freedrive,1.0,0.02460526742713038,0.17068504127389536,-0.22774462012784608,0.15776349533939385,-2.4961425119867964,0.006163866692922935,2.4551638170035304,1.0946914400209244
26.233333333333334,0.03333333333333333,787,787,takeover,cartesian_freedrive,1.0,0.024601403876303444,0.1707350147286848,-0.22884123426893127,0.1579330402686417,-2.4957225684636524,0.006025043873131136,2.4534591035259012,1.0951116365872329
26.266666666666666,0.03333333333333333,788,788,takeover,cartesian_freedrive,1.0,0.024597540148518476,0.17078517623971143,-0.22993529334764476,0.15810234213643656,-2.495300062133405,0.005886853050148149,2.4517542443870615,1.0955307904972633
26.3,0.03333333333333333,789,789,takeover,cartesian_freedrive,1.0,0.024593552045234893,0.17083481704152723,-0.2310335252585364,0.15827807983351141,-2.494881295289779,0.005741782495316773,2.4500451692919207,1.0959653739332018
26.333333333333332,0.03333333333333333,790,790,takeover,cartesian_freedrive,1.0,0.02458956379531708,0.17088450560509377,-0.23212934562780813,0.1584538001713674,-2.494460096650741,0.005597395504659739,2.448335937680686,1.0963989876671825
26.366666666666667,0.03333333333333333,791,791,takeover,cartesian_freedrive,1.0,0.024585575822592708,0.17093405809870274,-0.23322262257833212,0.15862960796522416,-2.4940363407145765,0.005453774002536796,2.4466265859927243,1.096831453031423
26.4,0.03333333333333333,792,792,takeover,cartesian_freedrive,1.0,0.02458158753812118,0.170983844634385,-0.2343133325974534,0.15880511729461944,-2.4936100099392626,0.005310798626683425,2.44491707900094,1.0972628544546557
26.433333333333334,0.03333333333333333,793,793,takeover,cartesian_freedrive,1.0,0.02457747440956272,0.17103317430056567,-0.23540819343414784,0.15898700658361747,-2.493187412851444,0.005161115515747988,2.443203393694564,1.0977095662970677
26.466666666666665,0.03333333333333333,794,794,takeover,cartesian_freedrive,1.0,0.02457336117099649,0.17108257823033576,-0.23650063445222128,0.1591688644719535,-2.4927623797257525,0.005012137190878011,2.441489537260702,1.0981552838946045
26.5,0.03333333333333333,795,795,takeover,cartesian_freedrive,1.0,0.024569247907523017,0.17113198864973633,-0.23759051745172763,0.1593506509414296,-2.492334774524952,0.004863914329778762,2.4397755514283626,1.0985998465019085
26.533333333333335,0.03333333333333333,796,796,takeover,cartesian_freedrive,1.0,0.02456513466166061,0.17118148461087845,-0.23867782912671515,0.15953231327815295,-2.4919045934569257,0.004716406184272937,2.438061412482299,1.099043290348472
26.566666666666666,0.03333333333333333,797,797,takeover,cartesian_freedrive,1.0,0.02456089602661911,0.17123050221184946,-0.23976927529176492,0.15972036542012968,-2.491478143383973,0.0045623900928027945,2.4363431558269837,1.099501901048355
26.6,0.03333333333333333,798,798,takeover,cartesian_freedrive,1.0,0.02455665723631574,0.17127962103826733,-0.2408582939856434,0.15990835991522345,-2.491049251326819,0.004409099004262599,2.4346247196440873,1.0999594914965227
26.633333333333333,0.03333333333333333,799,799,takeover,cartesian_freedrive,1.0,0.024552418512802352,0.1713286801608392,-0.24194474881839093,0.16009634355363278,-2.4906177825511446,0.004256614272025919,2.432906164963002,1.1004158793837284
26.666666666666668,0.03333333333333333,800,800,takeover,cartesian_freedrive,1.0,0.024548179459076176,0.17137807162447394,-0.24302860999342907,0.16028396792429042,-2.490183718756745,0.004104788974168243,2.4311874133703313,1.1008711806225588
26.7,0.03333333333333333,801,801,takeover,cartesian_freedrive,1.0,0.024543814686388336,0.17142677484963764,-0.24411659718164122,0.16047819456536622,-2.489753392473533,0.00394670415618733,2.4294646113301117,1.1013414752301882
26.733333333333334,0.03333333333333333,802,802,takeover,cartesian_freedrive,1.0,0.024539449527881167,0.1714757134399525,-0.2452021451328988,0.16067222938788023,-2.4893206138834194,0.0037893353806637414,2.427741620827097,1.1018107413865306
26.766666666666666,0.03333333333333333,803,803,takeover,cartesian_freedrive,1.0,0.02453508450607658,0.17152462652766892,-0.24628511599273825,0.16086624060754204,-2.4888852501880807,0.00363277936439939,2.426018484281613,1.1022787968652001
26.8,0.03333333333333333,804,804,takeover,cartesian_freedrive,1.0,0.024530719515335572,0.17157360546548373,-0.24736549685999942,0.1610601506228739,-2.4884472944277283,0.0034769964779267056,2.424295192932269,1.1027456712458334
26.833333333333332,0.03333333333333333,805,805,takeover,cartesian_freedrive,1.0,0.024526227692701203,0.1716221566695415,-0.24844997501989596,0.16126039047813187,-2.4880130614985787,0.0033150543928095796,2.4225678678098133,1.1032274680670158
26.866666666666667,0.03333333333333333,806,806,takeover,cartesian_freedrive,1.0,0.0245217357180212,0.17167078493487048,-0.24953201454846022,0.16146058761176973,-2.4875763779952114,0.003153904446153149,2.4208403716832083,1.1037081701358669
26.9,0.03333333333333333,807,807,takeover,cartesian_freedrive,1.0,0.024517243770108076,0.17171948483727123,-0.25061146256858663,0.16166067917731275,-2.487137098042951,0.002993559829506455,2.4191127121878306,1.1041876584834553
26.933333333333334,0.03333333333333333,808,808,takeover,cartesian_freedrive,1.0,0.024512751818123533,0.17176823932081606,-0.2516883118346771,0.16186066482747338,-2.4866952175379584,0.0028340172393330754,2.417384902322408,1.10466593343817
26.966666666666665,0.03333333333333333,809,809,takeover,cartesian_freedrive,1.0,0.024508132282542484,0.17181660770735485,-0.25276923824398434,0.16206696922218644,-2.4862570570732085,0.0026684743730130502,2.415653082562487,1.105159024354752
27.0,0.03333333333333333,810,810,takeover,cartesian_freedrive,1.0,0.02450351257210585,0.17186504633287594,-0.25384771990315935,0.16227322473939945,-2.4858164411090162,0.002503751707129447,2.4139210945622143,1.1056509877399427
27.033333333333335,0.03333333333333333,811,811,takeover,cartesian_freedrive,1.0,0.02449889287926462,0.17191355931696375,-0.2549236000803414,0.16247937023498438,-2.48537322033688,0.002339855769199309,2.412188940357671,1.10614171244578
27.066666666666666,0.03333333333333333,812,812,takeover,cartesian_freedrive,1.0,0.024494273182330127,0.17196195187808686,-0.25599468195806413,0.16268570223563417,-2.4849280671636564,0.0021762190378682997,2.410459773926701,1.1066317825699525
27.1,0.03333333333333333,813,813,takeover,cartesian_freedrive,1.0,0.024489525155939405,0.17201013486550695,-0.25707194299408404,0.1628980535040513,-2.4844859395135583,0.0020073010554594855,2.4087235615140377,1.1071359822235203
27.133333333333333,0.03333333333333333,814,814,takeover,cartesian_freedrive,1.0,0.024484776993704976,0.17205842207639446,-0.25814683734901495,0.16311033859591595,-2.484041378434121,0.0018392361942870998,2.406987102135746,1.1076390168395958
27.166666666666668,0.03333333333333333,815,815,takeover,cartesian_freedrive,1.0,0.02448002881587934,0.172106771375418,-0.2592191262299231,0.16332250852788913,-2.483594207577024,0.0016720258677697965,2.4052504813818527,1.1081407807833679
27.2,0.03333333333333333,816,816,takeover,cartesian_freedrive,1.0,0.024475280651308835,0.17215519396052054,-0.2602887952189702,0.16353456380958728,-2.4831444197687658,0.0015056511960381443,2.40351369624513,1.108641290675928
27.233333333333334,0.03333333333333333,817,817,takeover,cartesian_freedrive,1.0,0.024470403776499276,0.17220324158115644,-0.2613624944009055,0.16375290908881437,-2.4826983308445225,0.0013336157804493061,2.401772986483184,1.1091563713838941
27.266666666666666,0.03333333333333333,818,818,takeover,cartesian_freedrive,1.0,0.024465526760006462,0.17225139124600236,-0.26243374562854715,0.16397119563884524,-2.4822497908144565,0.0011624333629607364,2.400032092803304,1.109670287544461
27.3,0.03333333333333333,819,819,takeover,cartesian_freedrive,1.0,0.024460649736693683,0.1722996142215418,-0.26350237752910777,0.16418936319055322,-2.481798631026874,0.0009921187375290456,2.3982910316278927,1.1101829160180612
27.333333333333332,0.03333333333333333,820,820,takeover,cartesian_freedrive,1.0,0.024455772719043475,0.17234790973826128,-0.26456837956549206,0.16440741183834753,-2.4813448457321963,0.0008226583646475103,2.396549804122942,1.1106942679296217
27.366666666666667,0.03333333333333333,821,821,takeover,cartesian_freedrive,1.0,0.02445076631674587,0.17239584448467565,-0.26563839563945796,0.16463173524212696,-2.4808947567831097,0.0006476998328510432,2.3948046908404352,1.1112200764789115
27.4,0.03333333333333333,822,822,takeover,cartesian_freedrive,1.0,0.024445759761425614,0.17244387947881376,-0.2667059568887947,0.16485599378907098,-2.480442211809499,0.0004736151097951375,2.3930593933275635,1.1117446942257423
27.433333333333334,0.03333333333333333,823,823,takeover,cartesian_freedrive,1.0,0.024440753216742876,0.17249200146733965,-0.2677708878090153,0.1650801290116343,-2.479987038967354,0.0003004087290544842,2.391313918572563,1.1122680097204158
27.466666666666665,0.03333333333333333,824,824,takeover,cartesian_freedrive,1.0,0.024435746661634835,0.17254019334887463,-0.268833178912677,0.16530414107112032,-2.4795292320148143,0.0001280757257724679,2.3895682774648934,1.112790025142158
27.5,0.03333333333333333,825,825,takeover,cartesian_freedrive,1.0,0.024430610070740686,0.17258803987909305,-0.2698994684128662,0.16553441133922267,-2.4790751193659166,-4.9597039391516355e-05,2.3878187877732597,1.1133263861769958
27.533333333333335,0.03333333333333333,826,826,takeover,cartesian_freedrive,1.0,0.024425473334600902,0.17263599744317745,-0.27096329497721733,0.16576461074820575,-2.4786185457764534,-0.00022638254005601848,2.3860691071074753,1.1138615373992453
27.566666666666666,0.03333333333333333,827,827,takeover,cartesian_freedrive,1.0,0.024420336673040676,0.17268405143832385,-0.27202447916045175,0.16599468256172412,-2.4781593360626473,-0.0004022831098814074,2.384319231220101,1.1143953765885781
27.6,0.03333333333333333,828,828,takeover,cartesian_freedrive,1.0,0.02441519992842131,0.17273217544096445,-0.2730830148334065,0.16622462704518498,-2.477697483802738,-0.0005772887050709587,2.382569199804056,1.114927888224136
27.633333333333333,0.03333333333333333,829,829,takeover,cartesian_freedrive,1.0,0.02440993256980098,0.1727799741399767,-0.274145532076899,0.1664608119115515,-2.4772393240465442,-0.000757486049169353,2.380815342424446,1.11547464494154
27.666666666666668,0.03333333333333333,830,830,takeover,cartesian_freedrive,1.0,0.02440466496875464,0.17282786849641343,-0.27520558202486584,0.16669692005474945,-2.4767786981396296,-0.0009367663022743726,2.3790613138160484,1.1160201548142406
27.7,0.03333333333333333,831,831,takeover,cartesian_freedrive,1.0,0.024399397439356756,0.1728758708731499,-0.2762629785069315,0.16693289641302497,-2.476315427958975,-0.0011151514622869034,2.377307083622341,1.1165643376110226
27.733333333333334,0.03333333333333333,832,832,takeover,cartesian_freedrive,1.0,0.02439412991716583,0.17292394982381318,-0.2773177137015085,0.16716874135648807,-2.475849506704908,-0.0012926384914600751,2.3755526743254376,1.117107187072544
27.766666666666666,0.03333333333333333,833,833,takeover,cartesian_freedrive,1.0,0.0243887309869028,0.17297169372771778,-0.278376420809302,0.16741080764843294,-2.4753872762149527,-0.001475143075012571,2.3737945104881737,1.1176641500462294
27.8,0.03333333333333333,834,834,takeover,cartesian_freedrive,1.0,0.024383331967078876,0.17301956977934668,-0.2794326473577374,0.16765279150408816,-2.474922574890292,-0.0016567413724167608,2.3720361345756436,1.1182198734108177
27.833333333333332,0.03333333333333333,835,835,takeover,cartesian_freedrive,1.0,0.02437793285032909,0.17306751719838073,-0.28048621619195085,0.16789463948450592,-2.4744552204858254,-0.0018374053595167827,2.3702775940077836,1.118774223468465
27.866666666666667,0.03333333333333333,836,836,takeover,cartesian_freedrive,1.0,0.024372533822732367,0.17311556628948724,-0.2815371099669007,0.16813635206883878,-2.4739852068226797,-0.002017174371227925,2.3685188491757136,1.119327239596576
27.9,0.03333333333333333,837,837,takeover,cartesian_freedrive,1.0,0.024367002740045926,0.1731633148798516,-0.2825919588725559,0.16838426583018365,-2.4735188828662795,-0.002201824011581773,2.3667563670666545,1.119894277224773
27.933333333333334,0.03333333333333333,838,838,takeover,cartesian_freedrive,1.0,0.02436147145699758,0.17321116908479497,-0.2836443233167667,0.16863209159385684,-2.473050082588395,-0.0023855364293493995,2.3649936954006714,1.1204600372399918
27.966666666666665,0.03333333333333333,839,839,takeover,cartesian_freedrive,1.0,0.024355940175968017,0.17325911854316484,-0.2846940159335925,0.16887977750611358,-2.4725786212188248,-0.0025683196731069676,2.363230831035638,1.1210244254804642
28.0,0.03333333333333333,840,840,takeover,cartesian_freedrive,1.0,0.024350408898358746,0.17330716527662082,-0.2857410253975588,0.16912732414475873,-2.472104491986078,-0.002750187786832211,2.361467776984286,1.121587453122468
28.033333333333335,0.03333333333333333,841,841,takeover,cartesian_freedrive,1.0,0.02434474498170064,0.17335490818340712,-0.28679197815585644,0.16938105064390485,-2.471634051446585,-0.0029367813581556274,2.359701029640013,1.1221643900182918
28.066666666666666,0.03333333333333333,842,842,takeover,cartesian_freedrive,1.0,0.02433908088989667,0.17340276494173162,-0.28784043764799633,0.16963468375022916,-2.471161129398402,-0.0031224305017110558,2.357934083592876,1.1227400363837505
28.1,0.03333333333333333,843,843,takeover,cartesian_freedrive,1.0,0.024333416774985687,0.1734507141449512,-0.288886215639525,0.169888173149731,-2.470685537867446,-0.003307137421258724,2.3561669464211232,1.1233142925461799
28.133333333333333,0.03333333333333333,844,844,takeover,cartesian_freedrive,1.0,0.024327752681525216,0.1734987640692742,-0.2899292990215678,0.17014151950689266,-2.4702072699321986,-0.0034909222858376283,2.3543996104612765,1.1238871764706575
28.166666666666668,0.03333333333333333,845,845,takeover,cartesian_freedrive,1.0,0.024321955310822027,0.17354652479415675,-0.29097631330783075,0.1704010233956846,-2.4697326900485144,-0.0036792873912328407,2.3526286186211567,1.124473866124771
28.2,0.03333333333333333,846,846,takeover,cartesian_freedrive,1.0,0.02431615775101565,0.17359439787262446,-0.2920208267568844,0.17066042866807937,-2.469255623538404,-0.0038666953020983497,2.350857428847269,1.125059246189032
28.233333333333334,0.03333333333333333,847,847,takeover,cartesian_freedrive,1.0,0.024310360224829384,0.1736423836634719,-0.2930626456673447,0.17091968650621997,-2.468775879355224,-0.004053164360841404,2.3490860278757193,1.1256432347529746
28.266666666666666,0.03333333333333333,848,848,takeover,cartesian_freedrive,1.0,0.02430456268763108,0.1736904622029015,-0.2941017605780848,0.17117879766997687,-2.4682934500885247,-0.004238697156374378,2.3473144322871375,1.126225831352366
28.3,0.03333333333333333,849,849,takeover,cartesian_freedrive,1.0,0.024298631175611665,0.17373825443445443,-0.2951447955325677,0.17144404302166533,-2.467814708633548,-0.004428661848828476,2.3455392242014046,1.1268221259752729
28.333333333333332,0.03333333333333333,850,850,takeover,cartesian_freedrive,1.0,0.024292699526447782,0.17378618071282956,-0.2961853190473266,0.1717091847032866,-2.467333475341905,-0.004617672138923576,2.3437637995860485,1.1274171079860298
28.366666666666667,0.03333333333333333,851,851,takeover,cartesian_freedrive,1.0,0.02428676785733748,0.17383420178746511,-0.2972231397430539,0.1719741753622576,-2.466849555824478,-0.004805724945696712,2.3419881744567403,1.1280106741295495
28.4,0.03333333333333333,852,852,takeover,cartesian_freedrive,1.0,0.024280836202361412,0.1738823256226426,-0.2982582444720021,0.17223901585251766,-2.4663629428858234,-0.004992839976668742,2.340212342817896,1.1286028417266862
28.433333333333334,0.03333333333333333,853,853,takeover,cartesian_freedrive,1.0,0.02427476990464461,0.17393017613568146,-0.2992972579330037,0.17250996622179993,-2.4658800177474145,-0.005184246705118973,2.338432934958799,1.1292086068772311
28.466666666666665,0.03333333333333333,854,854,takeover,cartesian_freedrive,1.0,0.024268703451143465,0.17397815510762407,-0.3003337524009053,0.17278080805080304,-2.465394595405067,-0.005374687171087977,2.3366533122112565,1.129813041175377
28.5,0.03333333333333333,855,855,takeover,cartesian_freedrive,1.0,0.024262637008513242,0.17402624225816446,-0.30136753184668164,0.1730514954145,-2.4649064786722694,-0.005564171393974502,2.33487347505868,1.1304160556339915
28.533333333333335,0.03333333333333333,856,856,takeover,cartesian_freedrive,1.0,0.024256570553197247,0.17407442713267157,-0.3023985855614514,0.1733220292548289,-2.4644156598236253,-0.005752706854644206,2.3330934344905967,1.1310176547448667
28.566666666666666,0.03333333333333333,857,857,takeover,cartesian_freedrive,1.0,0.024250368808486918,0.17412235582443703,-0.3034335361822994,0.17359864774724956,-2.463928529230132,-0.005945400599279314,2.3313098464416395,1.1316327571325824
28.6,0.03333333333333333,858,858,takeover,cartesian_freedrive,1.0,0.024244166894296683,0.1741704102012036,-0.3044659601477792,0.17387515301325912,-2.4634388960579314,-0.006137118621019996,2.329526044259386,1.1322465127370942
28.633333333333333,0.03333333333333333,859,859,takeover,cartesian_freedrive,1.0,0.024237965113405723,0.1742185887062598,-0.3054956547934087,0.17415150052137707,-2.462946560420343,-0.006327890315206458,2.3277419980658927,1.1328588542064182
28.666666666666668,0.03333333333333333,860,860,takeover,cartesian_freedrive,1.0,0.024231763346263882,0.17426686971541064,-0.3065226116198637,0.174427691303137,-2.4624515141283005,-0.006517712831046636,2.325957735605938,1.1334697748162221
28.7,0.03333333333333333,861,861,takeover,cartesian_freedrive,1.0,0.02422542546382565,0.1743148825386085,-0.3075534614185541,0.17470994063026368,-2.461960156501991,-0.006711532510904025,2.3241700058225634,1.1340940729119269
28.733333333333334,0.03333333333333333,862,862,takeover,cartesian_freedrive,1.0,0.024219087564499774,0.17436304514234702,-0.30858177099584655,0.1749920722301809,-2.4614662913882706,-0.006904391736453653,2.322382024161606,1.1347170347182696
28.766666666666666,0.03333333333333333,863,863,takeover,cartesian_freedrive,1.0,0.02421274969006274,0.1744113125783366,-0.3096073439630667,0.17527404293651955,-2.4609697149789156,-0.007096285342672987,2.320593816724262,1.1353385565138205
28.8,0.03333333333333333,864,864,takeover,cartesian_freedrive,1.0,0.02420641164000848,0.1744596635458999,-0.31063017397400655,0.17555585386964967,-2.460470419202117,-0.007287202166509897,2.318805430332506,1.13595862186764
28.833333333333332,0.03333333333333333,865,865,takeover,cartesian_freedrive,0.9990885592531432,0.024424346834879852,0.17336256142152018,-0.3186493219152366,0.17187446611776466,-2.468970685300082,-0.00748856960835766,2.3188503699958436,1.1293612282435896
28.866666666666667,0.03333333333333333,866,866,takeover,cartesian_freedrive,0.9981771185062864,0.0246425351942674,0.17223998967342763,-0.32674252427761924,0.16812645302235943,-2.4775289995030425,-0.007771555826679923,2.3188942902809817,1.1227099304382546
28.9,0.03333333333333333,867,867,takeover,cartesian_freedrive,0.9972656777594296,0.024860723300524454,0.17109297047181207,-0.3348258260750241,0.16434836945725512,-2.486030145427126,-0.008149784005509246,2.31889647290219,1.1160680744970621
28.933333333333334,0.03333333333333333,868,868,takeover,cartesian_freedrive,0.9963542370125729,0.025078911464596024,0.16991933524615882,-0.34289874971743234,0.160541081021663,-2.49447306784882,-0.008623481517196862,2.3188566627293965,1.1094355624428491
28.966666666666665,0.03333333333333333,869,869,takeover,cartesian_freedrive,0.9954427962657161,0.02529709952103868,0.16871694225775402,-0.35096164770523236,0.15670514911134945,-2.502857780781447,-0.009192586615291211,2.3187751381480837,1.1028116866152218
29.0,0.03333333333333333,870,870,takeover,cartesian_freedrive,0.9945313555188593,0.02551528769829764,0.16748364613806846,-0.3590148400388881,0.15284109738576565,-2.5111842832526197,-0.009857047059200852,2.318652037833296,1.0961957500598662
29.033333333333335,0.03333333333333333,871,871,takeover,cartesian_freedrive,0.9936199147720025,0.025733475813252856,0.16621737306419904,-0.36705863582383436,0.1489494137642901,-2.519452551201057,-0.010616719191910503,2.3184876422878027,1.089586939916838
29.066666666666666,0.03333333333333333,872,872,takeover,cartesian_freedrive,0.9927084740251457,0.025951663922360684,0.1649160545209806,-0.37509330698037463,0.14503055035940707,-2.527662537151976,-0.011471452225102121,2.3182821452212212,1.0829844338287042
29.1,0.03333333333333333,873,873,takeover,cartesian_freedrive,0.9917970332782889,0.026169852044615794,0.1635776654990422,-0.38311909690864604,0.14108492330613012,-2.5358141708935533,-0.0124210581449469,2.3180357525231154,1.0763873596974853
29.133333333333333,0.03333333333333333,874,874,takeover,cartesian_freedrive,0.9908855925314322,0.0263880402271326,0.16220018757135252,-0.3911362169546561,0.1371129131732528,-2.543907359221213,-0.013465313871908087,2.3177486561549836,1.0697948028133617
29.166666666666668,0.03333333333333333,875,875,takeover,cartesian_freedrive,0.9899741517845754,0.026606228357595026,0.1607816786908263,-0.39914485127675886,0.133114861357217,-2.55194198700094,-0.014603950388929936,2.3174211122068,1.0632057843940896
29.2,0.03333333333333333,876,876,takeover,cartesian_freedrive,0.9890627110377186,0.026824416516117774,0.15932019084065724,-0.4071451423715683,0.12909107852938986,-2.559917916933406,-0.015836688916239784,2.3170533054424283,1.056619314038064
29.233333333333334,0.03333333333333333,877,877,takeover,cartesian_freedrive,0.9881512702908618,0.027042604644066496,0.15781382501800242,-0.415137202387661,0.12504183676125302,-2.5678349889143863,-0.01716320366955637,2.3166454798735336,1.050034338996119
29.266666666666666,0.03333333333333333,878,878,takeover,cartesian_freedrive,0.987239829544005,0.02726079275832434,0.15626071634389585,-0.4231211012572669,0.1209673667113076,-2.5756930239317017,-0.018583157715379394,2.316197844426192,1.0434497897808275
29.3,0.03333333333333333,879,879,takeover,cartesian_freedrive,0.9863283887971482,0.02747898086070277,0.15465900203814284,-0.4310968761780678,0.11686790202538626,-2.583491820760741,-0.02009615634573711,2.315710661556194,1.0368645306634567
29.333333333333332,0.03333333333333333,880,880,takeover,cartesian_freedrive,0.9854169480502915,0.02769716911453725,0.1530068481891791,-0.43906451492943405,0.11274364475503933,-2.591231143291713,-0.0217018172444694,2.315184132192426,1.0302774253897702
29.366666666666667,0.03333333333333333,881,881,takeover,cartesian_freedrive,0.9845055073034347,0.027915358015717005,0.1513025607357471,-0.4470239467302264,0.10859465766281665,-2.5989107628801618,-0.023399813715022026,2.314618342851182,1.0236874043805109
29.4,0.03333333333333333,882,882,takeover,cartesian_freedrive,0.9835940665565779,0.02813354901763655,0.14954443734077583,-0.45497502930073513,0.10442106935205363,-2.606530410311361,-0.025189905379727106,2.314013135687224,1.0170934891942276
29.433333333333334,0.03333333333333333,883,883,takeover,cartesian_freedrive,0.9826826258097211,0.028351738399981057,0.14773065921378722,-0.4629177395977566,0.10022294830094439,-2.6140898013788143,-0.027071134341575702,2.313369801088624,1.0104938733980164
29.466666666666665,0.03333333333333333,884,884,takeover,cartesian_freedrive,0.9817711850628643,0.028569927129319952,0.145859563456441,-0.47085186586895067,0.09600035025182578,-2.6215886273924034,-0.029043114126083205,2.3126884180356986,1.0038874071413493
29.5,0.03333333333333333,885,885,takeover,cartesian_freedrive,0.9808597443160075,0.028788115611861467,0.1439295445522183,-0.47877716093142436,0.0917532814417578,-2.629026565836834,-0.031105390463043957,2.3119692029593204,0.9972728566623381
29.533333333333335,0.03333333333333333,886,886,takeover,cartesian_freedrive,0.9799483035691507,0.029006303792035983,0.14193902292778465,-0.4866933415306097,0.08748170476071358,-2.636403275209575,-0.033257431437690936,2.3112125182192638,0.9906488971739789
29.566666666666666,0.03333333333333333,887,887,takeover,cartesian_freedrive,0.979036862822294,0.029224491968490682,0.1398864159590396,-0.49460005878985513,0.08318558122310032,-2.64371838842766,-0.03549873476554521,2.3104186109147213,0.9840142430807641
29.6,0.03333333333333333,888,888,takeover,cartesian_freedrive,0.9781254220754372,0.029442680130935053,0.1377701938920243,-0.5024969212664612,0.07886483235987542,-2.6509715203555637,-0.037828729031157964,2.3095878749989875,0.9773675273419761
29.633333333333333,0.03333333333333333,889,889,takeover,cartesian_freedrive,0.9772139813285804,0.029660868184351014,0.13558889997699475,-0.5103834811947751,0.07451931392885824,-2.65816227124113,-0.04024684609972493,2.308720721944423,0.9707073811033089
29.666666666666668,0.03333333333333333,890,890,takeover,cartesian_freedrive,0.9763025405817236,0.02987905628973344,0.13334103624134092,-0.518259237175732,0.07014892435882994,-2.665290224626068,-0.042752486714931336,2.307817552887472,0.9640324145661586
29.7,0.03333333333333333,891,891,takeover,cartesian_freedrive,0.9753910998348668,0.030097244384122604,0.13102520389853123,-0.5261236282184512,0.06575347581548256,-2.6723549466340133,-0.0453450450090115,2.30687883209564,0.9573412245626232
29.733333333333334,0.03333333333333333,892,892,takeover,cartesian_freedrive,0.97447965908801,0.03031543239982048,0.12864003725827167,-0.5339760364115899,0.06133276777954747,-2.6793559851177844,-0.048023886652281814,2.3059050820154905,0.9506323797392182
29.766666666666666,0.03333333333333333,893,893,takeover,cartesian_freedrive,0.9735682183411533,0.03053362054597207,0.12618414322892246,-0.5418157722842996,0.056886608413310974,-2.6862928620022144,-0.0507883859438364,2.3048967434848975,0.9439044782243167
29.8,0.03333333333333333,894,894,takeover,cartesian_freedrive,0.9726567775942965,0.030751808639067676,0.12365626786718663,-0.5496420948513224,0.05241471578925737,-2.6931650957662723,-0.053637882853266296,2.303854431345616,0.9371560663520897
29.833333333333332,0.03333333333333333,895,895,takeover,cartesian_freedrive,0.9717453368474397,0.030969996724655224,0.12105513100108813,-0.5574541947004658,0.047916836195775046,-2.6999721781592565,-0.05657170302256865,2.3027787386120804,0.9303856945780317
29.866666666666667,0.03333333333333333,896,896,takeover,cartesian_freedrive,0.9708338961005829,0.031188184845054652,0.11837950328708437,-0.5652511930400114,0.04339267445023306,-2.7067135878409814,-0.05958917312158105,2.3016702699328824,0.9235919261718567
29.9,0.03333333333333333,897,897,takeover,cartesian_freedrive,0.9699224553537261,0.031406372926703244,0.1156282207612162,-0.5730321480190872,0.0388418967852888,-2.7133887898537132,-0.0626895975259713,2.3005297188893956,0.9167733038263625
29.933333333333334,0.03333333333333333,898,898,takeover,cartesian_freedrive,0.9690110146068693,0.031624561040752536,0.11280012798129489,-0.5807960458843459,0.0342641812359193,-2.71999722604805,-0.06587227056021892,2.2993577839781962,0.9099283785094987
29.966666666666665,0.03333333333333333,899,899,takeover,cartesian_freedrive,0.9680995738600126,0.03184274915018986,0.10989413528283079,-0.5885418040611728,0.0296591593736295,-2.7265383309977285,-0.0691364690499087,2.2981552367045093,0.9030556958065634
30.0,0.03333333333333333,900,900,takeover,cartesian_freedrive,0.9671881331131558,0.032060937274457836,0.10690918798479004,-0.5962682666519679,0.025026451477837608,-2.7330115188925523,-0.07248146568361252,2.2969228718875083,0.8961538135580813
30.033333333333335,0.03333333333333333,901,901,takeover,cartesian_freedrive,0.966276692366299,0.03227912540152536,0.10384428355931391,-0.6039742056502175,0.02036565425793017,-2.739416192428075,-0.07590651695363428,2.295661547000663,0.8892212905894247
30.066666666666666,0.03333333333333333,902,902,takeover,cartesian_freedrive,0.9653652516194422,0.03249731352119124,0.1006984649861518,-0.6116583178001214,0.015676343989056006,-2.745751739467326,-0.07941086974569204,2.294372163462849,0.8822566970948384
30.1,0.03333333333333333,903,903,takeover,cartesian_freedrive,0.9644538108725854,0.03271550164092695,0.09747081959694313,-0.6193192241097857,0.010958086182083287,-2.752017532147371,-0.08299375863060468,2.2930556749763826,0.8752586125935007
30.133333333333333,0.03333333333333333,904,904,takeover,cartesian_freedrive,0.9635423701257286,0.0329336897591864,0.09416048808996554,-0.6269554683452816,0.00621042675318222,-2.758212930015776,-0.08665440864503232,2.2917130878256367,0.8682256317548309
30.166666666666668,0.03333333333333333,905,905,takeover,cartesian_freedrive,0.9626309293788718,0.03315187789127293,0.09076665257304625,-0.6345655159745228,0.001432900348957052,-2.7643372786764098,-0.09039203071636664,2.2903454580732623,0.8611563644407644
30.2,0.03333333333333333,906,906,takeover,cartesian_freedrive,0.9617194886320151,0.03337006602079297,0.08728856151685427,-0.6421477534349613,-0.0033749818311345466,-2.770389911981843,-0.0942058293837492,2.288953905043146,0.8540494400666564
30.233333333333334,0.03333333333333333,907,907,takeover,cartesian_freedrive,0.9608080478851583,0.03358825415224803,0.08372550933929752,-0.6497004870707871,-0.008213714366531484,-2.7763701504047043,-0.09809499479611332,2.287539604861256,0.8469035070189076
30.266666666666666,0.03333333333333333,908,908,takeover,cartesian_freedrive,0.9598966071383015,0.033806442291032655,0.08007684648409552,-0.6572219416234423,-0.013083805200704771,-2.7822773021549425,-0.10205870868284307,2.286103787428244,0.8397172402764541
30.3,0.03333333333333333,909,909,takeover,cartesian_freedrive,0.9589851663914447,0.03402463043428042,0.07634198127421009,-0.6647102600570592,-0.017985776764918637,-2.7881106646595617,-0.10609614151417042,2.284647743185683,0.8324893412644592
30.333333333333332,0.03333333333333333,910,910,takeover,cartesian_freedrive,0.9580737256445879,0.03424281857580305,0.07252038619632545,-0.6721635041908316,-0.022920157825146812,-2.7938695230834263,-0.11020645097273735,2.2831728389752644,0.8252185344164165
30.366666666666667,0.03333333333333333,911,911,takeover,cartesian_freedrive,0.9571622848977311,0.034461006722891645,0.06861158768429962,-0.6795796508631992,-0.02788748698781248,-2.7995531519030217,-0.11438878773501963,2.281680482521905,0.817903585081449
30.4,0.03333333333333333,912,912,takeover,cartesian_freedrive,0.9562508441508744,0.0346791948729042,0.06461518142509567,-0.6869565949603259,-0.03288831065390558,-2.805160815287742,-0.11864229004234418,2.2801721592899598,0.8105432876256751
30.433333333333334,0.03333333333333333,913,913,takeover,cartesian_freedrive,0.9553394034040176,0.03489738302896288,0.060530825123937294,-0.6942921469056532,-0.037923181272033694,-2.810691767093959,-0.1229660867353925,2.278649409465269,0.8031364779868633
30.466666666666665,0.03333333333333333,914,914,takeover,cartesian_freedrive,0.9544279626571608,0.03511557118784843,0.05635824660000498,-0.7015840342418516,-0.042992656289529176,-2.816145251589002,-0.1273592942002676,2.277113847516925,0.7956820289034883
30.5,0.03333333333333333,915,915,takeover,cartesian_freedrive,0.953516521910304,0.03533375935053752,0.052097243216666395,-0.7088299007739548,-0.04809729719426075,-2.821520503974083,-0.1318210194609855,2.275567148004532,0.7881788585361009
30.533333333333335,0.03333333333333333,916,916,takeover,cartesian_freedrive,0.9526050811634472,0.03555194751621002,0.047747684172157766,-0.716027306875268,-0.053237667582119994,-2.826816750530583,-0.13635035793160882,2.2740110529921105,0.7806259308952606
30.566666666666666,0.03333333333333333,917,917,takeover,cartesian_freedrive,0.9516936404165904,0.03577013568767767,0.043309546935682564,-0.7231737302626238,-0.058414354853267965,-2.8320332093042238,-0.14094639641732726,2.2724473643430723,0.7730222622926869
30.6,0.03333333333333333,918,918,takeover,cartesian_freedrive,0.9507821996697337,0.03598832548053363,0.038782895205008036,-0.7302664496941825,-0.06362790631147985,-2.8371690905962814,-0.1456087269914376,2.2708767532511875,0.7653675205913901
30.633333333333333,0.03333333333333333,919,919,takeover,cartesian_freedrive,0.9498707589228769,0.03620651425658952,0.03416772157751016,-0.7373029521378709,-0.06887887942554709,-2.8422235970565812,-0.15033564834975266,2.269302913284024,0.7576599427912759
30.666666666666668,0.03333333333333333,920,920,takeover,cartesian_freedrive,0.9489593181760201,0.036424702474565064,0.029464221723637475,-0.7442804608124161,-0.07416783416944014,-2.847195924609,-0.1551262694287914,2.26772772961485,0.7498987722767833
30.7,0.03333333333333333,921,921,takeover,cartesian_freedrive,0.9480478774291633,0.03664289054769482,0.024672682759578683,-0.7511961038121163,-0.07949532625119862,-2.8520852628195428,-0.15997975738951428,2.266152978342974,0.7420833970143825
30.733333333333334,0.03333333333333333,922,922,takeover,cartesian_freedrive,0.9471364366823065,0.036861078601824554,0.01979346735089619,-0.7580469485157435,-0.08486190544942201,-2.856890795314538,-0.16489519450414655,2.264580659652722,0.7342131869641003
30.766666666666666,0.03333333333333333,923,923,takeover,cartesian_freedrive,0.9462249959354497,0.03707926663839397,0.014827024517382208,-0.7648300007797422,-0.09026811434630723,-2.861611700272948,-0.16987159553780848,2.263012970746672,0.7262875124202636
30.8,0.03333333333333333,924,924,takeover,cartesian_freedrive,0.945313555188593,0.037297454660667514,0.009773895999333274,-0.7715421939743414,-0.09571448693833876,-2.8662471511176935,-0.17490796294563282,2.2614521680898965,0.7183058140160845
30.833333333333332,0.03333333333333333,925,925,takeover,cartesian_freedrive,0.9444021144417362,0.037515642677365166,0.004634720499483901,-0.7781803903269269,-0.10120154680264698,-2.8707963167961457,-0.18000329150015357,2.259900556378027,0.7102676107544077
30.866666666666667,0.03333333333333333,926,926,takeover,cartesian_freedrive,0.9434906736948794,0.03773383070247611,-0.0005897641258924842,-0.7847413828397032,-0.10672980602656318,-2.8752583624211785,-0.18515657249271641,2.258360469540323,0.7021725094952833
30.9,0.03333333333333333,927,927,takeover,cartesian_freedrive,0.9425792329480226,0.037952018726844144,-0.0058987194163996936,-0.791221906082739,-0.11229976333541884,-2.8796324497868513,-0.1903667613973227,2.2568343564480133,0.6940201669093475
30.933333333333334,0.03333333333333333,928,928,takeover,cartesian_freedrive,0.9416677922011658,0.038170206757872784,-0.011291200963994361,-0.7976186300056733,-0.11791190315596117,-2.8839177380820353,-0.19563281889579354,2.255324667918532,0.685810343485813
30.966666666666665,0.03333333333333333,929,929,takeover,cartesian_freedrive,0.9416677922011658,0.0386606348454579,-0.008658185164685481,-0.79664484150384,-0.11746441363361408,-2.882548168265739,-0.18936453100842704,2.253890107160294,0.6909719429528902
31.0,0.03333333333333333,930,930,takeover,cartesian_freedrive,0.9416677922011658,0.03915138397092463,-0.005959401741320368,-0.7955532134128965,-0.11695215616061176,-2.881122042657341,-0.1830212543823236,2.2525389341971755,0.6962577317696075
31.033333333333335,0.03333333333333333,931,931,takeover,cartesian_freedrive,0.9416677922011658,0.039642133478470315,-0.0032727735162267893,-0.7944634390981121,-0.11645042770075854,-2.8797168540599563,-0.17668769563510459,2.2512468884447916,0.7015420112298402
31.066666666666666,0.03333333333333333,932,932,takeover,cartesian_freedrive,0.9416677922011658,0.040132882989980724,-0.0005981663136458495,-0.7933760092636278,-0.11595924256223333,-2.8783328081744814,-0.170363807709508,2.2500136367024615,0.706824095820313
31.1,0.03333333333333333,933,933,takeover,cartesian_freedrive,0.9416677922011658,0.04062363250381766,0.0020647816844451697,-0.7922917160568903,-0.11547832898316414,-2.8769703253290952,-0.16404922931647123,2.2488387358165527,0.7121037736085003
31.133333333333333,0.03333333333333333,934,934,takeover,cartesian_freedrive,0.9416677922011658,0.04111438202108607,0.004716419759791361,-0.7912115376003128,-0.11500740626952499,-2.8756298837839944,-0.1577436097292004,2.2477216082358806,0.7173808389125971
31.166666666666668,0.03333333333333333,935,935,takeover,cartesian_freedrive,0.9416677922011658,0.04160513154054239,0.0073573025937237095,-0.7901343231886196,-0.11454613949559414,-2.87431108282451,-0.15144651902771777,2.246662887152234,0.7226553141994372
31.2,0.03333333333333333,936,936,takeover,cartesian_freedrive,0.9416677922011658,0.04209588106332726,0.009987774051776838,-0.7890609357496451,-0.11409425460086524,-2.873014356943447,-0.1451576126364337,2.2456620719819536,0.7279269927933263
31.233333333333334,0.03333333333333333,937,937,takeover,cartesian_freedrive,0.9416677922011658,0.04258663058817357,0.012608240366612766,-0.7879916063843098,-0.11365145607027949,-2.871739868700856,-0.13887651910127544,2.2447190165368562,0.7331957413995528
31.266666666666666,0.03333333333333333,938,938,takeover,cartesian_freedrive,0.9416677922011658,0.043077380116217374,0.01521910653278635,-0.7869265337289238,-0.11321745053211259,-2.8704877662652812,-0.13260287436583382,2.2438335868053616,0.7384614313107185
31.3,0.03333333333333333,939,939,takeover,cartesian_freedrive,0.9416677922011658,0.04356812964619118,0.017820773076727754,-0.785865905472119,-0.11279194549714737,-2.8692581893062306,-0.1263363131144566,2.2430056617796503,0.7437239301619042
31.333333333333332,0.03333333333333333,940,940,takeover,cartesian_freedrive,0.9416677922011658,0.04405887917921848,0.02041363861652911,-0.7848098982881923,-0.11237464988852934,-2.8680512702678485,-0.12007647695722411,2.2422351197847177,0.7489831082261104
31.366666666666667,0.03333333333333333,941,941,takeover,cartesian_freedrive,0.9416677922011658,0.04454962871404035,0.02299809700376804,-0.7837586785540082,-0.11196527397083539,-2.8668671337192726,-0.11382300594463456,2.24152185057004,0.7542388326079004
31.4,0.03333333333333333,942,942,takeover,cartesian_freedrive,0.9416677922011658,0.04504037825175636,0.025574540766370314,-0.7827124020685918,-0.11156352925327122,-2.8657058967560394,-0.10757554655635919,2.2408657434703763,0.7594909724840536
31.433333333333334,0.03333333333333333,943,943,takeover,cartesian_freedrive,0.9416677922011658,0.045531127791124996,0.028143358134862684,-0.781671214941237,-0.111169128739696,-2.8645676689324513,-0.10133374380879215,2.2402666989080675,0.7647393933107255
31.466666666666665,0.03333333333333333,944,944,takeover,cartesian_freedrive,0.9416677922011658,0.04602187733321442,0.030704936051406177,-0.7806352525743792,-0.11078178672482017,-2.863452552030123,-0.09509724830968602,2.23972461643821,0.769983963005129
31.5,0.03333333333333333,945,945,takeover,cartesian_freedrive,0.9416677922011658,0.04664638909192759,0.03087206005256182,-0.7805881322922495,-0.11073522645280899,-2.863410896061281,-0.09469659022117881,2.239703933493109,0.7703473313507758
31.533333333333335,0.03333333333333333,946,946,takeover,cartesian_freedrive,0.9416677922011658,0.04727105849629936,0.031024490951214154,-0.7805518752562838,-0.11069231894415454,-2.8633780401467175,-0.09432706746742243,2.2396838470992497,0.7706839594494778
31.566666666666666,0.03333333333333333,947,947,takeover,cartesian_freedrive,0.9416677922011658,0.04789572808592583,0.031174802464621957,-0.780518417950766,-0.11065221261606575,-2.863347004203403,-0.09395927954114651,2.2396631585338036,0.7710170005769151
31.6,0.03333333333333333,948,948,takeover,cartesian_freedrive,0.9416677922011658,0.04852039767606797,0.03132857621947843,-0.7804835307455883,-0.11060687315482615,-2.8633142919341754,-0.09358868783355638,2.239642007011656,0.7713563631671937
31.633333333333333,0.03333333333333333,949,949,takeover,cartesian_freedrive,0.9416677922011658,0.04874818964207947,0.03133097356486122,-0.7804823425210582,-0.11060482483930711,-2.863313216783583,-0.0935845143577689,2.2396417758137193,0.7713614852416482
31.666666666666668,0.03333333333333333,950,950,takeover,cartesian_freedrive,0.9416677922011658,0.04897551368142107,0.031332521340525464,-0.7804814082943669,-0.11060335192600061,-2.8633124044264253,-0.09358210002903744,2.239641682602304,0.7713646559603902
31.7,0.03333333333333333,951,951,takeover,cartesian_freedrive,0.9416677922011658,0.04920283716904697,0.03133394479475119,-0.7804805526436323,-0.11060212561878854,-2.863311681504728,-0.09357977358978033,2.239641618180662,0.7713675340607132
31.733333333333334,0.03333333333333333,952,952,takeover,cartesian_freedrive,0.9416677922011658,0.04943016065600716,0.031335255257122094,-0.7804797645379986,-0.11060108886653866,-2.8633110330835345,-0.09357753412036415,2.239641574859769,0.7713701846653902
31.766666666666666,0.03333333333333333,953,953,takeover,cartesian_freedrive,0.9416677922011658,0.04951270831555096,0.03133646530971376,-0.7804790414143055,-0.11059965684175935,-2.863310420419323,-0.09357638184347342,2.239641575248727,0.771372103692178
31.8,0.03333333333333333,954,954,takeover,cartesian_freedrive,0.9416677922011658,0.049595085281706475,0.03133741088295262,-0.7804783798479086,-0.11059839153943422,-2.8633098716724334,-0.09357557634008055,2.239641597397132,0.77137369230097
31.833333333333332,0.03333333333333333,955,955,takeover,cartesian_freedrive,0.9416677922011658,0.049677462046595414,0.031338164067903865,-0.7804777788224767,-0.11059733575229047,-2.8633093880934286,-0.09357494932191293,2.2396416376928143,0.7713750132158426
31.866666666666667,0.03333333333333333,956,956,takeover,cartesian_freedrive,0.9416677922011658,0.04975983881123365,0.031338775661239625,-0.7804772341932562,-0.11059646616387608,-2.863308964052026,-0.0935744420991909,2.2396416928809466,0.7713761070544388
31.9,0.03333333333333333,957,957,takeover,cartesian_freedrive,0.9416677922011658,0.049789771264942495,0.03133928332168769,-0.7804767409875039,-0.11059574673479412,-2.8633085929063844,-0.09357403365727722,2.2396417597514264,0.7713770008004878
31.933333333333334,0.03333333333333333,958,958,takeover,cartesian_freedrive,0.9416677922011658,0.049819641885834785,0.031339701924599256,-0.7804762940943939,-0.11059515745755578,-2.86330826783744,-0.09357369877610759,2.2396418351274723,0.7713777350599812
31.966666666666665,0.03333333333333333,959,959,takeover,cartesian_freedrive,0.9416677922011658,0.04984951243381721,0.031340047628561324,-0.7804758889493881,-0.1105946758466058,-2.8633079828992773,-0.09357342283488934,2.2396419165349077,0.7713783384575907
32.0,0.03333333333333333,960,960,takeover,cartesian_freedrive,0.9416677922011658,0.04987938298170731,0.031340332246918935,-0.7804755207809861,-0.1105942822021485,-2.8633077330113745,-0.09357319573741595,2.2396420012409797,0.7713788357127547
32.03333333333333,0.03333333333333333,961,961,takeover,cartesian_freedrive,0.9416677922011658,0.04989024008799459,0.031340570904423506,-0.7804751867833138,-0.11059395964507317,-2.8633075135312858,-0.09357300903356124,2.239642088381165,0.7713792410760868
32.06666666666667,0.03333333333333333,962,962,takeover,cartesian_freedrive,0.9416677922011658,0.04990107477708022,0.03134076873137562,-0.7804748830110403,-0.11059369658561165,-2.8633073206454145,-0.09357285508305035,2.23964217594088,0.7713795737706344
32.1,0.03333333333333333,963,963,takeover,cartesian_freedrive,0.9416677922011658,0.049911909439731936,0.0313409323539944,-0.7804746063644966,-0.11059348211797466,-2.8633071508688746,-0.09357272828869118,2.239642262656995,0.7713798474243284
32.13333333333333,0.03333333333333333,964,964,takeover,cartesian_freedrive,0.9416677922011658,0.049922744102349224,0.031341070406773495,-0.7804743556499721,-0.11059330823117144,-2.8633070009131507,-0.0935726222744882,2.2396423491980473,0.771380069975553
32.166666666666664,0.03333333333333333,965,965,takeover,cartesian_freedrive,0.9427607190415106,0.049967063308928666,0.028175292404040764,-0.7787997049352028,-0.11577944564373485,-2.862934271294904,-0.09498529463729817,2.237699496226795,0.766564894470252
32.2,0.03333333333333333,966,966,takeover,cartesian_freedrive,0.9438536458818554,0.050011422013540044,0.024977523880620408,-0.7770239549152027,-0.12100152519594136,-2.8624917393651894,-0.09643064349277276,2.235759893153507,0.761707947541405
32.233333333333334,0.03333333333333333,967,967,takeover,cartesian_freedrive,0.9449465727222002,0.050055780767722796,0.021776387665908493,-0.7751619775787885,-0.12621343991635475,-2.861988559709083,-0.09789127709253108,2.233833933668541,0.7568578697687736
32.266666666666666,0.03333333333333333,968,968,takeover,cartesian_freedrive,0.946039499562545,0.05010013952473796,0.01857356384449263,-0.7732134142118107,-0.13141482189569986,-2.8614246257236875,-0.09936613696774875,2.231922191906568,0.7520152372637927
32.3,0.03333333333333333,969,969,takeover,cartesian_freedrive,0.9471324264028897,0.050144498284069985,0.015370539452511892,-0.7711787761771982,-0.13660559170501416,-2.860800064810721,-0.10085433407089488,2.23002454660361,0.7471803509833919
32.333333333333336,0.03333333333333333,970,970,takeover,cartesian_freedrive,0.9482253532432345,0.0501888570453891,0.012168679601993687,-0.7690583985586614,-0.14178556031149694,-2.860114950737339,-0.10235485475702326,2.228141001276087,0.7423534122739268
32.36666666666667,0.03333333333333333,971,971,takeover,cartesian_freedrive,0.9493182800835793,0.05023321580936933,0.008969452633798761,-0.7668520506376294,-0.1469546585406915,-2.8593691707892965,-0.10386672762642667,2.2262719414408294,0.7375346499754826
32.4,0.03333333333333333,972,972,takeover,cartesian_freedrive,0.9504112069239241,0.050277574575636856,0.0057742806092171695,-0.7645599845831555,-0.1521127868923621,-2.858562764150311,-0.10538898023121833,2.2244174337783518,0.7327242916909619
32.43333333333333,0.03333333333333333,973,973,takeover,cartesian_freedrive,0.9504112069239241,0.05024882804099522,0.0052010238008971124,-0.764231310397243,-0.15302715343110176,-2.858465431585794,-0.10581247489081418,2.2240970326112426,0.7316747953700248
32.46666666666667,0.03333333333333333,974,974,takeover,cartesian_freedrive,0.9504112069239241,0.050219995264922254,0.004643579827734447,-0.7638988127424281,-0.15391805854554508,-2.8583687898808656,-0.10622919801343005,2.2237949913549295,0.7306478708294425
32.5,0.03333333333333333,975,975,takeover,cartesian_freedrive,0.9504112069239241,0.05019116238698787,0.004087426052210611,-0.7635638742674942,-0.1548066031298445,-2.858271017085846,-0.10664534050223769,2.223494220309288,0.7296236864582739
32.53333333333333,0.03333333333333333,976,976,takeover,cartesian_freedrive,0.9504112069239241,0.05016232950894338,0.0035313592938025634,-0.7632263965993511,-0.1556947362906086,-2.8581714943316276,-0.10706184263160663,2.223194111178265,0.7285998500694129
32.56666666666667,0.03333333333333333,977,977,takeover,cartesian_freedrive,0.9504112069239241,0.05014917864354558,0.0035269171596180073,-0.7632218882707675,-0.15570221534694711,-2.8581703330201327,-0.1070652335048978,2.22319247140202,0.7285914100300737
32.6,0.03333333333333333,978,978,takeover,cartesian_freedrive,0.9504112069239241,0.050136046258933656,0.0035249520287941867,-0.7632190303314335,-0.155705661102349,-2.8581696873509768,-0.10706673966179783,2.2231920984391147,0.7285876079084422
32.63333333333333,0.03333333333333333,979,979,takeover,cartesian_freedrive,0.9504112069239241,0.05012291389578767,0.003521319275104425,-0.763214452674542,-0.1557120858973926,-2.8581678060474203,-0.10706965721241961,2.223191929622021,0.7285802647943161
32.666666666666664,0.03333333333333333,980,980,takeover,cartesian_freedrive,0.9504112069239241,0.050109781533051276,0.0035194569738326666,-0.7632119993783699,-0.15571531218114815,-2.858167253946762,-0.10707107755667965,2.22319146266761,0.7285766803731943
32.7,0.03333333333333333,981,981,takeover,cartesian_freedrive,0.9504112069239241,0.05010505902922434,0.0035180529850788334,-0.7632103881496736,-0.15571786752589245,-2.858166166926394,-0.10707227008533578,2.2231917151409992,0.7285736568464117
32.733333333333334,0.03333333333333333,982,982,takeover,cartesian_freedrive,0.9504112069239241,0.05010034644087978,0.003516936260326668,-0.7632089782519923,-0.15571996692647125,-2.8581651701882063,-0.10707323817306107,2.2231920722019347,0.7285711622420025
32.766666666666666,0.03333333333333333,983,983,takeover,cartesian_freedrive,0.9504112069239241,0.050095633864254537,0.003516038675483766,-0.7632076939289804,-0.15572169910751374,-2.858164304138042,-0.10707402449832668,2.223192458365421,0.7285691125810154
32.8,0.03333333333333333,984,984,takeover,cartesian_freedrive,0.9504112069239241,0.050090921287660906,0.0035153164375511772,-0.7632065180172537,-0.15572313017752895,-2.8581635536957695,-0.10707466432816351,2.223192856218754,0.7285674286390168
32.833333333333336,0.03333333333333333,985,985,takeover,cartesian_freedrive,0.9504112069239241,0.05008922628013428,0.003514738009252799,-0.7632054442786,-0.15572430988757296,-2.858162898735369,-0.10707518406003405,2.223193260854725,0.7285660487126575
32.86666666666667,0.03333333333333333,986,986,takeover,cartesian_freedrive,0.9504112069239241,0.05008753483038912,0.0035142762952946453,-0.7632044606652978,-0.15572528378039271,-2.8581623279642407,-0.10707560560647235,2.2231936621951567,0.7285649172915555
32.9,0.03333333333333333,987,987,takeover,cartesian_freedrive,0.9504112069239241,0.05008584338484817,0.0035139082324271657,-0.7632035591214199,-0.155726088483237,-2.8581618289790947,-0.10707594776144472,2.2231940551409792,0.7285639899604592
32.93333333333333,0.03333333333333333,988,988,takeover,cartesian_freedrive,0.9504112069239241,0.05008415193931996,0.003513615370983612,-0.7632027325882841,-0.15572675388336446,-2.8581613912989923,-0.10707622573965557,2.223194436193983,0.7285632302525898
32.96666666666667,0.03333333333333333,989,989,takeover,cartesian_freedrive,0.9504112069239241,0.05008353980320558,0.003513384931118681,-0.7632019743968435,-0.15572730546820907,-2.858161006646148,-0.10707645015499213,2.2231948022588863,0.7285626061516715
33.0,0.03333333333333333,990,990,takeover,cartesian_freedrive,0.9504112069239241,0.050082928939622004,0.003513203491996596,-0.7632012789631781,-0.15572776302535946,-2.858160667112479,-0.1070766319356043,2.2231951520877926,0.7285620942810812
33.03333333333333,0.03333333333333333,991,991,takeover,cartesian_freedrive,0.9504112069239241,0.050082318077543056,0.0035130611191759044,-0.7632006410053133,-0.15572814285913114,-2.8581603665086113,-0.10707677943893716,2.2231954847636337,0.7285616747849245
33.06666666666667,0.03333333333333333,992,992,takeover,cartesian_freedrive,0.9504112069239241,0.05008170721546936,0.0035129520399462193,-0.7632000553183902,-0.15572845942443478,-2.858160100179178,-0.107076897639725,2.223195799036846,0.7285613290789544
33.1,0.03333333333333333,993,993,takeover,cartesian_freedrive,0.9504112069239241,0.05008148475223943,0.0035128666564672177,-0.7631995181798709,-0.15572872271093927,-2.8581598626322515,-0.10707699418692054,2.2231960959854433,0.728561046753115
33.13333333333333,0.03333333333333333,994,994,takeover,cartesian_freedrive,0.9504112069239241,0.050081262746941274,0.0035128047502065293,-0.7631990244273475,-0.1557289437609612,-2.858159651715567,-0.10707706980604206,2.2231963737952767,0.7285608119318435
33.166666666666664,0.03333333333333333,995,995,takeover,cartesian_freedrive,0.9504112069239241,0.05008104074218471,0.003512760224929792,-0.7631985708268307,-0.15572912994666058,-2.8581594631314693,-0.10707712914086344,2.2231966333999376,0.728560616943266
33.2,0.03333333333333333,996,996,takeover,cartesian_freedrive,0.9504112069239241,0.05008081873743035,0.0035127246992345527,-0.7631981552446235,-0.15572928498750066,-2.858159292673823,-0.10707717922497523,2.2231968775797224,0.7285604594140389
33.233333333333334,0.03333333333333333,997,997,takeover,cartesian_freedrive,0.9504112069239241,0.05008073686028561,0.003512698937366601,-0.7631977736853703,-0.15572941474289023,-2.85815913976371,-0.10707722002957781,2.2231971057060136,0.7285603304701672
33.266666666666666,0.03333333333333333,998,998,takeover,cartesian_freedrive,0.9504112069239241,0.05008065514835433,0.003512673497401323,-0.7631974370153405,-0.15572954264679986,-2.8581589976536113,-0.10707722963667475,2.223197333785714,0.7285602379292382
33.3,0.03333333333333333,999,999,takeover,cartesian_freedrive,0.9504112069239241,0.05008057343662149,0.0035126736737778486,-0.7631971043636847,-0.15572961956405226,-2.858158883932498,-0.10707727146103241,2.223197520793388,0.7285601372016197
33.333333333333336,0.03333333333333333,1000,1000,takeover,cartesian_freedrive,0.9504112069239241,0.050080491724885046,0.0035126646326181974,-0.763196820022607,-0.1557297147855493,-2.858158768539567,-0.10707727093250566,2.2231977163587087,0.7285600717376232
33.36666666666667,0.03333333333333333,1001,1001,takeover,cartesian_freedrive,0.9513002111545461,0.05008052705507435,0.001740249407494904,-0.7635464392536282,-0.15927306709111194,-2.8556500259118915,-0.11069540682055058,2.221388144783601,0.7209857373115116
33.4,0.03333333333333333,1002,1002,takeover,cartesian_freedrive,0.9521892153851681,0.05008056277824847,-2.3644722999659605e-05,-0.7638646429061022,-0.1628561968639503,-2.8530971353204566,-0.1143186463668615,2.219586295170794,0.7133461745445253
33.43333333333333,0.03333333333333333,1003,1003,takeover,cartesian_freedrive,0.9530782196157901,0.050080598503974075,-0.0017566260426102357,-0.764144670431739,-0.1664411918507495,-2.8505203360630023,-0.11791844211243989,2.217815057570501,0.7057047982758919
33.46666666666667,0.03333333333333333,1004,1004,takeover,cartesian_freedrive,0.9539672238464121,0.050080634229075674,-0.003458423540249797,-0.7643868555056682,-0.17002776686817475,-2.8479198781034736,-0.12149444832091853,2.2160742961821467,0.6980621430517278
33.5,0.03333333333333333,1005,1005,takeover,cartesian_freedrive,0.9548562280770341,0.05008066995351358,-0.005128942022375361,-0.7645916329449698,-0.17361590702391563,-2.8452958883518646,-0.12504650537594073,2.214363662086716,0.6904183206442028
33.53333333333333,0.03333333333333333,1006,1006,takeover,cartesian_freedrive,0.9557452323076561,0.05008070567726549,-0.00676809199780747,-0.7647594366380877,-0.1772056011030591,-2.8426484904406353,-0.12857445504723777,2.212682802736379,0.6827734344751427
33.56666666666667,0.03333333333333333,1007,1007,takeover,cartesian_freedrive,0.9566342365382781,0.05008074139250446,-0.008375787328897143,-0.7648906981222077,-0.18079684034176582,-2.8399778050657396,-0.132078142237919,2.211031363278577,0.6751275846892033
33.6,0.03333333333333333,1008,1008,takeover,cartesian_freedrive,0.9575232407689,0.05008077711469819,-0.009951951616727333,-0.7649858469927664,-0.18438961377312935,-2.8372839518448973,-0.1355574051459144,2.2094089909092394,0.6674808634884607
33.63333333333333,0.03333333333333333,1009,1009,takeover,cartesian_freedrive,0.9575232407689,0.050050710432190414,-0.009982550949460654,-0.7649890602735493,-0.18446015312780187,-2.837236994268142,-0.13561910683818412,2.2093806507126077,0.6673397716291793
33.666666666666664,0.03333333333333333,1010,1010,takeover,cartesian_freedrive,0.9575232407689,0.050020608151134335,-0.010000247736785883,-0.7649925657451468,-0.18450393315941632,-2.837207736401054,-0.13565948240237052,2.209364617766035,0.6672473095731627
33.7,0.03333333333333333,1011,1011,takeover,cartesian_freedrive,0.9575232407689,0.04999050582746614,-0.010018495736394724,-0.7649961348340534,-0.18454859499400741,-2.8371783475796466,-0.13570024906738698,2.209348388162679,0.6671538226404188
33.733333333333334,0.03333333333333333,1012,1012,takeover,cartesian_freedrive,0.9575232407689,0.04996040350374334,-0.010036862571133476,-0.764999730229766,-0.18459345326282134,-2.837148920504333,-0.13574111048865692,2.2093320995234764,0.6670600900842896
33.766666666666666,0.03333333333333333,1013,1013,takeover,cartesian_freedrive,0.9575232407689,0.04994865547618961,-0.010038466502763372,-0.7649996296085403,-0.18459635220076823,-2.8371475626385028,-0.13574264712629366,2.2093309752931445,0.6670560984494623
33.8,0.03333333333333333,1014,1014,takeover,cartesian_freedrive,0.9575232407689,0.049936929087819715,-0.01003971429535412,-0.764999532033838,-0.18459857930269108,-2.837146526495677,-0.1357437791709731,2.2093301031946404,0.6670531118526974
33.833333333333336,0.03333333333333333,1015,1015,takeover,cartesian_freedrive,0.9575232407689,0.0499252027249822,-0.010040740589217778,-0.7649994502675311,-0.1846004258662639,-2.8371456468870324,-0.13574473388569275,2.209329373490448,0.6670506019380072
33.86666666666667,0.03333333333333333,1016,1016,takeover,cartesian_freedrive,0.9575232407689,0.04991347636219404,-0.010041588733709033,-0.7649993819706076,-0.18460196447532237,-2.8371448957283163,-0.13574554574291964,2.209328760414446,0.6670484786822045
33.9,0.03333333333333333,1017,1017,takeover,cartesian_freedrive,0.9575232407689,0.049909913601084,-0.010042334625548651,-0.7649993014563811,-0.18460327378639144,-2.8371442925931474,-0.1357461572907953,2.2093282361301356,0.6670468115521666
33.93333333333333,0.03333333333333333,1018,1018,takeover,cartesian_freedrive,0.9575232407689,0.04990636046502714,-0.010042945619405896,-0.7649992292331876,-0.18460434287862232,-2.8371437958690398,-0.13574664888433566,2.209327803337016,0.6670454632438032
33.96666666666667,0.03333333333333333,1019,1019,takeover,cartesian_freedrive,0.9575232407689,0.04990280734033101,-0.010043440781011997,-0.764999166154688,-0.18460521183732,-2.8371433854412413,-0.13574704669781387,2.209327447520705,0.6670443675261676
34.0,0.03333333333333333,1020,1020,takeover,cartesian_freedrive,0.9575232407689,0.04989925421565854,-0.01004384247429588,-0.7649991113320569,-0.18460591750820768,-2.8371430456840603,-0.13574736952462643,2.2093271554965694,0.6670434773976331
34.03333333333333,0.03333333333333333,1021,1021,takeover,cartesian_freedrive,0.9575232407689,0.049897964655575736,-0.010044168189932609,-0.7649990633772176,-0.1846064911926041,-2.8371427646914493,-0.1357476303426763,2.2093269156425084,0.6670427547400011
34.06666666666667,0.03333333333333333,1022,1022,takeover,cartesian_freedrive,0.9575232407689,0.0498966777642841,-0.010044432147600452,-0.7649990215335846,-0.18460695704138183,-2.8371425319877868,-0.13574784161688563,2.209326718915315,0.6670421679150073
34.1,0.03333333333333333,1023,1023,takeover,cartesian_freedrive,0.9575232407689,0.049895390876144495,-0.010044645465537062,-0.7649989848963779,-0.1846073354549269,-2.8371423393205597,-0.13574801243497606,2.2093265574767145,0.6670416908321182
34.13333333333333,0.03333333333333333,1024,1024,takeover,cartesian_freedrive,0.9575232407689,0.04989410398801306,-0.010044818671476803,-0.7649989529104264,-0.18460764255946643,-2.837142179432914,-0.135748151135739,2.209326425346971,0.6670413037928641
34.166666666666664,0.03333333333333333,1025,1025,takeover,cartesian_freedrive,0.9575232407689,0.049893636791710314,-0.010044959025196844,-0.7649989248412746,-0.18460789195970412,-2.8371420468649617,-0.13574826339125687,2.2093263171496242,0.6670409896815498
34.2,0.03333333333333333,1026,1026,takeover,cartesian_freedrive,0.9575232407689,0.049893170561842226,-0.010045071489374835,-0.7649989000044514,-0.18460809491371868,-2.8371419371819204,-0.13574835342605596,2.209326228218711,0.6670407334644195
34.233333333333334,0.03333333333333333,1027,1027,takeover,cartesian_freedrive,0.9575232407689,0.0498927043331161,-0.010045165311006923,-0.764998878668449,-0.1846082586805804,-2.8371418452016806,-0.13574842832858736,2.20932615652575,0.6670405282357903
34.266666666666666,0.03333333333333333,1028,1028,takeover,cartesian_freedrive,0.9575232407689,0.0498922381043932,-0.010045239468772614,-0.7649988595074569,-0.18460839191594616,-2.8371417696042096,-0.13574848789333474,2.2093260974553894,0.6670403601741157
34.3,0.03333333333333333,1029,1029,takeover,cartesian_freedrive,0.9575232407689,0.04989197756760488,-0.01004529757599567,-0.7649988422575927,-0.1846085007990105,-2.8371417072615537,-0.13574853477291815,2.2093260485375064,0.667040221810419
34.333333333333336,0.03333333333333333,1030,1030,takeover,cartesian_freedrive,0.9575232407689,0.04989171727333304,-0.010045358280610144,-0.764998835954364,-0.18460860342972937,-2.837141650773004,-0.13574855675843472,2.2093260192849296,0.6670401286671024
34.36666666666667,0.03333333333333333,1031,1031,takeover,cartesian_freedrive,0.9575232407689,0.049891456979347625,-0.01004538485338122,-0.7649988158191371,-0.18460866028750011,-2.837141613958602,-0.13574860216939302,2.2093259805532,0.6670400244025634
34.4,0.03333333333333333,1032,1032,takeover,cartesian_freedrive,0.9575232407689,0.049891196685363425,-0.010045426077985996,-0.7649988098707386,-0.18460872580137658,-2.8371415742052237,-0.135748619889775,2.209325961596137,0.6670399638454021
34.43333333333333,0.03333333333333333,1033,1033,takeover,cartesian_freedrive,0.9588305359441716,0.04991427712005622,-0.012147669196648227,-0.7616130405126463,-0.19056905518499426,-2.8317564061945455,-0.13586032111403853,2.205368259270872,0.661285864551662
34.46666666666667,0.03333333333333333,1034,1034,takeover,cartesian_freedrive,0.9601378311194431,0.04993738526764899,-0.014207783708174168,-0.7581112410084897,-0.19654503691995637,-2.8262412109601556,-0.1359410066364755,2.2013654916147583,0.6555164157305208
34.5,0.03333333333333333,1035,1035,takeover,cartesian_freedrive,0.9614451262947146,0.049960493420602464,-0.016209044413227555,-0.7545367101226698,-0.20248668663816388,-2.820655348776116,-0.13598370677002286,2.1973463056905604,0.6497845697056546
34.53333333333333,0.03333333333333333,1036,1036,takeover,cartesian_freedrive,0.9627524214699861,0.04998360158858444,-0.018151470306900886,-0.7508913685994981,-0.20839408685717267,-2.815000050704942,-0.13598790275625217,2.1933104484407697,0.6440899859391321
34.56666666666667,0.03333333333333333,1037,1037,takeover,cartesian_freedrive,0.9640597166452576,0.05000670975234066,-0.020035208554354946,-0.7471766427162033,-0.21426769619383912,-2.809276047811393,-0.13595316866092172,2.189257548204056,0.6384319485719965
34.6,0.03333333333333333,1038,1038,takeover,cartesian_freedrive,0.9653670118205291,0.05002981793858132,-0.02186045853547743,-0.7433939135220747,-0.22010797975092078,-2.8034840581405027,-0.13587908942660953,2.185187267211708,0.6328097184620407
34.63333333333333,0.03333333333333333,1039,1039,takeover,cartesian_freedrive,0.9666743069958006,0.05005292609761791,-0.023627468601321797,-0.7395445137048658,-0.2259154217647732,-2.7976247816520203,-0.13576528733105625,2.181099237510726,0.6272225601313502
34.666666666666664,0.03333333333333333,1040,1040,takeover,cartesian_freedrive,0.9679816021710721,0.05007603425358214,-0.025336524100641068,-0.735629737948766,-0.2316905089715564,-2.7916989056016264,-0.13561138859635144,2.176993163560446,0.6216697053794631
34.7,0.03333333333333333,1041,1041,takeover,cartesian_freedrive,0.9692888973463436,0.05009914242443074,-0.02698796618469713,-0.7316508284293183,-0.23743373473256343,-2.785707100868058,-0.13541705519829222,2.1728686883011625,0.6161504018642945
34.733333333333334,0.03333333333333333,1042,1042,takeover,cartesian_freedrive,0.9705961925216151,0.050122250587773066,-0.028582163302727313,-0.7276089858279754,-0.24314560961980475,-2.7796500250602496,-0.13518196335697533,2.1687255032009958,0.610663876254715
34.766666666666666,0.03333333333333333,1043,1043,takeover,cartesian_freedrive,0.9719034876968866,0.05014535877154117,-0.030119531269297447,-0.7235053615023674,-0.24882664338711658,-2.773528318912795,-0.13490581292565906,2.1645632759514015,0.605209357658128
34.8,0.03333333333333333,1044,1044,takeover,cartesian_freedrive,0.9732107828721581,0.05016846692395098,-0.031600508266539415,-0.7193410638560351,-0.2544773688274954,-2.767342605545607,-0.1345883200920009,2.1603817144733055,0.5997860608170458
34.833333333333336,0.03333333333333333,1045,1045,takeover,cartesian_freedrive,0.9745180780474296,0.05019157512011041,-0.03302558803972512,-0.7151171508246909,-0.2600983025634855,-2.7610934977804704,-0.1342292143956982,2.156180493162408,0.5943932027242869
34.86666666666667,0.03333333333333333,1046,1046,takeover,cartesian_freedrive,0.9758253732227011,0.05021468328070394,-0.03439526814781699,-0.7108346382360883,-0.26568999787122644,-2.754781585390757,-0.13382824731373605,2.151959338282452,0.5890299854111903
34.9,0.03333333333333333,1047,1047,takeover,cartesian_freedrive,0.9771326683979726,0.05023779142787889,-0.03571008869825173,-0.7064944926582444,-0.27125299719654244,-2.7484074444640334,-0.13338518490760637,2.147717953719212,0.5836956143492329
34.93333333333333,0.03333333333333333,1048,1048,takeover,cartesian_freedrive,0.9784399635732441,0.05026089959156552,-0.036970630957243164,-0.7020976335973214,-0.27678784648028876,-2.7419716379159467,-0.1328997984350713,2.1434560445114608,0.5783892897167987
34.96666666666667,0.03333333333333333,1049,1049,takeover,cartesian_freedrive,0.9784399635732441,0.050247428790832244,-0.03733874262752298,-0.7005539487175719,-0.27926135208383146,-2.739038466253601,-0.13296268557140853,2.141902746590023,0.5752986905056768
35.0,0.03333333333333333,1050,1050,takeover,cartesian_freedrive,0.9784399635732441,0.05023391492106122,-0.037689117573084845,-0.6990194838003085,-0.2817080579383768,-2.7361285440177108,-0.13301673119509255,2.140373287970928,0.572233229943296
35.03333333333333,0.03333333333333333,1051,1051,takeover,cartesian_freedrive,0.9784399635732441,0.05022040099541297,-0.038027032261757465,-0.6974727626003201,-0.28415042264162904,-2.733206294279565,-0.13305988205182964,2.138841572242043,0.5691721271305136
35.06666666666667,0.03333333333333333,1052,1052,takeover,cartesian_freedrive,0.9784399635732441,0.05020688705566654,-0.03835314611174595,-0.6959166498657815,-0.2865880737781596,-2.7302730231023538,-0.1330924368185859,2.137306011929148,0.5661155611537945
35.1,0.03333333333333333,1053,1053,takeover,cartesian_freedrive,0.9784399635732441,0.05020794338882738,-0.03835553939787696,-0.6958972482801049,-0.28661330300713556,-2.730242008078665,-0.13309264669846305,2.137292332950252,0.5660845027955859
35.13333333333333,0.03333333333333333,1054,1054,takeover,cartesian_freedrive,0.9784399635732441,0.05020901702055718,-0.03835669211153118,-0.6958867246990676,-0.28662606685382885,-2.730226032448951,-0.13309260373518797,2.1372860021994713,0.5660687785479133
35.166666666666664,0.03333333333333333,1055,1055,takeover,cartesian_freedrive,0.9784399635732441,0.05021009067354497,-0.0383576323435188,-0.6958794175987701,-0.2866363895754914,-2.7302138269146896,-0.13309230948961226,2.137280474169449,0.5660560057910946
35.2,0.03333333333333333,1056,1056,takeover,cartesian_freedrive,0.9784399635732441,0.050211164326736335,-0.03835929802399512,-0.6958699468538061,-0.2866496282847621,-2.73019765662688,-0.1330925889019586,2.1372728471022095,0.5660394860867495
35.233333333333334,0.03333333333333333,1057,1057,takeover,cartesian_freedrive,0.9784399635732441,0.050211724581769854,-0.038359557342515255,-0.6958679037609973,-0.28665143916809727,-2.730194789692078,-0.1330928288800673,2.1372718159071624,0.5660372303411914
35.266666666666666,0.03333333333333333,1058,1058,takeover,cartesian_freedrive,0.9784399635732441,0.05021228423254147,-0.03835970708466448,-0.6958660732237867,-0.2866528701297125,-2.730192365277792,-0.1330929845381478,2.137271049822755,0.5660354622977137
35.3,0.03333333333333333,1059,1059,takeover,cartesian_freedrive,0.9784399635732441,0.050212843882627686,-0.038359777880060855,-0.6958644073900305,-0.28665404178290244,-2.730190267022293,-0.13309307522924474,2.1372704697376137,0.5660340284630906
35.333333333333336,0.03333333333333333,1060,1060,takeover,cartesian_freedrive,0.9784399635732441,0.05021340353273217,-0.038359791408404044,-0.6958628931094768,-0.2866550069427616,-2.7301884472428184,-0.1330931178909571,2.1372700383582717,0.5660328599482566
35.36666666666667,0.03333333333333333,1061,1061,takeover,cartesian_freedrive,0.9784399635732441,0.050213665850632305,-0.03835976454268304,-0.6958615185020389,-0.2866557935540507,-2.7301868747214457,-0.1330931303841265,2.1372697321018306,0.5660319186585387
35.4,0.03333333333333333,1062,1062,takeover,cartesian_freedrive,0.9784399635732441,0.05021392781798561,-0.03835970831953976,-0.6958602730666053,-0.28665643865970797,-2.7301855144219838,-0.13309311839673643,2.137269525271861,0.5660311575930509
35.43333333333333,0.03333333333333333,1063,1063,takeover,cartesian_freedrive,0.9784399635732441,0.050214189784936344,-0.03835963194442915,-0.6958591456146113,-0.2866569705514397,-2.7301843365043728,-0.13309308855762658,2.137269396331205,0.5660305398434312
35.46666666666667,0.03333333333333333,1064,1064,takeover,cartesian_freedrive,0.9784399635732441,0.050214451751895414,-0.03835954292563854,-0.6958581256626393,-0.28665741132485195,-2.730183315169028,-0.13309304673395728,2.1372693280513384,0.566030036611367
35.5,0.03333333333333333,1065,1065,takeover,cartesian_freedrive,0.9784399635732441,0.05021456554011716,-0.038359446844605294,-0.6958572033336234,-0.2866577784498272,-2.730182428528356,-0.1330929974052772,2.1372693063566364,0.5660296251073604
35.53333333333333,0.03333333333333333,1066,1066,takeover,cartesian_freedrive,0.9784399635732441,0.05021467915363936,-0.038359348052699346,-0.6958563697591555,-0.286658085762383,-2.7301816576224183,-0.13309294413379422,2.1372693202499353,0.5660292874240417
35.56666666666667,0.03333333333333333,1067,1067,takeover,cartesian_freedrive,0.9784399635732441,0.050214792766960406,-0.03835924942639062,-0.6958556165044584,-0.2866583444107193,-2.730180986567851,-0.1330928892574357,2.137269360479702,0.5660290090851534
35.6,0.03333333333333333,1068,1068,takeover,cartesian_freedrive,0.9784399635732441,0.05021490638028529,-0.038359153544981504,-0.6958549364920751,-0.28665856298581543,-2.730180401239713,-0.1330928350616903,2.137269420648695,0.5660287791222802
35.63333333333333,0.03333333333333333,1069,1069,takeover,cartesian_freedrive,0.9784399635732441,0.050214952257533085,-0.038359061577154706,-0.6958543225222636,-0.28665874868020924,-2.7301798903663244,-0.13309278250394457,2.1372694946492854,0.5660285882360916
35.666666666666664,0.03333333333333333,1070,1070,takeover,cartesian_freedrive,0.9784399635732441,0.05021499805492148,-0.03835897402571202,-0.6958537679080512,-0.28665890745841927,-2.730179444229719,-0.13309273190123985,2.1372695772572032,0.5660284287319275
35.7,0.03333333333333333,1071,1071,takeover,cartesian_freedrive,0.9784399635732441,0.0502150438522181,-0.03835889198412764,-0.6958532675869384,-0.2866590436334136,-2.730179053526242,-0.13309268437905308,2.137269665888325,0.5660282952592754
35.733333333333334,0.03333333333333333,1072,1072,takeover,cartesian_freedrive,0.9784399635732441,0.05021508964951636,-0.03835881494608952,-0.6958528154331576,-0.28665916138595615,-2.730178711710812,-0.13309263933120835,2.1372697563344154,0.5660281824276941
35.766666666666666,0.03333333333333333,1073,1073,takeover,cartesian_freedrive,0.9784399635732441,0.050215112071264376,-0.03835874342238929,-0.6958524070179237,-0.28665926209683346,-2.730178411865141,-0.13309259884716196,2.1372698472893172,0.5660280872761436
35.8,0.03333333333333333,1074,1074,takeover,cartesian_freedrive,0.9784399635732441,0.0502151344654536,-0.03835867771122459,-0.6958520387106486,-0.2866593489125045,-2.730178148257804,-0.13309256217102391,2.137269937803833,0.5660280071863417
35.833333333333336,0.03333333333333333,1075,1075,takeover,cartesian_freedrive,0.9784399635732441,0.05021515685961159,-0.038358618027543305,-0.6958517072867412,-0.2866594236945647,-2.730177916001156,-0.13309252957507137,2.1372700277026553,0.5660279401035464
35.86666666666667,0.03333333333333333,1076,1076,takeover,cartesian_freedrive,0.9784399635732441,0.0502151792537703,-0.038358563035075066,-0.6958514079561919,-0.28665948878759945,-2.730177712423884,-0.1330924996330105,2.1372701141582064,0.5660278830273275
35.9,0.03333333333333333,1077,1077,takeover,cartesian_freedrive,0.9797874658499164,0.050216843203409085,-0.039383350364270604,-0.6955529395056305,-0.2892405997583975,-2.7270400412485842,-0.13562564244106193,2.1359509098138014,0.5604576731990061
35.93333333333333,0.03333333333333333,1078,1078,takeover,cartesian_freedrive,0.9811349681265886,0.05021850890149346,-0.040390596926894395,-0.6952118795264778,-0.2918537876739299,-2.72385299044297,-0.1381515409215905,2.1346439303226536,0.5548364339830463
35.96666666666667,0.03333333333333333,1079,1079,takeover,cartesian_freedrive,0.9824824704032609,0.0502201746026887,-0.04137192404636677,-0.6948447038150275,-0.29447126346862595,-2.7206493494308295,-0.140653790559463,2.133359630712904,0.5492096781062299
36.0,0.03333333333333333,1080,1080,takeover,cartesian_freedrive,0.9838299726799331,0.05022184029725067,-0.042327851494168504,-0.6944542589570616,-0.2970923593324787,-2.7174308014396633,-0.14313253881847904,2.132096798682429,0.5435780922842013
36.03333333333333,0.03333333333333333,1081,1081,takeover,cartesian_freedrive,0.9851774749566053,0.050223505989820436,-0.04325802012056022,-0.6940386800652135,-0.2997175211683745,-2.714196205012919,-0.14558751147289342,2.1308560524418603,0.53794140396643
36.06666666666667,0.03333333333333333,1082,1082,takeover,cartesian_freedrive,0.9865249772332776,0.050225171680081074,-0.04416292018399898,-0.6936002673099182,-0.30234634924241516,-2.7109467875034943,-0.14801890847403343,2.1296362841686123,0.532299950029149
36.1,0.03333333333333333,1083,1083,takeover,cartesian_freedrive,0.9878724795099498,0.05022683738073286,-0.04504242086708043,-0.6931382600499103,-0.30497906670563335,-2.707682039162503,-0.15042657559014153,2.1284376586233082,0.526653614988784
36.13333333333333,0.03333333333333333,1084,1084,takeover,cartesian_freedrive,0.9892199817866221,0.050228503056530885,-0.04589636758390112,-0.6926518531590979,-0.30761592035225493,-2.7044014202935793,-0.15281035711233124,2.127260348872921,0.5210022771755428
36.166666666666664,0.03333333333333333,1085,1085,takeover,cartesian_freedrive,0.9905674840632943,0.05023016874060774,-0.04672525429837895,-0.6921432709488707,-0.31025651259489545,-2.7011061194859542,-0.15517044087602527,2.126103281123949,0.5153462553340721
36.2,0.03333333333333333,1086,1086,takeover,cartesian_freedrive,0.9919149863399666,0.050231834422496666,-0.04752894647888612,-0.6916117813893272,-0.3129010717953687,-2.6977956405063863,-0.15750667508535007,2.124966601346993,0.509685433754801
36.233333333333334,0.03333333333333333,1087,1087,takeover,cartesian_freedrive,0.9932624886166388,0.05023350010213616,-0.048307297668034904,-0.6910566276389423,-0.31554983814772425,-2.694469467056876,-0.1598188975984046,2.1238504650797285,0.5040196853898598
36.266666666666666,0.03333333333333333,1088,1088,takeover,cartesian_freedrive,0.994609990893311,0.05023516577957593,-0.04906078902827828,-0.6904799170214605,-0.3182024330508958,-2.6911287303027054,-0.16210728998247043,2.1227538413777904,0.49834931443881064
36.3,0.03333333333333333,1089,1089,takeover,cartesian_freedrive,0.9959574931699833,0.050236831436854215,-0.04978928985769674,-0.6898809544421183,-0.3208590835594148,-2.6877729518832196,-0.16437170197088166,2.121676846775699,0.4926742064341381
36.333333333333336,0.03333333333333333,1090,1090,takeover,cartesian_freedrive,0.9973049954466555,0.05023849712203029,-0.05049286291155732,-0.6892599382874331,-0.3235198239406933,-2.684402164465852,-0.1666120745154523,2.1206192693165065,0.48699436358341935
36.36666666666667,0.03333333333333333,1091,1091,takeover,cartesian_freedrive,0.9986524977233278,0.050240162791845774,-0.051171369253033484,-0.688616163005931,-0.326184896779923,-2.681015871054903,-0.16882824837986238,2.1195812110944847,0.4813096603584823
36.4,0.03333333333333333,1092,1092,takeover,cartesian_freedrive,1.0,0.05024182844813729,-0.05182527199648207,-0.6879516320636451,-0.3288539357018905,-2.67761516095036,-0.17102040360620985,2.118561705978233,0.4756203885613083
36.43333333333333,0.03333333333333333,1093,1093,takeover,cartesian_freedrive,1.0,0.05019246903160035,-0.05184732768925096,-0.687940930221503,-0.3289552321285269,-2.6775035225467834,-0.17109374259789006,2.118536596300785,0.4754111667755753
36.46666666666667,0.03333333333333333,1094,1094,takeover,cartesian_freedrive,1.0,0.05014304991631681,-0.05186458479644704,-0.6879334687259205,-0.32903999878854967,-2.6774097294889474,-0.17115471473213217,2.118518513902457,0.4752337605124023
36.5,0.03333333333333333,1095,1095,takeover,cartesian_freedrive,1.0,0.05009363073375133,-0.05188173337259343,-0.6879262319119203,-0.32912437830634167,-2.6773163658176005,-0.17121554562749797,2.1185006244583,0.4750568958023655
36.53333333333333,0.03333333333333333,1096,1096,takeover,cartesian_freedrive,1.0,0.050044211551159665,-0.05189887130061206,-0.6879190590118824,-0.32920872818389857,-2.677223066388428,-0.1712763605022893,2.118482748141956,0.4748800646809244
36.56666666666667,0.03333333333333333,1097,1097,takeover,cartesian_freedrive,1.0,0.05002666814582156,-0.05189915010451516,-0.687917141895431,-0.32921117189469434,-2.677220041831275,-0.1712771027143554,2.11848218257492,0.4748764255497643
36.6,0.03333333333333333,1098,1098,takeover,cartesian_freedrive,1.0,0.05000916234066471,-0.051899257328720194,-0.6879154179849323,-0.3292128970589782,-2.677217723421262,-0.17127747670845847,2.1184818539264647,0.47487399821512327
36.63333333333333,0.03333333333333333,1099,1099,takeover,cartesian_freedrive,1.0,0.04999165657994664,-0.05189930068555313,-0.6879138445353643,-0.32921437031077505,-2.6772156482346237,-0.17127779518866018,2.1184816249657485,0.47487188712477046
36.666666666666664,0.03333333333333333,1100,1100,takeover,cartesian_freedrive,1.0,0.049974150819301996,-0.05189930160392652,-0.6879124106317144,-0.32921564609817,-2.6772137818786246,-0.1712780756206735,2.1184814713057007,0.4748700228990878
36.7,0.03333333333333333,1101,1101,takeover,cartesian_freedrive,1.0,0.04996706946368755,-0.051899338734942936,-0.687911011532663,-0.3292167866593208,-2.67721223863934,-0.17127818388258717,2.118481318494198,0.4748686316350548
36.733333333333334,0.03333333333333333,1102,1102,takeover,cartesian_freedrive,1.0,0.04996000039869047,-0.05189932924051113,-0.6879097260110755,-0.32921772232755353,-2.6772109026044695,-0.17127822919508848,2.1184812320464923,0.4748675290006523
36.766666666666666,0.03333333333333333,1103,1103,takeover,cartesian_freedrive,1.0,0.0499529313482051,-0.051899280024586804,-0.6879085550002656,-0.3292184854166205,-2.6772097380576385,-0.17127823619287158,2.118481202432284,0.4748666444412956
36.8,0.03333333333333333,1104,1104,takeover,cartesian_freedrive,1.0,0.049945862297751775,-0.05189920414618454,-0.6879074913753683,-0.3292191101303716,-2.6772087207045225,-0.17127821783051958,2.118481216320425,0.4748659314116515
36.833333333333336,0.03333333333333333,1105,1105,takeover,cartesian_freedrive,1.0,0.04994430554785292,-0.0518991139284855,-0.6879065265750829,-0.3292196252925858,-2.6772078310218492,-0.1712781815270701,2.1184812624332197,0.4748653580055176
36.86666666666667,0.03333333333333333,1106,1106,takeover,cartesian_freedrive,1.0,0.049942755297067876,-0.05189901366947118,-0.687905652550795,-0.3292200515263143,-2.6772070527301715,-0.171278133779038,2.1184813309003143,0.47486489280090133
36.9,0.03333333333333333,1107,1107,takeover,cartesian_freedrive,1.0,0.0499412050539536,-0.0518989091140261,-0.6879048621536634,-0.3292204059696036,-2.6772063705768554,-0.17127807984095197,2.1184814152497737,0.4748645138034123
36.93333333333333,0.03333333333333333,1108,1108,takeover,cartesian_freedrive,1.0,0.049939654810854786,-0.051898803629333724,-0.6879041478084913,-0.3292207026345033,-2.677205772400197,-0.1712780225577432,2.118481509260305,0.4748642030630561
36.96666666666667,0.03333333333333333,1109,1109,takeover,cartesian_freedrive,1.0,0.049939104886366645,-0.05189870152263313,-0.6879035035486004,-0.32922095196913576,-2.6772052462881306,-0.17127796557067215,2.118481610313148,0.4748639486260521
37.0,0.03333333333333333,1110,1110,takeover,cartesian_freedrive,1.0,0.04993855614127679,-0.05189860315567456,-0.6879029222889368,-0.3292211628105214,-2.677204784166051,-0.17127790949616353,2.1184817137983756,0.47486373837626084
37.03333333333333,0.03333333333333333,1111,1111,takeover,cartesian_freedrive,1.0,0.049938007397581065,-0.05189850897437478,-0.6879023977592317,-0.3292213425529521,-2.6772043782404187,-0.17127785452857788,2.1184818162120944,0.4748635629352194
37.06666666666667,0.03333333333333333,1112,1112,takeover,cartesian_freedrive,1.0,0.04993745865389065,-0.051898421144306935,-0.6879019258132794,-0.32922149596586087,-2.677204019925302,-0.17127780311222246,2.118481917855693,0.4748634168372044
37.1,0.03333333333333333,1113,1113,takeover,cartesian_freedrive,1.0,0.04993726298199528,-0.05189833966244723,-0.687901500973057,-0.3292216276852958,-2.677203703989666,-0.17127775515183505,2.11848201674961,0.4748632945581886
37.13333333333333,0.03333333333333333,1114,1114,takeover,cartesian_freedrive,1.0,0.04993706772638032,-0.05189826449559025,-0.6879011188044011,-0.3292217411834943,-2.6772034252062893,-0.17127771088393753,2.1184821120755,0.4748631917102496
37.166666666666664,0.03333333333333333,1115,1115,takeover,cartesian_freedrive,1.0,0.04993687247125786,-0.05189819497805121,-0.6879007746966819,-0.32922183972043717,-2.677203179514878,-0.17127766962441363,2.1184822022972924,0.47486310429288753
37.2,0.03333333333333333,1116,1116,takeover,cartesian_freedrive,1.0,0.049936677216137204,-0.051898129686545544,-0.687900463793483,-0.3292219265818392,-2.6772029636432446,-0.17127762964821197,2.118482284803002,0.4748630282219621
37.233333333333334,0.03333333333333333,1117,1117,takeover,cartesian_freedrive,1.0,0.049984678676617794,-0.051409193155383795,-0.6831783306612104,-0.33589100915471776,-2.670150351756288,-0.1693169036889302,2.1194089833895235,0.4680012432555833
37.266666666666666,0.03333333333333333,1118,1118,takeover,cartesian_freedrive,1.0,0.050032736111107375,-0.050809996232314136,-0.6783369525592136,-0.34261698115531924,-2.6629538810340385,-0.1672270062863371,2.120298339202464,0.46107627344171603
37.3,0.03333333333333333,1119,1119,takeover,cartesian_freedrive,1.0,0.050080793618753824,-0.05011113066937191,-0.6734550937426621,-0.3493413410001361,-2.6556915174862987,-0.165019910971557,2.121134491681636,0.4541476235578951
37.333333333333336,0.03333333333333333,1120,1120,takeover,cartesian_freedrive,1.0,0.05012885114829163,-0.04931403300125077,-0.668534395777009,-0.3560643586867986,-2.6483643971952926,-0.162695958281684,2.121916382753075,0.44721492026013104
37.36666666666667,0.03333333333333333,1121,1121,takeover,cartesian_freedrive,1.0,0.050176908708081586,-0.04842000387635753,-0.6635755487224665,-0.36278676799934495,-2.6409729221525566,-0.16025537922625582,2.1226431673554282,0.44027737362503294
37.4,0.03333333333333333,1122,1122,takeover,cartesian_freedrive,1.0,0.050224966198265775,-0.04743035173444143,-0.6585791468865557,-0.36950933159416616,-2.6335174534119283,-0.15769840678698585,2.1233139820217537,0.4333342081597911
37.43333333333333,0.03333333333333333,1123,1123,takeover,cartesian_freedrive,1.0,0.05027302424045209,-0.04634640142216129,-0.6535457265960611,-0.3762328228516012,-2.6259983263209383,-0.1550251803426605,2.123928199490452,0.42638457665283647
37.46666666666667,0.03333333333333333,1124,1124,takeover,cartesian_freedrive,1.0,0.05032108337696133,-0.04516946366608956,-0.6484757393972376,-0.38295803776672604,-2.618415846989537,-0.1522358464084981,2.124485164684837,0.4194276548254884
37.5,0.03333333333333333,1125,1125,takeover,cartesian_freedrive,1.0,0.05036914184076978,-0.04390083590975321,-0.6433694784611961,-0.3896857655030435,-2.610770297912991,-0.14933077148984727,2.124983522858104,0.4124628612365557
37.53333333333333,0.03333333333333333,1126,1126,takeover,cartesian_freedrive,1.0,0.050417199751114875,-0.04254181769197352,-0.638227224644086,-0.396416864016919,-2.603061923577488,-0.146310102778292,2.1254225435771565,0.4054894123219444
37.56666666666667,0.03333333333333333,1127,1127,takeover,cartesian_freedrive,1.0,0.05046525772354127,-0.04109374990014704,-0.633049185666781,-0.4031521510958753,-2.5952909485021682,-0.1431739207840548,2.1258015732739333,0.39850649694994345
37.6,0.03333333333333333,1128,1128,takeover,cartesian_freedrive,1.0,0.05051331560656165,-0.03955793359943125,-0.627835474263515,-0.40989251377246794,-2.587457561622399,-0.1399223525786956,2.1261198055166814,0.3915133669855714
37.63333333333333,0.03333333333333333,1129,1129,takeover,cartesian_freedrive,1.0,0.05056137353295521,-0.037935722545279264,-0.6225861218901265,-0.41663880154259475,-2.579561933863359,-0.13655547207860783,2.1263764345846723,0.38450926594033313
37.666666666666664,0.03333333333333333,1130,1130,takeover,cartesian_freedrive,1.0,0.050609431420558446,-0.036228388709363325,-0.6173010846727577,-0.42339193841239914,-2.571604188503002,-0.13307336678369575,2.1265706547857697,0.37749345353173436
37.7,0.03333333333333333,1131,1131,takeover,cartesian_freedrive,1.0,0.05065748929586897,-0.03443725968342828,-0.6119802360399392,-0.4301528303777859,-2.5635844340777014,-0.12947606634759404,2.1267016428271144,0.37046518416985275
37.733333333333334,0.03333333333333333,1132,1132,takeover,cartesian_freedrive,1.0,0.050705546836081083,-0.032563656559300436,-0.6066233616910726,-0.4369224176965973,-2.555502745836675,-0.12576359604281367,2.1267684917427796,0.36342373805236167
37.766666666666666,0.03333333333333333,1133,1133,takeover,cartesian_freedrive,1.0,0.05067829724767223,-0.03146681376784039,-0.6044432181031657,-0.44025835738954455,-2.5510369600858027,-0.12395995012217206,2.1260217132141372,0.3592776821795004
37.8,0.03333333333333333,1134,1134,takeover,cartesian_freedrive,1.0,0.05065095831447659,-0.030365015240709413,-0.6023017667924959,-0.4435627931615,-2.5466012761916503,-0.12214883101330504,2.125251015804757,0.3551621031693338
37.833333333333336,0.03333333333333333,1135,1135,takeover,cartesian_freedrive,1.0,0.05062361927390886,-0.029244219460296653,-0.6001474590675712,-0.4468693821435344,-2.5421490756653125,-0.1203125749104596,2.12446651209727,0.3510464554924566
37.86666666666667,0.03333333333333333,1136,1136,takeover,cartesian_freedrive,1.0,0.05059628033885246,-0.02810439666006729,-0.5979797084415561,-0.4501785467594224,-2.5376798746231657,-0.11845102149105681,2.123668219704567,0.34693038929383063
37.9,0.03333333333333333,1137,1137,takeover,cartesian_freedrive,1.0,0.050580261726357344,-0.028091963345867926,-0.5979538033162153,-0.450215510744931,-2.5376300266157723,-0.11843198495366307,2.123657936880228,0.34688478057785344
37.93333333333333,0.03333333333333333,1138,1138,takeover,cartesian_freedrive,1.0,0.05056425665194528,-0.02808614357317347,-0.5979426076044382,-0.45023170707156057,-2.537607771981095,-0.1184226436048452,2.1236540043278542,0.3468647151315371
37.96666666666667,0.03333333333333333,1139,1139,takeover,cartesian_freedrive,1.0,0.05054825159889211,-0.028080506741367382,-0.597931803233866,-0.45024783759565973,-2.5375858880615447,-0.11841346005695684,2.123650037974844,0.34684468551938247
38.0,0.03333333333333333,1140,1140,takeover,cartesian_freedrive,1.0,0.05053224654589551,-0.02807493638402335,-0.5979211687597789,-0.45026394173766915,-2.537564135601476,-0.11840433079331956,2.1236460398168377,0.3468246677766148
38.03333333333333,0.03333333333333333,1141,1141,takeover,cartesian_freedrive,1.0,0.05052658059354795,-0.028074290435885125,-0.5979185977976944,-0.4502656479503311,-2.537561189983108,-0.11840368418531105,2.1236455435478967,0.34682271970226014
38.06666666666667,0.03333333333333333,1142,1142,takeover,cartesian_freedrive,1.0,0.050520926835668556,-0.028073679297555273,-0.597916270321995,-0.4502670341028868,-2.5375586387356375,-0.11840309835495634,2.1236451923946094,0.3468211666341792
38.1,0.03333333333333333,1143,1143,takeover,cartesian_freedrive,1.0,0.050515273092207325,-0.028073089170744466,-0.5979141385597024,-0.45026821807114614,-2.537556360084285,-0.11840254132421991,2.1236449380014397,0.34681985968344936
38.13333333333333,0.03333333333333333,1144,1144,takeover,cartesian_freedrive,1.0,0.050509619348781704,-0.02807252790585521,-0.5979121912433791,-0.45026923873737945,-2.5375543229123547,-0.1184020172640918,2.1236447586925906,0.3468187484891232
38.166666666666664,0.03333333333333333,1145,1145,takeover,cartesian_freedrive,1.0,0.050507617598265754,-0.028072009769646657,-0.5979104002842491,-0.4502701103018108,-2.537552518214917,-0.11840154885656588,2.123644634386074,0.3468178188192119
38.2,0.03333333333333333,1146,1146,takeover,cartesian_freedrive,1.0,0.050505620153535075,-0.028071529274923214,-0.5979087701779957,-0.45027086029452923,-2.5375509130298086,-0.11840112131900345,2.123644558981685,0.3468170320299856
38.233333333333334,0.03333333333333333,1147,1147,takeover,cartesian_freedrive,1.0,0.05050362271389314,-0.02807108486205506,-0.5979072913792589,-0.4502715101300678,-2.5375494849576485,-0.11840072969995985,2.1236445210161574,0.346816360299914
38.266666666666666,0.03333333333333333,1148,1148,takeover,cartesian_freedrive,1.0,0.05050162527426738,-0.028070675905025655,-0.5979059524404572,-0.4502720763858158,-2.537548214048325,-0.1184003719063827,2.1236445114348816,0.34681578280857134
38.3,0.03333333333333333,1149,1149,takeover,cartesian_freedrive,1.0,0.050500909324068144,-0.028070301294977146,-0.597904741451041,-0.4502725724426728,-2.5375470830621643,-0.1184000456694113,2.1236445223989686,0.3468152835627467
38.333333333333336,0.03333333333333333,1150,1150,takeover,cartesian_freedrive,1.0,0.050500194884776195,-0.028069959535645606,-0.597903647696089,-0.4502730085432382,-2.5375460758778563,-0.1183997494963676,2.123644548857674,0.3468148496535291
38.36666666666667,0.03333333333333333,1151,1151,takeover,cartesian_freedrive,1.0,0.05049948044727193,-0.02806964844099562,-0.5979026605999407,-0.45027339338624417,-2.5375451789562917,-0.11839948097445167,2.123644585932032,0.3468144705364324
38.4,0.03333333333333333,1152,1152,takeover,cartesian_freedrive,1.0,0.05049876600977525,-0.028069365846330206,-0.5979017704107021,-0.45027373412807803,-2.537544380028271,-0.11839923782002193,2.1236446299529352,0.3468141377613629
38.43333333333333,0.03333333333333333,1153,1153,takeover,cartesian_freedrive,1.0,0.05049877049941423,-0.02806911092898384,-0.5979009670564596,-0.4502740330423064,-2.537543667937067,-0.11839902193462798,2.1236446805575495,0.34681384836286183
38.46666666666667,0.03333333333333333,1154,1154,takeover,cartesian_freedrive,1.0,0.050498775836685675,-0.028068880316557094,-0.5979002430146503,-0.4502742966150752,-2.5375430341114606,-0.11839882806722128,2.1236447344061045,0.3468135955440384
38.5,0.03333333333333333,1155,1155,takeover,cartesian_freedrive,1.0,0.050498781174960206,-0.02806867150447012,-0.59789959096047,-0.45027452972887994,-2.537542470143232,-0.11839865329733038,2.1236447891965637,0.346813373734307
38.53333333333333,0.03333333333333333,1156,1156,takeover,cartesian_freedrive,1.0,0.05049878651323962,-0.028068483461085505,-0.5978990045671255,-0.45027473583348876,-2.537541967412179,-0.11839849690220114,2.1236448450966625,0.3468131793469457
38.56666666666667,0.03333333333333333,1157,1157,takeover,cartesian_freedrive,1.0,0.050498800508744224,-0.02806831299820581,-0.5978984782822679,-0.450274921985758,-2.537541519866923,-0.1183983527317942,2.1236448982904172,0.3468130052073856
38.6,0.03333333333333333,1158,1158,takeover,cartesian_freedrive,1.0,0.050498814514458534,-0.028068159492237496,-0.5978980056573928,-0.45027508919190123,-2.5375411203627927,-0.11839822260073264,2.1236449493770353,0.34681284931523376
38.63333333333333,0.03333333333333333,1159,1159,takeover,cartesian_freedrive,1.0,0.050498828520187,-0.02806802153901303,-0.5978975810392869,-0.45027523925350804,-2.537540763627454,-0.11839810573249625,2.1236449980650276,0.3468127097969865
38.666666666666664,0.03333333333333333,1160,1160,takeover,cartesian_freedrive,1.0,0.050498842525917395,-0.02806789770886764,-0.5978971995711452,-0.4502753738855791,-2.537540444976366,-0.11839800099291165,2.123645044247468,0.34681258497232165
38.7,0.03333333333333333,1161,1161,takeover,cartesian_freedrive,0.9993369013406652,0.05051184938451352,-0.026018929255415647,-0.5928103313602553,-0.4530918685012155,-2.5356532768748408,-0.11653138199253209,2.1269564424855467,0.34380853675684947
38.733333333333334,0.03333333333333333,1162,1162,takeover,cartesian_freedrive,0.9986738026813304,0.05052487166422561,-0.023931184043648628,-0.5876483620536566,-0.455948535200637,-2.5337136048742814,-0.11460428532963046,2.1302814234366054,0.34074519130542846
38.766666666666666,0.03333333333333333,1163,1163,takeover,cartesian_freedrive,0.9980107040219957,0.05053789396074003,-0.02182694536490487,-0.5824781280404658,-0.4588138395427655,-2.531751871627546,-0.11263483739432412,2.133583388710606,0.3376526272832975
38.8,0.03333333333333333,1164,1164,takeover,cartesian_freedrive,0.9973476053626609,0.05055091625399362,-0.019706500385149452,-0.5773002775372854,-0.461687482183956,-2.5297684602802377,-0.11062269482304343,2.1368617920934456,0.3345307688176727
38.833333333333336,0.03333333333333333,1165,1165,takeover,cartesian_freedrive,0.9966845067033261,0.05056393854166324,-0.017569927306953507,-0.572114763257166,-0.46456944816952606,-2.5277633890502464,-0.10856732981960622,2.140116388625664,0.33137926723921496
38.86666666666667,0.03333333333333333,1166,1166,takeover,cartesian_freedrive,0.9960214080439913,0.05057696082873418,-0.015417310035997271,-0.5669215246527374,-0.46745971914585605,-2.5257366706956423,-0.10646820626807299,2.1433469375644707,0.32819776676653695
38.9,0.03333333333333333,1167,1167,takeover,cartesian_freedrive,0.9953583093846565,0.050589983112506016,-0.013248740789382516,-0.5617204930227697,-0.47035827112974476,-2.523688316230768,-0.10432478356968716,2.1465531889910747,0.3249859091167622
38.93333333333333,0.03333333333333333,1168,1168,takeover,cartesian_freedrive,0.9946952107253217,0.05060300538929852,-0.011064321803980181,-0.5565115915363859,-0.4732650738704057,-2.521618334681336,-0.1021365153638655,2.1497348894903925,0.3217433322364686
38.96666666666667,0.03333333333333333,1169,1169,takeover,cartesian_freedrive,0.994032112065987,0.05061602766597267,-0.008864162984586277,-0.5512947362718991,-0.47618009050095583,-2.519526732931223,-0.09990284799251642,2.1528917881993506,0.3184696684548167
39.0,0.03333333333333333,1170,1170,takeover,cartesian_freedrive,0.9933690134066522,0.05062904993635994,-0.006648385071709503,-0.5460698344107572,-0.4791032774427137,-2.5174135160731064,-0.09762322366950787,2.1560236220301734,0.31516454838718144
39.03333333333333,0.03333333333333333,1171,1171,takeover,cartesian_freedrive,0.9927059147473174,0.050642072204696895,-0.004417117980243894,-0.5408367854538572,-0.48203458349714967,-2.515278686855303,-0.0952970777674343,2.1591301299776338,0.31182759761624745
39.06666666666667,0.03333333333333333,1172,1172,takeover,cartesian_freedrive,0.9920428160879826,0.05065509446982734,-0.0021705023746054915,-0.5355954802659114,-0.4849739504606605,-2.513122245861498,-0.09292384009323551,2.16221104480535,0.3084584385604639
39.1,0.03333333333333333,1173,1173,takeover,cartesian_freedrive,0.9913797174286478,0.05066811672880163,9.130657919791876e-05,-0.5303458006330521,-0.48792130956217156,-2.5109441918830013,-0.0905029338436795,2.165266090484155,0.30505668986205065
39.13333333333333,0.03333333333333333,1174,1174,takeover,cartesian_freedrive,0.990716618769313,0.05068113898643296,0.0023681506314604537,-0.5250876209711222,-0.4908765883071023,-2.508744520028927,-0.08803377745258363,2.168294994497157,0.30162196583596207
39.166666666666664,0.03333333333333333,1175,1175,takeover,cartesian_freedrive,0.9900535201099783,0.05069416123799347,0.004659849124949236,-0.5198208053225649,-0.4938396995843459,-2.5065232247059273,-0.08551578214497516,2.171297471394502,0.298153878549279
39.2,0.03333333333333333,1176,1176,takeover,cartesian_freedrive,0.9893904214506435,0.05070718348752466,0.0069662156967965705,-0.5145452097124282,-0.4968105505239262,-2.504280296260543,-0.08294835358510096,2.174273235914276,0.2946520348485416
39.233333333333334,0.03333333333333333,1177,1177,takeover,cartesian_freedrive,0.9893904214506435,0.05070108349869358,0.007038454121269159,-0.514310631024812,-0.4969043247782453,-2.504214524241458,-0.08288277864375401,2.174357891997334,0.29455636018050085
39.266666666666666,0.03333333333333333,1178,1178,takeover,cartesian_freedrive,0.9893904214506435,0.05069496089660403,0.007093044722682118,-0.5141221720815095,-0.49697324080545985,-2.5041680466280507,-0.08283649428861972,2.1744164817020755,0.29448833792223156
39.3,0.03333333333333333,1179,1179,takeover,cartesian_freedrive,0.9893904214506435,0.05068883826569238,0.007147441211081206,-0.5139342514218762,-0.4970418977243205,-2.5041219378748942,-0.08279038901257157,2.174474921301348,0.2944205751308574
39.333333333333336,0.03333333333333333,1180,1180,takeover,cartesian_freedrive,0.9893904214506435,0.05068271563476737,0.007201825881751847,-0.513746370355432,-0.49711053226958923,-2.504075850748373,-0.08274426718785904,2.174533337404741,0.2943528146344088
39.36666666666667,0.03333333333333333,1181,1181,takeover,cartesian_freedrive,0.9893904214506435,0.05068048404130933,0.0072031175002649685,-0.5137423506127831,-0.49711210552566637,-2.5040738343743527,-0.08274300490840197,2.174534465442482,0.29435123574548194
39.4,0.03333333333333333,1182,1182,takeover,cartesian_freedrive,0.9893904214506435,0.05067825701764241,0.007204080644323662,-0.5137394213675437,-0.49711326644875325,-2.504072178700446,-0.08274204519770251,2.17453523458699,0.2943500685278559
39.43333333333333,0.03333333333333333,1183,1183,takeover,cartesian_freedrive,0.9893904214506435,0.050676029999289315,0.007204974368085273,-0.5137366915321799,-0.49711434475725885,-2.5040706536270085,-0.0827411587844461,2.1745359430291464,0.2943489842373998
39.46666666666667,0.03333333333333333,1184,1184,takeover,cartesian_freedrive,0.9893904214506435,0.05067380298094974,0.007205806989437382,-0.5137341387437168,-0.49711535004417634,-2.5040692466007064,-0.08274033663677514,2.174536600303357,0.2943479731539019
39.5,0.03333333333333333,1185,1185,takeover,cartesian_freedrive,0.9893904214506435,0.0506730066754878,0.00720654898283986,-0.5137319420294417,-0.4971162582909915,-2.50406784871102,-0.08273956450262138,2.174537262022502,0.29434706364248453
39.53333333333333,0.03333333333333333,1186,1186,takeover,cartesian_freedrive,0.9893904214506435,0.050672212056810204,0.007207220489932504,-0.5137299729495591,-0.49711707564174185,-2.504066558337579,-0.0827388608862397,2.174537846391058,0.29434624340174403
39.56666666666667,0.03333333333333333,1187,1187,takeover,cartesian_freedrive,0.9893904214506435,0.05067141744012217,0.007207827788942278,-0.5137281980659586,-0.49711781133883676,-2.504065377192824,-0.08273822364275922,2.174538356210268,0.2943455039956972
39.6,0.03333333333333333,1188,1188,takeover,cartesian_freedrive,0.9893904214506435,0.05067062282344209,0.007208376962950444,-0.5137265967395056,-0.49711847389069,-2.504064298038364,-0.08273764698092187,2.1745388007292275,0.29434483716747645
39.63333333333333,0.03333333333333333,1189,1189,takeover,cartesian_freedrive,0.9893904214506435,0.0506703386489393,0.007208872889155544,-0.5137251524197658,-0.49711907065389416,-2.504063312211384,-0.08273712562434266,2.174539189427565,0.2943442362780282
39.666666666666664,0.03333333333333333,1190,1190,takeover,cartesian_freedrive,0.9893904214506435,0.05067005507626217,0.0072093212589176775,-0.5137238491089671,-0.4971196083419579,-2.504062413110586,-0.08273665394571098,2.1745395290194574,0.2943436942161528
39.7,0.03333333333333333,1191,1191,takeover,cartesian_freedrive,0.9893904214506435,0.05066977150429974,0.007209726157880735,-0.5137226728094934,-0.49712009278792085,-2.5040615932879735,-0.08273622792987084,2.17453982670033,0.29434320548753135
39.733333333333334,0.03333333333333333,1192,1192,takeover,cartesian_freedrive,0.9893904214506435,0.05066948793234253,0.007210092147315275,-0.5137216109742145,-0.49712052946394397,-2.504060846600148,-0.08273584271340079,2.174540087638135,0.2943427645029413
39.766666666666666,0.03333333333333333,1193,1193,takeover,cartesian_freedrive,0.9893904214506435,0.05066938590184809,0.007210422909912654,-0.5137206523579513,-0.4971209232454407,-2.504060166867352,-0.08273549433947304,2.174540316695619,0.2943423665843369
39.8,0.03333333333333333,1194,1194,takeover,cartesian_freedrive,0.9893904214506435,0.05066928408539823,0.007210721771398301,-0.5137197868226642,-0.49712127834996683,-2.5040595483162433,-0.08273517947697229,2.1745405181912933,0.29434200750734707
39.833333333333336,0.03333333333333333,1195,1195,takeover,cartesian_freedrive,0.9893904214506435,0.050669182269204166,0.00721099195725409,-0.5137190052387177,-0.49712159868753564,-2.504058985846728,-0.08273489471300037,2.1745406955116238,0.2943416833072516
39.86666666666667,0.03333333333333333,1196,1196,takeover,cartesian_freedrive,0.9893904214506435,0.05066908045301374,0.007211235899969198,-0.5137182993889823,-0.4971218875935022,-2.504058474326977,-0.08273463763774513,2.1745408522031346,0.2943413908424775
39.9,0.03333333333333333,1197,1197,takeover,cartesian_freedrive,0.9893904214506435,0.050669042236473685,0.007211456387151936,-0.5137176618504249,-0.4971221482673833,-2.5040580096173217,-0.08273440520086445,2.1745409905637025,0.2943411268446015
39.93333333333333,0.03333333333333333,1198,1198,takeover,cartesian_freedrive,0.9893904214506435,0.05066900409492153,0.007211655563330034,-0.5137170859868198,-0.4971223834428484,-2.504057587469294,-0.08273419523090064,2.174541113088957,0.29434088860896296
39.96666666666667,0.03333333333333333,1199,1199,takeover,cartesian_freedrive,0.9893904214506435,0.05066896595346011,0.00721183566938013,-0.5137165657874746,-0.49712259570082895,-2.50405720429316,-0.08273400531039883,2.1745412215072815,0.294340673454925
40.0,0.03333333333333333,1200,1200,takeover,cartesian_freedrive,0.9893904214506435,0.05066892781200097,0.007211998767271219,-0.5137160958600827,-0.4971227874330089,-2.504056856747697,-0.08273383315985347,2.174541317205035,0.29434047886686354
40.03333333333333,0.03333333333333333,1201,1201,takeover,cartesian_freedrive,0.9889121979713718,0.05067540380936227,0.00825682804994625,-0.5076391151912935,-0.4986220936614197,-2.503762179503012,-0.08121808506770437,2.17857064187276,0.29500777214382995
40.06666666666667,0.03333333333333333,1202,1202,takeover,cartesian_freedrive,0.9884339744921,0.05068188790912792,0.009338840784173299,-0.5014642128450886,-0.5001462966723196,-2.503415511909794,-0.07963600775995484,2.182627658073018,0.29564479511616304
40.1,0.03333333333333333,1203,1203,takeover,cartesian_freedrive,0.9879557510128283,0.050688372013902555,0.010440764411188285,-0.4952569195041184,-0.5016768082398746,-2.503029607925011,-0.07800606521405834,2.1866688706068165,0.2962568533132894
40.13333333333333,0.03333333333333333,1204,1204,takeover,cartesian_freedrive,0.9874775275335566,0.05069485611707259,0.011562275794373604,-0.4890180093341403,-0.503213279880749,-2.50260465068942,-0.0763276083841683,2.190693449188876,0.2968434474655501
40.166666666666664,0.03333333333333333,1205,1205,takeover,cartesian_freedrive,0.9869993040542848,0.050701340217946644,0.012703218175923634,-0.48274763066688164,-0.5047555519597079,-2.5021406090460694,-0.07459977485640548,2.194700897597897,0.29740392939691945
40.2,0.03333333333333333,1206,1206,takeover,cartesian_freedrive,0.9865210805750131,0.05070782431815318,0.013863421428847727,-0.4764459220112696,-0.5063034509694645,-2.5016374486754263,-0.07282169004322535,2.198690715380933,0.2979376406893801
40.233333333333334,0.03333333333333333,1207,1207,takeover,cartesian_freedrive,0.9860428570957414,0.05071430841439242,0.015042695966496654,-0.4701130176274571,-0.5078567850854431,-2.5010951353199418,-0.07099247053410722,2.202662393111826,0.2984439164253382
40.266666666666666,0.03333333333333333,1208,1208,takeover,cartesian_freedrive,0.9855646336164696,0.050720792510624016,0.016240832055125925,-0.46374904830123226,-0.5094153462825542,-2.5005136346382626,-0.06911121716106813,2.206615419780856,0.29892207925604053
40.3,0.03333333333333333,1209,1209,takeover,cartesian_freedrive,0.9850864101371979,0.05072727660383934,0.01745760011010306,-0.4573541402755182,-0.5109789047668176,-2.4998929121181215,-0.06717702624875496,2.210549272569867,0.2993714490345169
40.333333333333336,0.03333333333333333,1210,1210,takeover,cartesian_freedrive,0.9846081866579262,0.050733760700318736,0.018692748843153577,-0.4509284159545235,-0.5125472134806324,-2.4992329325903464,-0.06518897753638665,2.2144634271028725,0.2997913321587727
40.36666666666667,0.03333333333333333,1211,1211,takeover,cartesian_freedrive,0.9841299631786544,0.0507402447914806,0.019946003511181275,-0.44447199209597055,-0.5141200015537972,-2.498533660498148,-0.0631461476733318,2.2183573440050424,0.30018103355172493
40.4,0.03333333333333333,1212,1212,takeover,cartesian_freedrive,0.9836517396993827,0.05074672891616605,0.021217065943290318,-0.43798498348423764,-0.515696975960521,-2.4977950593822986,-0.06104759704652455,2.2222304963695803,0.3005398437683879
40.43333333333333,0.03333333333333333,1213,1213,takeover,cartesian_freedrive,0.983173516220111,0.05075321300290416,0.022505612312125604,-0.4314674951887781,-0.5172778209104567,-2.497017092496243,-0.05889239004046039,2.2260823058458663,0.30086706152794135
40.46666666666667,0.03333333333333333,1214,1214,takeover,cartesian_freedrive,0.9826952927408392,0.05075969708742386,0.023811290671992155,-0.4249196325862319,-0.5188621945299098,-2.496199721823256,-0.05667956993379001,2.2299122292909406,0.3011619650902737
40.5,0.03333333333333333,1215,1215,takeover,cartesian_freedrive,0.9822170692615675,0.050766181170152434,0.02513372320418744,-0.41834149407613036,-0.520449727705077,-2.495342907870151,-0.05440818133712544,2.233719700404766,0.3014238348573616
40.53333333333333,0.03333333333333333,1216,1216,takeover,cartesian_freedrive,0.9817388457822958,0.05077266525783819,0.02647249751574838,-0.4117331745941189,-0.5220400256883779,-2.494446610582472,-0.052077253203804415,2.237504150721559,0.3016519401025771
40.56666666666667,0.03333333333333333,1217,1217,takeover,cartesian_freedrive,0.9817388457822958,0.05076644020008497,0.027164552725224417,-0.40660019534542796,-0.5228862541305657,-2.4942734967774847,-0.05149158284841525,2.238686009762763,0.30171786612978474
40.6,0.03333333333333333,1218,1218,takeover,cartesian_freedrive,0.9817388457822958,0.05076020015376278,0.027858916322288773,-0.40145906245849405,-0.5237261807103589,-2.494081209413376,-0.05089211546088036,2.239842241667168,0.30177448018195147
40.63333333333333,0.03333333333333333,1219,1219,takeover,cartesian_freedrive,0.9817388457822958,0.05075396009822457,0.028563565230458433,-0.39628865936633667,-0.5245673634925325,-2.4938632129235137,-0.05026339445396262,2.240995721445494,0.3018177913248482
40.666666666666664,0.03333333333333333,1220,1220,takeover,cartesian_freedrive,0.9817388457822958,0.05074772003148788,0.029278378827717406,-0.39108874706878444,-0.5254096650232293,-2.4936193139620135,-0.04960485858667036,2.2421463595882916,0.301847404935035
40.7,0.03333333333333333,1221,1221,takeover,cartesian_freedrive,0.9817388457822958,0.05074640146771593,0.029286193363991943,-0.3910358998475116,-0.5254185973167959,-2.4936144926563606,-0.049595769257257186,2.24216032577439,0.30184627671466285
40.733333333333334,0.03333333333333333,1222,1222,takeover,cartesian_freedrive,0.9817388457822958,0.05074508847186965,0.029288243240586487,-0.391017332709495,-0.5254219125117648,-2.493614033411061,-0.049593580777253225,2.2421639733953618,0.3018465848673552
40.766666666666666,0.03333333333333333,1223,1223,takeover,cartesian_freedrive,0.9817388457822958,0.05074377547767921,0.029291788726621238,-0.39099483871898033,-0.5254258796138624,-2.4936122478676674,-0.04958965347823119,2.242170168038236,0.30184634188160536
40.8,0.03333333333333333,1224,1224,takeover,cartesian_freedrive,0.9817388457822958,0.05074246248373983,0.029295124368085967,-0.390972919187206,-0.5254298629345641,-2.493610654424519,-0.04958590774879068,2.242176004848106,0.3018460038503179
40.833333333333336,0.03333333333333333,1225,1225,takeover,cartesian_freedrive,0.9817388457822958,0.050742023472529804,0.0292961614754228,-0.39096995838871784,-0.5254306485910138,-2.4936094822974235,-0.04958453699275994,2.2421775311639256,0.301845161983873
40.86666666666667,0.03333333333333333,1226,1226,takeover,cartesian_freedrive,0.9817388457822958,0.0507415854894364,0.02929706932494962,-0.39096738094334144,-0.5254314059678455,-2.493608379692369,-0.04958330481280657,2.2421788097195234,0.3018443059039142
40.9,0.03333333333333333,1227,1227,takeover,cartesian_freedrive,0.9817388457822958,0.05074114750753875,0.02929787252565766,-0.3909650567643399,-0.5254321362610119,-2.4936073398552985,-0.04958219176518786,2.2421799016777024,0.3018434630608479
40.93333333333333,0.03333333333333333,1228,1228,takeover,cartesian_freedrive,0.9817388457822958,0.05074070952564272,0.029298586676521143,-0.39096295347114296,-0.5254328311134046,-2.49360636075604,-0.049581185505805404,2.2421808380598907,0.3018426496859353
40.96666666666667,0.03333333333333333,1229,1229,takeover,cartesian_freedrive,0.9817388457822958,0.0507405601734189,0.029299230394271826,-0.3909610789621687,-0.5254334812274576,-2.4936054241081496,-0.04958026656179986,2.2421816536818087,0.3018418655214599
41.0,0.03333333333333333,1230,1230,takeover,cartesian_freedrive,0.9817388457822958,0.05074041116148659,0.029299807760311995,-0.3909593880075387,-0.5254340890448835,-2.4936045447623116,-0.049579431748133874,2.2421823551206934,0.30184112349271514
41.03333333333333,0.03333333333333333,1231,1231,takeover,cartesian_freedrive,0.9817388457822958,0.050740262149956736,0.0293003263316738,-0.39095785762136426,-0.5254346543508771,-2.4936037220047638,-0.04957867415619222,2.242182959154211,0.30184042795538607
41.06666666666667,0.03333333333333333,1232,1232,takeover,cartesian_freedrive,0.9817388457822958,0.05074011313842987,0.029300793289775296,-0.3909564702251421,-0.525435177756558,-2.493602953688806,-0.0495779862994071,2.242183480677542,0.3018397801435152
41.1,0.03333333333333333,1233,1233,takeover,cartesian_freedrive,0.9817388457822958,0.05074006112882219,0.02930121473884937,-0.3909552110312652,-0.5254356606318601,-2.493602237320661,-0.04957736135904604,2.2421839323114514,0.30183917969742646
41.13333333333333,0.03333333333333333,1234,1234,takeover,cartesian_freedrive,0.9817388457822958,0.05074000923358439,0.0293015958069343,-0.39095406692791007,-0.5254361048785062,-2.4936015704975354,-0.04957679334517867,2.2421843245276896,0.30183862531504635
41.166666666666664,0.03333333333333333,1235,1235,takeover,cartesian_freedrive,0.9817388457822958,0.050739957338484264,0.029301941059090467,-0.3909530265794468,-0.5254365127366118,-2.493600950855069,-0.04957627658835774,2.2421846659461675,0.3018381148367758
41.2,0.03333333333333333,1236,1236,takeover,cartesian_freedrive,0.9817388457822958,0.05073990544338705,0.02930225455108044,-0.3909520800643931,-0.5254368866704349,-2.493600376064745,-0.04957580577414005,2.2421849636071256,0.30183764553014714
41.233333333333334,0.03333333333333333,1237,1237,takeover,cartesian_freedrive,0.9817388457822958,0.050739886619097965,0.029302539631344222,-0.3909512184947267,-0.5254372291775768,-2.493599843603442,-0.04957537640491879,2.2421852235658095,0.30183721460588103
41.266666666666666,0.03333333333333333,1238,1238,takeover,cartesian_freedrive,0.9817388457822958,0.050739867833802695,0.029302798824578084,-0.39095043372053395,-0.5254375425686393,-2.4935993506484557,-0.049574985170769116,2.2421854514324857,0.3018368196820852
41.3,0.03333333333333333,1239,1239,takeover,cartesian_freedrive,0.9817388457822958,0.050739849048555864,0.029303034721106992,-0.39094971858422695,-0.5254378291019817,-2.4935988948378673,-0.0495746285149027,2.242185651575779,0.3018364580958707
41.333333333333336,0.03333333333333333,1240,1240,takeover,cartesian_freedrive,0.9817388457822958,0.05073983026331161,0.029303249118770292,-0.3909490664672208,-0.5254380907807356,-2.493598473446141,-0.04957430405650065,2.2421858283531364,0.30183612780770586
41.36666666666667,0.03333333333333333,1241,1241,takeover,cartesian_freedrive,0.9817388457822958,0.05073982320256121,0.02930344532852937,-0.3909484721627469,-0.5254383299727114,-2.493598085360961,-0.04957400673697853,2.2421859833034268,0.30183582503967515
41.4,0.03333333333333333,1242,1242,takeover,cartesian_freedrive,0.9817388457822958,0.05073981615563674,0.02930362395991691,-0.39094793009037,-0.5254385484507408,-2.4935977272048344,-0.04957373577616132,2.2421861205046354,0.3018355484217145
41.43333333333333,0.03333333333333333,1243,1243,takeover,cartesian_freedrive,0.9817388457822958,0.05073980910873051,0.029303786468995823,-0.3909474353587747,-0.5254387478072254,-2.4935973968766927,-0.049573489223666,2.242186242536791,0.3018352961152044
41.46666666666667,0.03333333333333333,1244,1244,takeover,cartesian_freedrive,0.9817388457822958,0.05073980206182577,0.029303935362520434,-0.3909469841493555,-0.5254389299253202,-2.493597093354257,-0.04957326317520082,2.242186350039653,0.30183506506136915
41.5,0.03333333333333333,1245,1245,takeover,cartesian_freedrive,0.9818306258578482,0.05072546544329393,0.029387855293142404,-0.38518626085328195,-0.525900143826779,-2.4957358213531995,-0.05147582163106358,2.244790016985865,0.30123421308922527
41.53333333333333,0.03333333333333333,1246,1246,takeover,cartesian_freedrive,0.9819224059334006,0.05071111230041492,0.029501981025894793,-0.3792894349375689,-0.5263730292984173,-2.497832759369164,-0.053344660162744965,2.247459248128995,0.3006276651442366
41.56666666666667,0.03333333333333333,1247,1247,takeover,cartesian_freedrive,0.9820141860089531,0.05069675915102796,0.029639155778137413,-0.3733113880932441,-0.5268452363900026,-2.4998812536841144,-0.05518101273904112,2.250160081437696,0.3000299645624761
41.6,0.03333333333333333,1248,1248,takeover,cartesian_freedrive,0.9821059660845055,0.05068240589786287,0.029799214845231715,-0.367252439932958,-0.5273162477558508,-2.5018808824675443,-0.056984116288971265,2.252891631454367,0.2994410272127835
41.63333333333333,0.03333333333333333,1249,1249,takeover,cartesian_freedrive,0.982197746160058,0.0506680534352707,0.02998212607966195,-0.3611123384928838,-0.5277857151897475,-2.5038310741174876,-0.058752924021865965,2.255653568871708,0.29886040601113933
41.666666666666664,0.03333333333333333,1250,1250,takeover,cartesian_freedrive,0.9822895262356104,0.050653701922392866,0.030187852061710183,-0.35489081802510786,-0.5282532682792108,-2.5057312537481753,-0.060486441472237515,2.2584453423369113,0.29828771479626826
41.7,0.03333333333333333,1251,1251,takeover,cartesian_freedrive,0.9823813063111628,0.050639350022549684,0.03041635170017358,-0.34858725624692755,-0.5287186386050531,-2.507580626769079,-0.06218354943133011,2.261266150300257,0.2977224757689553
41.733333333333334,0.03333333333333333,1252,1252,takeover,cartesian_freedrive,0.9824730863867153,0.05062499780606529,0.030667373907577872,-0.34220184375235796,-0.5291812422218076,-2.5093789220444114,-0.06384344299563538,2.264115300854468,0.29716449834049175
41.766666666666666,0.03333333333333333,1253,1253,takeover,cartesian_freedrive,0.9825648664622677,0.05061064481773105,0.030940835125696103,-0.33573412613304243,-0.5296407113097781,-2.511125419443858,-0.06546500370592749,2.266992068043594,0.2966132901078691
41.8,0.03333333333333333,1254,1254,takeover,cartesian_freedrive,0.9826566465378201,0.050596292070397994,0.031236570529932898,-0.32918406286757423,-0.530096519809524,-2.512819632193653,-0.06704716412011329,2.2698960348314885,0.2960683794458027
41.833333333333336,0.03333333333333333,1255,1255,takeover,cartesian_freedrive,0.9827484266133726,0.05058193926112646,0.03155440427382365,-0.3225513905462121,-0.5305481852615698,-2.514460944207063,-0.06858885209389717,2.272826428833736,0.2955293147033039
41.86666666666667,0.03333333333333333,1256,1256,takeover,cartesian_freedrive,0.982840206688925,0.05056758726796676,0.03189417615270137,-0.31583599957558084,-0.5309951772318091,-2.5160487962959746,-0.07008894026918833,2.275782773626553,0.29499556009708844
41.9,0.03333333333333333,1257,1257,takeover,cartesian_freedrive,0.9829319867644775,0.05055323476079561,0.03225544193092269,-0.3090383672898406,-0.5314367595034883,-2.5175830667683328,-0.07154681471618904,2.278763906964767,0.2944671144141947
41.93333333333333,0.03333333333333333,1258,1258,takeover,cartesian_freedrive,0.9830237668400299,0.050538882012318515,0.03263797900307288,-0.30215785489225566,-0.5318724072977293,-2.5190628392397554,-0.07296102791187302,2.2817692454756586,0.29394315288845824
41.96666666666667,0.03333333333333333,1259,1259,takeover,cartesian_freedrive,0.9831155469155823,0.050524529338522986,0.0330415155557512,-0.2951942626748123,-0.5323015102074282,-2.5204874703391886,-0.07433038035767929,2.284798129737232,0.2934230749372458
42.0,0.03333333333333333,1260,1260,takeover,cartesian_freedrive,0.9832073269911348,0.05051017646058377,0.0334658221068391,-0.28814751730535976,-0.5327235174052282,-2.5218564014276375,-0.07565378688577136,2.2878497238952438,0.2929063991909773
42.03333333333333,0.03333333333333333,1261,1261,takeover,cartesian_freedrive,0.9832073269911348,0.05049521318700177,0.033479330678046045,-0.28788685001044595,-0.532745473644191,-2.521905656294093,-0.075689901973654,2.2879295761577336,0.2928864641585611
42.06666666666667,0.03333333333333333,1262,1262,takeover,cartesian_freedrive,0.9832073269911348,0.05048024541323699,0.033490745642166524,-0.2876639145684858,-0.5327657678205737,-2.5219407974926904,-0.07571946143817644,2.2879824918151312,0.29286713672579756
42.1,0.03333333333333333,1263,1263,takeover,cartesian_freedrive,0.9832073269911348,0.05046527750909692,0.03350311805798572,-0.28743823907563065,-0.532787130420609,-2.5219739780565584,-0.07574727404355414,2.2880360319513025,0.2928462626151354
42.13333333333333,0.03333333333333333,1264,1264,takeover,cartesian_freedrive,0.9832073269911348,0.050450309621100406,0.03351421221335468,-0.28721720171465487,-0.5328069049512308,-2.5220089779413546,-0.07577773423878677,2.2880870632823798,0.2928278942417444
42.166666666666664,0.03333333333333333,1265,1265,takeover,cartesian_freedrive,0.9832073269911348,0.05044383345821156,0.03351472557372485,-0.28721282444318286,-0.5328076646261445,-2.522008206514426,-0.07577652333174213,2.288088556622354,0.2928263555554588
42.2,0.03333333333333333,1266,1266,takeover,cartesian_freedrive,0.9832073269911348,0.05043736717373939,0.03351536839690735,-0.2872096313809457,-0.5328084979720721,-2.522007319741289,-0.07577536840811877,2.2880897008922645,0.2928250647124681
42.233333333333334,0.03333333333333333,1267,1267,takeover,cartesian_freedrive,0.9832073269911348,0.05043090090087465,0.03351596182085512,-0.28720660043833945,-0.5328092646901034,-2.5220064832346765,-0.07577433237308838,2.288090741070775,0.29282388914624047
42.266666666666666,0.03333333333333333,1268,1268,takeover,cartesian_freedrive,0.9832073269911348,0.05042443462802498,0.03351651356759407,-0.2872037230315192,-0.5328099704887186,-2.5220057004707632,-0.07577339352587324,2.2880916911043583,0.29282281388557235
42.3,0.03333333333333333,1269,1269,takeover,cartesian_freedrive,0.9832073269911348,0.05042288346281888,0.03351707083338959,-0.2872014640243441,-0.5328106318162619,-2.5220047306403988,-0.07577228148890719,2.28809271640851,0.292821774383703
42.333333333333336,0.03333333333333333,1270,1270,takeover,cartesian_freedrive,0.9832073269911348,0.050421338092589474,0.033517606094667314,-0.28719946409335456,-0.5328112450933905,-2.5220038034660126,-0.07577118696949145,2.2880936230990634,0.29282078612864065
42.36666666666667,0.03333333333333333,1271,1271,takeover,cartesian_freedrive,0.9832073269911348,0.05041979272919041,0.03351810370347815,-0.2871976496873759,-0.5328118142195946,-2.5220029303839837,-0.07577015835135145,2.2880944150546387,0.292819858563951
42.4,0.03333333333333333,1272,1272,takeover,cartesian_freedrive,0.9832073269911348,0.05041824736580014,0.03351856093276791,-0.2871959925190581,-0.5328123418685388,-2.5220021078233112,-0.07576920591584259,2.2880951092628714,0.29281899378618176
42.43333333333333,0.03333333333333333,1273,1273,takeover,cartesian_freedrive,0.9832073269911348,0.05041770873455563,0.03351897958864711,-0.2871944770059206,-0.5328128303354949,-2.5220013319097996,-0.07576832824615409,2.28809572109525,0.29281819011027255
42.46666666666667,0.03333333333333333,1274,1274,takeover,cartesian_freedrive,0.9832073269911348,0.05041717129026778,0.03351936256128293,-0.2871930878688381,-0.5328132818634026,-2.5220006020721133,-0.07576752145198686,2.2880962613177145,0.29281744553973343
42.5,0.03333333333333333,1275,1275,takeover,cartesian_freedrive,0.9832073269911348,0.050416633847380335,0.03351971353649556,-0.2871918137311975,-0.5328136987747388,-2.5219999173606467,-0.0757667792718488,2.288096739001529,0.2928167564375991
42.53333333333333,0.03333333333333333,1276,1276,takeover,cartesian_freedrive,0.9832073269911348,0.05041609640449548,0.03352003526389341,-0.28719064426629426,-0.532814083342617,-2.521999275865042,-0.07576609688127546,2.288097162604724,0.29281611968047944
42.56666666666667,0.03333333333333333,1277,1277,takeover,cartesian_freedrive,0.9832073269911348,0.050415908726224756,0.03352033026902777,-0.2871895702769467,-0.5328144378071276,-2.521998675732439,-0.07576546956017124,2.288097539244572,0.29281553212844846
42.6,0.03333333333333333,1278,1278,takeover,cartesian_freedrive,0.9832073269911348,0.050415721460333796,0.03352060132150605,-0.28718858384280027,-0.5328147643384363,-2.521998115460605,-0.0757648921624683,2.2880978744774914,0.2928149899226639
42.63333333333333,0.03333333333333333,1279,1279,takeover,cartesian_freedrive,0.9832073269911348,0.05041553419492982,0.033520850101724634,-0.28718767726127736,-0.5328150649449236,-2.521997592636684,-0.07576436147160687,2.2880981739950736,0.29281449034967205
42.666666666666664,0.03333333333333333,1280,1280,takeover,cartesian_freedrive,0.9832073269911348,0.050415346929527136,0.03352107919245216,-0.2871868443042331,-0.5328153417165601,-2.521997106059113,-0.07576387231369346,2.288098441299597,0.2928140294066817
42.7,0.03333333333333333,1281,1281,takeover,cartesian_freedrive,0.9832073269911348,0.05041528133373806,0.03352128955239095,-0.28718607839256266,-0.5328155964454028,-2.5219966529324944,-0.07576342265357768,2.288098681108399,0.29281360503218196
42.733333333333334,0.03333333333333333,1282,1282,takeover,cartesian_freedrive,0.9832073269911348,0.050415215881400334,0.033521482914350115,-0.2871853739963458,-0.5328158307766184,-2.521996231566508,-0.07576300913331598,2.2880988965483495,0.29281321437757213
42.766666666666666,0.03333333333333333,1283,1283,takeover,cartesian_freedrive,0.9832073269911348,0.05041515042923236,0.03352166066260821,-0.2871847260433905,-0.5328160462792796,-2.5219958400622264,-0.07576262891836937,2.288099090538876,0.2928128549435029
42.8,0.03333333333333333,1284,1284,takeover,cartesian_freedrive,0.9832073269911348,0.050415084977065094,0.03352182466117405,-0.28718413035320295,-0.5328162445896285,-2.521995477216157,-0.07576227807684761,2.288099264717349,0.29281252348555664
42.833333333333336,0.03333333333333333,1285,1285,takeover,cartesian_freedrive,0.9832599821633512,0.05044175013678194,0.034109327085479146,-0.2825139202069703,-0.5351920769833196,-2.5204847099219183,-0.07302453892294332,2.296308366317324,0.2903310661227311
42.86666666666667,0.03333333333333333,1286,1286,takeover,cartesian_freedrive,0.9833126373355676,0.050468444929065916,0.034745389359137374,-0.2777328636722712,-0.5376045987107236,-2.518934561448646,-0.07013375799563006,2.3045949833096606,0.2877484675614952
42.9,0.03333333333333333,1287,1287,takeover,cartesian_freedrive,0.983365292507784,0.050495140766172716,0.03541305502374558,-0.27291582421042143,-0.5400231081221936,-2.5173645008973837,-0.06712822851699428,2.312881174905901,0.2851021673304583
42.93333333333333,0.03333333333333333,1288,1288,takeover,cartesian_freedrive,0.9834179476800005,0.05052183669371166,0.03611304016775434,-0.26806349410090374,-0.5424477232294656,-2.515774384849929,-0.06400564772180735,2.321165436382177,0.28239046155493036
42.96666666666667,0.03333333333333333,1289,1289,takeover,cartesian_freedrive,0.9834706028522169,0.050548532175895514,0.036845881039381384,-0.26317558598853574,-0.5448785366805038,-2.5141637400050953,-0.06076296996374477,2.329446855362163,0.27961098956016395
43.0,0.03333333333333333,1290,1290,takeover,cartesian_freedrive,0.9835232580244333,0.05057522746001875,0.03761157829061759,-0.25825177935352295,-0.5473150944459243,-2.5125321470660174,-0.05739686201310805,2.337724576884652,0.2767611842061477
43.03333333333333,0.03333333333333333,1291,1291,takeover,cartesian_freedrive,0.9835759131966497,0.05060192259674822,0.038410233158872806,-0.2532917425451818,-0.5497570402260148,-2.510879138717924,-0.05390393463750539,2.345997651694782,0.2738384274167479
43.06666666666667,0.03333333333333333,1292,1292,takeover,cartesian_freedrive,0.9836285683688661,0.05062861843086619,0.039241341596372326,-0.24829511952242903,-0.5522034246045988,-2.5092043074300876,-0.05028050532400591,2.354265166124423,0.2708398958284795
43.1,0.03333333333333333,1293,1293,takeover,cartesian_freedrive,0.9836812235410826,0.05065531390812167,0.040105657947418244,-0.24326157521850447,-0.5546544854075781,-2.507507066679629,-0.04652313380019634,2.36252602054545,0.267762906523258
43.13333333333333,0.03333333333333333,1294,1294,takeover,cartesian_freedrive,0.983733878713299,0.050682009434308395,0.041002893631512084,-0.23819074136040272,-0.5571094378342367,-2.50578694541515,-0.04262794133607586,2.3707792199662823,0.264604470496524
43.166666666666664,0.03333333333333333,1295,1295,takeover,cartesian_freedrive,0.9837865338855154,0.050708704391375134,0.04193348540062761,-0.2330822474936831,-0.55956817565221,-2.504043337714091,-0.03859117040308572,2.3790235723578927,0.261361662897588
43.2,0.03333333333333333,1296,1296,takeover,cartesian_freedrive,0.9838391890577318,0.05073539991328489,0.04289653059517195,-0.22793568936290612,-0.5620292997366283,-2.502275791509992,-0.03440852127949757,2.3872580545056765,0.2580311823672107
43.233333333333334,0.03333333333333333,1297,1297,takeover,cartesian_freedrive,0.9838918442299482,0.050762095200773016,0.04389233135698529,-0.22275067011975255,-0.5644925670049841,-2.500483662960954,-0.03007593853485437,2.39548138773407,0.2546098724672574
43.266666666666666,0.03333333333333333,1298,1298,takeover,cartesian_freedrive,0.9839444994021647,0.05078879078483914,0.044920300877185036,-0.21752676715565641,-0.5669568314448508,-2.4986663933847026,-0.025588964348589593,2.4036923856533656,0.2510942875317821
43.3,0.03333333333333333,1299,1299,takeover,cartesian_freedrive,0.9839971545743811,0.050815485959192504,0.04598061386970404,-0.21226355389204027,-0.5694216676299596,-2.4968232841191877,-0.020943250990670896,2.411889657044546,0.24748103638455426
43.333333333333336,0.03333333333333333,1300,1300,takeover,cartesian_freedrive,0.9840498097465975,0.05084218125115781,0.047072540749959875,-0.20696057570294285,-0.5718857794113009,-2.4949537099744306,-0.016134058738380686,2.420071869182153,0.24376644937193068
43.36666666666667,0.03333333333333333,1301,1301,takeover,cartesian_freedrive,0.9841024649188139,0.05086887698832184,0.04819517755511741,-0.20161736612939157,-0.5743476823297983,-2.493057030105616,-0.01115645538730922,2.428237666676281,0.23994670455216144
43.4,0.03333333333333333,1302,1302,takeover,cartesian_freedrive,0.9841551200910303,0.050895572591776975,0.049348375962712854,-0.1962334508186861,-0.5768065920870213,-2.4911324546509532,-0.006005621939191441,2.4363854653758996,0.23601803512126474
43.43333333333333,0.03333333333333333,1303,1303,takeover,cartesian_freedrive,0.9842077752632468,0.0509222673882639,0.050531820573718335,-0.1908083400886567,-0.5792615551159345,-2.4891791722430536,-0.0006765498200793082,2.4445136401174747,0.23197652390516182
43.46666666666667,0.03333333333333333,1304,1304,takeover,cartesian_freedrive,0.9842604304354632,0.05094896297622101,0.0517434555027272,-0.18534151190458503,-0.5817099021339462,-2.487196522417545,0.004836373914500564,2.4526207222844705,0.2278178308175992
43.5,0.03333333333333333,1305,1305,takeover,cartesian_freedrive,0.9843130856076796,0.050975658286839476,0.05298296040976512,-0.17983244982602706,-0.5841506532414807,-2.4851835773997375,0.010538388826087111,2.460704887544006,0.2235378373732317
43.53333333333333,0.03333333333333333,1306,1306,takeover,cartesian_freedrive,0.984365740779896,0.051002353381501185,0.054249049409052535,-0.17428061407392173,-0.5865818628531582,-2.4831394616449236,0.016435112087006522,2.4687643454514028,0.21913215085436236
43.56666666666667,0.03333333333333333,1307,1307,takeover,cartesian_freedrive,0.9844183959521124,0.05102904922308213,0.055539515449717344,-0.1686854477159046,-0.589000673188013,-2.481063335077292,0.02253250803412582,2.476797323939936,0.21459612406670986
43.6,0.03333333333333333,1308,1308,takeover,cartesian_freedrive,0.9844710511243289,0.051055744188935555,0.056854016433749426,-0.16304639642512264,-0.5914060414137936,-2.478954074977931,0.02883612899958437,2.4848016671631123,0.20992535406409973
43.63333333333333,0.03333333333333333,1309,1309,takeover,cartesian_freedrive,0.9845237062965453,0.05108243973167855,0.058189448594402816,-0.15736288015551972,-0.5937941976513277,-2.4768107908611574,0.03535234315499759,2.492775488663905,0.2051148739104885
43.666666666666664,0.03333333333333333,1310,1310,takeover,cartesian_freedrive,0.9845763614687617,0.05110913476777598,0.0595445924356517,-0.15163432387974818,-0.5961632373884918,-2.4746322998738153,0.04208708038666496,2.500716504867472,0.20015997698844568
43.7,0.03333333333333333,1311,1311,takeover,cartesian_freedrive,0.9846290166409781,0.05113583015943078,0.06091630038659582,-0.1458601394027899,-0.5985093286273289,-2.472417539018615,0.04904680788507843,2.5086225515820915,0.195055578853873
43.733333333333334,0.03333333333333333,1312,1312,takeover,cartesian_freedrive,0.9846816718131945,0.05116252566735279,0.062301987107128094,-0.1400397426955878,-0.6008292184559548,-2.470165290959962,0.05623786725187132,2.516491245403228,0.18979665033471513
43.766666666666666,0.03333333333333333,1313,1313,takeover,cartesian_freedrive,0.984734326985411,0.05118922091160469,0.06369898469967655,-0.13417255376133427,-0.6031195499654521,-2.467874251446584,0.0636666188058649,2.524320071030272,0.18437812086927477
43.8,0.03333333333333333,1314,1314,takeover,cartesian_freedrive,0.9847869821576274,0.05121591588105709,0.0651038832832471,-0.1282580000469954,-0.6053762651995038,-2.4655430895853745,0.07133957130451471,2.53210645384458,0.1787947983237318
43.833333333333336,0.03333333333333333,1315,1315,takeover,cartesian_freedrive,0.9848396373298438,0.051242611439994964,0.0665120879679439,-0.12229552190225526,-0.6075941214656889,-2.4631704708381843,0.0792634152781957,2.5398477704754274,0.17304135549467875
43.86666666666667,0.03333333333333333,1316,1316,takeover,cartesian_freedrive,0.9848922925020602,0.051269306625273264,0.06792024549324589,-0.11628458894615006,-0.6097691621884916,-2.460754846098965,0.0874444744792735,2.5475411407296162,0.16711266924749701
43.9,0.03333333333333333,1317,1317,takeover,cartesian_freedrive,0.9848922925020602,0.05141369474501642,0.06822213710088984,-0.10754859070769508,-0.6121554718752639,-2.4608460610145624,0.09167667846648747,2.548197045316969,0.1610225719326401
43.93333333333333,0.03333333333333333,1318,1318,takeover,cartesian_freedrive,0.9848922925020602,0.05155822146455967,0.06846144599584682,-0.09868165177241099,-0.6144400087431678,-2.460862171086422,0.09601742080622028,2.5487978372235323,0.15486583946676585
43.96666666666667,0.03333333333333333,1319,1319,takeover,cartesian_freedrive,0.9848922925020602,0.05170274836315674,0.06864368227667259,-0.08967381616554668,-0.6166187369806865,-2.4607880760245395,0.10051782955784774,2.549397113744023,0.14861990019047153
44.0,0.03333333333333333,1320,1320,takeover,cartesian_freedrive,0.9848922925020602,0.0518472750493076,0.06876152809653666,-0.08052557687997253,-0.6186836341708577,-2.4606226831078044,0.10517750407370922,2.549993292312341,0.1422857178210646
44.03333333333333,0.03333333333333333,1321,1321,takeover,cartesian_freedrive,0.9848922925020602,0.051991801507677834,0.06880725731284469,-0.07123830472271236,-0.6206263965967038,-2.4603652377821543,0.10999443132193407,2.550584440693124,0.13586543047764382
44.06666666666667,0.03333333333333333,1322,1322,takeover,cartesian_freedrive,0.9848922925020602,0.05213632512468009,0.06877115174271235,-0.06181361113736581,-0.6224367702652702,-2.4600147762077755,0.11496511153267856,2.551167593371727,0.12936243188116442
44.1,0.03333333333333333,1323,1323,takeover,cartesian_freedrive,0.9848922925020602,0.05228084551875964,0.06864689563170967,-0.05225360576484461,-0.6241081404164281,-2.4595706678352434,0.12008557555419158,2.55174108909159,0.12278022805577268
44.13333333333333,0.03333333333333333,1324,1324,takeover,cartesian_freedrive,0.9848922925020602,0.05242536984566226,0.06842608112849415,-0.04256087434218296,-0.6256316193923417,-2.4590321790933256,0.12535123487279898,2.552304354024655,0.1161223506809766
44.166666666666664,0.03333333333333333,1325,1325,takeover,cartesian_freedrive,0.9848922925020602,0.05251743694208166,0.06842723876332636,-0.04246400005065054,-0.6256578126714155,-2.4589925232403917,0.12549793354074953,2.552360126063318,0.11596288732592559
44.2,0.03333333333333333,1326,1326,takeover,cartesian_freedrive,0.9848922925020602,0.05260944317511773,0.06842477064721002,-0.042498253103140524,-0.6256629833939694,-2.458986399500571,0.12551709461421756,2.55238522511216,0.11593025334648858
44.233333333333334,0.03333333333333333,1327,1327,takeover,cartesian_freedrive,0.9848922925020602,0.0527014493720829,0.0684202282346375,-0.04253801790953406,-0.6256700081186624,-2.458988872603853,0.12553396786781662,2.5524152600201186,0.11589449411210213
44.266666666666666,0.03333333333333333,1328,1328,takeover,cartesian_freedrive,0.9848922925020602,0.052793455545349116,0.06841516557533947,-0.04258001175823495,-0.6256773239549965,-2.458995299785422,0.12554945262215408,2.552447847086681,0.1158586676082689
44.3,0.03333333333333333,1329,1329,takeover,cartesian_freedrive,0.9848922925020602,0.052826028819328866,0.06841444849610076,-0.04258100150697121,-0.6256783657730425,-2.45899820909034,0.12555062426724495,2.5524506166699847,0.11585531126181586
44.333333333333336,0.03333333333333333,1330,1330,takeover,cartesian_freedrive,0.9848922925020602,0.05285853207235269,0.06841390152116547,-0.042581517198649485,-0.6256791527603937,-2.4590005899835368,0.12555170803260968,2.5524530100279192,0.11585265776908762
44.36666666666667,0.03333333333333333,1331,1331,takeover,cartesian_freedrive,0.9848922925020602,0.052891035242875264,0.06841350604367186,-0.042581827357002215,-0.6256797636597193,-2.4590025508762756,0.12555274627623642,2.5524551417196157,0.11585044491026161
44.4,0.03333333333333333,1332,1332,takeover,cartesian_freedrive,0.9848922925020602,0.05292353841330501,0.06841322085599785,-0.0425819914546975,-0.6256802442270322,-2.459004165592357,0.1255537362433094,2.552457032731846,0.1158485713640597
44.43333333333333,0.03333333333333333,1333,1333,takeover,cartesian_freedrive,0.9848922925020602,0.05293506954355953,0.06841300975593478,-0.042581916166043655,-0.6256806326615089,-2.459005561359098,0.12555464615452902,2.5524586275673236,0.11584700782560146
44.46666666666667,0.03333333333333333,1334,1334,takeover,cartesian_freedrive,0.9848922925020602,0.052946575947447144,0.06841286287701834,-0.04258173498454434,-0.6256809411806247,-2.459006704995945,0.12555549855636924,2.55246001680316,0.11584567954544091
44.5,0.03333333333333333,1335,1335,takeover,cartesian_freedrive,0.9848922925020602,0.05295808232218535,0.06841276473656306,-0.042581489010889643,-0.6256811877459504,-2.4590076330931177,0.12555630090329492,2.5524612273338847,0.11584453589007829
44.53333333333333,0.03333333333333333,1336,1336,takeover,cartesian_freedrive,0.9848922925020602,0.052969588696886644,0.06841270224468629,-0.042581200754346675,-0.6256813873542374,-2.4590083818925104,0.12555705676746592,2.5524622797602636,0.1158435390066544
44.56666666666667,0.03333333333333333,1337,1337,takeover,cartesian_freedrive,0.9848922925020602,0.05297367235529726,0.0684126657095403,-0.04258088497320843,-0.6256815511801659,-2.459008982027081,0.12555776850418587,2.5524631928721093,0.11584265993226513
44.6,0.03333333333333333,1338,1338,takeover,cartesian_freedrive,0.9848922925020602,0.05297774726218547,0.06841264756635723,-0.04258055310659276,-0.6256816879828684,-2.4590094583648177,0.12555843904606367,2.552463984399494,0.1158418766964103
44.63333333333333,0.03333333333333333,1339,1339,takeover,cartesian_freedrive,0.9848922925020602,0.052981822158751996,0.06841264242174364,-0.042580213196622634,-0.6256818041349789,-2.4590098318447953,0.12555907103953054,2.552464670081652,0.11584117219395024
44.666666666666664,0.03333333333333333,1340,1340,takeover,cartesian_freedrive,0.9848922925020602,0.05298589705530305,0.06841264639351888,-0.04257987116281893,-0.6256819043374914,-2.4590101199673837,0.12555966713875497,2.5524652639006935,0.11584053305099139
44.7,0.03333333333333333,1341,1341,takeover,cartesian_freedrive,0.9848922925020602,0.052987344276849396,0.06841265666668532,-0.042579530978898376,-0.625681992070619,-2.459010337322779,0.12556022948642104,2.5524657782030005,0.1158399486738498
44.733333333333334,0.03333333333333333,1342,1342,takeover,cartesian_freedrive,0.9848922925020602,0.0529887884003159,0.06841267112300303,-0.04257919579676507,-0.6256820700377828,-2.459010496143777,0.12556076067933256,2.5524662237742914,0.11583941092547227
44.766666666666666,0.03333333333333333,1343,1343,takeover,cartesian_freedrive,0.9848922925020602,0.05299023252012728,0.06841268804496992,-0.04257886693965888,-0.6256821403885116,-2.4590106065325035,0.12556126234374215,2.552466610137448,0.11583891366365087
44.8,0.03333333333333333,1344,1344,takeover,cartesian_freedrive,0.9848922925020602,0.05299167663993242,0.06841270676405671,-0.04257854693381111,-0.6256822042846686,-2.4590106771113396,0.12556173729073766,2.552466945351598,0.11583845120601072
44.833333333333336,0.03333333333333333,1345,1345,takeover,cartesian_freedrive,0.9848922925020602,0.05299219058879498,0.06841272615170373,-0.04257823560082883,-0.6256822631370258,-2.4590107149145335,0.1255621864480124,2.5524672367018484,0.11583801966799233
44.86666666666667,0.03333333333333333,1346,1346,takeover,cartesian_freedrive,0.9848922925020602,0.052992703440967515,0.06841274607402134,-0.04257793477138455,-0.6256823174887121,-2.459010726087829,0.12556261251680828,2.552467490061412,0.11583761511855575
44.9,0.03333333333333333,1347,1347,takeover,cartesian_freedrive,0.9848922925020602,0.05299321629184577,0.06841276573115121,-0.04257764370242599,-0.6256823683411233,-2.4590107155112992,0.12556301624075142,2.552467710958906,0.11583723513132195
44.93333333333333,0.03333333333333333,1348,1348,takeover,cartesian_freedrive,0.9848922925020602,0.05299372914272156,0.06841278507069393,-0.04257736297148218,-0.6256824160244934,-2.459010687388044,0.1255633993565226,2.552467903867975,0.11583687717793595
44.96666666666667,0.03333333333333333,1349,1349,takeover,cartesian_freedrive,0.9851464060018231,0.05300267300298585,0.06885391686505268,-0.03809445634803977,-0.6262783155157341,-2.455229966548885,0.1325001580315589,2.5533657561981364,0.11122268607371628
45.0,0.03333333333333333,1350,1350,takeover,cartesian_freedrive,0.985400519501586,0.053011626678816814,0.06924571422008682,-0.033482362953601935,-0.6268334406461119,-2.4513524083907448,0.13962165751672367,2.5542426415459523,0.10646869436381935
45.03333333333333,0.03333333333333333,1351,1351,takeover,cartesian_freedrive,0.9856546330013489,0.05302058044217789,0.0695760378480551,-0.028864371575778827,-0.6273315390008702,-2.447456251380149,0.14677046917770095,2.555080420845458,0.10170101023829171
45.06666666666667,0.03333333333333333,1352,1352,takeover,cartesian_freedrive,0.9859087465011118,0.05302953425712524,0.06984377813567536,-0.024243781485933213,-0.6277717676410407,-2.443543103034707,0.1539405471580924,2.555878710893051,0.09692449935371479
45.1,0.03333333333333333,1353,1353,takeover,cartesian_freedrive,0.9861628600008747,0.05303848815606492,0.07004814010126952,-0.019621207291956908,-0.6281537290592172,-2.439612982102939,0.16112910301901992,2.556637577041013,0.09214128554872221
45.13333333333333,0.03333333333333333,1354,1354,takeover,cartesian_freedrive,0.9864169735006376,0.05304744343463372,0.07018818493945873,-0.014997260758334081,-0.6284769281574674,-2.4356659262683356,0.16833356423832616,2.5573574712754663,0.0873532528163464
45.166666666666664,0.03333333333333333,1355,1355,takeover,cartesian_freedrive,0.9866710870004005,0.053056405084454736,0.07026266565063541,-0.01037262657461764,-0.6287407048996541,-2.431702002950515,0.175551560346577,2.5580393836270496,0.08256200506052151
45.2,0.03333333333333333,1356,1356,takeover,cartesian_freedrive,0.9869252005001634,0.053065366832826436,0.0702720231513558,-0.005747757317712985,-0.6289456443349227,-2.427721134222411,0.18277958200325156,2.558682169994344,0.07777050153579422
45.233333333333334,0.03333333333333333,1357,1357,takeover,cartesian_freedrive,0.9871793139999263,0.05307432115081845,0.07021662303394434,-0.001123105159272515,-0.6290925086449547,-2.4237232272809095,0.19001407790127256,2.5592846641316127,0.07298173588246192
45.266666666666666,0.03333333333333333,1358,1358,takeover,cartesian_freedrive,0.9874334274996892,0.05308327520436778,0.07009540524615782,0.003500539454791104,-0.6291804810731738,-2.41970857302435,0.19725306452061495,2.559848631758282,0.06819693947587517
45.3,0.03333333333333333,1359,1359,takeover,cartesian_freedrive,0.9876875409994521,0.053092229155681646,0.0699082009244336,0.008122549991166168,-0.6292097948070582,-2.41567721875968,0.20449368216861796,2.5603743811057056,0.06341825648291055
45.333333333333336,0.03333333333333333,1360,1360,takeover,cartesian_freedrive,0.987941654499215,0.05310118306419581,0.06965495263006828,0.012742296425377376,-0.6291806680407936,-2.4116292592010202,0.21173310745016577,2.5608622511087535,0.058647826628865245
45.36666666666667,0.03333333333333333,1361,1361,takeover,cartesian_freedrive,0.9881957679989779,0.05311013695279685,0.06933571285965567,0.017359147659137424,-0.6290934754871815,-2.407564801210029,0.21896853551399748,2.5613126168817835,0.05388777384393725
45.4,0.03333333333333333,1362,1362,takeover,cartesian_freedrive,0.9884498814987408,0.05311909082808132,0.06895064196402084,0.021972474055064656,-0.6289486722383526,-2.4034839706305844,0.2261971944559732,2.5617258887266754,0.04914019983110569
45.43333333333333,0.03333333333333333,1363,1363,takeover,cartesian_freedrive,0.9887039949985037,0.053128044692291404,0.06850000692560741,0.026581649981091766,-0.6287468104463938,-2.3993869066423588,0.23341634935821884,2.5621025105738795,0.04440717767624271
45.46666666666667,0.03333333333333333,1364,1364,takeover,cartesian_freedrive,0.9889581084982666,0.05313699854441751,0.06798417886921991,0.031186056217272808,-0.6284885225247473,-2.3952737625322222,0.24062331141308058,2.5624429584813173,0.03969074608273573
45.5,0.03333333333333333,1365,1365,takeover,cartesian_freedrive,0.9889581084982666,0.05312443581634718,0.0679554709982753,0.03142067194507071,-0.6284782356465927,-2.39509077728704,0.24094270878196936,2.5624201543843,0.0394586472450325
45.53333333333333,0.03333333333333333,1366,1366,takeover,cartesian_freedrive,0.9889581084982666,0.05311184771435761,0.06793765786401464,0.03155695706917835,-0.628472815699608,-2.394975419925341,0.2411331449669486,2.5623924583426008,0.03932792190230986
45.56666666666667,0.03333333333333333,1367,1367,takeover,cartesian_freedrive,0.9889581084982666,0.05309925958165024,0.06791982574045258,0.031692925688677015,-0.6284673707766653,-2.394860217898779,0.24132310263724738,2.562364652270642,0.03919757281758959
45.6,0.03333333333333333,1368,1368,takeover,cartesian_freedrive,0.9889581084982666,0.05308667144891589,0.0679019372139646,0.0318289193991525,-0.6284618816657798,-2.3947449852689364,0.24151306808398051,2.562336819935821,0.039067219650202094
45.63333333333333,0.03333333333333333,1369,1369,takeover,cartesian_freedrive,0.9889581084982666,0.05308205039996623,0.06790163676324888,0.03183122473628808,-0.6284617907700545,-2.3947433580840505,0.24151615400695903,2.5623367112791633,0.03906484616630166
45.666666666666664,0.03333333333333333,1370,1370,takeover,cartesian_freedrive,0.9889581084982666,0.053077438744398436,0.06790142666228172,0.03183283377574215,-0.6284617268343378,-2.394742294554588,0.24151829429578503,2.562336712659541,0.039063138160557044
45.7,0.03333333333333333,1371,1371,takeover,cartesian_freedrive,0.9889581084982666,0.05307282709990424,0.06790122151806491,0.03183439532511496,-0.6284616652506901,-2.39474124938777,0.24152037830536144,2.562336697744351,0.0390614784823661
45.733333333333334,0.03333333333333333,1372,1372,takeover,cartesian_freedrive,0.9889581084982666,0.05306821545542191,0.06790102031099673,0.031835916536401665,-0.6284616063107292,-2.394740219656218,0.24152241075240655,2.5623366694032987,0.039059862050801156
45.766666666666666,0.03333333333333333,1373,1373,takeover,cartesian_freedrive,0.9889581084982666,0.05306574811556099,0.06790083077301426,0.03183738030440642,-0.6284615465149999,-2.394739243548264,0.24152423666541964,2.5623366386361868,0.03905814434172265
45.8,0.03333333333333333,1374,1374,takeover,cartesian_freedrive,0.9889581084982666,0.053063283303805844,0.06790061553030387,0.03183876158065211,-0.6284615213348851,-2.394738322602246,0.24152595831691065,2.562336598921401,0.03905641427773187
45.833333333333336,0.03333333333333333,1375,1375,takeover,cartesian_freedrive,0.9889581084982666,0.05306081849504561,0.06790038279729144,0.031840063025234254,-0.6284615216685013,-2.3947374537223176,0.24152759977863084,2.562336549929739,0.039054694449831784
45.86666666666667,0.03333333333333333,1376,1376,takeover,cartesian_freedrive,0.9889581084982666,0.0530583536862996,0.0679001399299517,0.03184129160072295,-0.6284615398813809,-2.3947366327041957,0.24152917087860126,2.5623364936767574,0.03905299576050116
45.9,0.03333333333333333,1377,1377,takeover,cartesian_freedrive,0.9889581084982666,0.053058296691869025,0.06789989721966075,0.03184247690648509,-0.6284615670446292,-2.394735850880564,0.2415307190513828,2.5623364562728526,0.03905142360488443
45.93333333333333,0.03333333333333333,1378,1378,takeover,cartesian_freedrive,0.9889581084982666,0.05305824253632821,0.06789967455304649,0.031843623058894065,-0.6284615831812892,-2.394735103791873,0.24153221372253772,2.56233643407096,0.039049937439664166
45.96666666666667,0.03333333333333333,1379,1379,takeover,cartesian_freedrive,0.9889581084982666,0.05305818838412935,0.06789946891483414,0.031844729507553224,-0.6284615909924703,-2.3947343895470294,0.24153365112017325,2.562336423583851,0.039048524411396314
46.0,0.03333333333333333,1380,1380,takeover,cartesian_freedrive,0.9889581084982666,0.05305813423192865,0.06789927698316935,0.031845795225202485,-0.6284615933562356,-2.394733706845207,0.24153503180876468,2.5623364214527444,0.03904717630855026
46.03333333333333,0.03333333333333333,1381,1381,takeover,cartesian_freedrive,0.9889581084982666,0.05305811437679508,0.06789909773199718,0.03184682705559452,-0.6284615913759221,-2.394733052988456,0.24153636933925943,2.5623364324139275,0.03904591654707399
46.06666666666667,0.03333333333333333,1382,1382,takeover,cartesian_freedrive,0.9889581084982666,0.05305809456210346,0.06789893444481372,0.03184782460676767,-0.6284615814276345,-2.394732426385211,0.24153765503687163,2.5623364529743333,0.03904472693274648
46.1,0.03333333333333333,1383,1383,takeover,cartesian_freedrive,0.9889581084982666,0.05305807474745469,0.06789878436662239,0.03184878656690379,-0.6284615658704379,-2.394731826213002,0.24153888885334457,2.562336480102765,0.03904359879618059
46.13333333333333,0.03333333333333333,1384,1384,takeover,cartesian_freedrive,0.9889581084982666,0.0530580549328015,0.06789864492700999,0.03184971270325542,-0.6284615469115808,-2.394731251550313,0.24154007163547964,2.562336511780321,0.039042526160819525
46.166666666666664,0.03333333333333333,1385,1385,takeover,cartesian_freedrive,0.9889581084982666,0.05305804783439602,0.06789851458015543,0.031850602339451875,-0.6284615256949636,-2.39473070168544,0.2415412055159655,2.5623365458854495,0.03904150395780616
46.2,0.03333333333333333,1386,1386,takeover,cartesian_freedrive,0.9889581084982666,0.053058040750980404,0.06789839178303402,0.03185145627283591,-0.6284615034548204,-2.3947301756153014,0.24154229182739193,2.562336581439772,0.039040528355961474
46.233333333333334,0.03333333333333333,1387,1387,takeover,cartesian_freedrive,0.9889581084982666,0.053058033667583354,0.06789827549617942,0.031852275362457376,-0.6284614808896879,-2.394729672357658,0.24154333217684532,2.5623366176618063,0.03903959617099412
46.266666666666666,0.03333333333333333,1388,1388,takeover,cartesian_freedrive,0.9889581084982666,0.05305802658418178,0.06789816497918057,0.03185306050483403,-0.6284614585384797,-2.39472919097199,0.24154432833798395,2.5623366539059704,0.03903870466248592
46.3,0.03333333333333333,1389,1389,takeover,cartesian_freedrive,0.988905060307502,0.05306183355704548,0.06724392400930082,0.038658363774513156,-0.6283159673500577,-2.3944443622011877,0.24652167492005214,2.567419449694522,0.034512511502472525
46.333333333333336,0.03333333333333333,1390,1390,takeover,cartesian_freedrive,0.9888520121167375,0.05306564504120798,0.06650674662210601,0.04561457064834497,-0.6280642755950853,-2.394075683257766,0.2517241485194257,2.57252613312235,0.029829599386541495
46.36666666666667,0.03333333333333333,1391,1391,takeover,cartesian_freedrive,0.9887989639259729,0.053069456537281554,0.06569442462297274,0.052608508513882844,-0.6277098849595695,-2.393653903938698,0.2570235964307291,2.577606691541864,0.025097853307827312
46.4,0.03333333333333333,1392,1392,takeover,cartesian_freedrive,0.9887459157352083,0.05307326802682466,0.06480437493966393,0.05963605522082746,-0.6272503655688046,-2.393179908770977,0.26241327000213177,2.582660376957615,0.020322283231715615
46.43333333333333,0.03333333333333333,1393,1393,takeover,cartesian_freedrive,0.9886928675444437,0.053077079525878534,0.06383389999325273,0.06669522119663467,-0.6266833232282788,-2.392653582611051,0.2678887853723041,2.587686971569763,0.015505838149020006
46.46666666666667,0.03333333333333333,1394,1394,takeover,cartesian_freedrive,0.9886398193536792,0.05308089101921973,0.06278048900291733,0.07378400362143502,-0.6260066498529125,-2.3920748143507002,0.273445512062948,2.5926863406190566,0.010651623225821985
46.5,0.03333333333333333,1395,1395,takeover,cartesian_freedrive,0.9885867711629146,0.053084702517728524,0.061641847069919396,0.080900349331562,-0.6252184703488911,-2.3914435245419505,0.27907853484170236,2.5976584285296664,0.005762935910782947
46.53333333333333,0.03333333333333333,1396,1396,takeover,cartesian_freedrive,0.98853372297215,0.05308851401452587,0.060415916197565464,0.08804216391838492,-0.624317228042095,-2.3907596660602928,0.2847826746840277,2.6026032596861484,0.0008432506805751008
46.56666666666667,0.03333333333333333,1397,1397,takeover,cartesian_freedrive,0.98853372297215,0.05306730895057918,0.06004915841275482,0.09025847075577974,-0.6241029762866784,-2.3904990407835554,0.28611116959499067,2.603110711546491,-0.00036522575581266853
46.6,0.03333333333333333,1398,1398,takeover,cartesian_freedrive,0.98853372297215,0.05304607440932057,0.059699831984868064,0.09237959655921532,-0.6239024799276945,-2.390265729602047,0.2873194994868728,2.6035737613052174,-0.00147154462327566
46.63333333333333,0.03333333333333333,1399,1399,takeover,cartesian_freedrive,0.98853372297215,0.05302483983656331,0.059344922468228145,0.09450283269053257,-0.6236947759955844,-2.3900283408548226,0.2885281022094428,2.6040352153362734,-0.0025762819283327936
46.666666666666664,0.03333333333333333,1400,1400,takeover,cartesian_freedrive,0.98853372297215,0.05300360526202995,0.05898430783419331,0.09662865211985965,-0.6234797608829854,-2.389786776292387,0.2897375475764982,2.604495376958333,-0.0036799284218979726
46.7,0.03333333333333333,1401,1401,takeover,cartesian_freedrive,0.98853372297215,0.05299665245704359,0.05898045991806415,0.09665044824840914,-0.6234774718935758,-2.389783799773439,0.28975052531529927,2.6045000405603917,-0.003691897900176521
46.733333333333334,0.03333333333333333,1402,1402,takeover,cartesian_freedrive,0.98853372297215,0.05298971650492883,0.058978337645827335,0.09666163289553548,-0.6234762334446718,-2.3897820902168543,0.2897576571912111,2.6045023000918865,-0.0036985967236710087
46.766666666666666,0.03333333333333333,1403,1403,takeover,cartesian_freedrive,0.98853372297215,0.05298278057284003,0.05897659333084897,0.09667092613085264,-0.6234755135005735,-2.38978122848803,0.28976249689417943,2.60450404654258,-0.0037036023922271057
46.8,0.03333333333333333,1404,1404,takeover,cartesian_freedrive,0.98853372297215,0.05297584464109475,0.05897451824347705,0.09668211995514919,-0.6234742549728899,-2.389779602345417,0.2897695850132085,2.604506455427747,-0.0037102080565353203
46.833333333333336,0.03333333333333333,1405,1405,takeover,cartesian_freedrive,0.98853372297215,0.052973369191069646,0.058974142755885244,0.09668377374708133,-0.6234738108276789,-2.3897788661624215,0.2897716627465932,2.6045068676344845,-0.0037118059789387203
46.86666666666667,0.03333333333333333,1406,1406,takeover,cartesian_freedrive,0.98853372297215,0.05297089900017476,0.058973771815719944,0.09668528920609183,-0.6234734048530997,-2.389778154409685,0.28977362415240726,2.6045072094695434,-0.003713344230412075
46.9,0.03333333333333333,1407,1407,takeover,cartesian_freedrive,0.98853372297215,0.052968428815484844,0.05897340173875394,0.09668672562653792,-0.6234730289860073,-2.389777461439564,0.2897754955227745,2.604507504978,-0.0037148397588181977
46.93333333333333,0.03333333333333333,1408,1408,takeover,cartesian_freedrive,0.98853372297215,0.05296595863079856,0.058973036182624075,0.0966880928055638,-0.6234726788556887,-2.3897767870717943,0.2897772816980988,2.6045077639726624,-0.003716287825294209
46.96666666666667,0.03333333333333333,1409,1409,takeover,cartesian_freedrive,0.98853372297215,0.05296507975140352,0.05897267864146842,0.09668937440804261,-0.6234723483939587,-2.3897761257612546,0.2897789857040455,2.6045079862683513,-0.0037177071835224015
47.0,0.03333333333333333,1410,1410,takeover,cartesian_freedrive,0.98853372297215,0.052964202748184024,0.05897232503752818,0.09669058893652113,-0.6234720411873562,-2.38977548429375,0.2897806129009127,2.6045081770157448,-0.0037190868631660837
47.03333333333333,0.03333333333333333,1411,1411,takeover,cartesian_freedrive,0.98853372297215,0.052963325747178464,0.05897197744516196,0.09669174407216187,-0.6234717543447643,-2.3897748630043933,0.2897821677468088,2.60450834220493,-0.003720423300178378
47.06666666666667,0.03333333333333333,1412,1412,takeover,cartesian_freedrive,0.98853372297215,0.05296244874617706,0.0589716376259762,0.09669284540042343,-0.6234714852583342,-2.3897742616349915,0.2897836541475989,2.6045084867237427,-0.0037217146869319793
47.1,0.03333333333333333,1413,1413,takeover,cartesian_freedrive,0.98853372297215,0.05296213376657552,0.05897130948248551,0.0966939066047308,-0.6234712310317495,-2.3897736786372796,0.28978508801161323,2.604508624344494,-0.003722928150247627
47.13333333333333,0.03333333333333333,1414,1414,takeover,cartesian_freedrive,0.98853372297215,0.05296181944961328,0.05897099932696072,0.09669492924247063,-0.6234709844136817,-2.389773113560167,0.28978646263860314,2.604508755130547,-0.0037240780421688296
47.166666666666664,0.03333333333333333,1415,1415,takeover,cartesian_freedrive,0.98853372297215,0.05296150513343138,0.058970705933676246,0.09669591362614677,-0.6234707454684973,-2.3897725665871468,0.28978777924789995,2.604508879163449,-0.003725170134037973
47.2,0.03333333333333333,1416,1416,takeover,cartesian_freedrive,0.98853372297215,0.05296119081724919,0.05897042774172126,0.09669686059779951,-0.6234705146888821,-2.3897720377929357,0.28978903967286995,2.6045089967978012,-0.003726208474840375
47.233333333333334,0.03333333333333333,1417,1417,takeover,cartesian_freedrive,0.98853372297215,0.052961077758596084,0.05897016371829225,0.09669777062243545,-0.6234702920029721,-2.3897715272112725,0.28979024675123377,2.604509108237555,-0.0037271960257085675
47.266666666666666,0.03333333333333333,1418,1418,takeover,cartesian_freedrive,0.98853372297215,0.05296096493722858,0.05896991287416714,0.0966986448317271,-0.623470077438347,-2.3897710346922163,0.2897914022570478,2.6045092138829404,-0.0037281360515831353
47.3,0.03333333333333333,1419,1419,takeover,cartesian_freedrive,0.98853372297215,0.052960852116140184,0.05896967435791308,0.09669948410505112,-0.6234698708809577,-2.3897705600325625,0.2897925083599966,2.6045093139975664,-0.0037290313580716885
47.333333333333336,0.03333333333333333,1420,1420,takeover,cartesian_freedrive,0.98853372297215,0.0529607392950515,0.058969447333940855,0.09670028984864973,-0.6234696723330804,-2.3897701028847105,0.2897935668463743,2.6045094091209378,-0.0037298842448185124
47.36666666666667,0.03333333333333333,1421,1421,takeover,cartesian_freedrive,0.98853372297215,0.05296070061043895,0.05896922715839704,0.09670104691456961,-0.6234694823370807,-2.389769665048514,0.28979456100002526,2.604509482885595,-0.0037307488234247406
47.4,0.03333333333333333,1422,1422,takeover,cartesian_freedrive,0.98853372297215,0.052960662013226106,0.058969004180858806,0.09670176000937772,-0.6234693098263833,-2.3897692464260185,0.2897955084447311,2.6045095403335603,-0.0037316042384530662
47.43333333333333,0.03333333333333333,1423,1423,takeover,cartesian_freedrive,0.98853372297215,0.05296062341611808,0.05896878051594492,0.09670243447093094,-0.6234691523196477,-2.389768845793671,0.2897964139372657,2.604509585323066,-0.0037324440709048065
47.46666666666667,0.03333333333333333,1424,1424,takeover,cartesian_freedrive,0.98853372297215,0.052960584819012155,0.05896855848615857,0.09670307413251894,-0.623469007045105,-2.3897684620375297,0.28979728076182654,2.604509620501049,-0.0037332650844135212
47.5,0.03333333333333333,1425,1425,takeover,cartesian_freedrive,0.9886103373746264,0.05296366555003515,0.05671729854027036,0.10130194952530992,-0.6224188360271031,-2.3847211465688813,0.2974321518363322,2.6032667296353207,-0.011051696686934002
47.53333333333333,0.03333333333333333,1426,1426,takeover,cartesian_freedrive,0.9886869517771029,0.05296675074757065,0.05435016130241312,0.10603010134417513,-0.6212859951438041,-2.3795514464798417,0.3051827461958786,2.6019773007061144,-0.018468334206931693
47.56666666666667,0.03333333333333333,1427,1427,takeover,cartesian_freedrive,0.9887635661795793,0.05296983598639268,0.05191668200783119,0.1107491042454224,-0.6201036210820295,-2.374360168532714,0.3128591903727768,2.600647691302128,-0.02581558341732428
47.6,0.03333333333333333,1428,1428,takeover,cartesian_freedrive,0.9888401805820557,0.05297292121109888,0.04942054524995765,0.11545532687020559,-0.6188750488865727,-2.3691498045824373,0.32045570422576614,2.5992788511325062,-0.03308855053993765
47.63333333333333,0.03333333333333333,1429,1429,takeover,cartesian_freedrive,0.9889167949845321,0.052976006349215,0.046864328865510604,0.12014839492519333,-0.6176027675026227,-2.363920799577408,0.32797095440406376,2.597871840964485,-0.04028612486352903
47.666666666666664,0.03333333333333333,1430,1430,takeover,cartesian_freedrive,0.9889934093870085,0.05297909160664781,0.044250597558560284,0.12482804422927504,-0.6162891674982256,-2.3586735466544857,0.3354039172830096,2.5964277812181913,-0.04740746206217599
47.7,0.03333333333333333,1431,1431,takeover,cartesian_freedrive,0.9890700237894849,0.052982176790088306,0.04158190479046951,0.12949406961401785,-0.6149366896161578,-2.3534084097408035,0.34275369282255336,2.5949476675279324,-0.0544517896363948
47.733333333333334,0.03333333333333333,1432,1432,takeover,cartesian_freedrive,0.9891466381919614,0.05298526195887413,0.03886072824507474,0.13414629692142424,-0.6135476100975639,-2.3481257562327764,0.3500195915024538,2.5934325510219445,-0.0614185042031626
47.766666666666666,0.03333333333333333,1433,1433,takeover,cartesian_freedrive,0.9892232525944378,0.052988347165483715,0.03608951047193006,0.13878459304593938,-0.6121241898445524,-2.342825929401887,0.3572010682294378,2.5918834550670504,-0.06830711775091863
47.8,0.03333333333333333,1434,1434,takeover,cartesian_freedrive,0.9892998669969142,0.052991432398993024,0.0332706491493982,0.14340886291749144,-0.6106685993351018,-2.3375092700178315,0.3642977355538285,2.5903013767085334,-0.07511725365726864
47.833333333333336,0.03333333333333333,1435,1435,takeover,cartesian_freedrive,0.9893764813993906,0.05299451757402837,0.030406508714581493,0.14801905247990058,-0.6091829788101442,-2.332176090988302,0.37130932036062475,2.5886872548906386,-0.08184862291823053
47.86666666666667,0.03333333333333333,1436,1436,takeover,cartesian_freedrive,0.989453095801867,0.052997602706679414,0.027499355787763323,0.1526151341761583,-0.6076693545952906,-2.326826701915034,0.37823570356981706,2.587042046801531,-0.08850105620598772
47.9,0.03333333333333333,1437,1437,takeover,cartesian_freedrive,0.9895297102043434,0.05300068800880213,0.02455140497176519,0.15719710585449867,-0.6061296752511566,-2.3214613943235918,0.3850768988839314,2.585366732915432,-0.09507450377215994
47.93333333333333,0.03333333333333333,1438,1438,takeover,cartesian_freedrive,0.9896063246068199,0.0530037731785361,0.021564831172231423,0.16176501384209802,-0.6045658626943321,-2.31608043863268,0.3918329778852157,2.5836621266667903,-0.10156892353892434
47.96666666666667,0.03333333333333333,1439,1439,takeover,cartesian_freedrive,0.9896829390092963,0.05300685833002518,0.018541706586441446,0.16631891531178922,-0.6029797143334936,-2.3106840951647865,0.3985041571374277,2.5819291319916267,-0.10798441375112414
48.0,0.03333333333333333,1440,1440,takeover,cartesian_freedrive,0.9897595534117727,0.05300994348068916,0.015484062499398175,0.17085889591725584,-0.6013729646527728,-2.305272616133431,0.40509074786270904,2.5801686076834573,-0.11432113858603665
48.03333333333333,0.03333333333333333,1441,1441,takeover,cartesian_freedrive,0.9897595534117727,0.05300559508719216,0.015355433726100064,0.17108005766293738,-0.6013015637672006,-2.3050460741448955,0.4053681716101213,2.58008441795696,-0.11457417497881076
48.06666666666667,0.03333333333333333,1442,1442,takeover,cartesian_freedrive,0.9897595534117727,0.05300123744305853,0.01527623016933762,0.1712076723124342,-0.6012607491649279,-2.304900600730874,0.40553256899906887,2.580017172379916,-0.11472464717473015
48.1,0.03333333333333333,1443,1443,takeover,cartesian_freedrive,0.9897595534117727,0.052996879787054266,0.01519736606390961,0.17133463469402857,-0.6012201726757882,-2.3047554820376166,0.40569599528727507,2.5799498263381757,-0.11487421660607307
48.13333333333333,0.03333333333333333,1444,1444,takeover,cartesian_freedrive,0.9897595534117727,0.05299252213101917,0.015118504586073691,0.17146153798068708,-0.6011796035025154,-2.304610384161397,0.40585929237203733,2.5798824615203197,-0.11502367073934777
48.166666666666664,0.03333333333333333,1445,1445,takeover,cartesian_freedrive,0.9897595534117727,0.052991082306251436,0.01511728439421178,0.17146382043976027,-0.6011788171094745,-2.3046083760528866,0.405862110518059,2.5798819300039013,-0.11502620155245741
48.2,0.03333333333333333,1446,1446,takeover,cartesian_freedrive,0.9897595534117727,0.052989645917066605,0.015116441458028483,0.17146541870868545,-0.6011782612943664,-2.304607083773782,0.4058640898951718,2.579881675700167,-0.11502800764282728
48.233333333333334,0.03333333333333333,1447,1447,takeover,cartesian_freedrive,0.9897595534117727,0.052988209531903266,0.015115606443195756,0.17146694626521763,-0.6011777365193405,-2.304605820846738,0.40586600017889374,2.579881391889802,-0.11502978501458867
48.266666666666666,0.03333333333333333,1448,1448,takeover,cartesian_freedrive,0.9897595534117727,0.05298677314674677,0.015114780780226655,0.1714684158683205,-0.601177237772399,-2.3046045824131727,0.40586784897685174,2.579881085627807,-0.11503153209717629
48.3,0.03333333333333333,1449,1449,takeover,cartesian_freedrive,0.9897595534117727,0.05298625422859003,0.015113994265362807,0.1714698823397948,-0.6011767774811352,-2.3046034269930153,0.40586958728525857,2.5798808507331414,-0.11503315604854698
48.333333333333336,0.03333333333333333,1450,1450,takeover,cartesian_freedrive,0.9897595534117727,0.05298573639215159,0.015113259855218553,0.17147130204487068,-0.6011763327832969,-2.3046023379236673,0.4058712385638268,2.57988066467688,-0.11503467624098533
48.36666666666667,0.03333333333333333,1451,1451,takeover,cartesian_freedrive,0.9897595534117727,0.05298521855698737,0.015112573700361478,0.1714726637755958,-0.6011759016061184,-2.304601310934986,0.4058728118351203,2.5798805129786264,-0.1150361044155761
48.4,0.03333333333333333,1452,1452,takeover,cartesian_freedrive,0.9897595534117727,0.05298470072182257,0.015111930529904177,0.1714739649172913,-0.6011754851602283,-2.304600342515723,0.40587431086286174,2.579880387193797,-0.11503744996136603
48.43333333333333,0.03333333333333333,1453,1453,takeover,cartesian_freedrive,0.9897595534117727,0.052984513791983365,0.015111326041631188,0.1714752052363263,-0.6011750844388114,-2.30459942952282,0.4058757384788188,2.57988028174384,-0.11503872028896864
48.46666666666667,0.03333333333333333,1454,1454,takeover,cartesian_freedrive,0.9897595534117727,0.05298432725228632,0.015110756551594717,0.17147638563409814,-0.6011747000643449,-2.3045985685321666,0.40587709736940264,2.579880192391944,-0.11503992183177283
48.5,0.03333333333333333,1455,1455,takeover,cartesian_freedrive,0.9897595534117727,0.05298414071304823,0.01511021896857988,0.17147750800820277,-0.6011743324205228,-2.3045977563114257,0.40587839003934695,2.5798801161356066,-0.11504105975062677
48.53333333333333,0.03333333333333333,1456,1456,takeover,cartesian_freedrive,0.9897595534117727,0.05298395417380995,0.015109710847427578,0.17147857405840922,-0.6011739812677246,-2.3045969898725205,0.4058796194980064,2.5798800503062966,-0.11504213860876114
48.56666666666667,0.03333333333333333,1457,1457,takeover,cartesian_freedrive,0.9897595534117727,0.052983886908147156,0.015109229934253628,0.17147958652064865,-0.6011736466057216,-2.304596266354889,0.40588078810590644,2.579879993359433,-0.11504316200458836
48.6,0.03333333333333333,1458,1458,takeover,cartesian_freedrive,0.9897595534117727,0.05298381978310973,0.01510877450102208,0.17148054741895585,-0.6011733278174637,-2.3045955831292315,0.4058818988183688,2.5798799435969526,-0.11504413337403196
48.63333333333333,0.03333333333333333,1459,1459,takeover,cartesian_freedrive,0.9897595534117727,0.05298375265823774,0.0151083429040523,0.17148145912676532,-0.601173024416219,-2.3045949377460286,0.40588295429341553,2.5798798998343506,-0.11504505571686385
48.666666666666664,0.03333333333333333,1460,1460,takeover,cartesian_freedrive,0.9897595534117727,0.05298368553336561,0.01510793366020144,0.1714823242072825,-0.6011727359486119,-2.3045943278908863,0.405883956941106,2.579879861274137,-0.11504593164266376
48.7,0.03333333333333333,1461,1461,takeover,cartesian_freedrive,0.9897595534117727,0.052983661390557615,0.01510754553201584,0.17148314477025073,-0.6011724617035373,-2.3045937514345627,0.4058849094292901,2.5798798270284626,-0.11504676365365378
48.733333333333334,0.03333333333333333,1462,1462,takeover,cartesian_freedrive,0.9897595534117727,0.05298363729842606,0.015107177336001027,0.1714839229096745,-0.6011722010194045,-2.3045932064079233,0.4058858142642124,2.579879796368609,-0.11504755414071738
48.766666666666666,0.03333333333333333,1463,1463,takeover,cartesian_freedrive,0.9897595534117727,0.052983613206354016,0.015106827877599056,0.17148466122293993,-0.601171953531799,-2.304592690916444,0.40588667339261364,2.579879769085986,-0.11504830506031065
48.8,0.03333333333333333,1464,1464,takeover,cartesian_freedrive,0.9897595534117727,0.052983589114282,0.01510649627437664,0.17148536127125222,-0.6011717183646661,-2.3045922032542028,0.4058874894176697,2.579879744419263,-0.11504901859295184
48.833333333333336,0.03333333333333333,1465,1465,takeover,cartesian_freedrive,0.9910396092353011,0.053004310025345176,0.01102815157648639,0.1787482147784211,-0.5986600840063094,-2.2996148039650146,0.4152157059273247,2.5805384661916,-0.12385943187736995
48.86666666666667,0.03333333333333333,1466,1466,takeover,cartesian_freedrive,0.9923196650588295,0.05302505576446656,0.006779273818963903,0.1861373039507181,-0.596010591282101,-2.2944914010574498,0.4246173455630159,2.5811504364273237,-0.13273939040977648
48.9,0.03333333333333333,1467,1467,takeover,cartesian_freedrive,0.9935997208823579,0.0530458016082784,0.0024466215328224953,0.19348929090075878,-0.5932855585518138,-2.289328784714718,0.43389082901123927,2.5817118363399487,-0.14150922192921092
48.93333333333333,0.03333333333333333,1468,1468,takeover,cartesian_freedrive,0.9948797767058863,0.053066547397518676,-0.0019621793416347284,0.20080091855100038,-0.5904922792789101,-2.28412990504946,0.4430303437896541,2.582224881795356,-0.15016424868618333
48.96666666666667,0.03333333333333333,1469,1469,takeover,cartesian_freedrive,0.9961598325294148,0.053087293166504027,-0.006441220233916071,0.2080721443478313,-0.587636697981432,-2.2788956579600916,0.45203421040878433,2.5826917864844927,-0.15870335186967563
49.0,0.03333333333333333,1470,1470,takeover,cartesian_freedrive,0.9974398883529432,0.053108038990949694,-0.010984800736064624,0.21530310904579508,-0.5847245171430145,-2.2736268568882823,0.46090125120935177,2.5831146741538644,-0.16712579140778008
49.03333333333333,0.03333333333333333,1471,1471,takeover,cartesian_freedrive,0.9987199441764716,0.05312878476745879,-0.015587461755473004,0.22249407500121257,-0.5817611624717229,-2.2683242660336855,0.4696306633327196,2.583495518232246,-0.17543108035060542
49.06666666666667,0.03333333333333333,1472,1472,takeover,cartesian_freedrive,1.0,0.053149530546379185,-0.020243938822285867,0.22964540398867392,-0.5787518410205329,-2.2629886011896456,0.47822200998559233,2.5838362267914032,-0.1836190126126658
49.1,0.03333333333333333,1473,1473,takeover,cartesian_freedrive,1.0,0.053120952171042846,-0.02117253850479918,0.23146028998744694,-0.5781721805851638,-2.2619481336146015,0.4797583041553543,2.5837538150013537,-0.18511916931655706
49.13333333333333,0.03333333333333333,1474,1474,takeover,cartesian_freedrive,1.0,0.05309231531855295,-0.022032013717631832,0.23315765887137085,-0.577641085116307,-2.2609881297626138,0.4811521937644827,2.5836679687028163,-0.18648973360553087
49.166666666666664,0.03333333333333333,1475,1475,takeover,cartesian_freedrive,1.0,0.05306367840233041,-0.02289245258807987,0.23485221205245424,-0.577108929828217,-2.260027515153626,0.48253777469256465,2.583581151075735,-0.18785310165941982
49.2,0.03333333333333333,1476,1476,takeover,cartesian_freedrive,1.0,0.05303504148059822,-0.023755029498581097,0.2365460119997047,-0.5765748884201134,-2.259064840864638,0.483917363868908,2.58349336611776,-0.18921135097819822
49.233333333333334,0.03333333333333333,1477,1477,takeover,cartesian_freedrive,1.0,0.05302612799998332,-0.023764371148968025,0.2365639477325015,-0.5765691518581536,-2.259054406001107,0.4839323384847972,2.58349242706941,-0.18922618871028418
49.266666666666666,0.03333333333333333,1478,1478,takeover,cartesian_freedrive,1.0,0.05301723781307023,-0.023768328738746704,0.23657151575371732,-0.5765668151368267,-2.259050203422625,0.4839384265848764,2.58349197561969,-0.18923248792446057
49.3,0.03333333333333333,1479,1479,takeover,cartesian_freedrive,1.0,0.053008347654477636,-0.02377344346394064,0.23658105173056707,-0.57656367331039,-2.2590445229226654,0.48394659118615935,2.5834914039511307,-0.18924066486447874
49.333333333333336,0.03333333333333333,1480,1480,takeover,cartesian_freedrive,1.0,0.05299945749564437,-0.023777316063601936,0.23658844783354632,-0.5765614055775856,-2.259040433049879,0.48395250874546686,2.5834909485273387,-0.18924682364777407
49.36666666666667,0.03333333333333333,1481,1481,takeover,cartesian_freedrive,1.0,0.0529962660801232,-0.023778412886841536,0.23659034023380088,-0.5765606335661008,-2.259039038649727,0.4839544937067877,2.583490843262553,-0.18924860980389735
49.4,0.03333333333333333,1482,1482,takeover,cartesian_freedrive,1.0,0.05299308138392239,-0.023779432099980142,0.23659209468285897,-0.5765599066458171,-2.2590377402971957,0.4839563544513823,2.5834907454264315,-0.18925027325366223
49.43333333333333,0.03333333333333333,1483,1483,takeover,cartesian_freedrive,1.0,0.052989896695642025,-0.02378039207814873,0.236593747134301,-0.5765592200336793,-2.2590365199816644,0.48395811079765877,2.5834906554494346,-0.18925184176905424
49.46666666666667,0.03333333333333333,1484,1484,takeover,cartesian_freedrive,1.0,0.05298671200737082,-0.023781296769258452,0.23659530402946136,-0.5765585719448213,-2.259035372583464,0.483959767957455,2.583490572809349,-0.18925332161150935
49.5,0.03333333333333333,1485,1485,takeover,cartesian_freedrive,1.0,0.05298556671280445,-0.023782147595645852,0.23659676553762543,-0.5765579602889788,-2.259034292306893,0.4839613324195302,2.5834904985405913,-0.18925471388725826
49.53333333333333,0.03333333333333333,1486,1486,takeover,cartesian_freedrive,1.0,0.052984423822720984,-0.023782947966020193,0.23659814046373828,-0.5765573834189315,-2.259033277204261,0.4839628070599268,2.5834904307913558,-0.18925602482915768
49.56666666666667,0.03333333333333333,1487,1487,takeover,cartesian_freedrive,1.0,0.052983280935472346,-0.023783701134956075,0.23659943434518718,-0.5765568396929668,-2.259032323430914,0.4839641964496684,2.58349036884867,-0.18925725954333308
49.6,0.03333333333333333,1488,1488,takeover,cartesian_freedrive,1.0,0.05298213804822699,-0.023784410058653813,0.236600652245266,-0.5765563275080426,-2.259031427184297,0.4839655051068042,2.5834903122626725,-0.1892584225008203
49.63333333333333,0.03333333333333333,1489,1489,takeover,cartesian_freedrive,1.0,0.05298172708999453,-0.023785077373287118,0.23660179853886262,-0.5765558450820809,-2.259030584876567,0.483966737679879,2.5834902604358403,-0.18925951785961845
49.666666666666664,0.03333333333333333,1490,1490,takeover,cartesian_freedrive,1.0,0.0529813169947199,-0.023785705542764362,0.23660287736860397,-0.5765553906933398,-2.2590297931719405,0.48396789853940797,2.5834902128159443,-0.189260549622989
49.7,0.03333333333333333,1491,1491,takeover,cartesian_freedrive,1.0,0.052980906900462754,-0.023786296886495122,0.23660389243925667,-0.576554962620483,-2.2590290489595533,0.48396899200457666,2.5834901687899707,-0.18926152164180587
49.733333333333334,0.03333333333333333,1492,1492,takeover,cartesian_freedrive,1.0,0.05298049680620681,-0.02378685366484709,0.23660484772812607,-0.5765545595121782,-2.2590283493389154,0.48397002178597437,2.5834901281366607,-0.1892624373480679
49.766666666666666,0.03333333333333333,1493,1493,takeover,cartesian_freedrive,1.0,0.052980349416682795,-0.023787377930097317,0.2366057469835596,-0.5765541800503872,-2.2590276915630696,0.48397099138749305,2.5834900906901703,-0.18926329987546867
49.8,0.03333333333333333,1494,1494,takeover,cartesian_freedrive,1.0,0.0529802023368926,-0.023787871520081185,0.2366065932298964,-0.5765538226925342,-2.259027073052829,0.48397190449339933,2.5834900559738063,-0.1892641123969296
49.833333333333336,0.03333333333333333,1495,1495,takeover,cartesian_freedrive,1.0,0.052980055257467615,-0.023788336261736535,0.23660738950751564,-0.5765534861322542,-2.259026491430287,0.48397276444950493,2.583490023666,-0.18926487788107843
49.86666666666667,0.03333333333333333,1496,1496,takeover,cartesian_freedrive,1.0,0.05297990817804307,-0.0237887738894009,0.23660813883000073,-0.5765531692160702,-2.2590259444633047,0.48397357429134386,2.5834899935868973,-0.189265599065989
49.9,0.03333333333333333,1497,1497,takeover,cartesian_freedrive,1.0,0.05297985539688893,-0.0237891860285734,0.23660884427797632,-0.5765528709718872,-2.259025430042833,0.4839743366880812,2.5834899657514288,-0.18926627837066956
49.93333333333333,0.03333333333333333,1498,1498,takeover,cartesian_freedrive,1.0,0.0529798027269143,-0.023789574066232118,0.23660950782662934,-0.57655258995305,-2.2590249461826644,0.48397505487331044,2.583489939566391,-0.18926691847518934
49.96666666666667,0.03333333333333333,1499,1499,takeover,cartesian_freedrive,1.0,0.05297975005707068,-0.02378993956014154,0.23661013256490457,-0.5765523255355105,-2.2590244910681476,0.4839757309490966,2.583489915281162,-0.18926752144573958
50.0,0.03333333333333333,1500,1500,takeover,cartesian_freedrive,1.0,0.05297969738722727,-0.02379028377038593,0.23661072092583094,-0.5765520767898711,-2.259024062922696,0.48397636723166776,2.5834898928602654,-0.18926808928915376
50.03333333333333,0.03333333333333333,1501,1501,takeover,cartesian_freedrive,1.0,0.05299286247854752,-0.027227635789206776,0.24343205483953564,-0.5742202536666803,-2.2521476243138183,0.4897098106445374,2.580440760204589,-0.19325121083716273
50.06666666666667,0.03333333333333333,1502,1502,takeover,cartesian_freedrive,1.0,0.05300604307985102,-0.030745366933313065,0.2503444918615047,-0.5718500689513321,-2.2451414200428057,0.49540376759818056,2.5773415064461545,-0.1971961255056847
50.1,0.03333333333333333,1503,1503,takeover,cartesian_freedrive,1.0,0.05301922369815037,-0.03427567503466116,0.2572250125268463,-0.5694881323058272,-2.238118484553469,0.5009492775296894,2.574226340091492,-0.20101431184865304
50.13333333333333,0.03333333333333333,1504,1504,takeover,cartesian_freedrive,1.0,0.05303240431561457,-0.03781520247532786,0.26407263569850975,-0.5671367164305868,-2.2310803499049388,0.5063483796610478,2.5710963058804577,-0.20470708360137777
50.166666666666664,0.03333333333333333,1505,1505,takeover,cartesian_freedrive,1.0,0.05304558494303572,-0.04136186906064747,0.27088833081353814,-0.5647971681634931,-2.2240269039579506,0.511604926003336,2.5679520792192623,-0.20827731520749548
50.2,0.03333333333333333,1506,1506,takeover,cartesian_freedrive,1.0,0.05305876561629067,-0.044913795976617786,0.27767308945072466,-0.5624706442348338,-2.216957987185571,0.5167227187994741,2.56479427335806,-0.21172784885065551
50.233333333333334,0.03333333333333333,1507,1507,takeover,cartesian_freedrive,1.0,0.053071946243604055,-0.048469271499753566,0.2844278941254427,-0.5601583167992222,-2.2098734143522907,0.5217054711477337,2.561623447377006,-0.21506146578891422
50.266666666666666,0.03333333333333333,1508,1508,takeover,cartesian_freedrive,1.0,0.053085126851682735,-0.05202674348818355,0.291153715743366,-0.5578610755314508,-2.2027729815208135,0.5265568117617069,2.5584401079482073,-0.21828088168514373
50.3,0.03333333333333333,1509,1509,takeover,cartesian_freedrive,1.0,0.05309830746816924,-0.05558480817537342,0.2978515114460158,-0.5555797070765184,-2.1956564658687023,0.5312802805081619,2.555244721157849,-0.22138874854521065
50.333333333333336,0.03333333333333333,1510,1510,takeover,cartesian_freedrive,1.0,0.053111488130745024,-0.05914219349657049,0.30452222566858667,-0.5533148752786862,-2.188523626307496,0.5358793237122432,2.5520377036255066,-0.22438764787020915
50.36666666666667,0.03333333333333333,1511,1511,takeover,cartesian_freedrive,1.0,0.053124668779037806,-0.0626977491059212,0.3111667883383716,-0.5510672745781242,-2.1813742023763236,0.5403572908279292,2.5488194349424167,-0.22728009381626305
50.4,0.03333333333333333,1512,1512,takeover,cartesian_freedrive,1.0,0.05313784938147532,-0.06625043931873872,0.3177861153117929,-0.5488374575090545,-2.1742079186131202,0.5447174378644012,2.5455902510831736,-0.230068528480764
50.43333333333333,0.03333333333333333,1513,1513,takeover,cartesian_freedrive,1.0,0.053151029992289,-0.06979933899365962,0.3243811047792435,-0.5466258171915969,-2.167024487473572,0.548962934264905,2.542350465748089,-0.23275533007134497
50.46666666666667,0.03333333333333333,1514,1514,takeover,cartesian_freedrive,1.0,0.05316421062054568,-0.07334361619454831,0.3309526413896286,-0.544432711451506,-2.159823605907615,0.5530968530847696,2.5391003499309606,-0.23534280410748523
50.5,0.03333333333333333,1515,1515,takeover,cartesian_freedrive,1.0,0.05317739130622551,-0.07688252930725989,0.33750159350376735,-0.5422584174881089,-2.152604958221537,0.5571221773346359,2.535840148894673,-0.2378331892795747
50.53333333333333,0.03333333333333333,1516,1516,takeover,cartesian_freedrive,1.0,0.05319057190971725,-0.08041541369275064,0.34402881563483834,-0.5401033414294223,-2.145368212080929,0.5610417921593464,2.5325700754147005,-0.2402286555744019
50.56666666666667,0.03333333333333333,1517,1517,takeover,cartesian_freedrive,1.0,0.053177943717630446,-0.08054410618999146,0.3443320899979659,-0.5400244618130907,-2.145105361698242,0.5611703476806733,2.5324544459041234,-0.240302011370703
50.6,0.03333333333333333,1518,1518,takeover,cartesian_freedrive,1.0,0.053165285051313016,-0.08063154244927856,0.3445597769382843,-0.5399699317855305,-2.1449267321947456,0.5612549709740882,2.5323720511218344,-0.2403441429059761
50.63333333333333,0.03333333333333333,1519,1519,takeover,cartesian_freedrive,1.0,0.05315262634935487,-0.08071785698186557,0.34478561574931843,-0.5399161258014672,-2.1447497881056488,0.5613381507826595,2.532290018905052,-0.24038501973095142
50.666666666666664,0.03333333333333333,1520,1520,takeover,cartesian_freedrive,1.0,0.05313996764747543,-0.08080279660029958,0.3450090547936992,-0.5398631534249249,-2.1445753053684458,0.5614197299837123,2.5322087180576474,-0.2404245620862409
50.7,0.03333333333333333,1521,1521,takeover,cartesian_freedrive,1.0,0.05313545595455646,-0.08080456419684662,0.34501270807690415,-0.5398621011930628,-2.1445720487615203,0.5614215520778939,2.532207468690016,-0.2404258857482283
50.733333333333334,0.03333333333333333,1522,1522,takeover,cartesian_freedrive,1.0,0.05313095386817343,-0.0808058553488778,0.3450152083571207,-0.5398613360077623,-2.1445697514181807,0.5614229107550406,2.5322066505231513,-0.24042694668503228
50.766666666666666,0.03333333333333333,1523,1523,takeover,cartesian_freedrive,1.0,0.05312645179312808,-0.080807073591459,0.34501760125452485,-0.5398606074159176,-2.144567573622604,0.5614241971333613,2.5322058767034337,-0.24042793714468408
50.8,0.03333333333333333,1524,1524,takeover,cartesian_freedrive,1.0,0.05312194971809577,-0.08080822749658977,0.34501989657367527,-0.5398599122452554,-2.14456550120792,0.5614254183812314,2.5322051398783065,-0.24042886507303934
50.833333333333336,0.03333333333333333,1525,1525,takeover,cartesian_freedrive,1.0,0.05312032576832544,-0.08080928085140433,0.34502186284285447,-0.5398592564151159,-2.1445634726772034,0.561426585086804,2.5322045294395252,-0.2404297692315949
50.86666666666667,0.03333333333333333,1526,1526,takeover,cartesian_freedrive,1.0,0.0531187052119193,-0.0808102602533974,0.34502364884573544,-0.5398586487348073,-2.1445616000862477,0.5614276742595622,2.5322039706434203,-0.24043062705428653
50.9,0.03333333333333333,1527,1527,takeover,cartesian_freedrive,1.0,0.053117084659514875,-0.08081117168071063,0.3450252868808654,-0.5398580879298166,-2.1445598818374623,0.5614286857191826,2.532203456916309,-0.2404314360999036
50.93333333333333,0.03333333333333333,1528,1528,takeover,cartesian_freedrive,1.0,0.05311546410711612,-0.08081201872593206,0.3450267925621348,-0.5398575702560742,-2.144558305668893,0.5614296240942726,2.5322029858599007,-0.24043219658224818
50.96666666666667,0.03333333333333333,1529,1529,takeover,cartesian_freedrive,1.0,0.05311488000591665,-0.08081280476168927,0.3450281767954432,-0.5398570920515001,-2.1445568591400748,0.5614304945763264,2.5322025552664,-0.24043290972355608
51.0,0.03333333333333333,1530,1530,takeover,cartesian_freedrive,1.0,0.05311429712671285,-0.0808135335541223,0.34502945082061715,-0.5398566501810426,-2.144555531641432,0.5614313017777364,2.53220216211508,-0.24043357693755107
51.03333333333333,0.03333333333333333,1531,1531,takeover,cartesian_freedrive,1.0,0.05311371424895032,-0.08081420874006423,0.3450306239663101,-0.5398562416285683,-2.1445543130821743,0.561432050272043,2.5322018033601386,-0.24043420016909936
51.06666666666667,0.03333333333333333,1532,1532,takeover,cartesian_freedrive,1.0,0.05311313137118989,-0.08081483391118655,0.3450317045047374,-0.539855863682044,-2.1445531942342617,0.5614327443412798,2.532201476006459,-0.24043478163265955
51.1,0.03333333333333333,1533,1533,takeover,cartesian_freedrive,1.0,0.05311292170491051,-0.08081541255008831,0.34503270000865427,-0.5398555140059026,-2.144552166668341,0.5614333878431947,2.5322011773773343,-0.24043532359401149
51.13333333333333,0.03333333333333333,1534,1534,takeover,cartesian_freedrive,1.0,0.05311271247865455,-0.0808159479359055,0.345033617859295,-0.5398551909044762,-2.144551222623624,0.5614339838387253,2.5322009056992334,-0.24043582801078908
51.166666666666664,0.03333333333333333,1535,1535,takeover,cartesian_freedrive,1.0,0.05311250325291782,-0.08081644307067617,0.3450344631964131,-0.5398548913192317,-2.144550355311581,0.5614345368337395,2.5322006569517814,-0.24043629772513841
51.2,0.03333333333333333,1536,1536,takeover,cartesian_freedrive,1.0,0.05311229402718169,-0.08081690113538702,0.3450352425198334,-0.5398546143352699,-2.1445495581759464,0.5614350491051814,2.5322004301393197,-0.2404367346594948
51.233333333333334,0.03333333333333333,1537,1537,takeover,cartesian_freedrive,1.0,0.05311221921109986,-0.08081732474230052,0.3450359611049051,-0.539854358200409,-2.1445488253955336,0.5614355235601082,2.532200223309188,-0.24043714081330528
51.266666666666666,0.03333333333333333,1538,1538,takeover,cartesian_freedrive,1.0,0.05311214455348962,-0.080817716376859,0.34503662411062386,-0.5398541216553344,-2.1445481515907825,0.5614359625280096,2.532200035163964,-0.24043751792214638
51.3,0.03333333333333333,1539,1539,takeover,cartesian_freedrive,1.0,0.05311206989606654,-0.08081807832147772,0.3450372348697715,-0.5398539022693628,-2.1445475320648626,0.5614363696150497,2.5321998625250144,-0.2404378684647284
51.333333333333336,0.03333333333333333,1540,1540,takeover,cartesian_freedrive,1.0,0.053111995238643614,-0.08081841302719794,0.3450377982741339,-0.5398536996468641,-2.1445469622099895,0.5614367462784853,2.5321997050960703,-0.2404381939338275
51.36666666666667,0.03333333333333333,1541,1541,takeover,cartesian_freedrive,1.0,0.053140195094906965,-0.0862780070741574,0.35227245302803956,-0.5373300448915984,-2.135790006187614,0.5657393296946734,2.5292516693826244,-0.2473694134602144
51.4,0.03333333333333333,1542,1542,takeover,cartesian_freedrive,1.0,0.05316842876481949,-0.09181388980849899,0.35961018182654897,-0.5347754215043419,-2.126866871571619,0.5699958530536031,2.5262488732647372,-0.25426205613754355
51.43333333333333,0.03333333333333333,1543,1543,takeover,cartesian_freedrive,1.0,0.0531966624430391,-0.09734262400246278,0.3669290724705344,-0.5322350495702348,-2.1179067426482696,0.5741266680340821,2.523229865193643,-0.26102735958982903
51.46666666666667,0.03333333333333333,1544,1544,takeover,cartesian_freedrive,1.0,0.05322489612648129,-0.10286212068770298,0.37422869830191186,-0.5297102323611197,-2.1089106546521705,0.578133889898578,2.520195274196134,-0.26766677472047107
51.5,0.03333333333333333,1545,1545,takeover,cartesian_freedrive,1.0,0.05325312980802521,-0.10837143498448677,0.3815102650259703,-0.5272015820882702,-2.099877977117564,0.5820206403704181,2.517145231810227,-0.27418273160097123
51.53333333333333,0.03333333333333333,1546,1546,takeover,cartesian_freedrive,1.0,0.05328136347914087,-0.1138697445949491,0.38877498384708953,-0.5247096013748042,-2.0908080397742723,0.5857899662367311,2.5140798307029395,-0.2805776001666579
51.56666666666667,0.03333333333333333,1547,1547,takeover,cartesian_freedrive,1.0,0.05330959721457201,-0.11935632128181176,0.39602405088051773,-0.5222347336417238,-2.0817001436447975,0.5894448233236436,2.510999146135119,-0.28685368461550587
51.6,0.03333333333333333,1548,1548,takeover,cartesian_freedrive,1.0,0.05333783093013775,-0.12483053878144211,0.4032586556263478,-0.5197773317599972,-2.0725535675311364,0.5929880690636201,2.507903183746185,-0.29301319866079834
51.63333333333333,0.03333333333333333,1549,1549,takeover,cartesian_freedrive,1.0,0.0532970201933818,-0.12600327573755768,0.404896097220755,-0.5192862628127616,-2.070676591632333,0.5936937953097483,2.5071353988241873,-0.2942102659527058
51.666666666666664,0.03333333333333333,1550,1550,takeover,cartesian_freedrive,1.0,0.05325612771914645,-0.1271171299628022,0.4064471735499544,-0.518825112769107,-2.068897226826038,0.5943486539016356,2.5063984648055864,-0.2953482214393661
51.7,0.03333333333333333,1551,1551,takeover,cartesian_freedrive,1.0,0.05321523514199901,-0.12822993301033267,0.40799719977729204,-0.5183650000254014,-2.0671166812028723,0.594998242484333,2.50566113404582,-0.29648075129510837
51.733333333333334,0.03333333333333333,1552,1552,takeover,cartesian_freedrive,1.0,0.053174342564942016,-0.12934199385915052,0.4095466346697562,-0.5179057633921759,-2.0653344554092943,0.5956428569862917,2.504923268679033,-0.29760819283949175
51.766666666666666,0.03333333333333333,1553,1553,takeover,cartesian_freedrive,1.0,0.05315628676852713,-0.12935301128703522,0.4095622062504886,-0.5179011372754959,-2.065316428612281,0.5956492100886459,2.5049158250051766,-0.29761915819346496
51.8,0.03333333333333333,1554,1554,takeover,cartesian_freedrive,1.0,0.053138257811959674,-0.12935867200205095,0.40957021979094593,-0.5178987912466733,-2.0653071197704547,0.5956524839629801,2.5049119652753054,-0.2976247382320664
51.833333333333336,0.03333333333333333,1555,1555,takeover,cartesian_freedrive,1.0,0.05312022888675456,-0.12936425441487057,0.4095780758155695,-0.5178964805097585,-2.065298022673842,0.5956557171048916,2.5049082002299805,-0.29763029057009316
51.86666666666667,0.03333333333333333,1556,1556,takeover,cartesian_freedrive,1.0,0.053102199961585654,-0.1293697935222608,0.40958583918431773,-0.5178941891313906,-2.0652890541231894,0.5956589271954186,2.5049044939552467,-0.297635835914073
51.9,0.03333333333333333,1557,1557,takeover,cartesian_freedrive,1.0,0.05309665091586267,-0.1293713241940053,0.40958805317464547,-0.5178934996888589,-2.065286486389511,0.5956600831821826,2.504903540760356,-0.2976370613525298
51.93333333333333,0.03333333333333333,1558,1558,takeover,cartesian_freedrive,1.0,0.05309111658395074,-0.12937267597577876,0.40959008882352993,-0.5178928571324762,-2.0652841480091917,0.5956611425784353,2.5049027087663664,-0.29763811468301765
51.96666666666667,0.03333333333333333,1559,1559,takeover,cartesian_freedrive,1.0,0.05308558226936859,-0.12937389195275714,0.409591975924581,-0.517892257843308,-2.065281994675433,0.5956621164681662,2.5049019654460944,-0.2976390447497557
52.0,0.03333333333333333,1560,1560,takeover,cartesian_freedrive,1.0,0.053080047954804824,-0.12937499109395792,0.40959372058318927,-0.5178917023946119,-2.065280012289814,0.5956630094050266,2.504901295660392,-0.29763987272546577
52.03333333333333,0.03333333333333333,1561,1561,takeover,cartesian_freedrive,1.0,0.05307805577602574,-0.12937598566718592,0.40959532779521207,-0.5178911904803808,-2.0652781911769167,0.5956638302864071,2.5049006918138423,-0.29764060509100554
52.06666666666667,0.03333333333333333,1562,1562,takeover,cartesian_freedrive,1.0,0.05307606777348994,-0.12937688638056827,0.40959680657427716,-0.5178907190769337,-2.065276518666768,0.5956645810530674,2.5049001443064522,-0.2976412586916398
52.1,0.03333333333333333,1563,1563,takeover,cartesian_freedrive,1.0,0.05307407977587751,-0.12937770387595662,0.4095981654843218,-0.517890286195831,-2.065274983037893,0.5956652665286103,2.5048996459114106,-0.29764184477334404
52.13333333333333,0.03333333333333333,1564,1564,takeover,cartesian_freedrive,1.0,0.05307209177827067,-0.12937844718559335,0.4095994127107435,-0.5178898891113997,-2.065273573520778,0.5956658922336077,2.5048991901720106,-0.29764237232297
52.166666666666664,0.03333333333333333,1565,1565,takeover,cartesian_freedrive,1.0,0.053071376581535455,-0.1293791240786135,0.40960055666804535,-0.5178895255971049,-2.0652722799957406,0.5956664630908594,2.5048987727241006,-0.2976428482527089
52.2,0.03333333333333333,1566,1566,takeover,cartesian_freedrive,1.0,0.053070662885456005,-0.12937974104776134,0.40960160544200985,-0.5178891932234311,-2.065271093042173,0.5956669835475479,2.504898390008834,-0.297643278508773
52.233333333333334,0.03333333333333333,1567,1567,takeover,cartesian_freedrive,1.0,0.05306994919114599,-0.1293803038145107,0.4096025664270282,-0.5178888893000483,-2.0652700041049155,0.5956674581604717,2.5048980384034967,-0.29764366820038135
52.266666666666666,0.03333333333333333,1568,1568,takeover,cartesian_freedrive,1.0,0.053069235496838174,-0.12938081749687508,0.40960344670882837,-0.5178886115578039,-2.0652690051960465,0.595667890926862,2.5048977151584677,-0.29764402164083165
52.3,0.03333333333333333,1569,1569,takeover,cartesian_freedrive,1.0,0.05306897919697332,-0.12938128661702455,0.4096042529558003,-0.5178883578998821,-2.065268088965049,0.5956682855127482,2.5048974179708554,-0.2976443424469559
52.333333333333336,0.03333333333333333,1570,1570,takeover,cartesian_freedrive,1.0,0.05306872343638519,-0.12938171521625516,0.4096049909825302,-0.5178881258618123,-2.0652672487609576,0.5956686456548076,2.504897143917213,-0.2976446341557969
52.36666666666667,0.03333333333333333,1571,1571,takeover,cartesian_freedrive,1.0,0.053068467676432876,-0.12938210695222338,0.4096056670608509,-0.5178879144969449,-2.0652664780498458,0.595668973610223,2.504896892650123,-0.2976448992367462
52.4,0.03333333333333333,1572,1572,takeover,cartesian_freedrive,1.0,0.05306821191648163,-0.12938246494973776,0.4096062859108679,-0.5178877211857172,-2.065265771423318,0.5956692729190646,2.5048966610591337,-0.29764514049949187
52.43333333333333,0.03333333333333333,1573,1573,takeover,cartesian_freedrive,1.0,0.05306812059354411,-0.129382792264649,0.4096068525961211,-0.5178875448704965,-2.0652651234343575,0.5956695457570539,2.504896448349421,-0.2976453600215182
52.46666666666667,0.03333333333333333,1574,1574,takeover,cartesian_freedrive,1.0,0.05306802946448108,-0.129383091565382,0.4096073710737815,-0.5178873834047275,-2.065264529470844,0.5956697950473634,2.5048962518601385,-0.29764556018005417
52.5,0.03333333333333333,1575,1575,takeover,cartesian_freedrive,1.0,0.053067938335646686,-0.12938336545891777,0.409607845480034,-0.5178872357692705,-2.0652639849474363,0.5956700227171232,2.5048960705742784,-0.29764574284665085
52.53333333333333,0.03333333333333333,1576,1576,takeover,cartesian_freedrive,1.0,0.05306784720681264,-0.12938361612641588,0.4096082799329699,-0.5178871012801114,-2.0652634855987895,0.5956702301897544,2.504895904270041,-0.29764590938499863
52.56666666666667,0.03333333333333333,1577,1577,takeover,cartesian_freedrive,0.8771872879190652,0.053400749092975514,-0.126727919833632,0.4120533471281745,-0.5181363921367412,-2.065780632050171,0.5950397528208248,2.508089723505998,-0.2923853178652737
52.6,0.03333333333333333,1578,1578,takeover,cartesian_freedrive,0.7543745758381304,0.05373404358731364,-0.12402803568266582,0.41450933845209587,-0.5184077036266009,-2.066298812759999,0.5943871332088151,2.5112763909425637,-0.28705749181191065
52.63333333333333,0.03333333333333333,1579,1579,takeover,cartesian_freedrive,0.6315618637571956,0.05406733853594191,-0.12132126415512569,0.41698814133201223,-0.5186910399028474,-2.066788739161521,0.5937333701453176,2.5144289621852156,-0.2817132827244083
52.666666666666664,0.03333333333333333,1580,1580,takeover,cartesian_freedrive,0.5087491516762608,0.054400633488052894,-0.11860909373287978,0.4194917956317331,-0.5189856308235264,-2.067248127970624,0.5930798482217272,2.517546569661882,-0.2763541382007615
52.7,0.03333333333333333,1581,1581,takeover,cartesian_freedrive,0.385936439595326,0.05473392844194254,-0.11588981982864846,0.4220175613479847,-0.5192925542915093,-2.0676796575757765,0.5924250528818041,2.5206295769628757,-0.27097876640973007
52.733333333333334,0.03333333333333333,1582,1582,takeover,cartesian_freedrive,0.26312372751439117,0.055067223404963325,-0.11316426260899716,0.4245666309226881,-0.5196113573042711,-2.068082044393681,0.5917698554920203,2.523677502334191,-0.2655880063736692
52.766666666666666,0.03333333333333333,1583,1583,takeover,cartesian_freedrive,0.14031101543345637,0.055400518359215056,-0.11043244972214022,0.4271389508797971,-0.519942076023097,-2.0684552565002616,0.5911143740403264,2.5266901303738725,-0.2601820244325589
52.8,0.03333333333333333,1584,1584,takeover,cartesian_freedrive,0.01749830335252156,0.055733813328771836,-0.10769531966963147,0.42973578814197233,-0.5202841329308561,-2.068798005177614,0.5904596045501673,2.529667064613012,-0.2547618040254028
52.833333333333336,0.03333333333333333,1585,1585,takeover,cartesian_freedrive,-0.10531440872841324,0.056067108287879,-0.10495105002969339,0.43235434218465685,-0.5206387370747376,-2.0691128993198302,0.5898038884569636,2.5326085161772394,-0.24932587230053713
52.86666666666667,0.03333333333333333,1586,1586,takeover,cartesian_freedrive,-0.22812712080934805,0.056400403245527794,-0.10220054234728285,0.43499581624342193,-0.5210053493690696,-2.0693987043403017,0.5891481825907006,2.5355140934699274,-0.24387517651052162
52.9,0.03333333333333333,1587,1587,takeover,cartesian_freedrive,-0.35093983289028285,0.056733698197289975,-0.09944385008555914,0.4376601550781471,-0.5213839669204368,-2.069655387728006,0.5884926218651656,2.5383835901250342,-0.23840990240154766
52.93333333333333,0.03333333333333333,1588,1588,takeover,cartesian_freedrive,-0.47375254497121766,0.057066993147627976,-0.09668100662557157,0.44034726106191663,-0.5217745915875059,-2.0698829617083754,0.5878373231454452,2.541216816351437,-0.23293022254352805
52.96666666666667,0.03333333333333333,1589,1589,takeover,cartesian_freedrive,-0.5965652570521525,0.05740028810837586,-0.09391304021607194,0.4430583731923589,-0.5221765584158072,-2.070080254648828,0.5871833762610361,2.544013518881794,-0.22743725236445753
53.0,0.03333333333333333,1590,1590,takeover,cartesian_freedrive,-0.7193779691330873,0.05773358307812736,-0.09113803713577229,0.44579072754979593,-0.5225911591484317,-2.0702496493022693,0.5865289846458431,2.5467736598165556,-0.2219293181759492
53.03333333333333,0.03333333333333333,1591,1591,takeover,cartesian_freedrive,-0.8421906812140221,0.058066878052200566,-0.08835698761120145,0.44854550075891664,-0.5230177606681873,-2.070390022696132,0.5858751947865706,2.5494969840034827,-0.2164074930593158
53.06666666666667,0.03333333333333333,1592,1592,takeover,cartesian_freedrive,-0.9650033932949569,0.05840017300638553,-0.08556997707191301,0.4513226334522053,-0.5234563492989003,-2.070501342385677,0.585222156971756,2.552183302412627,-0.21087198625220988
53.1,0.03333333333333333,1593,1593,takeover,cartesian_freedrive,-0.9650033932949569,0.059327208279722224,-0.08548384345644756,0.45141997447982524,-0.5234657212104723,-2.0705176196984283,0.5852014545321944,2.55227359317279,-0.21071094405745963
53.13333333333333,0.03333333333333333,1594,1594,takeover,cartesian_freedrive,-0.9650033932949569,0.06025495746310895,-0.08541342405492573,0.45150329583481263,-0.5234738436777786,-2.070531254654826,0.5851831649598805,2.5523473599708195,-0.21057825542920394
53.166666666666664,0.03333333333333333,1595,1595,takeover,cartesian_freedrive,-0.9650033932949569,0.06118270768824595,-0.0853435160215779,0.45158719080298554,-0.5234818713805086,-2.0705437979262484,0.5851649680980433,2.552420386657562,-0.21044581543844984
53.2,0.03333333333333333,1596,1596,takeover,cartesian_freedrive,-0.9650033932949569,0.06211045791422065,-0.08527379746274938,0.45167145849883644,-0.523489819830622,-2.0705558168184335,0.5851468610688212,2.552493158728884,-0.21031340872841117
53.233333333333334,0.03333333333333333,1597,1597,takeover,cartesian_freedrive,-0.9650033932949569,0.0627783052941783,-0.08527070455958193,0.45167164981665336,-0.5234906968406217,-2.070556063893918,0.5851449655701156,2.552493763638924,-0.21030871229509682
53.266666666666666,0.03333333333333333,1598,1598,takeover,cartesian_freedrive,-0.9650033932949569,0.06344583196650924,-0.08526837075995808,0.451671301593155,-0.5234915592885628,-2.070556321213033,0.5851432560815417,2.552493842448499,-0.21030525986896892
53.3,0.03333333333333333,1599,1599,takeover,cartesian_freedrive,-0.9650033932949569,0.06411335826086131,-0.08526636861308504,0.45167088199959243,-0.523492404350109,-2.070556620932631,0.5851416750002527,2.5524938260240195,-0.21030229398356043
53.333333333333336,0.03333333333333333,1600,1600,takeover,cartesian_freedrive,-0.9650033932949569,0.06478088455478981,-0.08526462142159494,0.4516704419397089,-0.5234932099645152,-2.070556949046005,0.585140225615031,2.5524937721850747,-0.2102997037752544
53.36666666666667,0.03333333333333333,1601,1601,takeover,cartesian_freedrive,-0.9650033932949569,0.06544771453466541,-0.08526310534825535,0.4516697834142584,-0.5234939046777034,-2.0705572226174866,0.5851389315161083,2.5524935814944,-0.21029759592331634
53.4,0.03333333333333333,1602,1602,takeover,cartesian_freedrive,-0.9650033932949569,0.06611454369354403,-0.08526182182658745,0.4516690669944673,-0.5234945574345304,-2.0705575085372714,0.5851377608053544,2.5524933184054728,-0.21029583762279921
53.43333333333333,0.03333333333333333,1603,1603,takeover,cartesian_freedrive,-0.9650033932949569,0.06678137285148811,-0.0852607263637544,0.4516683443960365,-0.5234951701228622,-2.0705578055250733,0.5851366997067962,2.5524930288285117,-0.21029435362251897
53.46666666666667,0.03333333333333333,1604,1604,takeover,cartesian_freedrive,-0.9650033932949569,0.06744820200944077,-0.08525978150920224,0.45166764030511974,-0.5234957392374632,-2.0705581074630093,0.58513574040097,2.552492739167176,-0.21029308876823946
53.5,0.03333333333333333,1605,1605,takeover,cartesian_freedrive,-0.9650033932949569,0.06811495405622545,-0.08525888480014303,0.4516670511014161,-0.5234962751928044,-2.0705584158865826,0.5851349413127631,2.5524926290235435,-0.21029176583096554
53.53333333333333,0.03333333333333333,1606,1606,takeover,cartesian_freedrive,-0.9650033932949569,0.06878170601211261,-0.08525799424621103,0.45166655711324977,-0.5234967410352023,-2.0705587294958057,0.5851342431378278,2.5524926408337203,-0.2102904531802906
53.56666666666667,0.03333333333333333,1607,1607,takeover,cartesian_freedrive,-0.9650033932949569,0.0694484579678895,-0.08525711581593552,0.45166613763368424,-0.5234971466437169,-2.070559047167481,0.5851336265975957,2.5524927439440015,-0.21028916796332828
53.6,0.03333333333333333,1608,1608,takeover,cartesian_freedrive,-0.9650033932949569,0.07011520992366294,-0.08525625552299392,0.45166577754631304,-0.5234975030088116,-2.0705593677650627,0.5851330787612273,2.552492917432874,-0.21028791697108562
53.63333333333333,0.03333333333333333,1609,1609,takeover,cartesian_freedrive,-0.9650033932949569,0.07078198060677662,-0.08525545045495896,0.45166542707566304,-0.5234978127222293,-2.070559686887372,0.5851325595686729,2.552493070248005,-0.2102868113574448
53.666666666666664,0.03333333333333333,1610,1610,takeover,cartesian_freedrive,-0.9650033932949569,0.07144875131196313,-0.08525471147143841,0.4516650902425781,-0.5234980994088557,-2.0705600024740156,0.5851320848300235,2.5524932208022846,-0.21028580543704453
53.7,0.03333333333333333,1611,1611,takeover,cartesian_freedrive,-0.9650033932949569,0.07211552201717833,-0.08525402839336148,0.4516647715234834,-0.5234983642537607,-2.0705603127986554,0.5851316534179677,2.552493375936068,-0.21028487913246804
53.733333333333334,0.03333333333333333,1612,1612,takeover,cartesian_freedrive,-0.9650033932949569,0.07278229272239621,-0.08525339196919744,0.4516644740841599,-0.5234986081755577,-2.0705606167636357,0.5851312617804233,2.552493539560752,-0.21028401793026474
53.766666666666666,0.03333333333333333,1613,1613,takeover,cartesian_freedrive,-0.9650033932949569,0.07344906786541099,-0.08525283464618866,0.45166415341705957,-0.5234988250088578,-2.0705609096632993,0.5851308711865445,2.5524936241195184,-0.21028333880851177
53.8,0.03333333333333333,1614,1614,takeover,cartesian_freedrive,-0.9650033932949569,0.07411584301365279,-0.08525236201991016,0.4516638239716787,-0.5234990359560754,-2.07056118988092,0.585130506592008,2.5524936649900085,-0.21028277934042858
53.833333333333336,0.03333333333333333,1615,1615,takeover,cartesian_freedrive,-0.9650033932949569,0.07478261816190593,-0.08525195757969886,0.45166349781563386,-0.5234992377956971,-2.0705614562366605,0.5851301714117167,2.5524936801527764,-0.2102823105598865
53.86666666666667,0.03333333333333333,1616,1616,takeover,cartesian_freedrive,-0.9650033932949569,0.07544939331016351,-0.08525160754810654,0.45166318337495037,-0.5234994281150227,-2.070561708286571,0.5851298650274654,2.552493681258336,-0.2102819124903185
53.9,0.03333333333333333,1617,1617,takeover,cartesian_freedrive,-0.9611863524517883,0.07568074145752107,-0.0864937532615088,0.4501919032812053,-0.5245101341616885,-2.076485516602062,0.58228720023118,2.5543067915845588,-0.21774761190844652
53.93333333333333,0.03333333333333333,1618,1618,takeover,cartesian_freedrive,-0.9573693116086197,0.07591157685189345,-0.08775416287578022,0.448736132905435,-0.5255310950961564,-2.0824476623658428,0.5794299715140306,2.5561918692840235,-0.22526053397708892
53.96666666666667,0.03333333333333333,1619,1619,takeover,cartesian_freedrive,-0.9535522707654511,0.07614241171752789,-0.08902414505828189,0.44732498054107284,-0.5265583597973074,-2.0883782495465706,0.576564029639709,2.558116990858003,-0.23276104534255646
54.0,0.03333333333333333,1620,1620,takeover,cartesian_freedrive,-0.9497352299222825,0.07637324658882041,-0.09030399762906378,0.4459588823273573,-0.5275914998137423,-2.0942768349825207,0.5736900732340058,2.560082268631632,-0.24024914329010438
54.03333333333333,0.03333333333333333,1621,1621,takeover,cartesian_freedrive,-0.945918189079114,0.07660408144898809,-0.09159403014926956,0.44463794301952375,-0.5286301086584442,-2.1001436675311065,0.5708088303698581,2.5620881951851584,-0.24772523547183656
54.06666666666667,0.03333333333333333,1622,1622,takeover,cartesian_freedrive,-0.9421011482359454,0.07683491632362191,-0.09289456529464862,0.443362272345078,-0.5296737317500021,-2.105978990279341,0.5679210373640474,2.564135258159755,-0.25518973388734895
54.1,0.03333333333333333,1623,1623,takeover,cartesian_freedrive,-0.9382841073927768,0.0770657511872487,-0.09420593686127715,0.44213198885641297,-0.5307219582000231,-2.1117830308466767,0.5650274341696824,2.566223937511135,-0.2626430534956014
54.13333333333333,0.03333333333333333,1624,1624,takeover,cartesian_freedrive,-0.9344670665496082,0.07729658605863401,-0.09552849355739382,0.44094721935878267,-0.5317743218818933,-2.117556004983177,0.5621287693616945,2.568354705022266,-0.270085611709317
54.166666666666664,0.03333333333333333,1625,1625,takeover,cartesian_freedrive,-0.9344670665496082,0.077317266747259,-0.09581436128953433,0.4407039543498472,-0.532001427269456,-2.1188592276977585,0.5615545708595644,2.5689235648661684,-0.27166400406063723
54.2,0.03333333333333333,1626,1626,takeover,cartesian_freedrive,-0.9344670665496082,0.07733769896499552,-0.0960862663798032,0.4404681140323663,-0.5322282038329248,-2.1201320206512078,0.5609838333754078,2.569480680951962,-0.27319680509233546
54.233333333333334,0.03333333333333333,1627,1627,takeover,cartesian_freedrive,-0.9344670665496082,0.0773581308925467,-0.09635863817682067,0.44023433777975235,-0.5324551385220295,-2.121403138655389,0.5604129086263154,2.570039459293713,-0.27472882788290076
54.266666666666666,0.03333333333333333,1628,1628,takeover,cartesian_freedrive,-0.9344670665496082,0.07737856281753835,-0.09663236835207265,0.4400043364834715,-0.5326818907871327,-2.122670081981692,0.5598420325465482,2.570598625891891,-0.27626026191791875
54.3,0.03333333333333333,1629,1629,takeover,cartesian_freedrive,-0.9344670665496082,0.07737861083473263,-0.09663329783513881,0.44000047673739384,-0.5326845379210098,-2.1226849047038816,0.559835944171586,2.5706055917619826,-0.2762737996968816
54.333333333333336,0.03333333333333333,1630,1630,takeover,cartesian_freedrive,-0.9344670665496082,0.07737863482239907,-0.09663333649978847,0.43999779299343134,-0.5326861165119339,-2.12269325732678,0.5598325908724605,2.570609404747047,-0.27628036874601375
54.36666666666667,0.03333333333333333,1631,1631,takeover,cartesian_freedrive,-0.9344670665496082,0.07737865878990094,-0.09663363017759384,0.4399952882394754,-0.5326876594801915,-2.1227012111298778,0.5598292928818244,2.570612913960469,-0.27628709853324473
54.4,0.03333333333333333,1632,1632,takeover,cartesian_freedrive,-0.9344670665496082,0.07737868275864793,-0.09663410540255436,0.4399929706320578,-0.532689158017191,-2.122708856108117,0.5598260518081524,2.570616234694305,-0.2762939442715146
54.43333333333333,0.03333333333333333,1633,1633,takeover,cartesian_freedrive,-0.9344670665496082,0.07737868281001474,-0.09663431510359265,0.43999112975255367,-0.5326894776826981,-2.122711804063809,0.5598261436135376,2.5706176192714514,-0.27629562928310847
54.46666666666667,0.03333333333333333,1634,1634,takeover,cartesian_freedrive,-0.9344670665496082,0.0773786828374317,-0.09663435796679609,0.4399895082067013,-0.5326896544728013,-2.1227144188025884,0.5598263394101429,2.570618911728294,-0.2762968947041675
54.5,0.03333333333333333,1635,1635,takeover,cartesian_freedrive,-0.9344670665496082,0.07737868286495085,-0.09663429505409747,0.43998809654209625,-0.5326897731943252,-2.122716759323174,0.5598265355764529,2.5706201297725624,-0.27629788548308903
54.53333333333333,0.03333333333333333,1636,1636,takeover,cartesian_freedrive,-0.9344670665496082,0.07737868289273288,-0.09663416591128667,0.4399868607479497,-0.5326898631067999,-2.12271885672952,0.5598267090317717,2.570621265499308,-0.2762986736434902
54.56666666666667,0.03333333333333333,1637,1637,takeover,cartesian_freedrive,-0.9344670665496082,0.07737868289272792,-0.09663399696622484,0.4399857630048106,-0.5326899357623139,-2.122720732579688,0.5598268681631302,2.570622310210797,-0.27629929388252833
54.6,0.03333333333333333,1638,1638,takeover,cartesian_freedrive,-0.9344670665496082,0.07737868289274072,-0.09663380285925227,0.4399847865864666,-0.5326899991048472,-2.1227224138554375,0.5598270012954334,2.570623262879292,-0.27629978900679325
54.63333333333333,0.03333333333333333,1639,1639,takeover,cartesian_freedrive,-0.9344670665496082,0.07737868289277922,-0.09663359579062733,0.4399839135149498,-0.5326900584219734,-2.122723922082405,0.5598271079278763,2.5706241260041485,-0.27630018668652323
54.666666666666664,0.03333333333333333,1640,1640,takeover,cartesian_freedrive,-0.9344670665496082,0.07737868289281533,-0.09663338408376691,0.4399831289642531,-0.532690116467173,-2.1227252760094193,0.5598271901299434,2.5706249040822566,-0.27630050711776855
54.7,0.03333333333333333,1641,1641,takeover,cartesian_freedrive,-0.9344670665496082,0.07737868289281896,-0.09663317330818263,0.4399824211545142,-0.532690174462658,-2.122726492252694,0.5598272506877451,2.5706256026609613,-0.2763007654935925
54.733333333333334,0.03333333333333333,1642,1642,takeover,cartesian_freedrive,-0.9344670665496082,0.0773786828928215,-0.09663296713070475,0.4399817807159845,-0.5326902328601697,-2.1227275855945162,0.5598272923462735,2.5706262277101914,-0.2763009735984518
54.766666666666666,0.03333333333333333,1643,1643,takeover,cartesian_freedrive,-0.9344670665496082,0.07737868289282329,-0.09663276785503387,0.43998119948903713,-0.532690291788217,-2.122728568588168,0.5598273178974222,2.570626786546484,-0.27630114083471
54.8,0.03333333333333333,1644,1644,takeover,cartesian_freedrive,-0.9344670665496082,0.07737868289282468,-0.09663257698613711,0.4399806713670844,-0.5326903509141491,-2.122729453278682,0.5598273298400385,2.570627284721873,-0.2763012744501967
54.833333333333336,0.03333333333333333,1645,1645,takeover,cartesian_freedrive,-0.9344670665496082,0.07737868289282568,-0.0966323953074309,0.4399801904749191,-0.5326904100604687,-2.122730249451962,0.5598273304976866,2.570627729196,-0.2763013804812096
54.86666666666667,0.03333333333333333,1646,1646,takeover,cartesian_freedrive,-0.9344670665496082,0.07737868289282648,-0.09663222325921537,0.4399797523995229,-0.5326904687149983,-2.1227309667182817,0.5598273219050525,2.5706281248734917,-0.27630146365136965
54.9,0.03333333333333333,1647,1647,takeover,cartesian_freedrive,-0.9344670665496082,0.07737868289284827,-0.09663206101181594,0.4399793530610909,-0.532690526373715,-2.1227316133390497,0.5598273058288797,2.5706284763164584,-0.2763015278696062
54.93333333333333,0.03333333333333333,1648,1648,takeover,cartesian_freedrive,-0.9344670665496082,0.07737868289282766,-0.09663190834410704,0.4399789882452583,-0.53269058339125,-2.1227321956060385,0.5598272837547612,2.57062879044147,-0.2763015765651015
54.96666666666667,0.03333333333333333,1649,1649,takeover,cartesian_freedrive,-0.9344670665496082,0.07737868289284935,-0.09663176517509102,0.43997865557960597,-0.5326906384701471,-2.1227327215072336,0.5598272571655908,2.570629068571981,-0.27630161222950117
55.0,0.03333333333333333,1650,1650,takeover,cartesian_freedrive,-0.9344670665496082,0.0773786828928287,-0.09663163121590823,0.43997835165829446,-0.5326906920410778,-2.122733196006892,0.5598272270753595,2.5706293154245383,-0.27630163724578044
55.03333333333333,0.03333333333333333,1651,1651,takeover,cartesian_freedrive,-0.9344670665496082,0.07737868289282904,-0.09663150599942931,0.4399780737173131,-0.5326907440154952,-2.122733623780122,0.55982719434104,2.570629535988093,-0.2763016535541383
55.06666666666667,0.03333333333333333,1652,1652,takeover,cartesian_freedrive,-0.9344670665496082,0.07737868289282945,-0.09663138910632835,0.43997781979277256,-0.5326907939633038,-2.122734010170841,0.5598271599046868,2.5706297323049463,-0.27630166265727024
