t,dt,step,state_seq,control_mode,drive_mode,gripper_cmd,gripper_width,q0,q1,q2,q3,q4,q5,q6
0.0,0.0,0,0,takeover,cartesian_freedrive,-1.0,0.07999999194729926,0.2594568184125277,0.033574364678552855,0.05985591615195835,-2.5213255830353174,-0.1352051592774258,2.716525084880183,1.2229994512066011
0.03333333333333333,0.03333333333333333,1,1,takeover,cartesian_freedrive,-1.0,0.07999999293916853,0.2609392264804522,0.032907991080070045,0.06085951203903998,-2.520977949824386,-0.13800956162984868,2.715411598880073,1.2282359904474496
0.06666666666666667,0.03333333333333333,2,2,takeover,cartesian_freedrive,-1.0,0.08000000717149316,0.2609626645573557,0.031289362454295755,0.06097610866549491,-2.5206842963389056,-0.1371581830319142,2.7135894720095295,1.2274913335669067
0.1,0.03333333333333333,3,3,takeover,cartesian_freedrive,-1.0,0.08000000934232696,0.260964631688698,0.029632652871840783,0.0610781067379736,-2.520395662867056,-0.1362363443571152,2.711740825849389,1.226639075104351
0.13333333333333333,0.03333333333333333,4,4,takeover,cartesian_freedrive,-1.0,0.08000001070271703,0.2609694990526286,0.02798161192566841,0.061176384978495923,-2.520101807087169,-0.1353226971984911,2.709892554454759,1.2257942514889728
0.16666666666666666,0.03333333333333333,5,5,takeover,cartesian_freedrive,-1.0,0.0800000104201592,0.2609866825120393,0.02607012322113848,0.06128890806762107,-2.5197723637218012,-0.13431477840726255,2.707748039517671,1.2248771278082944
0.2,0.03333333333333333,6,6,takeover,cartesian_freedrive,-1.0,0.08000001046532121,0.2610071122743487,0.024162073876683895,0.06139686320955999,-2.5194364079973166,-0.13331512344984314,2.705600047696176,1.2239672855070969
0.23333333333333334,0.03333333333333333,7,7,takeover,cartesian_freedrive,-1.0,0.08000001057684558,0.26103044457563,0.02225912423384161,0.06150007729240019,-2.5190942771209217,-0.13232377789969904,2.703450742734156,1.22306419115771
0.26666666666666666,0.03333333333333333,8,8,takeover,cartesian_freedrive,-1.0,0.08000001062457307,0.26105692208670916,0.020362753387441514,0.06159884873372572,-2.518745505679595,-0.1313421664100074,2.7013011331784056,1.2221697685853647
0.3,0.03333333333333333,9,9,takeover,cartesian_freedrive,-1.0,0.08000001059055217,0.26109520974618455,0.018450788465589986,0.061698949598530985,-2.5184050662424853,-0.13040534184419963,2.699128625423401,1.2213343952074798
0.3333333333333333,0.03333333333333333,10,10,takeover,cartesian_freedrive,-1.0,0.08000001063285596,0.2611361708291685,0.016543894221349227,0.061794877587142846,-2.518058618780265,-0.12947702151770474,2.696954845497202,1.2205062957244437
0.36666666666666664,0.03333333333333333,11,11,takeover,cartesian_freedrive,-1.0,0.08000001068421558,0.26117958677048314,0.014642155126826706,0.06188661134942756,-2.517706014055346,-0.1285565625209151,2.6947798558969707,1.2196845134626504
0.4,0.03333333333333333,12,12,takeover,cartesian_freedrive,-1.0,0.0800000107149623,0.26122568458233514,0.012747112425626912,0.06197446835571493,-2.517346750817367,-0.12764536030078596,2.6926046965567525,1.2188709473403518
0.43333333333333335,0.03333333333333333,13,13,takeover,cartesian_freedrive,-1.0,0.08000001065090187,0.26128253229129783,0.010837761057726868,0.062064822312760434,-2.5169961484499073,-0.12677859490794052,2.690408406929708,1.218116327726061
0.4666666666666667,0.03333333333333333,14,14,takeover,cartesian_freedrive,-1.0,0.08000001048279878,0.26134162262802013,0.008933529732336336,0.06215154707358419,-2.5166395636911005,-0.12591984194780767,2.6882109562219307,1.217368524730516
0.5,0.03333333333333333,15,15,takeover,cartesian_freedrive,-1.0,0.08000001060810723,0.2614027727796988,0.007034494052260376,0.06223458081677395,-2.516276838050545,-0.12506847801540802,2.686012355696305,1.2166266010824143
0.5333333333333333,0.03333333333333333,16,16,takeover,cartesian_freedrive,-1.0,0.08000001067139824,0.26146618220920465,0.005142278191698122,0.06231426843396333,-2.5159074391859124,-0.12422587336094258,2.683813719856643,1.2158924308953523
0.5666666666666667,0.03333333333333333,17,17,takeover,cartesian_freedrive,-1.0,0.08000001046495722,0.2615393856653361,0.00323586603618475,0.062397634917660295,-2.5155467986387814,-0.123426700257659,2.6815943914279394,1.2152165868156248
0.6,0.03333333333333333,18,18,takeover,cartesian_freedrive,-1.0,0.08000001055826192,0.261614469172191,0.0013346043568029178,0.062477848428500314,-2.5151801954499176,-0.122635037228017,2.67937395567404,1.2145470989470062
0.6333333333333333,0.03333333333333333,19,19,takeover,cartesian_freedrive,-1.0,0.08000001029599521,0.26169121869935924,-0.0005614264613943717,0.06255487342290902,-2.514807470870989,-0.12185024715195683,2.677152467073222,1.2138830145849642
0.6666666666666666,0.03333333333333333,20,20,takeover,cartesian_freedrive,-1.0,0.08000001036372409,0.26176960297994256,-0.002452212427075275,0.06262874761611156,-2.5144286259223634,-0.12107229813806944,2.674929920143347,1.2132242998730087
0.7,0.03333333333333333,21,21,takeover,cartesian_freedrive,-1.0,0.08000001040880167,0.26185740533975654,-0.0043537198897981655,0.06270792705346394,-2.514057501262951,-0.1203395165202368,2.672689351108517,1.212626965342554
0.7333333333333333,0.03333333333333333,22,22,takeover,cartesian_freedrive,-1.0,0.08000001000353335,0.2619464726245916,-0.006251680418270689,0.0627841705179903,-2.5136809770043005,-0.11961234626306506,2.6704466567823,1.2120336560694656
0.7666666666666667,0.03333333333333333,23,23,takeover,cartesian_freedrive,-1.0,0.08000001009133942,0.2620369046987108,-0.008144413236939204,0.06285761918735207,-2.513298353359348,-0.11889152348051968,2.668202940054333,1.2114452531003455
0.8,0.03333333333333333,24,24,takeover,cartesian_freedrive,-1.0,0.08000000977881944,0.26212861838234514,-0.010031866742263564,0.06292837817979693,-2.512909626924391,-0.11817701823572381,2.665958249359468,1.210861746026843
0.8333333333333334,0.03333333333333333,25,25,takeover,cartesian_freedrive,-1.0,0.0800000096801481,0.26222867783241194,-0.011931540878275226,0.0630052154911996,-2.51252924459373,-0.11750520699514111,2.6636948752330856,1.2103370427108993
0.8666666666666667,0.03333333333333333,26,26,takeover,cartesian_freedrive,-1.0,0.08000000918686997,0.2623301725951368,-0.01382420098057512,0.06308008544771591,-2.5121423194827943,-0.11684118704023805,2.661431730550917,1.2098195575488158
0.9,0.03333333333333333,27,27,takeover,cartesian_freedrive,-1.0,0.08000000932404903,0.2624325314835245,-0.01571330629229926,0.06315227385929457,-2.5117498658164275,-0.11618170542408288,2.6591664584668435,1.209304758646299
0.9333333333333333,0.03333333333333333,28,28,takeover,cartesian_freedrive,-1.0,0.08000000874849175,0.26253588238300063,-0.017597139685864557,0.06322216195428339,-2.511351338739549,-0.11552799728666738,2.6569002528221106,1.208794350911678
0.9666666666666667,0.03333333333333333,29,29,takeover,cartesian_freedrive,-1.0,0.08000000855353831,0.2626467929733374,-0.019493016734288406,0.06329910427618335,-2.5109612035319473,-0.11491583214656645,2.6546158105658573,1.2083419566150344
1.0,0.03333333333333333,30,30,takeover,cartesian_freedrive,-1.0,0.08000000775050685,0.26275866424453964,-0.02138362647301747,0.06337416643842171,-2.510565137379401,-0.11430959791227303,2.65233046243866,1.2078944991114007
1.0333333333333334,0.03333333333333333,31,31,takeover,cartesian_freedrive,-1.0,0.08000000812156535,0.26287138389614334,-0.023268892206127958,0.06344716832620834,-2.5101629599913315,-0.11370872952872245,2.6500442335896235,1.207451077941867
1.0666666666666667,0.03333333333333333,32,32,takeover,cartesian_freedrive,-1.0,0.08000000798363763,0.26298501925805,-0.025146939091924742,0.06351855603808194,-2.509754080731541,-0.1131144492088584,2.6477584189436714,1.2070133914894725
1.1,0.03333333333333333,33,33,takeover,cartesian_freedrive,-1.0,0.08000000775025362,0.26310530643028013,-0.027038695640458233,0.0635976109432179,-2.5093542320477065,-0.11255924214178137,2.645453563183227,1.2066311560785559
1.1333333333333333,0.03333333333333333,34,34,takeover,cartesian_freedrive,-1.0,0.08000000710284347,0.2632263344638769,-0.02892520294118934,0.06367509785819717,-2.508948486384182,-0.1120094288722176,2.6431478042809555,1.2062533697152364
1.1666666666666667,0.03333333333333333,35,35,takeover,cartesian_freedrive,-1.0,0.08000000397467723,0.26334787970458123,-0.03080633597065166,0.06375097510173552,-2.508536646755462,-0.11146443497525726,2.640841263004782,1.2058791361884356
1.2,0.03333333333333333,36,36,takeover,cartesian_freedrive,-1.0,0.08000000602336432,0.26347014578601474,-0.03268207629002101,0.06382502425105206,-2.508118685434348,-0.11092427888345299,2.63853392291854,1.205508444603562
1.2333333333333334,0.03333333333333333,37,37,takeover,cartesian_freedrive,-1.0,0.08000000580226316,0.2635985164374963,-0.034569503396875284,0.06390798592654535,-2.5077092097849008,-0.11042335341117784,2.636209160494169,1.2051942296350098
1.2666666666666666,0.03333333333333333,38,38,takeover,cartesian_freedrive,-1.0,0.08000000239130689,0.26372730300153446,-0.036451622302374836,0.06398983202177377,-2.5072938433631133,-0.10992724749733891,2.633883640960119,1.204883957520559
1.3,0.03333333333333333,39,39,takeover,cartesian_freedrive,-1.0,0.08000000068066204,0.2638567612507849,-0.038326391193699315,0.06407045001740679,-2.506871740033861,-0.1094366669923104,2.6315588291736356,1.2045783775606855
1.3333333333333333,0.03333333333333333,40,40,takeover,cartesian_freedrive,-1.0,0.0799999994720281,0.26398641187304245,-0.040197619009704574,0.06414944155767172,-2.5064441344183566,-0.10894933677058613,2.6292316157698608,1.2042744738725006
1.3666666666666667,0.03333333333333333,41,41,takeover,cartesian_freedrive,-1.0,0.0800000130809637,0.26392713070589646,-0.039572059888303535,0.06408605903997718,-2.5064635066893795,-0.10900336090407273,2.6299475578793237,1.2041576279475372
1.4,0.03333333333333333,42,42,takeover,cartesian_freedrive,-1.0,0.08000001360092186,0.26386738810945143,-0.038880837965034734,0.06402667244965382,-2.5064698291469476,-0.10908348348001223,2.6307214184380183,1.2040687742658025
1.4333333333333333,0.03333333333333333,43,43,takeover,cartesian_freedrive,-1.0,0.08000001406647558,0.26380785611040003,-0.03818908317656045,0.0639675957361368,-2.5064748618478485,-0.10916410289156651,2.6314943775180994,1.2039808793291655
1.4666666666666666,0.03333333333333333,44,44,takeover,cartesian_freedrive,-1.0,0.08000001452259416,0.2637483184995532,-0.03749688527089566,0.0639085161974255,-2.5064792330527226,-0.10924480923304515,2.6322670976075546,1.2038930268050483
1.5,0.03333333333333333,45,45,takeover,cartesian_freedrive,-1.0,0.08000001439847854,0.26364777373383286,-0.03625799645226414,0.06381711078494823,-2.506558451192813,-0.10943683632889348,2.6336904561510117,1.2038335696743867
1.5333333333333334,0.03333333333333333,46,46,takeover,cartesian_freedrive,-1.0,0.08000001439176593,0.2635475436986048,-0.03501414890251616,0.06372581784306271,-2.5066364586723515,-0.10963139148717721,2.635117623934784,1.2037766790116597
1.5666666666666667,0.03333333333333333,47,47,takeover,cartesian_freedrive,-1.0,0.08000001421711059,0.2634473590627768,-0.03376864433005145,0.06363433600892601,-2.5067122775139197,-0.1098266545497706,2.636544260602586,1.2037202249216157
1.6,0.03333333333333333,48,48,takeover,cartesian_freedrive,-1.0,0.08000001426091508,0.26334720089408853,-0.03252152687339233,0.06354266381181337,-2.506785899655876,-0.11002260986064873,2.6379702606308095,1.2036641831367814
1.6333333333333333,0.03333333333333333,49,49,takeover,cartesian_freedrive,-1.0,0.08000001439489604,0.26324861488147316,-0.0312752141566661,0.06345344419908666,-2.506864548687952,-0.1102267683952881,2.6393972850885756,1.2036234151982115
1.6666666666666667,0.03333333333333333,50,50,takeover,cartesian_freedrive,-1.0,0.08000001410112566,0.26315013241668533,-0.03002728088058683,0.06336405122364734,-2.5069411460318176,-0.11043185682487425,2.6408238614416906,1.2035834185474732
1.7,0.03333333333333333,51,51,takeover,cartesian_freedrive,-1.0,0.08000001409379826,0.2630517052862862,-0.028777728871965714,0.06327442818900295,-2.5070155403209546,-0.11063769985864935,2.642249822595535,1.2035438834381682
1.7333333333333334,0.03333333333333333,52,52,takeover,cartesian_freedrive,-1.0,0.08000001403276912,0.2629534527195138,-0.027523971400257443,0.06318482272874532,-2.5070867843129774,-0.1108456443303253,2.643676867941171,1.2035064854652846
1.7666666666666666,0.03333333333333333,53,53,takeover,cartesian_freedrive,-1.0,0.08000001398104288,0.26285688375888516,-0.02627504289972012,0.0630973962261952,-2.5071638709935153,-0.1110604714470199,2.6451014977748186,1.2034829584710374
1.8,0.03333333333333333,54,54,takeover,cartesian_freedrive,-1.0,0.08000001391973184,0.2627604204294061,-0.02502461564238457,0.06300975295062966,-2.507238943225518,-0.11127623312919825,2.6465255901384537,1.203460170872643
1.8333333333333333,0.03333333333333333,55,55,takeover,cartesian_freedrive,-1.0,0.0800000138561725,0.2626640437004487,-0.02377257541068379,0.06292183351013834,-2.5073118123018205,-0.11149281020574286,2.6479490705272903,1.2034378931236056
1.8666666666666667,0.03333333333333333,56,56,takeover,cartesian_freedrive,-1.0,0.08000001379404623,0.2625677574383196,-0.02251892457738138,0.06283363280269608,-2.507382473811935,-0.11171020317072392,2.649371931320707,1.2034161242106254
1.9,0.03333333333333333,57,57,takeover,cartesian_freedrive,-1.0,0.0800000137332455,0.2624733544804833,-0.021267663050353814,0.06274771412998657,-2.507458090315251,-0.11193594674039495,2.6507939475020104,1.2034099434987935
1.9333333333333333,0.03333333333333333,58,58,takeover,cartesian_freedrive,-1.0,0.08000001364346312,0.26237909583587454,-0.020014813134162254,0.06266154616338235,-2.5075316416059175,-0.11216275684759977,2.6522154548276666,1.2034046463336612
1.9666666666666666,0.03333333333333333,59,59,takeover,cartesian_freedrive,-1.0,0.08000001358237571,0.26228495339525987,-0.018760348102602544,0.06257505850988497,-2.507602983734007,-0.11239045486611181,2.65363634526444,1.2033999221339018
2.0,0.03333333333333333,60,60,takeover,cartesian_freedrive,-1.0,0.08000001331855511,0.2621909395570041,-0.017504274077168164,0.06248823705333757,-2.50767211604239,-0.11261903298660793,2.655056619888508,1.2033957601715697
2.033333333333333,0.03333333333333333,61,61,takeover,cartesian_freedrive,-1.0,0.08000001346257674,0.26209888701399575,-0.016250635880880583,0.06240356084458315,-2.5077462052545236,-0.11285614502965659,2.656475951261982,1.2034072865035703
2.066666666666667,0.03333333333333333,62,62,takeover,cartesian_freedrive,-1.0,0.08000001340145105,0.26200702267440285,-0.014995407669100637,0.06231858015144262,-2.5078182269912297,-0.1130943995818773,2.657894779462476,1.2034197650167782
2.1,0.03333333333333333,63,63,takeover,cartesian_freedrive,-1.0,0.08000001313801464,0.26191531526978507,-0.013738565802295507,0.06223322466026461,-2.5078880372553796,-0.11333360754211294,2.6593129954279227,1.2034328712489049
2.1333333333333333,0.03333333333333333,64,64,takeover,cartesian_freedrive,-1.0,0.08000001308021738,0.26182375365771765,-0.012480115274880677,0.06214750382649154,-2.50795562962338,-0.11357377326994929,2.6607305805819053,1.2034466066355043
2.1666666666666665,0.03333333333333333,65,65,takeover,cartesian_freedrive,-1.0,0.08000001322429867,0.2617342673529257,-0.0112241482590792,0.06206376730196172,-2.5080281851087753,-0.11382265509378676,2.6621471328925947,1.203476157946673
2.2,0.03333333333333333,66,66,takeover,cartesian_freedrive,-1.0,0.08000001296506462,0.2616450166206945,-0.009966589770007925,0.06197966948330471,-2.508098670394652,-0.11407275424069066,2.6635631943911604,1.203506727996808
2.2333333333333334,0.03333333333333333,67,67,takeover,cartesian_freedrive,-1.0,0.08000001291094638,0.2615559434077745,-0.008707417691090699,0.06189516169533812,-2.5081669359526884,-0.11432388621410483,2.664978628889917,1.2035379947030111
2.2666666666666666,0.03333333333333333,68,68,takeover,cartesian_freedrive,-1.0,0.08000001310304813,0.26146705090575867,-0.007446637370510882,0.06181023672007434,-2.508232978768002,-0.11457605073122715,2.6663934210988116,1.203569956243668
2.3,0.03333333333333333,69,69,takeover,cartesian_freedrive,-1.0,0.0800000127770839,0.2613803661645579,-0.006188392015901013,0.06172710511522215,-2.508303997159223,-0.1148370833507323,2.6678071273854633,1.2036178016022958
2.3333333333333335,0.03333333333333333,70,70,takeover,cartesian_freedrive,-1.0,0.080000012692412,0.261293934156322,-0.004928549718006168,0.06164358256548503,-2.508372934475803,-0.11509943715005543,2.669220307311544,1.2036667656059488
2.3666666666666667,0.03333333333333333,71,71,takeover,cartesian_freedrive,-1.0,0.08000001263851764,0.26120772557995514,-0.0036670950832543574,0.06155958816809791,-2.508439649442629,-0.11536289164191042,2.6706328614397514,1.2037164847788002
2.4,0.03333333333333333,72,72,takeover,cartesian_freedrive,-1.0,0.08000001261635838,0.26112174716835945,-0.002404035232431932,0.06147511310957267,-2.5085041396503733,-0.11562744077908786,2.672044786984354,1.2037669488363074
2.433333333333333,0.03333333333333333,73,73,takeover,cartesian_freedrive,-1.0,0.08000001252644084,0.26103830380087106,-0.001141117159499062,0.06139251190447837,-2.5085727153372606,-0.11590261904377885,2.6734570933907005,1.2038354119245207
2.466666666666667,0.03333333333333333,74,74,takeover,cartesian_freedrive,-1.0,0.08000001254054462,0.26095495342823805,0.00012105465010324475,0.06130923174699901,-2.508640049009429,-0.11617769902921615,2.6748673561499148,1.2039031672508025
2.5,0.03333333333333333,75,75,takeover,cartesian_freedrive,-1.0,0.08000001248844439,0.2608718603061142,0.0013847546286796823,0.061225408699733364,-2.5087051975967,-0.11645389073304863,2.676276954732097,1.2039716568555874
2.533333333333333,0.03333333333333333,76,76,takeover,cartesian_freedrive,-1.0,0.08000001240453494,0.2607890376791973,0.002650057986637815,0.061141045634105544,-2.50876811886758,-0.11673125625256224,2.6776858976862825,1.2040409652181938
2.566666666666667,0.03333333333333333,77,77,takeover,cartesian_freedrive,-1.0,0.0800000123202241,0.2607086507273689,0.003912729790143226,0.06105815002531438,-2.508836030428828,-0.11701786179886088,2.6790935854274824,1.2041263943773883
2.6,0.03333333333333333,78,78,takeover,cartesian_freedrive,-1.0,0.08000001229778392,0.26062861561941686,0.005177002392364486,0.060974730394245946,-2.5089018434516643,-0.11730593456257336,2.680500741825368,1.2042130668479027
2.6333333333333333,0.03333333333333333,79,79,takeover,cartesian_freedrive,-1.0,0.08000001227684983,0.2605488930606271,0.006442885467797583,0.060890717815571,-2.5089654240289185,-0.11759525482199329,2.6819072596174287,1.2043006224829522
2.6666666666666665,0.03333333333333333,80,80,takeover,cartesian_freedrive,-1.0,0.0800000121950662,0.26046948851405044,0.007710372265086051,0.06080610316411262,-2.5090267712150327,-0.11788581903069,2.683313127133632,1.2043890568170619
2.7,0.03333333333333333,81,81,takeover,cartesian_freedrive,-1.0,0.08000001211349066,0.2603926502406708,0.008975177913996215,0.06072277100760534,-2.509093112766286,-0.11818579278160134,2.684717651699563,1.204493713138767
2.7333333333333334,0.03333333333333333,82,82,takeover,cartesian_freedrive,-1.0,0.08000001212298113,0.2603162180223633,0.010241587003264918,0.06063884873707729,-2.509157350665854,-0.1184873194753052,2.6861216439240523,1.2045996929740301
2.7666666666666666,0.03333333333333333,83,83,takeover,cartesian_freedrive,-1.0,0.0800000120757886,0.2602401477951821,0.011509605679582426,0.060554267784202746,-2.5092193516669186,-0.11879016680447897,2.6875249907322334,1.2047066216242592
2.8,0.03333333333333333,84,84,takeover,cartesian_freedrive,-1.0,0.08000001203090498,0.26016444664631994,0.012779226677170708,0.060469017991674714,-2.5092791135287142,-0.11909433040491774,2.6889276833307383,1.2048144916084658
2.8333333333333335,0.03333333333333333,85,85,takeover,cartesian_freedrive,-1.0,0.08000001197028886,0.2600914431384292,0.014046116233694176,0.06038485394964026,-2.509343875790111,-0.1194080629892536,2.690328945216828,1.204938658779404
2.8666666666666667,0.03333333333333333,86,86,takeover,cartesian_freedrive,-1.0,0.08000001192235882,0.26001890393726074,0.015314611676841243,0.06030002943689809,-2.5094065293432775,-0.11972343399331377,2.691729673535749,1.2050642298366847
2.9,0.03333333333333333,87,87,takeover,cartesian_freedrive,-1.0,0.08000001185233215,0.25994678197894183,0.016584714640272086,0.06021447623052042,-2.509466940787655,-0.12004019319166177,2.6931297625246633,1.2051908069033073
2.933333333333333,0.03333333333333333,88,88,takeover,cartesian_freedrive,-1.0,0.08000001150816397,0.25987509108893764,0.017856419416466988,0.06012817439149462,-2.509525110395778,-0.12035834224320142,2.6945291845961594,1.2053183941910965
2.966666666666667,0.03333333333333333,89,89,takeover,cartesian_freedrive,-1.0,0.08000001168987556,0.2598065599344221,0.019127625641685835,0.060042971631271265,-2.509587449717915,-0.12068796410534759,2.6959285524560874,1.2054646036210677
3.0,0.03333333333333333,90,90,takeover,cartesian_freedrive,-1.0,0.08000001143480603,0.25973825964025554,0.020398247899019516,0.05995683028254309,-2.5096484672055883,-0.12101765892818707,2.6973259706995965,1.2056101908049264
3.033333333333333,0.03333333333333333,91,91,takeover,cartesian_freedrive,-1.0,0.08000001165775139,0.25967040138325603,0.021670400774794707,0.05986989504627232,-2.5097072688877096,-0.12134876317575313,2.6987226752467146,1.2057567771548456
3.066666666666667,0.03333333333333333,92,92,takeover,cartesian_freedrive,-1.0,0.08000001137783365,0.25960304394664085,0.02294414834181908,0.05978212607486397,-2.509763826970078,-0.12168131101462235,2.7001187362984695,1.20590441381004
3.1,0.03333333333333333,93,93,takeover,cartesian_freedrive,-1.0,0.08000001155559672,0.25953867015972765,0.024215067976546486,0.05969505991174646,-2.5098253980053244,-0.12202379208904232,2.701513168761018,1.2060686043063904
3.1333333333333333,0.03333333333333333,94,94,takeover,cartesian_freedrive,-1.0,0.08000001121612219,0.25947490486732383,0.025487594765547458,0.05960715708060217,-2.509884845036501,-0.12236804732368942,2.7029070823716945,1.2062343144123564
3.1666666666666665,0.03333333333333333,95,95,takeover,cartesian_freedrive,-1.0,0.0800000112279231,0.2594116663617508,0.026761728681491393,0.05951838154161436,-2.5099420361332796,-0.12271384657428681,2.704300318337172,1.2064011764088751
3.2,0.03333333333333333,96,96,takeover,cartesian_freedrive,-1.0,0.0800000111890429,0.2593489726695076,0.028037460342188267,0.05942871219383345,-2.5099969726568254,-0.1230611753865152,2.7056928825332127,1.2065691716603026
3.2333333333333334,0.03333333333333333,97,97,takeover,cartesian_freedrive,-1.0,0.08000001113670366,0.25928943848970176,0.02931030992827672,0.05933951011433653,-2.5100569300109954,-0.12341857130495291,2.7070837593989427,1.2067537736440865
3.2666666666666666,0.03333333333333333,98,98,takeover,cartesian_freedrive,-1.0,0.08000001109350238,0.2592305651819689,0.030584771867654504,0.05924940461948733,-2.510114754087237,-0.12377784116725206,2.7084740852655127,1.2069399971971213
3.3,0.03333333333333333,99,99,takeover,cartesian_freedrive,-1.0,0.08000001105183313,0.2591722948370455,0.03186083834706406,0.05915833485799543,-2.5101703193064147,-0.12413871654205903,2.709863742695698,1.20712742710499
3.3333333333333335,0.03333333333333333,100,100,takeover,cartesian_freedrive,-1.0,0.08000001102016435,0.25911463684739816,0.03313850098783894,0.05906628817410905,-2.510223623856399,-0.12450118995070318,2.7112527222913063,1.2073160529923541
3.3666666666666667,0.03333333333333333,101,101,takeover,cartesian_freedrive,-1.0,0.08000001096124396,0.25906030088173704,0.03441322937738084,0.058974481148156864,-2.51028195379743,-0.12487387238584696,2.7126399255547042,1.2075213482625167
3.4,0.03333333333333333,102,102,takeover,cartesian_freedrive,-1.0,0.08000001091494374,0.2590071317508196,0.035691705502050995,0.05888182531100533,-2.5103373787127143,-0.1252503659461996,2.714027954029251,1.2077307315857129
3.433333333333333,0.03333333333333333,103,103,takeover,cartesian_freedrive,-1.0,0.08000001081612104,0.2589542345518752,0.03696973745846022,0.05878798105522946,-2.510391268935089,-0.12562677176532497,2.7154139916656197,1.207939121801694
3.466666666666667,0.03333333333333333,104,104,takeover,cartesian_freedrive,-1.0,0.08000001081481656,0.25890200302064187,0.03824929143074822,0.058693063878718525,-2.510442924567429,-0.12600477512943706,2.7167992908312,1.2081486809373732
3.5,0.03333333333333333,105,105,takeover,cartesian_freedrive,-1.0,0.08000001072570852,0.2588532764184913,0.03952586116122374,0.05859816081590821,-2.5104996177456287,-0.12639316037102227,2.718182722289313,1.2083750403286813
3.533333333333333,0.03333333333333333,106,106,takeover,cartesian_freedrive,-1.0,0.08000001068220856,0.2588053663525657,0.040804043324003975,0.0585021682391581,-2.510554158513818,-0.1267835524265382,2.719565609505386,1.2086031387490017
3.566666666666667,0.03333333333333333,107,107,takeover,cartesian_freedrive,-1.0,0.08000001064383354,0.25875820484296647,0.04208382779139804,0.05840503280769986,-2.510606428412296,-0.12717568813318147,2.72094780334256,1.2088325763210923
3.6,0.03333333333333333,108,108,takeover,cartesian_freedrive,-1.0,0.08000001039343138,0.25871181533922294,0.04336520325533941,0.05830672962201034,-2.510656428555245,-0.12756954397034606,2.722329323529448,1.2090633220386866
3.6333333333333333,0.03333333333333333,109,109,takeover,cartesian_freedrive,-1.0,0.08000001055656991,0.25866909332541543,0.04464354589902631,0.05820822196019016,-2.5107114637599133,-0.1279739320976361,2.7237088635070266,1.209310959576575
3.6666666666666665,0.03333333333333333,110,110,takeover,cartesian_freedrive,-1.0,0.08000001023682857,0.2586272938667793,0.04592350291666465,0.058108506842932416,-2.510764345344453,-0.128380399346831,2.725087868121345,1.2095604099524468
3.7,0.03333333333333333,111,111,takeover,cartesian_freedrive,-1.0,0.08000001023400913,0.25858631476277205,0.04720506110712118,0.05800756208657331,-2.5108149478366673,-0.12878867644871225,2.7264661672129313,1.2098112641421213
3.7333333333333334,0.03333333333333333,112,112,takeover,cartesian_freedrive,-1.0,0.08000001026197595,0.25854617873156627,0.048488209609243306,0.057905362025251685,-2.510863271996389,-0.12919874403411885,2.7278437708832595,1.2100634967037736
3.7666666666666666,0.03333333333333333,113,113,takeover,cartesian_freedrive,-1.0,0.08000001035998561,0.2585104229937324,0.049770263397894386,0.05780278664734652,-2.510915940387271,-0.12962141000712277,2.7292206206849703,1.2103351758629504
3.8,0.03333333333333333,114,114,takeover,cartesian_freedrive,-1.0,0.08000001008265656,0.25847519590241597,0.05105202412956457,0.0576988147594268,-2.510967115551367,-0.13004438457636594,2.7305956804186797,1.2106063686419377
3.8333333333333335,0.03333333333333333,115,115,takeover,cartesian_freedrive,-1.0,0.08000001001619239,0.2584408537654301,0.052335314100601056,0.057593507575321945,-2.5110160330972247,-0.13046914883005584,2.731969992405306,1.2108789161894793
3.8666666666666667,0.03333333333333333,116,116,takeover,cartesian_freedrive,-1.0,0.08000001004004881,0.2584074417072066,0.05362018878494702,0.05748684370571267,-2.5110626673348135,-0.13089575331285652,2.7333436106440865,1.2111528885852165
3.9,0.03333333333333333,117,117,takeover,cartesian_freedrive,-1.0,0.08000000992472467,0.25837810918925014,0.05490192782395281,0.05737945499394232,-2.51111435555119,-0.13133315236262247,2.734715084560266,1.2114438982603257
3.933333333333333,0.03333333333333333,118,118,takeover,cartesian_freedrive,-1.0,0.0800000099283439,0.2583498613955491,0.05618528386594008,0.05727066676359988,-2.5111638663447886,-0.13177276867653814,2.7360859873611436,1.2117368585298958
3.966666666666667,0.03333333333333333,119,119,takeover,cartesian_freedrive,-1.0,0.08000000979062019,0.2583226226233873,0.057470234047250816,0.057160431971800346,-2.5112110888965886,-0.1322142937772111,2.7374562039043076,1.2120313162433236
4.0,0.03333333333333333,120,120,takeover,cartesian_freedrive,-1.0,0.08000000981860564,0.25829640280890126,0.05875677156687754,0.05704873583901098,-2.5112560201393626,-0.1326577278920709,2.738825697311341,1.212327275090774
4.033333333333333,0.03333333333333333,121,121,takeover,cartesian_freedrive,-1.0,0.08000000970222794,0.25827447339151854,0.06004011682522868,0.056936053016213004,-2.5113060080170353,-0.13311205725941344,2.7401929772018216,1.2126403118762306
4.066666666666666,0.03333333333333333,122,122,takeover,cartesian_freedrive,-1.0,0.08000000966588172,0.25825373010966673,0.061325082462859976,0.0568218574924031,-2.511353813267834,-0.13356867794249438,2.7415596722762974,1.2129553827932102
4.1,0.03333333333333333,123,123,takeover,cartesian_freedrive,-1.0,0.08000000969640009,0.25823468816919626,0.06261350639594446,0.056706132184180004,-2.5113986861719844,-0.13402929195297722,2.7429268899086057,1.2132746269815398
4.133333333333334,0.03333333333333333,124,124,takeover,cartesian_freedrive,-1.0,0.0800000095962414,0.25821620174727183,0.0639017264919135,0.056588808041483446,-2.511441872156718,-0.13448993766965062,2.7442922282301394,1.213592940596108
4.166666666666667,0.03333333333333333,125,125,takeover,cartesian_freedrive,-1.0,0.0800000095508351,0.25820219536830885,0.06518664205805404,0.056470226336965614,-2.511490148450559,-0.13496152794108474,2.7456552042300904,1.2139283024772671
4.2,0.03333333333333333,126,126,takeover,cartesian_freedrive,-1.0,0.08000000957795488,0.2581894766366723,0.06647317178265488,0.05635001339229735,-2.5115362302329403,-0.1354354417010945,2.747017595765362,1.2142657244895034
4.233333333333333,0.03333333333333333,127,127,takeover,cartesian_freedrive,-1.0,0.08000000946881208,0.2581779624224916,0.06776129139197691,0.05622813152049479,-2.511580010672349,-0.13591136411787377,2.7483792828030285,1.2146047521441423
4.266666666666667,0.03333333333333333,128,128,takeover,cartesian_freedrive,-1.0,0.08000000921533884,0.25816767654232353,0.06905099084416923,0.0561045536515661,-2.511621489844456,-0.13638927531505046,2.749740261380348,1.2149453642288572
4.3,0.03333333333333333,129,129,takeover,cartesian_freedrive,-1.0,0.0800000093010463,0.25816210107455806,0.07033739779916161,0.05597946788551616,-2.511668033089294,-0.13687831946798382,2.751098808502614,1.2153032012543221
4.333333333333333,0.03333333333333333,130,130,takeover,cartesian_freedrive,-1.0,0.08000000933712899,0.25815793789160013,0.07162542252341292,0.05585261917555048,-2.5117123771326177,-0.137369744855719,2.752456778650905,1.2156631668935058
4.366666666666666,0.03333333333333333,131,131,takeover,cartesian_freedrive,-1.0,0.08000000922408132,0.2581557459175642,0.07291677314995738,0.055723951969853365,-2.5117538405364592,-0.13786527409361757,2.7538152074307822,1.2160274354249028
4.4,0.03333333333333333,132,132,takeover,cartesian_freedrive,-1.0,0.08000000906446691,0.25815426504500966,0.07420803836970231,0.05559349622562979,-2.5117935461448835,-0.13836089840328336,2.7551717884119227,1.2163908450151943
4.433333333333334,0.03333333333333333,133,133,takeover,cartesian_freedrive,-1.0,0.08000000894461515,0.2581577167682696,0.07549589651663005,0.055461240442957964,-2.511838347411071,-0.13886765199481846,2.756525854094498,1.216771391827045
4.466666666666667,0.03333333333333333,134,134,takeover,cartesian_freedrive,-1.0,0.0800000089753014,0.2581626782001263,0.07678536894724232,0.05532710533999515,-2.5118809370581054,-0.13937682464364914,2.757879307745545,1.2171541117680345
4.5,0.03333333333333333,135,135,takeover,cartesian_freedrive,-1.0,0.0800000088440847,0.25816905890529585,0.07807642671613695,0.05519106176374032,-2.511921212449038,-0.1398880835637684,2.7592320381862945,1.217538532574162
4.533333333333333,0.03333333333333333,136,136,takeover,cartesian_freedrive,-1.0,0.08000000874294166,0.25817687497246666,0.07936905863834626,0.05505309434693029,-2.511959171166152,-0.14040140483659322,2.7605840481662907,1.217924626152393
4.566666666666666,0.03333333333333333,137,137,takeover,cartesian_freedrive,-1.0,0.08000000870688434,0.25818989330553954,0.08065829158862531,0.05491302697806929,-2.512002209852957,-0.14092601252295756,2.7619334664455137,1.218327999348419
4.6,0.03333333333333333,138,138,takeover,cartesian_freedrive,-1.0,0.0800000086611333,0.2582045495790103,0.08194913946964111,0.054770951145344145,-2.5120430306083557,-0.14145307450023623,2.7632823042153394,1.2187335889113415
4.633333333333334,0.03333333333333333,139,139,takeover,cartesian_freedrive,-1.0,0.08000000862203024,0.2582214645071031,0.08324320270753625,0.05462674976896562,-2.512081017566786,-0.14198435433011938,2.7646315092285962,1.2191436330413057
4.666666666666667,0.03333333333333333,140,140,takeover,cartesian_freedrive,-1.0,0.08000000848664296,0.2582392467116358,0.08453727747747698,0.05448058135175809,-2.512117175234311,-0.14251574650206228,2.7659789205983,1.2195528420140165
4.7,0.03333333333333333,141,141,takeover,cartesian_freedrive,-1.0,0.08000000837482557,0.2582624598004116,0.08582784325769557,0.05433202496636515,-2.5121584372865406,-0.14305841441352293,2.7673236322031287,1.2199792632423798
4.733333333333333,0.03333333333333333,142,142,takeover,cartesian_freedrive,-1.0,0.08000000840548797,0.2582874283828686,0.0871200202594297,0.05418132527096486,-2.512197471589176,-0.14360356058687698,2.7686677269408912,1.220407938916163
4.766666666666667,0.03333333333333333,143,143,takeover,cartesian_freedrive,-1.0,0.08000000826547564,0.25831405117293343,0.0884137760497281,0.05402846569292136,-2.512234178162792,-0.1441508374319213,2.770011094553195,1.2208383832861303
4.8,0.03333333333333333,144,144,takeover,cartesian_freedrive,-1.0,0.08000000800195278,0.2583423548872833,0.08970909986248055,0.053873417061700415,-2.512268557318143,-0.1447002183529244,2.7713537316735164,1.221270569834986
4.833333333333333,0.03333333333333333,145,145,takeover,cartesian_freedrive,-1.0,0.08000000816809669,0.25837634575899765,0.09100091940778947,0.053715701592225704,-2.5123080217011555,-0.1452610158429316,2.7726935840580413,1.221720101096293
4.866666666666666,0.03333333333333333,146,146,takeover,cartesian_freedrive,-1.0,0.0800000081365331,0.2584130209116187,0.09229588167274533,0.05355554438677366,-2.5123448001759945,-0.14582643009531696,2.77403390638167,1.2221746546463068
4.9,0.03333333333333333,147,147,takeover,cartesian_freedrive,-1.0,0.08000000778631447,0.25845074943808866,0.09359095559641639,0.05339322304478258,-2.5123796845566706,-0.1463919843941704,2.775372495842061,1.222628423870009
4.933333333333334,0.03333333333333333,148,148,takeover,cartesian_freedrive,-1.0,0.08000000762615508,0.2584902263051335,0.09488754265328547,0.05322860910370695,-2.512412246406077,-0.14695958574178833,2.776710271635601,1.223083875346387
4.966666666666667,0.03333333333333333,149,149,takeover,cartesian_freedrive,-1.0,0.08000000763657901,0.25853566586215126,0.09618056930986717,0.05306101332770098,-2.5124499045627333,-0.1475386206742812,2.778045221078529,1.2235566386472494
5.0,0.03333333333333333,150,150,takeover,cartesian_freedrive,-1.0,0.08000000751093322,0.2585831452807048,0.09747520486730069,0.05289097447646288,-2.512485324368887,-0.14812015989537855,2.7793795511715955,1.2240317198214892
5.033333333333333,0.03333333333333333,151,151,takeover,cartesian_freedrive,-1.0,0.08000000720561876,0.2586325183629821,0.09877141234233994,0.052718526868923095,-2.512518400315959,-0.14870384527736866,2.780713149990576,1.2245086182505858
5.066666666666666,0.03333333333333333,152,152,takeover,cartesian_freedrive,-1.0,0.08000000699144773,0.2586838123219329,0.10006918344237985,0.05254363640651327,-2.5125491341702557,-0.1492896576176235,2.7820459842153795,1.2249873242807379
5.1,0.03333333333333333,153,153,takeover,cartesian_freedrive,-1.0,0.08000000693860113,0.2587421792908137,0.10136478221069818,0.05236524799192555,-2.512584564989174,-0.14988906507981017,2.78337691777035,1.2254861064774718
5.133333333333334,0.03333333333333333,154,154,takeover,cartesian_freedrive,-1.0,0.0800000067099578,0.2588019371329701,0.10266061236825443,0.05218446907735997,-2.512618139515676,-0.15048897286876256,2.784706256195251,1.2259846466568132
5.166666666666667,0.03333333333333333,155,155,takeover,cartesian_freedrive,-1.0,0.08000000645800678,0.25886368655211567,0.10395795944934812,0.05200115234486494,-2.5126493773976444,-0.15109093651154662,2.78603480865822,1.2264849125671926
5.2,0.03333333333333333,156,156,takeover,cartesian_freedrive,-1.0,0.08000000619487005,0.2589274876166533,0.10525686274193896,0.05181526126382842,-2.5126782667310987,-0.15169500594233631,2.7873626115825987,1.2269869817172467
5.233333333333333,0.03333333333333333,157,157,takeover,cartesian_freedrive,-1.0,0.08000000584692368,0.2589978099703552,0.10655210086250334,0.05162575750362676,-2.5127122638863297,-0.15231054619893228,2.788687398243946,1.2275063671587125
5.266666666666667,0.03333333333333333,158,158,takeover,cartesian_freedrive,-1.0,0.08000000555760421,0.2590704274296237,0.10784894387889403,0.051433552372694306,-2.5127440040378897,-0.15292859015275737,2.7900115507666303,1.2280281159574733
5.3,0.03333333333333333,159,159,takeover,cartesian_freedrive,-1.0,0.08000000517318123,0.25914521550940767,0.10914735224929596,0.05123865399219804,-2.5127733906557057,-0.15354875751908018,2.791334958700035,1.2285517112639912
5.333333333333333,0.03333333333333333,160,160,takeover,cartesian_freedrive,-1.0,0.08000000477780707,0.2592230815964074,0.11044867625938723,0.051040773361042686,-2.512800068879971,-0.15417316029317463,2.7926585977246003,1.2290798828692726
5.366666666666666,0.03333333333333333,161,161,takeover,cartesian_freedrive,-1.0,0.08000000432101255,0.25930691275027107,0.11174498296246196,0.05083921882172675,-2.512832205177798,-0.15480699675188175,2.7939782166200544,1.2296227268277675
5.4,0.03333333333333333,162,162,takeover,cartesian_freedrive,-1.0,0.08000000333649968,0.25939314524421725,0.11304283707099973,0.05063482903998051,-2.5128620878398515,-0.15544320890361735,2.795297176002387,1.23016779930133
5.433333333333334,0.03333333333333333,163,163,takeover,cartesian_freedrive,-1.0,0.08000000214021173,0.25948167720224674,0.11434225343410755,0.0504276117844517,-2.512889610768352,-0.15608152700137512,2.796615357945175,1.2307147356185748
5.466666666666667,0.03333333333333333,164,164,takeover,cartesian_freedrive,-1.0,0.08000000048157596,0.25957254474807057,0.11564322056183783,0.05021753602192409,-2.5129147744340132,-0.15672190457506086,2.79793278769923,1.2312634871261174
5.5,0.03333333333333333,165,165,takeover,cartesian_freedrive,-1.0,0.07999999973969088,0.25967048252039154,0.11694041248208925,0.050003246010767756,-2.5129450529581736,-0.15737370760356809,2.7992470269789793,1.2318294841740092
5.533333333333333,0.03333333333333333,166,166,takeover,cartesian_freedrive,-1.0,0.07999999664679855,0.25977195774078116,0.11824048683071275,0.049785628157222137,-2.5129727587736683,-0.1580300923810811,2.8005616327350373,1.2324005877750734
5.566666666666666,0.03333333333333333,167,167,takeover,cartesian_freedrive,-1.0,0.0799999953744598,0.25987499509329526,0.11954089231589163,0.049565348776120455,-2.5129983950085713,-0.1586865194891829,2.8018745525165034,1.2329709439776964
5.6,0.03333333333333333,168,168,takeover,cartesian_freedrive,-1.0,0.07999999507258733,0.2599804676778072,0.12084279987254361,0.049342085096524595,-2.5130216761936843,-0.15934488814073938,2.8031866457820973,1.2335430130203682
5.633333333333334,0.03333333333333333,169,169,takeover,cartesian_freedrive,-1.0,0.0799999951414056,0.2600932863384051,0.12214087956993885,0.049114294472679836,-2.5130500820728883,-0.16001462539819397,2.80449546889353,1.2341322427276087
5.666666666666667,0.03333333333333333,170,170,takeover,cartesian_freedrive,-1.0,0.07999999503867622,0.2602088497709673,0.12344054908047043,0.04888335948859883,-2.51307621349703,-0.1606867469361287,2.8058036769975834,1.2347238023374292
5.7,0.03333333333333333,171,171,takeover,cartesian_freedrive,-1.0,0.07999999501811456,0.26032699576931384,0.12474177451229616,0.04864932626485144,-2.5130999728432983,-0.16136088652108496,2.8071111116397267,1.2353172060228101
5.733333333333333,0.03333333333333333,172,172,takeover,cartesian_freedrive,-1.0,0.07999999468929368,0.2604487345436084,0.12604575627194034,0.048411781916518626,-2.5131210999994367,-0.16203911204378657,2.8084187236904157,1.235915128123505
5.766666666666667,0.03333333333333333,173,173,takeover,cartesian_freedrive,-1.0,0.07999999476818961,0.2605772058807252,0.1273447023570873,0.04816974705264721,-2.5131476145880596,-0.1627266584941488,2.809722092758472,1.2365276105875336
5.8,0.03333333333333333,174,174,takeover,cartesian_freedrive,-1.0,0.07999999445925093,0.2607085440817753,0.12864518509145453,0.04792442935390247,-2.5131718576413795,-0.16341642452250849,2.811024828558023,1.2371422637405116
5.833333333333333,0.03333333333333333,175,175,takeover,cartesian_freedrive,-1.0,0.07999999443873497,0.2608425866208435,0.1299472209604236,0.04767589178563626,-2.513193721853193,-0.1641081589402518,2.812326754093386,1.237758757825748
5.866666666666666,0.03333333333333333,176,176,takeover,cartesian_freedrive,-1.0,0.07999999431274277,0.26097938066319654,0.1312507944974168,0.04742410166553843,-2.51321320965629,-0.16480178569249976,2.813627937589899,1.2383770073184868
5.9,0.03333333333333333,177,177,takeover,cartesian_freedrive,-1.0,0.07999999441106351,0.2611251278411656,0.13255157728157527,0.04716672826841084,-2.5132376142243102,-0.16550871471302467,2.8149266048669985,1.239014954221587
5.933333333333334,0.03333333333333333,178,178,takeover,cartesian_freedrive,-1.0,0.07999999412160116,0.2612729773459863,0.13385285157019977,0.04690630580965232,-2.513259954963894,-0.1662159359500238,2.8162237666543963,1.2396526650752155
5.966666666666667,0.03333333333333333,179,179,takeover,cartesian_freedrive,-1.0,0.07999999402460764,0.2614236503604241,0.13515562770144313,0.04664254701670614,-2.5132799184386796,-0.16692493510708245,2.817520151150546,1.2402920287245438
6.0,0.03333333333333333,180,180,takeover,cartesian_freedrive,-1.0,0.0799999939271579,0.26157720910560084,0.13645993866907835,0.04637540688217152,-2.5132975001440405,-0.1676357585612014,2.818815765494796,1.2409331296596442
6.033333333333333,0.03333333333333333,181,181,takeover,cartesian_freedrive,-1.0,0.079999994043275,0.26173899871963674,0.1377602647358456,0.0461027956197119,-2.5133202303504447,-0.16835770153343418,2.8201078262660944,1.2415911668243493
6.066666666666666,0.03333333333333333,182,182,takeover,cartesian_freedrive,-1.0,0.07999999394725725,0.2619039870794925,0.1390621638065319,0.04582662006171731,-2.513340671968385,-0.16908179706234977,2.8213993032773117,1.2422514201306158
6.1,0.03333333333333333,183,183,takeover,cartesian_freedrive,-1.0,0.0799999938754195,0.26207303888064104,0.1403666912038002,0.04554647664397996,-2.513358543242884,-0.16980974444357705,2.822690938353277,1.242916064319386
6.133333333333334,0.03333333333333333,184,184,takeover,cartesian_freedrive,-1.0,0.07999999358059066,0.26224413625011006,0.1416717170573782,0.04526325149459957,-2.5133742129993153,-0.17053748242735348,2.8239809217166845,1.2435799143325519
6.166666666666667,0.03333333333333333,185,185,takeover,cartesian_freedrive,-1.0,0.07999999364841152,0.2624237314350597,0.14297266066260342,0.04497428025989522,-2.5133950414544963,-0.17127612313761428,2.8252672740451175,1.2442604839971028
6.2,0.03333333333333333,186,186,takeover,cartesian_freedrive,-1.0,0.07999999356604826,0.2626066661272573,0.1442751706744485,0.044681614541007025,-2.513413576570666,-0.17201681557028917,2.826553026778032,1.2449432192435645
6.233333333333333,0.03333333333333333,187,187,takeover,cartesian_freedrive,-1.0,0.07999999328110766,0.2627927707459375,0.14557921670541027,0.04438531748764438,-2.5134297244586623,-0.17275917549647682,2.827838052298114,1.2456276209628134
6.266666666666667,0.03333333333333333,188,188,takeover,cartesian_freedrive,-1.0,0.07999999325927812,0.2629820255719767,0.1468847941852151,0.04408540243287048,-2.5134434800560084,-0.17350318080786642,2.8291222847587174,1.246313688535462
6.3,0.03333333333333333,189,189,takeover,cartesian_freedrive,-1.0,0.07999999330069804,0.26318120073095075,0.14818730451014295,0.04377888331120045,-2.513462259065985,-0.1742600131600531,2.830403812988806,1.2470189665085913
6.333333333333333,0.03333333333333333,190,190,takeover,cartesian_freedrive,-1.0,0.07999999319515624,0.26338280347916454,0.14949040501032473,0.043469035488166996,-2.51347888942017,-0.17501691273258638,2.8316837520574585,1.247723966669639
6.366666666666666,0.03333333333333333,191,191,takeover,cartesian_freedrive,-1.0,0.07999999312196761,0.263587676741987,0.1507949811992262,0.04315547313192419,-2.513493130359661,-0.17577519346736503,2.8329631059429063,1.2484303308934677
6.4,0.03333333333333333,192,192,takeover,cartesian_freedrive,-1.0,0.07999999301091203,0.2637958460695724,0.15210109606125197,0.042838161681899474,-2.513504978735205,-0.17653505785929177,2.834241547969115,1.2491383865518149
6.433333333333334,0.03333333333333333,193,193,takeover,cartesian_freedrive,-1.0,0.07999999306087141,0.26401423920691547,0.15340404416577086,0.042513924202583105,-2.513521884011024,-0.17730762528417654,2.835517014133885,1.2498656343250705
6.466666666666667,0.03333333333333333,194,194,takeover,cartesian_freedrive,-1.0,0.07999999283949757,0.2642352555128506,0.1547076002584922,0.04218624848443284,-2.5135366114091604,-0.17808001696393738,2.83679127490612,1.250592343087759
6.5,0.03333333333333333,195,195,takeover,cartesian_freedrive,-1.0,0.07999999276003245,0.2644596296062965,0.1560126723675445,0.04185475576564017,-2.5135489447007084,-0.17885387089109206,2.8380645362281545,1.2513206643091275
6.533333333333333,0.03333333333333333,196,196,takeover,cartesian_freedrive,-1.0,0.07999999271485969,0.2646874467517341,0.1573192501781593,0.04151940295412614,-2.5135588828413553,-0.17962902644039316,2.839337189644854,1.2520503788439425
6.566666666666666,0.03333333333333333,197,197,takeover,cartesian_freedrive,-1.0,0.07999999273641802,0.264924639828976,0.15862163263667595,0.04117740545191459,-2.513574016246929,-0.1804146354542257,2.840605947352297,1.2527964221106105
6.6,0.03333333333333333,198,198,takeover,cartesian_freedrive,-1.0,0.07999999263741672,0.2651656008693196,0.1599255649739219,0.040831350019357414,-2.5135868500212757,-0.18120190213765777,2.8418741472245337,1.2535444015459232
6.633333333333334,0.03333333333333333,199,199,takeover,cartesian_freedrive,-1.0,0.07999999252014467,0.26541125285345535,0.16123196775428503,0.040480729408306736,-2.513597201543345,-0.1819924990409362,2.843142356209678,1.254296486058452
6.666666666666667,0.03333333333333333,200,200,takeover,cartesian_freedrive,-1.0,0.07999999248340536,0.26565940651047043,0.16253898796653288,0.04012671328241959,-2.513605243459432,-0.18278239227338605,2.8444091266952682,1.2550474940288485
6.7,0.03333333333333333,201,201,takeover,cartesian_freedrive,-1.0,0.0799999924960505,0.26591722986216565,0.16384172211971113,0.03976578859439733,-2.513618487423035,-0.18358247875813885,2.8456719022584838,1.2558146526698157
6.733333333333333,0.03333333333333333,202,202,takeover,cartesian_freedrive,-1.0,0.07999999227083342,0.266178949662681,0.16514600657865802,0.039400689955316176,-2.513629432115948,-0.18438409617677093,2.846934052574003,1.2565837037487677
6.766666666666667,0.03333333333333333,203,203,takeover,cartesian_freedrive,-1.0,0.07999999223223528,0.2664443582744601,0.1664518101272733,0.03903154779914144,-2.5136379773090454,-0.18518682220216334,2.8481955264564704,1.2573540951794033
6.8,0.03333333333333333,204,204,takeover,cartesian_freedrive,-1.0,0.07999999214622049,0.2667146146483047,0.16776002263473666,0.03865769914776971,-2.5136440669619264,-0.1859926080226904,2.8494570064250593,1.2581283862624677
6.833333333333333,0.03333333333333333,205,205,takeover,cartesian_freedrive,-1.0,0.07999999215790149,0.2669937201382795,0.16906307786478886,0.038277272033932386,-2.513655441241934,-0.18680648359769847,2.850713796191423,1.2589161572377356
6.866666666666666,0.03333333333333333,206,206,takeover,cartesian_freedrive,-1.0,0.07999999207020544,0.26727680090571926,0.17036763539539881,0.03789261147586663,-2.5136645149761243,-0.18762159216242455,2.851970022472283,1.2597055421330532
6.9,0.03333333333333333,207,207,takeover,cartesian_freedrive,-1.0,0.07999999197367097,0.26756368052340346,0.17167372200632433,0.037503806869015756,-2.513671191153434,-0.18843770446195796,2.8532254381121267,1.2604962694535005
6.933333333333334,0.03333333333333333,208,208,takeover,cartesian_freedrive,-1.0,0.07999999186569327,0.26785437696642345,0.17298132536788735,0.03711085391918372,-2.513675469657401,-0.18925473594895137,2.854480086385976,1.261288256058547
6.966666666666667,0.03333333333333333,209,209,takeover,cartesian_freedrive,-1.0,0.07999999201557952,0.26815651057302287,0.17428540225799807,0.03670978493367574,-2.5136849457115646,-0.1900833759888363,2.8557315736306395,1.26209842685038
7.0,0.03333333333333333,210,210,takeover,cartesian_freedrive,-1.0,0.07999999198957458,0.2684616830467336,0.1755902070760861,0.0363049957857632,-2.5136921594490595,-0.19091133984929723,2.856981775715763,1.262907876719005
7.033333333333333,0.03333333333333333,211,211,takeover,cartesian_freedrive,-1.0,0.07999999192062898,0.2687707256312705,0.1768965134803185,0.03589600920349963,-2.5136969758408663,-0.19174007817260258,2.85823109104613,1.2637185050833448
7.066666666666666,0.03333333333333333,212,212,takeover,cartesian_freedrive,-1.0,0.079999991881256,0.26908369917091435,0.17820431686669333,0.03548279815584096,-2.513699395413311,-0.19256946135469202,2.8594798140193607,1.2645301489348542
7.1,0.03333333333333333,213,213,takeover,cartesian_freedrive,-1.0,0.07999999180375617,0.26940712686120555,0.17950772067310272,0.0350619216847291,-2.5137070702129733,-0.1934083240801492,2.8607242739180565,1.2653573379904168
7.133333333333334,0.03333333333333333,214,214,takeover,cartesian_freedrive,-1.0,0.07999999179637723,0.2697360138914753,0.18081345627046574,0.03463591022456854,-2.513712441162696,-0.19424998877414834,2.861969049285243,1.2661884195105657
7.166666666666667,0.03333333333333333,215,215,takeover,cartesian_freedrive,-1.0,0.0799999916275144,0.27006781292624704,0.1821199324802631,0.0342062624111787,-2.5137154304190683,-0.19509041486707954,2.863212457389885,1.2670181897815045
7.2,0.03333333333333333,216,216,takeover,cartesian_freedrive,-1.0,0.079999991530049,0.2704035854631024,0.18342789945894286,0.033772358705833304,-2.5137160223379533,-0.19593134187982303,2.864455004188679,1.267848950737939
7.233333333333333,0.03333333333333333,217,217,takeover,cartesian_freedrive,-1.0,0.07999999160743174,0.27075011055757153,0.1847313918521307,0.03333056509240234,-2.5137218800359515,-0.19678136582961733,2.865693430934943,1.2686949231000764
7.266666666666667,0.03333333333333333,218,218,takeover,cartesian_freedrive,-1.0,0.07999999161562268,0.2711009934552961,0.186036420403129,0.03288427816627953,-2.5137254445439416,-0.1976321730235153,2.8669312486551624,1.2695423371910386
7.3,0.03333333333333333,219,219,takeover,cartesian_freedrive,-1.0,0.0799999915576543,0.2714560109087453,0.18734296436386255,0.03243363381083739,-2.5137266174369683,-0.1984833499535816,2.868168389661753,1.2703906641350786
7.333333333333333,0.03333333333333333,220,220,takeover,cartesian_freedrive,-1.0,0.07999999147745557,0.2718164060917557,0.1886517850470391,0.031977878167540885,-2.5137254188432343,-0.19933667178035208,2.8694056346656125,1.2712422368142453
7.366666666666666,0.03333333333333333,221,221,takeover,cartesian_freedrive,-1.0,0.07999999148571912,0.2721865846775323,0.18995534914687723,0.031514751541744844,-2.5137294984289786,-0.20019699646260655,2.8706379482676105,1.272106429290307
7.4,0.03333333333333333,222,222,takeover,cartesian_freedrive,-1.0,0.07999999140074196,0.2725611672174115,0.19126041432891816,0.031047109178969225,-2.5137312867403354,-0.20105779777427943,2.8718696415671303,1.2729718107640857
7.433333333333334,0.03333333333333333,223,223,takeover,cartesian_freedrive,-1.0,0.07999999130650146,0.27293996752292693,0.1925669957083641,0.030575071594002436,-2.51373068618906,-0.2019187606119185,2.873100642370585,1.2738379843239171
7.466666666666667,0.03333333333333333,224,224,takeover,cartesian_freedrive,-1.0,0.07999999127952258,0.27332298040163416,0.19387508428966302,0.030098651419876145,-2.513727696439121,-0.2027798033254595,2.8743309675131474,1.274704878988748
7.5,0.03333333333333333,225,225,takeover,cartesian_freedrive,-1.0,0.07999999129303977,0.27371845158760183,0.19517933664341205,0.029613150636306373,-2.5137300605345865,-0.2036510885316945,2.875557770027198,1.275588779417395
7.533333333333333,0.03333333333333333,226,226,takeover,cartesian_freedrive,-1.0,0.07999999122246049,0.2741172810471808,0.19648441067243788,0.029123807666752145,-2.5137301063939237,-0.20452095297481457,2.8767833292382736,1.2764715521904575
7.566666666666666,0.03333333333333333,227,227,takeover,cartesian_freedrive,-1.0,0.07999999114803194,0.2745203585533002,0.1977909728457987,0.028630068486729696,-2.513727765067521,-0.2053906728354519,2.878008192484233,1.27735487117619
7.6,0.03333333333333333,228,228,takeover,cartesian_freedrive,-1.0,0.07999999111960343,0.2749277272206408,0.199099042441538,0.028131917540589028,-2.5137230394886165,-0.20626024299752554,2.879232384876185,1.2782387678124696
7.633333333333334,0.03333333333333333,229,229,takeover,cartesian_freedrive,-1.0,0.07999999118877554,0.27534648149684915,0.20040248885573414,0.02762532407876791,-2.5137236475519287,-0.20713786773866286,2.8804522344370267,1.2791369918409878
7.666666666666667,0.03333333333333333,230,230,takeover,cartesian_freedrive,-1.0,0.07999999118858436,0.27577114877284326,0.20170815233122216,0.02711328499086198,-2.5137220447301654,-0.20801727836157538,2.8816724023477347,1.2800384083462952
7.7,0.03333333333333333,231,231,takeover,cartesian_freedrive,-1.0,0.07999999106588293,0.27619896720499576,0.20301467873748572,0.026597572339100928,-2.5137180087838895,-0.20889478253514973,2.8828910471082234,1.2809382536553942
7.733333333333333,0.03333333333333333,232,232,takeover,cartesian_freedrive,-1.0,0.07999999103158628,0.276631099742031,0.2043226744637919,0.026077465380547688,-2.5137115905638394,-0.2097717583634143,2.88410914290438,1.2818383285537702
7.766666666666667,0.03333333333333333,233,233,takeover,cartesian_freedrive,-1.0,0.07999999113144377,0.2770748166321533,0.205626002465153,0.025548763320664962,-2.513710531827244,-0.21065643089666788,2.885322792207241,1.2827524449288121
7.8,0.03333333333333333,234,234,takeover,cartesian_freedrive,-1.0,0.0799999910392816,0.27752320373566414,0.20693086338492134,0.025015436349587784,-2.5137072060334638,-0.21154096554714755,2.8865358231272547,1.2836674345549848
7.833333333333333,0.03333333333333333,235,235,takeover,cartesian_freedrive,-1.0,0.07999999097968487,0.2779773135260719,0.20823789140478055,0.02447680727482293,-2.5137015920044354,-0.21242655964100754,2.887749137665913,1.284584849534234
7.866666666666666,0.03333333333333333,236,236,takeover,cartesian_freedrive,-1.0,0.07999999089920676,0.2784346226710174,0.2095457972660453,0.02393454875633582,-2.5136935331213133,-0.21330990841783629,2.8889610791292233,1.2855004329010526
7.9,0.03333333333333333,237,237,takeover,cartesian_freedrive,-1.0,0.07999999091144774,0.2789036681493763,0.21084895534753603,0.023383588742489674,-2.5136908564395024,-0.21420045960430353,2.8901685676567737,1.286429600388925
7.933333333333334,0.03333333333333333,238,238,takeover,cartesian_freedrive,-1.0,0.07999999084738538,0.27937742359089973,0.21215363641784585,0.022828018585742335,-2.5136859193782355,-0.21509056766095136,2.891375525922039,1.2873594024519017
7.966666666666667,0.03333333333333333,239,239,takeover,cartesian_freedrive,-1.0,0.07999999077406061,0.27985563745653536,0.21345984440394786,0.02226800873037498,-2.5136786188808076,-0.21597988941300267,2.8925818065374482,1.2882894110825625
8.0,0.03333333333333333,240,240,takeover,cartesian_freedrive,-1.0,0.07999999070255931,0.2803383203128304,0.21476756147112094,0.021703580466813623,-2.5136689560174252,-0.2168682913919875,2.8937875190056292,1.2892194791979632
8.033333333333333,0.03333333333333333,241,241,takeover,cartesian_freedrive,-1.0,0.07999999067915405,0.28083422801209595,0.21607114422716842,0.021129432695956494,-2.513664817278784,-0.2177651989795535,2.8949894932910794,1.2901650216581262
8.066666666666666,0.03333333333333333,242,242,takeover,cartesian_freedrive,-1.0,0.079999990599248,0.2813336605335919,0.21737562934427923,0.02055153040367878,-2.513658332492761,-0.21865974429518692,2.8961903945870984,1.2911088363079948
8.1,0.03333333333333333,243,243,takeover,cartesian_freedrive,-1.0,0.07999999051277965,0.2818375369975561,0.21868161995561378,0.01996924979092336,-2.513649488020419,-0.21955317249246437,2.8973906128752254,1.29205259433257
8.133333333333333,0.03333333333333333,244,244,takeover,cartesian_freedrive,-1.0,0.07999999041994865,0.2823458973625247,0.2199891311036604,0.019382581563262356,-2.5136382902491086,-0.22044545902271143,2.898590191798145,1.2929963032494034
8.166666666666666,0.03333333333333333,245,245,takeover,cartesian_freedrive,-1.0,0.07999999042180084,0.28286634032894237,0.2212918183485048,0.018786990990704265,-2.513632536048599,-0.22134415254732354,2.8997852774694945,1.2939529543572537
8.2,0.03333333333333333,246,246,takeover,cartesian_freedrive,-1.0,0.07999999038161754,0.2833928956016551,0.22259662839573652,0.018185924244236564,-2.5136246668352364,-0.22224343398820864,2.9009806949673096,1.2949119441148915
8.233333333333333,0.03333333333333333,247,247,takeover,cartesian_freedrive,-1.0,0.07999999030477815,0.2839227062712464,0.22390239818251834,0.01758134655200265,-2.51361434041632,-0.22313988685605024,2.9021747343557673,1.2958688010092965
8.266666666666667,0.03333333333333333,248,248,takeover,cartesian_freedrive,-1.0,0.07999999024562511,0.2844569664342845,0.22520966404091053,0.016972460845186242,-2.513601665355239,-0.2240348308027979,2.9033681951440067,1.2968252948345875
8.3,0.03333333333333333,249,249,takeover,cartesian_freedrive,-1.0,0.07999999022321555,0.28500339925004603,0.22651206158418924,0.016354605506342032,-2.5135944711569285,-0.2249357284521905,2.9045571147636906,1.2977943122190512
8.333333333333334,0.03333333333333333,250,250,takeover,cartesian_freedrive,-1.0,0.07999999017051695,0.28555462403166937,0.22781598586968704,0.015732238385816725,-2.5135850503572152,-0.22583536078779082,2.905745568869689,1.2987634095819274
8.366666666666667,0.03333333333333333,251,251,takeover,cartesian_freedrive,-1.0,0.07999999010791237,0.28611037023170294,0.22912143898692394,0.015105555035887154,-2.513573296480597,-0.22673334806973874,2.9069335098517537,1.2997320989701462
8.4,0.03333333333333333,252,252,takeover,cartesian_freedrive,-1.0,0.07999999005288627,0.28667196741492273,0.23042899410295303,0.014473647515562606,-2.5135593536743537,-0.22763119372851454,2.9081216120126325,1.3007024231391875
8.433333333333334,0.03333333333333333,253,253,takeover,cartesian_freedrive,-1.0,0.07999999013002515,0.28724458303713507,0.23173108481025717,0.013833608814757677,-2.513550791109565,-0.228533070713361,2.9093044507837518,1.301682956376474
8.466666666666667,0.03333333333333333,254,254,takeover,cartesian_freedrive,-1.0,0.07999999006237606,0.28782193523825844,0.23303468746723674,0.013189161882019141,-2.5135400082248176,-0.22943336200372139,2.9104867686324907,1.302663330584715
8.5,0.03333333333333333,255,255,takeover,cartesian_freedrive,-1.0,0.07999999000463084,0.28840378781503273,0.23433982653656374,0.012540472487480827,-2.5135269042188213,-0.23033174078510604,2.9116685672110973,1.3036431264267503
8.533333333333333,0.03333333333333333,256,256,takeover,cartesian_freedrive,-1.0,0.07999998995799748,0.2889901436483036,0.2356465032277342,0.011887574886694981,-2.5135114810522947,-0.231228165665657,2.912849789838762,1.30462233305077
8.566666666666666,0.03333333333333333,257,257,takeover,cartesian_freedrive,-1.0,0.0799999900148584,0.28958886150896523,0.23694821079401032,0.011225656190940124,-2.5135016070151335,-0.2321295875817729,2.9140264808129688,1.305613220003749
8.6,0.03333333333333333,258,258,takeover,cartesian_freedrive,-1.0,0.07999998999627829,0.29019371733452043,0.2382519971153837,0.010558398637723489,-2.5134896968446756,-0.23303067239949285,2.9152034996772165,1.3066057975525271
8.633333333333333,0.03333333333333333,259,259,takeover,cartesian_freedrive,-1.0,0.07999998993282001,0.29080176356231435,0.23955680678909938,0.009887904224735969,-2.513475328343503,-0.23392815100288109,2.9163793034783385,1.307595717882119
8.666666666666666,0.03333333333333333,260,260,takeover,cartesian_freedrive,-1.0,0.07999998987843285,0.29141422332098443,0.24086313559910374,0.009213331037600577,-2.5134586468875266,-0.23482330982058885,2.9175545745854583,1.308584740395417
8.7,0.03333333333333333,261,261,takeover,cartesian_freedrive,-1.0,0.07999998995058225,0.2920391010273349,0.24216446210303397,0.008529741763473177,-2.5134475510903553,-0.23572306198394322,2.918725166091292,1.3095851420010374
8.733333333333333,0.03333333333333333,262,262,takeover,cartesian_freedrive,-1.0,0.07999998989939547,0.292668712616757,0.24346732701025198,0.007841883025237797,-2.513434271425051,-0.2366206943578228,2.9198953545573607,1.3105850375578973
8.766666666666667,0.03333333333333333,263,263,takeover,cartesian_freedrive,-1.0,0.07999998984738504,0.2933027784381791,0.24477174455034792,0.007149971037663458,-2.5134186982038274,-0.23751586638592667,2.921065065544923,1.3115839868782793
8.8,0.03333333333333333,264,264,takeover,cartesian_freedrive,-1.0,0.0799999898320615,0.2939412695086965,0.24607770994419287,0.006454048469960333,-2.513400833438751,-0.23840849914116705,2.9222342962074235,1.3125819270361674
8.833333333333334,0.03333333333333333,265,265,takeover,cartesian_freedrive,-1.0,0.079999989819991,0.2945935839542683,0.24737915379101866,0.0057481441534775945,-2.5133887789313074,-0.23930672510390544,2.9233994852997807,1.3135928230014282
8.866666666666667,0.03333333333333333,266,266,takeover,cartesian_freedrive,-1.0,0.07999998978813416,0.2952492782070326,0.24868163906838,0.005039030792361872,-2.5133743846032663,-0.2402011340346552,2.924563664750047,1.3146011026691407
8.9,0.03333333333333333,267,267,takeover,cartesian_freedrive,-1.0,0.07999998968055731,0.2959092878452396,0.24998568548715971,0.004326024333136538,-2.5133577043825674,-0.24109284589896599,2.925727164805368,1.3156083199289728
8.933333333333334,0.03333333333333333,268,268,takeover,cartesian_freedrive,-1.0,0.07999998958266347,0.29657367529918544,0.25129129321147575,0.003609128985937034,-2.513338747103606,-0.2419817701089539,2.926890157569769,1.3166143780002164
8.966666666666667,0.03333333333333333,269,269,takeover,cartesian_freedrive,-1.0,0.07999998960947065,0.29725053140906466,0.2525917948103382,0.0028833072980639523,-2.513325454475742,-0.24287424559804066,2.9280485798552554,1.317630853157434
9.0,0.03333333333333333,270,270,takeover,cartesian_freedrive,-1.0,0.07999998961340665,0.29793202797874796,0.253893852934831,0.0021534511322510177,-2.5133100109547684,-0.24376406447429666,2.9292065945741372,1.3186464701469285
9.033333333333333,0.03333333333333333,271,271,takeover,cartesian_freedrive,-1.0,0.07999998954330693,0.2986178481419038,0.2551974938205016,0.0014197924326193405,-2.513292304765585,-0.24465093049105624,2.9303640619499687,1.3196608523677726
9.066666666666666,0.03333333333333333,272,272,takeover,cartesian_freedrive,-1.0,0.07999998948580883,0.2993093902011901,0.25650316968723663,0.0006813508429659572,-2.5132725420183233,-0.24553598035175517,2.931522026383379,1.3206755707609776
9.1,0.03333333333333333,273,273,takeover,cartesian_freedrive,-1.0,0.07999998951750743,0.3000120406970247,0.2578032619122484,-6.495902301889822e-05,-2.5132582973399966,-0.2464229532970225,2.932674388353985,1.3216987246928793
9.133333333333333,0.03333333333333333,274,274,takeover,cartesian_freedrive,-1.0,0.0799999894512615,0.300719183597878,0.2591048823576222,-0.0008151146113466093,-2.5132419107700623,-0.24730683844537873,2.933826493380857,1.3227206105171483
9.166666666666666,0.03333333333333333,275,275,takeover,cartesian_freedrive,-1.0,0.07999998938388417,0.30143057759799624,0.2604081002819803,-0.0015689258358142567,-2.513223277292484,-0.24818752660903975,2.934978024378642,1.3237411115220448
9.2,0.03333333333333333,276,276,takeover,cartesian_freedrive,-1.0,0.07999998932967199,0.3021461872606201,0.2617128917161918,-0.0023263405174276976,-2.5132023997292534,-0.24906483115131922,2.9361291859749126,1.3247600024568555
9.233333333333333,0.03333333333333333,277,277,takeover,cartesian_freedrive,-1.0,0.07999998931296383,0.3028741828798277,0.2630125283237182,-0.003092489552337517,-2.513187275467708,-0.2499448998196103,2.9372753902721094,1.3257886951603746
9.266666666666667,0.03333333333333333,278,278,takeover,cartesian_freedrive,-1.0,0.07999998922712612,0.3036066585714392,0.26431371984369784,-0.0038623742550833087,-2.5131700367543566,-0.25082165843291016,2.9384214071139145,1.3268159935819184
9.3,0.03333333333333333,279,279,takeover,cartesian_freedrive,-1.0,0.07999998914709469,0.3043432989354911,0.2656165032830412,-0.00463575452034117,-2.5131505690107723,-0.25169485933581137,2.9395670503546896,1.3278415816031353
9.333333333333334,0.03333333333333333,280,280,takeover,cartesian_freedrive,-1.0,0.07999998916364112,0.3050855167060933,0.26692132516934797,-0.0054136385376527,-2.5131291008633605,-0.25256569586276234,2.9407131452579196,1.3288671448132747
9.366666666666667,0.03333333333333333,281,281,takeover,cartesian_freedrive,-0.5,0.07933413641768444,0.3051846968590652,0.26709879883907606,-0.005518819990258127,-2.5131266453553662,-0.2526829452215568,2.940869020926486,1.329004550809159
9.4,0.03333333333333333,282,282,takeover,cartesian_freedrive,0.0,0.07866747471735851,0.30528238519113204,0.26726953639924284,-0.0056211251097664835,-2.5131241724342903,-0.252796946812664,2.9410188934914756,1.3291390516875636
9.433333333333334,0.03333333333333333,283,283,takeover,cartesian_freedrive,0.5,0.07800081206591303,0.3053802846785704,0.26744027329149034,-0.005723577513760876,-2.513121703742015,-0.2529109985416468,2.941168778984138,1.3292736970909027
9.466666666666667,0.03333333333333333,284,284,takeover,cartesian_freedrive,1.0,0.0773341494414719,0.30547828594419696,0.2676110469604588,-0.005826112429621519,-2.513119203661069,-0.25302502218347955,2.941318662863534,1.3294083614305265
9.5,0.03333333333333333,285,285,takeover,cartesian_freedrive,1.0,0.07666748681226687,0.3054810078842674,0.26761327708715665,-0.005828395110596324,-2.5131192954901067,-0.25302774086723995,2.9413207823772805,1.329411968797745
9.533333333333333,0.03333333333333333,286,286,takeover,cartesian_freedrive,1.0,0.07600082406962258,0.3054831893828762,0.26761465733256135,-0.0058301135040730746,-2.5131194124424012,-0.2530297938756323,2.941322232644716,1.329414758182621
9.566666666666666,0.03333333333333333,287,287,takeover,cartesian_freedrive,1.0,0.07533416132714481,0.3054852612752374,0.26761599927191915,-0.005831754300129628,-2.513119535209317,-0.253031751561024,2.941323649740094,1.3294174117945525
9.6,0.03333333333333333,288,288,takeover,cartesian_freedrive,1.0,0.07466749858463421,0.3054872325783491,0.26761730820122226,-0.005833325393043968,-2.513119660820741,-0.25303362334021146,2.9413250358838083,1.3294199408088538
9.633333333333333,0.03333333333333333,289,289,takeover,cartesian_freedrive,1.0,0.07400083410126564,0.30548913893876933,0.26761842887714393,-0.005834816970052225,-2.513119725499025,-0.2530353445033659,2.9413262713349067,1.3294224588431698
9.666666666666666,0.03333333333333333,290,290,takeover,cartesian_freedrive,1.0,0.07333416961586223,0.30549100214494024,0.26761941818401236,-0.0058362205522496996,-2.513119771767546,-0.2530369638864266,2.941327346921258,1.3294249228516248
9.7,0.03333333333333333,291,291,takeover,cartesian_freedrive,1.0,0.07266750513044579,0.3054928193117405,0.2676202961418118,-0.005837546564486961,-2.5131198058433237,-0.2530384965032548,2.941328281691719,1.3294273236706706
9.733333333333333,0.03333333333333333,292,292,takeover,cartesian_freedrive,1.0,0.0720008406450124,0.30549458789316425,0.2676210773651242,-0.0058388034824074665,-2.5131198302615245,-0.25303995109509814,2.9413290948721413,1.3294296583562508
9.766666666666667,0.03333333333333333,293,293,takeover,cartesian_freedrive,1.0,0.07133414731866003,0.30549629557716507,0.2676217609675394,-0.005840022524531626,-2.5131198312493344,-0.25304131609519387,2.9413298013516256,1.3294319644279393
9.8,0.03333333333333333,294,294,takeover,cartesian_freedrive,1.0,0.07066745395828085,0.3054979630013368,0.26762236792156513,-0.005841188657872698,-2.5131198210237513,-0.2530426172923379,2.9413304104079576,1.3294342199885194
9.833333333333334,0.03333333333333333,295,295,takeover,cartesian_freedrive,1.0,0.07000076059784006,0.30549959102042457,0.2676229089416305,-0.0058423049615551215,-2.513119802434417,-0.2530438612920276,2.9413309349882564,1.329436422774053
9.866666666666667,0.03333333333333333,296,296,takeover,cartesian_freedrive,1.0,0.0693340672373762,0.30550117960976286,0.2676233925116969,-0.0058433753243652435,-2.51311977706814,-0.25304505237644664,2.941331386571211,1.3294385730530394
9.9,0.03333333333333333,297,297,takeover,cartesian_freedrive,1.0,0.0686673519984289,0.3055027194589741,0.26762384916344195,-0.005844354171442624,-2.513119774928909,-0.25304627370784805,2.9413318272393303,1.3294404947844778
9.933333333333334,0.03333333333333333,298,298,takeover,cartesian_freedrive,1.0,0.06800063673368056,0.3055041580701044,0.26762427767884106,-0.005845289032524204,-2.513119789605003,-0.2530474470274512,2.9413322597725573,1.3294422759122113
9.966666666666667,0.03333333333333333,299,299,takeover,cartesian_freedrive,1.0,0.06733392147115325,0.30550550140800475,0.2676246803013546,-0.005846176959250416,-2.5131198182659147,-0.2530485616808691,2.9413326817142162,1.3294439399703928
10.0,0.03333333333333333,300,300,takeover,cartesian_freedrive,1.0,0.06666720620629811,0.305506759841855,0.26762505831063993,-0.0058470182604726815,-2.5131198584859136,-0.2530496148775293,2.941333094710854,1.329445496860102
10.033333333333333,0.03333333333333333,301,301,takeover,cartesian_freedrive,1.0,0.06600048341365372,0.30550793351560984,0.26762540794847645,-0.005847822837255863,-2.5131199018160046,-0.2530506008263648,2.94133349700333,1.3294469713372357
10.066666666666666,0.03333333333333333,302,302,takeover,cartesian_freedrive,1.0,0.0653337606121015,0.3055090375751892,0.26762573489496727,-0.005848583976938144,-2.513119950626157,-0.25305153086836774,2.9413338839818173,1.3294483617000898
10.1,0.03333333333333333,303,303,takeover,cartesian_freedrive,1.0,0.06466703781050626,0.3055100777886433,0.2676260408197413,-0.005849303272468486,-2.5131200035485683,-0.25305240880132,2.9413342543349734,1.3294496732300636
10.133333333333333,0.03333333333333333,304,304,takeover,cartesian_freedrive,1.0,0.06400031500887889,0.3055110587499509,0.267626326990561,-0.005849982938024093,-2.5131200591505105,-0.2530532376394519,2.9413346074548885,1.3294509113342359
10.166666666666666,0.03333333333333333,305,305,takeover,cartesian_freedrive,1.0,0.06333357305803994,0.3055119842319419,0.26762659553748686,-0.005850623947914039,-2.5131201174330737,-0.25305401895098806,2.941334943525124,1.3294520807360066
10.2,0.03333333333333333,306,306,takeover,cartesian_freedrive,1.0,0.06266683108459173,0.3055128578383518,0.2676268468712041,-0.005851229026244509,-2.5131201766365447,-0.2530547559711681,2.941335262665219,1.3294531857783027
10.233333333333333,0.03333333333333333,307,307,takeover,cartesian_freedrive,1.0,0.0620000891117604,0.30551368294724723,0.2676270820791487,-0.005851800258140226,-2.513120235884811,-0.2530554516285148,2.9413355643973897,1.3294542309891286
10.266666666666667,0.03333333333333333,308,308,takeover,cartesian_freedrive,1.0,0.06133334713822457,0.30551446284041045,0.2676273018452162,-0.00585234017190342,-2.5131202942978916,-0.25305610827856256,2.94133584990744,1.3294552194688085
10.3,0.03333333333333333,309,309,takeover,cartesian_freedrive,1.0,0.06066659343969487,0.30551520133925214,0.2676275051616959,-0.005852853099316113,-2.513120348652896,-0.25305673115738786,2.941336117806889,1.3294561559114404
10.333333333333334,0.03333333333333333,310,310,takeover,cartesian_freedrive,1.0,0.05999983972731238,0.30551590153592184,0.26762769445989293,-0.005853339746240784,-2.5131204001966077,-0.25305732146461607,2.941336368261662,1.3294570442586204
10.366666666666667,0.03333333333333333,311,311,takeover,cartesian_freedrive,1.0,0.05933308601488379,0.30551656608269506,0.2676278710603096,-0.00585380088118373,-2.5131204491386265,-0.2530578804624781,2.9413366022654124,1.329457887825663
10.4,0.03333333333333333,312,312,takeover,cartesian_freedrive,1.0,0.05866633230242528,0.3055171972384117,0.2676280357000939,-0.00585423829815494,-2.5131204952400643,-0.2530584101708945,2.9413368206195196,1.3294586895790863
10.433333333333334,0.03333333333333333,313,313,takeover,cartesian_freedrive,1.0,0.0579995568531958,0.3055177963284442,0.26762819118372877,-0.005854650789578002,-2.5131205410325057,-0.25305890945331355,2.941337025440219,1.3294594518355114
10.466666666666667,0.03333333333333333,314,314,takeover,cartesian_freedrive,1.0,0.05733278137830732,0.30551836513949077,0.2676283368462347,-0.005855040900322645,-2.5131205849506233,-0.2530593812858953,2.9413372176189636,1.3294601764632532
10.5,0.03333333333333333,315,315,takeover,cartesian_freedrive,1.0,0.056666005903358886,0.3055189055295353,0.26762847328866224,-0.00585541000681445,-2.5131206268113617,-0.2530598274731585,2.941337397618554,1.3294608655594828
10.533333333333333,0.03333333333333333,316,316,takeover,cartesian_freedrive,1.0,0.05599923042838072,0.3055194191831547,0.26762860084244494,-0.005855760046455208,-2.513120666277138,-0.25306025009308303,2.9413375657838348,1.3294615212897196
10.566666666666666,0.03333333333333333,317,317,takeover,cartesian_freedrive,1.0,0.055332446582949474,0.3055199081706055,0.26762871979092645,-0.005856092299591841,-2.5131207028308524,-0.2530606516582715,2.941337722477915,1.3294621449619983
10.6,0.03333333333333333,318,318,takeover,cartesian_freedrive,1.0,0.05466566272762033,0.3055203737742786,0.26762883101029705,-0.005856407815494146,-2.51312073683979,-0.2530610327046014,2.941337868199493,1.3294627391547644
10.633333333333333,0.03333333333333333,319,319,takeover,cartesian_freedrive,1.0,0.053998878872250154,0.30552081746791887,0.267628935002428,-0.005856707607310044,-2.5131207683452645,-0.2530613943817252,2.9413380035270453,1.3294633058462826
10.666666666666666,0.03333333333333333,320,320,takeover,cartesian_freedrive,1.0,0.05333209501685063,0.30552124065855013,0.26762903220248074,-0.005856992709067243,-2.5131207973709415,-0.25306173792423775,2.9413381289869607,1.3294638468228535
10.7,0.03333333333333333,321,321,takeover,cartesian_freedrive,1.0,0.052665295112967525,0.30552164397640447,0.26762912358328544,-0.005857263406663962,-2.5131208247038863,-0.25306206169449447,2.941338245473073,1.3294643657241099
10.733333333333333,0.03333333333333333,322,322,takeover,cartesian_freedrive,1.0,0.05199849519013311,0.3055220293945452,0.26762920907230886,-0.005857520596772144,-2.5131208498934487,-0.25306236871572174,2.9413383533588378,1.3294648625484824
10.766666666666667,0.03333333333333333,323,323,takeover,cartesian_freedrive,1.0,0.05133169526724721,0.30552239804950626,0.26762928905688205,-0.005857765172254505,-2.513120872992016,-0.2530626603084272,2.9413384530295534,1.3294653383758428
10.8,0.03333333333333333,324,324,takeover,cartesian_freedrive,1.0,0.0506648953443321,0.30552275092947273,0.267629363816487,-0.005857998167401951,-2.513120893987176,-0.25306293764889076,2.9413385448679796,1.329465794433677
10.833333333333334,0.03333333333333333,325,325,takeover,cartesian_freedrive,1.0,0.04999808266974304,0.3055230887541452,0.2676294351939222,-0.0058582180837158365,-2.513120914873974,-0.25306320038769015,2.9413386302265176,1.3294662306059148
10.866666666666667,0.03333333333333333,326,326,takeover,cartesian_freedrive,1.0,0.049331269980089576,0.30552341174406333,0.2676295023335966,-0.005858427079672293,-2.5131209344859804,-0.25306344975434164,2.9413387096202253,1.3294666482905984
10.9,0.03333333333333333,327,327,takeover,cartesian_freedrive,1.0,0.04866445729038911,0.3055237207997956,0.2676295654077403,-0.005858625951151545,-2.5131209527340985,-0.2530636866913984,2.9413387832161684,1.3294670485674034
10.933333333333334,0.03333333333333333,328,328,takeover,cartesian_freedrive,1.0,0.04799764460065939,0.30552401678779795,0.2676296246365921,-0.005858815337805259,-2.5131209696050836,-0.25306391198615946,2.9413388512185463,1.3294674324897118
10.966666666666667,0.03333333333333333,329,329,takeover,cartesian_freedrive,1.0,0.04733082571848826,0.3055243017208629,0.2676296762840674,-0.005859000976597616,-2.513120979902527,-0.2530641317098663,2.9413389118921316,1.3294678016645078
11.0,0.03333333333333333,330,330,takeover,cartesian_freedrive,1.0,0.04666400682898987,0.305524577042071,0.26762972366604487,-0.005859180784840886,-2.5131209869985165,-0.2530643440718348,2.9413389649776356,1.3294681581541918
11.033333333333333,0.03333333333333333,331,331,takeover,cartesian_freedrive,1.0,0.04599718794061937,0.3055248434558688,0.267629767453004,-0.005859354661715605,-2.5131209914546684,-0.25306454941988366,2.941339010363999,1.3294685039980696
11.066666666666666,0.03333333333333333,332,332,takeover,cartesian_freedrive,1.0,0.04533036905105641,0.3055251017843118,0.2676298079335536,-0.005859522472480226,-2.513120993694242,-0.253064746829238,2.9413390506805883,1.329468838663572
11.1,0.03333333333333333,333,333,takeover,cartesian_freedrive,1.0,0.04466351775505721,0.30552535108756285,0.26762984933006834,-0.0058596794047972535,-2.513120998941293,-0.2530649313414814,2.941339087513543,1.3294691633427969
11.133333333333333,0.03333333333333333,334,334,takeover,cartesian_freedrive,1.0,0.04399666642081873,0.3055255913698168,0.2676298889919872,-0.005859827904891844,-2.513121004252686,-0.2530651058401871,2.9413391218686455,1.3294694772128857
11.166666666666666,0.03333333333333333,335,335,takeover,cartesian_freedrive,1.0,0.04332981508650581,0.3055258228848699,0.2676299263735066,-0.005859969934679501,-2.5131210089197333,-0.2530652722581228,2.941339153340137,1.3294697804451905
11.2,0.03333333333333333,336,336,takeover,cartesian_freedrive,1.0,0.042662963752163774,0.30552604624895363,0.2676299619167772,-0.005860105088581785,-2.513121013213771,-0.2530654306612591,2.941339182092912,1.3294700733767515
11.233333333333333,0.03333333333333333,337,337,takeover,cartesian_freedrive,1.0,0.04199610822086024,0.30552626221933615,0.26762999356487827,-0.0058602369220321845,-2.513121014387248,-0.25306558454146955,2.941339207208772,1.329470356685905
11.266666666666667,0.03333333333333333,338,338,takeover,cartesian_freedrive,1.0,0.0413292526845806,0.3055264715887721,0.26763002270622466,-0.005860365114751282,-2.5131210138496165,-0.2530657336058388,2.9413392282926774,1.329470631566946
11.3,0.03333333333333333,339,339,takeover,cartesian_freedrive,1.0,0.04066239714826626,0.30552667499949965,0.2676300498303495,-0.0058604891663987645,-2.5131210120539498,-0.25306587756696564,2.9413392457864,1.3294708987978665
11.333333333333334,0.03333333333333333,340,340,takeover,cartesian_freedrive,1.0,0.039995541611922925,0.30552687284115104,0.26763007504898634,-0.005860609341146083,-2.513121009074267,-0.2530660166740139,2.9413392599823553,1.3294711589922028
11.366666666666667,0.03333333333333333,341,341,takeover,cartesian_freedrive,1.0,0.03932869497968939,0.3055270638863221,0.26763010028174733,-0.005860723957648069,-2.513121007596079,-0.2530661476776836,2.941339273117271,1.329471412956405
11.4,0.03333333333333333,342,342,takeover,cartesian_freedrive,1.0,0.03866184835792365,0.3055272489466814,0.26763012460171426,-0.005860833354846725,-2.5131210065018728,-0.25306627242258295,2.941339285403191,1.3294716597979097
11.433333333333334,0.03333333333333333,343,343,takeover,cartesian_freedrive,1.0,0.037995001736140954,0.3055274282242063,0.2676301475469603,-0.005860939028828847,-2.513121005215567,-0.25306639231663197,2.941339296350245,1.3294718997344441
11.466666666666667,0.03333333333333333,344,344,takeover,cartesian_freedrive,1.0,0.037328155114329145,0.3055276022463874,0.2676301694809459,-0.005861040374644605,-2.5131210039737035,-0.25306650720998547,2.94133930605209,1.3294721330022192
11.5,0.03333333333333333,345,345,takeover,cartesian_freedrive,1.0,0.03666125272493856,0.3055277733987642,0.26763018956757634,-0.005861138284608006,-2.513121001215616,-0.2530666204109884,2.941339311814463,1.329472359451083
11.533333333333333,0.03333333333333333,346,346,takeover,cartesian_freedrive,1.0,0.03599435026976849,0.305527940847988,0.2676302077913079,-0.005861234134866835,-2.513120996942328,-0.2530667309570716,2.941339314049516,1.3294725809335703
11.566666666666666,0.03333333333333333,347,347,takeover,cartesian_freedrive,1.0,0.03532744781449208,0.3055281050254488,0.2676302251588816,-0.00586132561700359,-2.513120992106768,-0.2530668370937665,2.9413393138898996,1.329472797689669
11.6,0.03333333333333333,348,348,takeover,cartesian_freedrive,1.0,0.034660545359186515,0.30552826555698576,0.26763024088702553,-0.005861415322448285,-2.513120985946503,-0.2530669404450869,2.941339311016458,1.3294730101919623
11.633333333333333,0.03333333333333333,349,349,takeover,cartesian_freedrive,1.0,0.03399364352000857,0.3055284218899552,0.2676302514660201,-0.005861508924042105,-2.513120974226862,-0.25306704500081467,2.941339306311992,1.329473219280781
11.666666666666666,0.03333333333333333,350,350,takeover,cartesian_freedrive,1.0,0.03332674168153064,0.3055285762125716,0.26763026078775465,-0.005861601963687563,-2.513120961005401,-0.2530671488121872,2.9413392990538845,1.3294734253099538
11.7,0.03333333333333333,351,351,takeover,cartesian_freedrive,1.0,0.03265983984302478,0.30552872871534764,0.26763026902878584,-0.005861694533472274,-2.513120946540649,-0.25306725170357774,2.9413392894836585,1.3294736289708593
11.733333333333333,0.03333333333333333,352,352,takeover,cartesian_freedrive,1.0,0.031992938004490004,0.3055288797049251,0.26763027639400266,-0.005861786361027605,-2.5131209310910134,-0.2530673535225461,2.9413392779341483,1.329473830627736
11.766666666666667,0.03333333333333333,353,353,takeover,cartesian_freedrive,1.0,0.031326001033097475,0.3055290284257777,0.26763029092313173,-0.0058618665027450325,-2.5131209249219224,-0.25306744329831915,2.9413392663999613,1.3294740308538646
11.8,0.03333333333333333,354,354,takeover,cartesian_freedrive,1.0,0.030659064020248122,0.30552917331825824,0.26763030646781505,-0.005861939472600769,-2.513120921402803,-0.25306752532652066,2.9413392570801067,1.329474227153227
11.833333333333334,0.03333333333333333,355,355,takeover,cartesian_freedrive,1.0,0.02999212700732013,0.3055293138673386,0.267630321974593,-0.005862007605084686,-2.5131209192378847,-0.2530676018541596,2.9413392491116372,1.3294744185173903
11.866666666666667,0.03333333333333333,356,356,takeover,cartesian_freedrive,1.0,0.02932518999436267,0.3055294500325156,0.26763033709559403,-0.005862072111690019,-2.513120917909862,-0.25306767407103853,2.941339241760909,1.3294746047058723
11.9,0.03333333333333333,357,357,takeover,cartesian_freedrive,1.0,0.028658255667339313,0.3055295820754235,0.2676303459647483,-0.005862142348121905,-2.5131209101062177,-0.2530677497879534,2.9413392333139026,1.3294747868528227
11.933333333333334,0.03333333333333333,358,358,takeover,cartesian_freedrive,1.0,0.027991321343457037,0.3055297123325463,0.2676303533902723,-0.005862213309733904,-2.5131209008201134,-0.25306782615364193,2.9413392225760364,1.3294749660521386
11.966666666666667,0.03333333333333333,359,359,takeover,cartesian_freedrive,1.0,0.027324387019549673,0.3055298411655228,0.2676303599326762,-0.005862284065234938,-2.5131208906618485,-0.2530679020972063,2.94133920999817,1.3294751432005636
12.0,0.03333333333333333,360,360,takeover,cartesian_freedrive,1.0,0.02665745269561326,0.305529968788539,0.2676303657399149,-0.005862354358662878,-2.513120879805033,-0.25306797732609176,2.9413391958978217,1.3294753187314285
12.033333333333333,0.03333333333333333,361,361,takeover,cartesian_freedrive,1.0,0.025990508015015533,0.3055300960129182,0.26763036989532235,-0.00586242513966668,-2.5131208668563807,-0.25306805374256436,2.941339179665576,1.3294754923479322
12.066666666666666,0.03333333333333333,362,362,takeover,cartesian_freedrive,1.0,0.025323563322178916,0.30553022274169606,0.2676303732911947,-0.005862495877229483,-2.513120852802854,-0.25306813011089363,2.941339161490366,1.3294756649724233
12.1,0.03333333333333333,363,363,takeover,cartesian_freedrive,1.0,0.024656618629298976,0.305530349004912,0.2676303759259237,-0.005862566948166999,-2.5131208377167944,-0.25306820653207696,2.941339141523277,1.3294758370115176
12.133333333333333,0.03333333333333333,364,364,takeover,cartesian_freedrive,1.0,0.023989673936390045,0.3055304751112241,0.26763037856788224,-0.005862636249575954,-2.5131208223812016,-0.2530682815914858,2.9413391206920423,1.3294760083011847
12.166666666666666,0.03333333333333333,365,365,takeover,cartesian_freedrive,1.0,0.023322698510160774,0.30553060105328295,0.26763038110776083,-0.005862704797074812,-2.513120806722786,-0.25306835606175876,2.9413390980217473,1.3294761789787393
12.2,0.03333333333333333,366,366,takeover,cartesian_freedrive,1.0,0.02265572304766703,0.3055307266908749,0.2676303833067959,-0.005862772566646009,-2.513120790521393,-0.2530684297475677,2.9413390741188508,1.3294763491169483
12.233333333333333,0.03333333333333333,367,367,takeover,cartesian_freedrive,1.0,0.021988747585101474,0.30553085194619606,0.26763038519054594,-0.005862839602433009,-2.513120773828436,-0.2530685026469351,2.9413390492203075,1.3294765186857227
12.266666666666667,0.03333333333333333,368,368,takeover,cartesian_freedrive,1.0,0.021321772122506792,0.30553097679901725,0.26763038696548247,-0.00586290543877951,-2.5131207568650504,-0.2530685744326548,2.9413390236707024,1.329476687552595
12.3,0.03333333333333333,369,369,takeover,cartesian_freedrive,1.0,0.020654803571611088,0.3055310983676957,0.26763039447916886,-0.005862963837657474,-2.5131207477309347,-0.2530686363466569,2.941339000861425,1.3294768561409092
12.333333333333334,0.03333333333333333,370,370,takeover,cartesian_freedrive,1.0,0.01998783502883074,0.30553121662321436,0.26763040323242626,-0.005863017568436528,-2.513120741515814,-0.25306869285784894,2.9413389816241104,1.3294770217173777
12.366666666666667,0.03333333333333333,371,371,takeover,cartesian_freedrive,1.0,0.019320866486029972,0.3055313315485229,0.2676304128802659,-0.005863066572684749,-2.5131207376112954,-0.2530687446642622,2.9413389655527062,1.3294771831599943
12.4,0.03333333333333333,372,372,takeover,cartesian_freedrive,1.0,0.01865389794319959,0.30553144256461195,0.26763042206637616,-0.0058631149893718345,-2.513120734514141,-0.25306879451442726,2.9413389507108163,1.3294773408699825
12.433333333333334,0.03333333333333333,373,373,takeover,cartesian_freedrive,1.0,0.017986942962252297,0.3055315527176603,0.26763042164313455,-0.005863173684464302,-2.5131207199922843,-0.2530688553750154,2.9413389338819105,1.3294774946385566
12.466666666666667,0.03333333333333333,374,374,takeover,cartesian_freedrive,1.0,0.017319987997272128,0.30553166359977346,0.26763041896897377,-0.005863237682696462,-2.5131207019075195,-0.25306892172682555,2.9413389126918994,1.3294776481298025
12.5,0.03333333333333333,375,375,takeover,cartesian_freedrive,1.0,0.01665303303228239,0.3055317759473817,0.2676304153408345,-0.005863304410507998,-2.5131206817893332,-0.25306899103733094,2.9413388883012765,1.3294778028061178
12.533333333333333,0.03333333333333333,376,376,takeover,cartesian_freedrive,1.0,0.015986078067263765,0.30553188992322233,0.2676304109467947,-0.005863373482281128,-2.513120659997255,-0.25306906269826207,2.9413388613704528,1.3294779593373072
12.566666666666666,0.03333333333333333,377,377,takeover,cartesian_freedrive,1.0,0.01531907497398758,0.30553200470320957,0.2676304157235592,-0.005863430399815477,-2.5131206491243145,-0.25306912192611686,2.9413388345640956,1.3294781190280462
12.6,0.03333333333333333,378,378,takeover,cartesian_freedrive,1.0,0.014652071823931558,0.3055321182605957,0.2676304222711936,-0.005863480381864876,-2.5131206412644214,-0.2530691740858229,2.9413388107352136,1.329478278146557
12.633333333333333,0.03333333333333333,379,379,takeover,cartesian_freedrive,1.0,0.013985068673778727,0.3055322295960561,0.2676304290865425,-0.005863527079763559,-2.5131206347000186,-0.25306922238879326,2.941338788613143,1.329478435267498
12.666666666666666,0.03333333333333333,380,380,takeover,cartesian_freedrive,1.0,0.013318065523596333,0.30553233856822265,0.2676304355961351,-0.00586357246024153,-2.5131206287322296,-0.2530692686628278,2.941338767128534,1.3294785900494808
12.7,0.03333333333333333,381,381,takeover,cartesian_freedrive,1.0,0.012656170283711247,0.30553240342427274,0.2676304617725662,-0.00586358530657321,-2.513120652870382,-0.2530693326959304,2.941338818370073,1.3294786231360414
12.733333333333333,0.03333333333333333,382,382,takeover,cartesian_freedrive,1.0,0.011994281066119498,0.30553240485914107,0.2676305058835938,-0.00586358661575487,-2.5131207045562824,-0.25306937939792007,2.941338925030175,1.3294785778908738
12.766666666666667,0.03333333333333333,383,383,takeover,cartesian_freedrive,1.0,0.011332391855586548,0.30553235111062954,0.26763056246776123,-0.0058635740122091,-2.513120777778196,-0.2530694067996112,2.941339077691788,1.329478464809391
12.8,0.03333333333333333,384,384,takeover,cartesian_freedrive,1.0,0.010670502645025049,0.30553224798364104,0.26763062929580467,-0.005863545774275257,-2.5131208695123783,-0.25306941161365504,2.9413392662607163,1.329478293608233
12.833333333333334,0.03333333333333333,385,385,takeover,cartesian_freedrive,1.0,0.010288917686014903,0.305532043156929,0.26763072473418975,-0.0058634576818228645,-2.5131210058250084,-0.2530695080001772,2.941339606353367,1.3294777895039067
12.866666666666667,0.03333333333333333,386,386,takeover,cartesian_freedrive,1.0,0.009907663210860344,0.30553168359950367,0.26763085533100334,-0.005863354067141249,-2.513121193501382,-0.2530695812742283,2.941340062512709,1.3294770815801726
12.9,0.03333333333333333,387,387,takeover,cartesian_freedrive,1.0,0.009526409125318505,0.30553118757466124,0.2676310150094883,-0.005863221904926555,-2.513121425752656,-0.2530696083349412,2.941340613182963,1.3294762087728587
12.933333333333334,0.03333333333333333,388,388,takeover,cartesian_freedrive,1.0,0.009145155037478753,0.3055305723765208,0.26763119651563894,-0.0058630543276488025,-2.51312169449997,-0.25306958182522143,2.941341240242932,1.3294751927416018
12.966666666666667,0.03333333333333333,389,389,takeover,cartesian_freedrive,1.0,0.009003820929891748,0.3055299483272384,0.267631367588543,-0.005862895378180305,-2.513121950695142,-0.2530693958145858,2.9413417500928607,1.3294743798899302
13.0,0.03333333333333333,390,390,takeover,cartesian_freedrive,1.0,0.00886276969504235,0.30552937901297594,0.2676315091115904,-0.005862703665856761,-2.5131221736261424,-0.25306916972840704,2.9413421709344707,1.3294736531343758
13.033333333333333,0.03333333333333333,391,391,takeover,cartesian_freedrive,1.0,0.00872171879098899,0.30552885603986923,0.2676316222792968,-0.005862494119710632,-2.513122364594165,-0.2530689288156905,2.941342518757792,1.3294729806979617
13.066666666666666,0.03333333333333333,392,392,takeover,cartesian_freedrive,1.0,0.008580667887336907,0.3055283699619938,0.2676317115380415,-0.005862275986369357,-2.513122527997098,-0.2530686835898348,2.9413428037192846,1.3294723503238286
13.1,0.03333333333333333,393,393,takeover,cartesian_freedrive,1.0,0.008528526206299613,0.30552791651978695,0.267631761290116,-0.005862084005370425,-2.5131226442779853,-0.25306844075513824,2.9413430237632863,1.3294717893335644
13.133333333333333,0.03333333333333333,394,394,takeover,cartesian_freedrive,1.0,0.008476489350880986,0.30552750515011184,0.26763178872158233,-0.005861902200949243,-2.513122731695618,-0.2530682112836687,2.941343185620987,1.3294712782764768
13.166666666666666,0.03333333333333333,395,395,takeover,cartesian_freedrive,1.0,0.008424452619063508,0.30552713170440815,0.2676317995471324,-0.005861729273068285,-2.5131227966445406,-0.25306799545403047,2.9413433003843603,1.3294708104847128
13.2,0.03333333333333333,396,396,takeover,cartesian_freedrive,1.0,0.008372415887399454,0.30552679176036174,0.267631797882821,-0.005861564153705091,-2.5131228438057356,-0.2530677920878786,2.9413433779808282,1.3294703808723833
13.233333333333333,0.03333333333333333,397,397,takeover,cartesian_freedrive,1.0,0.008352930513162923,0.30552647073230393,0.26763179358587347,-0.0058614040167252555,-2.513122886686395,-0.2530675611146112,2.9413434272398757,1.3294700198835403
13.266666666666667,0.03333333333333333,398,398,takeover,cartesian_freedrive,1.0,0.00833348351756753,0.30552617892599354,0.26763178290617823,-0.005861242418070476,-2.5131229211820085,-0.25306732967004564,2.9413434552295246,1.3294696985129903
13.3,0.03333333333333333,399,399,takeover,cartesian_freedrive,1.0,0.008314036567225671,0.305525912352828,0.26763176639398756,-0.005861083714689332,-2.513122947802377,-0.25306710434198754,2.9413434654851813,1.329469407901206
13.333333333333334,0.03333333333333333,400,400,takeover,cartesian_freedrive,1.0,0.008294589616941394,0.30552566746036186,0.2676317453324799,-0.005860930010888853,-2.51312296788701,-0.25306688708823694,2.941343461463954,1.3294691431952648
13.366666666666667,0.03333333333333333,401,401,takeover,cartesian_freedrive,1.0,0.008288132507061573,0.3046181157326381,0.26663679799188855,-0.005003911381662256,-2.513102537657491,-0.2520778854325303,2.940561946985501,1.3282874162188125
13.4,0.03333333333333333,402,402,takeover,cartesian_freedrive,1.0,0.008281698990053477,0.3036732245826152,0.265623602705284,-0.00411771353415284,-2.5130759974486856,-0.25104819502538167,2.9397530674850794,1.327054436175778
13.433333333333334,0.03333333333333333,403,403,takeover,cartesian_freedrive,1.0,0.008275265576908483,0.30273173988320173,0.2646116023798059,-0.0032341942023206404,-2.513047840219361,-0.25001495899040166,2.938943729270692,1.3258197577304625
13.466666666666667,0.03333333333333333,404,404,takeover,cartesian_freedrive,1.0,0.008268832694090351,0.3017937726646113,0.2636008614239972,-0.0023534913534615687,-2.5130180631387513,-0.2489782972831015,2.9381339310265417,1.3245835138441484
13.5,0.03333333333333333,405,405,takeover,cartesian_freedrive,1.0,0.008267607952399026,0.30073055784033154,0.2624334736896797,-0.0013513962986325778,-2.512987157024665,-0.24779122965126094,2.937194884265576,1.3231724158198472
13.533333333333333,0.03333333333333333,406,406,takeover,cartesian_freedrive,1.0,0.008266390214991724,0.29967179618007644,0.2612665111531734,-0.000352676318306458,-2.5129544568245783,-0.2465993484586438,2.9362544108253323,1.321759025281524
13.566666666666666,0.03333333333333333,407,407,takeover,cartesian_freedrive,1.0,0.008265172641067318,0.2986177294353562,0.26010118229953405,0.0006422298849492774,-2.5129195862298905,-0.24540308983147116,2.9353133862298955,1.3203436295549056
13.6,0.03333333333333333,408,408,takeover,cartesian_freedrive,1.0,0.008263955120793299,0.29756845236449275,0.2589374927930205,0.0016331899639791861,-2.512882552592395,-0.24420249801689406,2.9343718433182278,1.3189262564503086
13.633333333333333,0.03333333333333333,409,409,takeover,cartesian_freedrive,1.0,0.0082645358616349,0.29653610571717903,0.25776709933169656,0.0026126761851074662,-2.5128494900864013,-0.24300812558064055,2.933421120899145,1.3175215858924345
13.666666666666666,0.03333333333333333,410,410,takeover,cartesian_freedrive,1.0,0.008265118535736554,0.29550771232298023,0.25659789011520545,0.003588815309077253,-2.512814158271938,-0.24180866691685307,2.932469328113486,1.3161138139139616
13.7,0.03333333333333333,411,411,takeover,cartesian_freedrive,1.0,0.008265700821493423,0.2944841788235137,0.2554302861010572,0.004560902179392259,-2.5127766314026325,-0.24060501354528674,2.9315170759796656,1.3147040969548136
13.733333333333333,0.03333333333333333,412,412,takeover,cartesian_freedrive,1.0,0.008266283564933908,0.2934655636327776,0.2542643171991714,0.005528818352410343,-2.51273691662135,-0.23939735271192192,2.9305641956225985,1.3132926692385918
13.766666666666667,0.03333333333333333,413,413,takeover,cartesian_freedrive,1.0,0.00826752813354058,0.29246334627327675,0.2530919670047346,0.006485399064396229,-2.5127009811036958,-0.2381959811830488,2.9296021746217504,1.3118936096193983
13.8,0.03333333333333333,414,414,takeover,cartesian_freedrive,1.0,0.008268773317115514,0.29146641931947975,0.2519211989839517,0.0074375324700024685,-2.512662935198667,-0.2369909998747426,2.928639682127581,1.3104932734131607
13.833333333333334,0.03333333333333333,415,415,takeover,cartesian_freedrive,1.0,0.008270018428455537,0.2904745453914881,0.25075204401336787,0.008385326603958519,-2.5126226906294553,-0.23578218776801843,2.9276766760132102,1.3090913074669368
13.866666666666667,0.03333333333333333,416,416,takeover,cartesian_freedrive,1.0,0.0082712642171663,0.28948887649406463,0.24958494883043641,0.009327955633455664,-2.512580381036273,-0.2345709335486484,2.926713603963247,1.307689548164982
13.9,0.03333333333333333,417,417,takeover,cartesian_freedrive,1.0,0.00827275130972661,0.2885184806421524,0.24841107347662642,0.010259921074236024,-2.5125416714448536,-0.23336528398232945,2.9257409082613766,1.306298945809495
13.933333333333334,0.03333333333333333,418,418,takeover,cartesian_freedrive,1.0,0.00827423849105943,0.28755350045628475,0.2472387571689314,0.011187216151369674,-2.5125008371649735,-0.23215628389559959,2.9247677260268525,1.3049072272591111
13.966666666666667,0.03333333333333333,419,419,takeover,cartesian_freedrive,1.0,0.00827572635780083,0.2865935872694244,0.2460680558706093,0.012110084707749257,-2.5124577612071923,-0.23094384766334228,2.9237938207028042,1.303514213531117
14.0,0.03333333333333333,420,420,takeover,cartesian_freedrive,1.0,0.008277213488447413,0.2856388781742907,0.24489894002697588,0.013028383102911146,-2.5124124569526836,-0.22972788287844295,2.9228195071674574,1.3021197212137414
14.033333333333333,0.03333333333333333,421,421,takeover,cartesian_freedrive,1.0,0.008278787519960036,0.28470056903235275,0.24372351618566768,0.013935078201157256,-2.512370882688177,-0.22851940736787282,2.92183598334611,1.3007386760171766
14.066666666666666,0.03333333333333333,422,422,takeover,cartesian_freedrive,1.0,0.008280361494281945,0.2837690481384497,0.24255011547006233,0.014836032989255062,-2.512327306649318,-0.227309228060337,2.9208526107480233,1.2993585244209362
14.1,0.03333333333333333,423,423,takeover,cartesian_freedrive,1.0,0.008281935171740713,0.28284151158922943,0.2413778564400497,0.01573323385512199,-2.5122813276315674,-0.22609457441549802,2.9198680745491483,1.297975462522076
14.133333333333333,0.03333333333333333,424,424,takeover,cartesian_freedrive,1.0,0.008283509089274534,0.2819192290346688,0.2402071768388614,0.016625702095068744,-2.5122331017433823,-0.22487675933296916,2.9188828837288976,1.2965912362261434
14.166666666666666,0.03333333333333333,425,425,takeover,cartesian_freedrive,1.0,0.008285111703053027,0.28101332454771444,0.23903020757066468,0.017506493425824034,-2.512188575753705,-0.22366695451147559,2.9178886091027745,1.2952208603820135
14.2,0.03333333333333333,426,426,takeover,cartesian_freedrive,1.0,0.008286713816578353,0.28011302104402813,0.23785478898196627,0.01838230377901575,-2.512141875194357,-0.22245444706808826,2.916893888663529,1.293849818265793
14.233333333333333,0.03333333333333333,427,427,takeover,cartesian_freedrive,1.0,0.008288316135880307,0.2792180865056983,0.2366809575358816,0.01925321568011149,-2.512092923258972,-0.2212390676332775,2.915898531885778,1.2924778443563198
14.266666666666667,0.03333333333333333,428,428,takeover,cartesian_freedrive,1.0,0.00828991842238103,0.2783284780107233,0.2355087052414198,0.02011927319014862,-2.5120416962005536,-0.22002086416163497,2.914902565616224,1.291104938984152
14.3,0.03333333333333333,429,429,takeover,cartesian_freedrive,1.0,0.008291527747029143,0.27745639401601463,0.23433067856487583,0.020972748095169073,-2.5119942672346967,-0.21881256377852132,2.9138981960216603,1.2897481350471618
14.333333333333334,0.03333333333333333,430,430,takeover,cartesian_freedrive,1.0,0.00829313672388345,0.2765888873567647,0.2331537346897891,0.021821833294540093,-2.511944541088141,-0.21760061793484187,2.9128927140928536,1.2883892079552244
14.366666666666667,0.03333333333333333,431,431,takeover,cartesian_freedrive,1.0,0.008294746045882387,0.2757266333926314,0.2319783537737759,0.022666059338913545,-2.51189251021266,-0.21638609389773003,2.9118864948635412,1.287029520218964
14.4,0.03333333333333333,432,432,takeover,cartesian_freedrive,1.0,0.00829635499191159,0.27486985314055956,0.23080453775064724,0.023505196359969505,-2.511838208344016,-0.21516901742258332,2.9108797363701586,1.2856690657908831
14.433333333333334,0.03333333333333333,433,433,takeover,cartesian_freedrive,1.0,0.008297962634220144,0.2740293141251379,0.2296244963584738,0.024332572432959585,-2.511787558800407,-0.2139610902559744,2.909863972515652,1.284323414860423
14.466666666666667,0.03333333333333333,434,434,takeover,cartesian_freedrive,1.0,0.008299569852636312,0.2731957965269692,0.22844650805863234,0.02515375150209184,-2.5117348224606144,-0.21275248893299725,2.908848365765381,1.282979402046053
14.5,0.03333333333333333,435,435,takeover,cartesian_freedrive,1.0,0.008301177024733231,0.2723665426667724,0.2272695940331656,0.0259706363355475,-2.5116796849106233,-0.21154029838891378,2.9078314937621967,1.281633078677252
14.533333333333333,0.03333333333333333,436,436,takeover,cartesian_freedrive,1.0,0.008302784654213862,0.2715425747288314,0.2260942348993692,0.026782537583253024,-2.511622211394522,-0.21032593126128085,2.90681382911794,1.2802862684534546
14.566666666666666,0.03333333333333333,437,437,takeover,cartesian_freedrive,1.0,0.008304386599160041,0.27073495575084416,0.22491266715741506,0.027582446506773203,-2.5115684234258078,-0.20912115151872146,2.905787434448294,1.2789545815800123
14.6,0.03333333333333333,438,438,takeover,cartesian_freedrive,1.0,0.008305989035204794,0.26993298273897665,0.22373265756309593,0.02837709462990417,-2.511512380283468,-0.20791476634709577,2.9047603025311894,1.2776230700498499
14.633333333333333,0.03333333333333333,439,439,takeover,cartesian_freedrive,1.0,0.008307590902332412,0.2691365990907076,0.2225541995390259,0.029166408578337227,-2.511454047345176,-0.20670638467817298,2.9037326448299576,1.2762911642601742
14.666666666666666,0.03333333333333333,440,440,takeover,cartesian_freedrive,1.0,0.00830919511570341,0.268346315415252,0.22137787432018707,0.029950268300019765,-2.511393347579945,-0.2054978406170758,2.902704381297877,1.2749612045089755
14.7,0.03333333333333333,441,441,takeover,cartesian_freedrive,1.0,0.009417786419901666,0.2675711463285049,0.22019484828949892,0.03072284750304038,-2.511336269351585,-0.20429795142790658,2.901666979653214,1.273644619864819
14.733333333333333,0.03333333333333333,442,442,takeover,cartesian_freedrive,1.0,0.010527768457892332,0.2668018148111656,0.21901334291555483,0.03148988346858037,-2.51127696002551,-0.20309661501511986,2.900629051035553,1.2723282162165934
14.766666666666667,0.03333333333333333,443,443,takeover,cartesian_freedrive,1.0,0.011637753118286888,0.26603797223663456,0.217833396772746,0.032251597663958784,-2.5112153329033515,-0.20189366363448882,2.8995904252602034,1.2710117268330896
14.8,0.03333333333333333,444,444,takeover,cartesian_freedrive,1.0,0.01274773761319764,0.2652796746847739,0.21665500380857947,0.03300791939233858,-2.5111513814891753,-0.2006891480493538,2.8985511541286053,1.2696951584969567
14.833333333333334,0.03333333333333333,445,445,takeover,cartesian_freedrive,1.0,0.01457179952728057,0.2645384810488441,0.2154710406520593,0.03375172096126145,-2.5110910979749477,-0.19949686765752372,2.8975037399556998,1.2683967780314058
14.866666666666667,0.03333333333333333,446,446,takeover,cartesian_freedrive,1.0,0.01639790937090526,0.26380197490207785,0.21428809054091696,0.03449067947372327,-2.511028501366927,-0.19830217773594044,2.896455012150437,1.2670971154292938
14.9,0.03333333333333333,447,447,takeover,cartesian_freedrive,1.0,0.018224027457323058,0.26307093047554597,0.21310666867171188,0.03522426828524447,-2.5109635672003034,-0.19710609933275475,2.895405640091948,1.2657974454363008
14.933333333333334,0.03333333333333333,448,448,takeover,cartesian_freedrive,1.0,0.02005014538618833,0.2623453764180377,0.21192679479086793,0.03595245616238251,-2.5108962897588563,-0.19590876263451068,2.894355613859815,1.264497890940864
14.966666666666667,0.03333333333333333,449,449,takeover,cartesian_freedrive,1.0,0.020730457157021674,0.26163693265985205,0.21074142430189238,0.036667994604035,-2.5108326783496917,-0.19472429471844782,2.8932974824688995,1.263217109467828
15.0,0.03333333333333333,450,450,takeover,cartesian_freedrive,1.0,0.0214081115585733,0.2609330727761424,0.20955702580188335,0.037378740962140194,-2.5107667384258665,-0.1935376167816761,2.8922381443165013,1.2619350847228
15.033333333333333,0.03333333333333333,451,451,takeover,cartesian_freedrive,1.0,0.02208576300779879,0.2602346741464795,0.2083741642732292,0.038084026981019675,-2.5106984541599404,-0.19234991745523392,2.8911780360556407,1.2606533461760165
15.066666666666666,0.03333333333333333,452,452,takeover,cartesian_freedrive,1.0,0.02276341462353834,0.25954171032083195,0.2071928574168635,0.03878389912164804,-2.510627807590446,-0.1911613192601469,2.8901171660090332,1.2593719957832574
15.1,0.03333333333333333,453,453,takeover,cartesian_freedrive,1.0,0.023016526010599322,0.25886435755216086,0.20600549057906814,0.03947208876020222,-2.510560778022227,-0.18998445494259975,2.889047746082009,1.2581073919968107
15.133333333333333,0.03333333333333333,454,454,takeover,cartesian_freedrive,1.0,0.023269136987654582,0.25819275451936363,0.20481967966816028,0.04015462993928495,-2.510491465876486,-0.18880722257686827,2.8879776308069047,1.2568437842811373
15.166666666666666,0.03333333333333333,455,455,takeover,cartesian_freedrive,1.0,0.023521747505930335,0.25752773498708087,0.20363603714831632,0.040830972905649986,-2.510419806616579,-0.18763088134794986,2.8869074174580187,1.255582756687912
15.2,0.03333333333333333,456,456,takeover,cartesian_freedrive,1.0,0.023774357598187558,0.25686704899093965,0.20245334416583716,0.041502519983061634,-2.510345766913887,-0.18645236888321534,2.885835938491259,1.2543202468074208
15.233333333333333,0.03333333333333333,457,457,takeover,cartesian_freedrive,1.0,0.02386976134012466,0.25622172100421203,0.2012646229954791,0.04216254734736127,-2.5102753284250885,-0.18528613064174065,2.884755771607576,1.2530751026632767
15.266666666666667,0.03333333333333333,458,458,takeover,cartesian_freedrive,1.0,0.023964979544358736,0.2555821035018008,0.20007745575611044,0.04281689650044678,-2.510202597899483,-0.18411979799023118,2.8836749746341024,1.251831109555966
15.3,0.03333333333333333,459,459,takeover,cartesian_freedrive,1.0,0.024060197529685128,0.25494789033357074,0.1988918427225551,0.04346573627505833,-2.510127499199979,-0.1829530890319771,2.882593445174808,1.2505878417348024
15.333333333333334,0.03333333333333333,460,460,takeover,cartesian_freedrive,1.0,0.024155415515342567,0.2543202360735851,0.19770842425215962,0.04410832937025642,-2.510050028729997,-0.18178765893754395,2.881511841480917,1.2493474161209424
15.366666666666667,0.03333333333333333,461,461,takeover,cartesian_freedrive,1.0,0.02419251874601066,0.25370660633696096,0.19651840895597808,0.04474026093873002,-2.5099761455312,-0.18063346824957113,2.880421078588571,1.2481227442523224
15.4,0.03333333333333333,462,462,takeover,cartesian_freedrive,1.0,0.024229553385641436,0.25309861432195707,0.19532993518659753,0.045366504568353005,-2.509899963957343,-0.17947944624442008,2.8793296288013215,1.2468993777677249
15.433333333333334,0.03333333333333333,463,463,takeover,cartesian_freedrive,1.0,0.024266587944476545,0.252495966749845,0.1941430174734768,0.04598723451276879,-2.509821407513583,-0.17832533882882903,2.878237436405219,1.245676924929117
15.466666666666667,0.03333333333333333,464,464,takeover,cartesian_freedrive,1.0,0.024303622503002293,0.2518986482920386,0.1929576559651442,0.04660244679234654,-2.509740473761824,-0.17717120738227232,2.8771444951102367,1.244455421803297
15.5,0.03333333333333333,465,465,takeover,cartesian_freedrive,1.0,0.02431899729080022,0.25131738620632793,0.191767032651035,0.047205742649006094,-2.509663105060499,-0.1760319834045408,2.8760437374792556,1.243254212422516
15.533333333333333,0.03333333333333333,466,466,takeover,cartesian_freedrive,1.0,0.024334346308661572,0.25074060831406986,0.19057732900494778,0.04780403278765488,-2.509583448389494,-0.1748916716832757,2.8749417024694153,1.2420524771294859
15.566666666666666,0.03333333333333333,467,467,takeover,cartesian_freedrive,1.0,0.024349695296187475,0.2501690622660513,0.1893891618649321,0.04839684408506037,-2.5095014121789028,-0.17375149996643113,2.8738388938449324,1.2408517630085834
15.6,0.03333333333333333,468,468,takeover,cartesian_freedrive,1.0,0.024365044283876522,0.24960276792390865,0.18820255392391597,0.0489841545509268,-2.509416993785369,-0.17261158306790664,2.8727353283418084,1.239652176743489
15.633333333333333,0.03333333333333333,469,469,takeover,cartesian_freedrive,1.0,0.024372291599153457,0.249052249009517,0.18701075774422066,0.049559757563861634,-2.509336122063275,-0.17148705749184748,2.871624041633413,1.2384732680576327
15.666666666666666,0.03333333333333333,470,470,takeover,cartesian_freedrive,1.0,0.024379529175982302,0.24850612308077538,0.18581985932174136,0.050130374032439605,-2.509252974263584,-0.1703616808002971,2.870511452428712,1.237293962966485
15.7,0.03333333333333333,471,471,takeover,cartesian_freedrive,1.0,0.024386766658450375,0.24796514369837033,0.18463049893543773,0.05069554053539286,-2.509167443499029,-0.1692367040886919,2.869398102879195,1.236115834814932
15.733333333333333,0.03333333333333333,472,472,takeover,cartesian_freedrive,1.0,0.024394004181145075,0.24742932084866712,0.18344270344774533,0.05125523679356862,-2.5090795270291038,-0.16811225631398977,2.8682839804336897,1.2349390135680876
15.766666666666667,0.03333333333333333,473,473,takeover,cartesian_freedrive,1.0,0.02439820612596804,0.2469089970059758,0.18224979733128482,0.051803456317119224,-2.508995138023717,-0.16700368530980192,2.8671622105643833,1.2337832802318813
15.8,0.03333333333333333,474,474,takeover,cartesian_freedrive,1.0,0.02440240429388714,0.24639295531738448,0.18105776592779915,0.052346725319087954,-2.508908486722056,-0.1658944809327574,2.866039126306364,1.2326272607516735
15.833333333333334,0.03333333333333333,475,475,takeover,cartesian_freedrive,1.0,0.024406602434016933,0.2458819547282377,0.17986727825635745,0.05288458678038271,-2.508819450719389,-0.16478594092311785,2.8649152619516443,1.2314725901668282
15.866666666666667,0.03333333333333333,476,476,takeover,cartesian_freedrive,1.0,0.024410800758608193,0.2453760144453636,0.1786783651795302,0.05341702561327153,-2.5087280266126566,-0.16367820839654135,2.863790581138281,1.2303194192598141
15.9,0.03333333333333333,477,477,takeover,cartesian_freedrive,1.0,0.024414710332338038,0.24488415810780695,0.17748364797671035,0.05393888571489466,-2.508640189091255,-0.16258504067329424,2.8626576967804676,1.2291854693058333
15.933333333333334,0.03333333333333333,478,478,takeover,cartesian_freedrive,1.0,0.024418619612241406,0.24439873046657754,0.17629129000821805,0.054454547663090436,-2.5085499407951053,-0.16149496672696947,2.861524790215517,1.2280559119284222
15.966666666666667,0.03333333333333333,479,479,takeover,cartesian_freedrive,1.0,0.024422528613006714,0.24391718116146496,0.17509976616386588,0.054965472348837294,-2.5084573848027043,-0.16040412792395697,2.860390525754997,1.2269256718100392
16.0,0.03333333333333333,480,480,takeover,cartesian_freedrive,1.0,0.02442643791648895,0.24344050132800862,0.17390979975228857,0.05547108421476294,-2.50836243931064,-0.15931429177141004,2.8592553809774333,1.2257970229582276
16.033333333333335,0.03333333333333333,481,481,takeover,cartesian_freedrive,1.0,0.0244284326256205,0.2429775175910816,0.17271407169539132,0.05596638705392064,-2.5082711005800586,-0.15823929613674695,2.858112164544106,1.2246876589474622
16.066666666666666,0.03333333333333333,482,482,takeover,cartesian_freedrive,1.0,0.02443042505620899,0.24251969626503542,0.17151995129571923,0.05645621872187232,-2.508177435246197,-0.1571658658791922,2.8569682526627775,1.2235805399096373
16.1,0.03333333333333333,483,483,takeover,cartesian_freedrive,1.0,0.02443241754300555,0.2420678446128807,0.17032820887697778,0.05694013815607157,-2.5080812682616704,-0.1560954504298467,2.855824254390509,1.222477493106899
16.133333333333333,0.03333333333333333,484,484,takeover,cartesian_freedrive,1.0,0.024434409862223852,0.24161973897612474,0.1691372798200699,0.057419378051969706,-2.507982817059834,-0.1550245291167243,2.8546788649752437,1.22137390707097
16.166666666666668,0.03333333333333333,485,485,takeover,cartesian_freedrive,1.0,0.0244365317101318,0.24118493684061829,0.1679406142652064,0.057888636023399234,-2.5078879718706606,-0.15396882294848613,2.8535253430197534,1.2202899695891085
16.2,0.03333333333333333,486,486,takeover,cartesian_freedrive,1.0,0.024438653594738905,0.24075518649800862,0.1667455652799835,0.05835249921169617,-2.5077907992486668,-0.1529148981588636,2.852371160386714,1.219208399280058
16.233333333333334,0.03333333333333333,487,487,takeover,cartesian_freedrive,1.0,0.024440775382275,0.2403312929824479,0.16555293540758725,0.05881055666841153,-2.5076911019090145,-0.15186423696716203,2.851216955717436,1.2181310625060668
16.266666666666666,0.03333333333333333,488,488,takeover,cartesian_freedrive,1.0,0.02444289726669624,0.2399109805610872,0.16436109906787577,0.05926400804031405,-2.5075891439093354,-0.1508132733673546,2.8500612638698137,1.2170533144345586
16.3,0.03333333333333333,489,489,takeover,cartesian_freedrive,1.0,0.024445019327580954,0.23950364600054486,0.16316356453705153,0.059707771471638214,-2.507490800042425,-0.14977782697883166,2.8488975734973043,1.2159954311413543
16.333333333333332,0.03333333333333333,490,490,takeover,cartesian_freedrive,1.0,0.024447141277617556,0.23910121610022286,0.16196765899218532,0.060146249943745095,-2.507390127538065,-0.14874437320120262,2.8477332312632218,1.2149400431069255
16.366666666666667,0.03333333333333333,491,491,takeover,cartesian_freedrive,1.0,0.02444926322325739,0.23870336755576463,0.16077335571453316,0.06057962059984456,-2.507287067666817,-0.14771255620554646,2.846568131849809,1.213886641987757
16.4,0.03333333333333333,492,492,takeover,cartesian_freedrive,1.0,0.024451385219773997,0.2383111520200557,0.15958151906853724,0.061007352739805676,-2.5071814561049894,-0.14668430197886093,2.845402956852312,1.2128376908775744
16.433333333333334,0.03333333333333333,493,493,takeover,cartesian_freedrive,1.0,0.02445345969531823,0.23793054318485485,0.15838322454633194,0.06142621369906918,-2.5070796207464703,-0.1456701065051314,2.844229212444689,1.2118065642790619
16.466666666666665,0.03333333333333333,494,494,takeover,cartesian_freedrive,1.0,0.02445553405565352,0.2375546277274211,0.15718654302100657,0.0618399439231852,-2.506975459996968,-0.14465804200027504,2.8430547737072582,1.210777976874986
16.5,0.03333333333333333,495,495,takeover,cartesian_freedrive,1.0,0.024457608413280617,0.23718313387520834,0.15599147210208375,0.06224869199333007,-2.5068689125896793,-0.14364780017135606,2.841879581039779,1.209751480958544
16.533333333333335,0.03333333333333333,496,496,takeover,cartesian_freedrive,1.0,0.024459683085341813,0.23681604519141453,0.15479802149404287,0.0626524429731326,-2.506759984342099,-0.14263946086521187,2.840703541290581,1.2087271627885212
16.566666666666666,0.03333333333333333,497,497,takeover,cartesian_freedrive,1.0,0.024461692210236807,0.23646231738920942,0.15359989153080605,0.0630466072148521,-2.5066544922179337,-0.14164918037853344,2.839520424819414,1.2077257067533032
16.6,0.03333333333333333,498,498,takeover,cartesian_freedrive,1.0,0.024463701224288703,0.23611212059318887,0.15240255100411573,0.0634362583629626,-2.506546851353082,-0.14065943220204705,2.8383359548056917,1.2067245921333938
16.633333333333333,0.03333333333333333,499,499,takeover,cartesian_freedrive,1.0,0.024465710185697064,0.2357661585805148,0.15120679736041326,0.06382105868981484,-2.506436835187258,-0.13967160111971785,2.837150722097055,1.2057255648131988
16.666666666666668,0.03333333333333333,500,500,takeover,cartesian_freedrive,1.0,0.02446771929414672,0.23542442785699563,0.15001266788950962,0.06420102160892333,-2.50632443646222,-0.13868581888781661,2.835964692283646,1.204728770304229
16.7,0.03333333333333333,501,501,takeover,cartesian_freedrive,1.0,0.0244696559283065,0.235095706267135,0.14881394887333074,0.06457172961011663,-2.506215463826469,-0.13771838769835326,2.834771690299115,1.2037550951909313
16.733333333333334,0.03333333333333333,502,502,takeover,cartesian_freedrive,1.0,0.024471592155073454,0.23477034066675437,0.14761598375280205,0.06493805394356386,-2.5061043674510683,-0.13675156757252202,2.8335774058803804,1.202781735270957
16.766666666666666,0.03333333333333333,503,503,takeover,cartesian_freedrive,1.0,0.024473528638403137,0.2344490566943418,0.1464196215186919,0.06529965998475205,-2.5059909001573053,-0.13578685702731144,2.8323822871224245,1.2018106019245465
16.8,0.03333333333333333,504,504,takeover,cartesian_freedrive,1.0,0.024475464860727252,0.23413184447150742,0.14522488278276402,0.06565655325344637,-2.5058750561238887,-0.13482429083441141,2.831186490621673,1.2008416994445468
16.833333333333332,0.03333333333333333,505,505,takeover,cartesian_freedrive,1.0,0.024477326488652494,0.23382724360322904,0.14402566892030316,0.06600457400929127,-2.5057626213455615,-0.13388045234638785,2.829983601600469,1.1998963189871383
16.866666666666667,0.03333333333333333,506,506,takeover,cartesian_freedrive,1.0,0.02447918733959815,0.2335258311790779,0.14282716713759622,0.06634835219993652,-2.5056480887307875,-0.13293727025652072,2.828779539348009,1.19895118653426
16.9,0.03333333333333333,507,507,takeover,cartesian_freedrive,1.0,0.02448104856331646,0.23322832613284591,0.14163028140191264,0.06668754482231048,-2.5055311914170724,-0.1319963546960325,2.827574602834658,1.1980083829247532
16.933333333333334,0.03333333333333333,508,508,takeover,cartesian_freedrive,1.0,0.024482909705542656,0.23293472705957,0.1404350342217062,0.06702216680314059,-2.505411922361259,-0.13105774155567387,2.8263689499180082,1.197067914336856
16.966666666666665,0.03333333333333333,509,509,takeover,cartesian_freedrive,1.0,0.024484694247626955,0.23265228662873524,0.1392343593069669,0.06734876891321512,-2.505296319019069,-0.13013596902827523,2.825155735753593,1.1961484056637484
17.0,0.03333333333333333,510,510,takeover,cartesian_freedrive,1.0,0.02448647836667723,0.23237496520982104,0.13803639256677724,0.06767035792105966,-2.5051781131043125,-0.1292189774739097,2.823942734440411,1.1952343992616707
17.033333333333335,0.03333333333333333,511,511,takeover,cartesian_freedrive,1.0,0.024488262430245704,0.23210040832809112,0.1368390872794194,0.06798793132051915,-2.505057800387146,-0.12830243104421785,2.822728304283065,1.1943202474544121
17.066666666666666,0.03333333333333333,512,512,takeover,cartesian_freedrive,1.0,0.024490046482193176,0.23182955411709993,0.13564339444829576,0.06830110237195292,-2.5049351297929348,-0.1273882373931483,2.82151312297107,1.1934083982180415
17.1,0.03333333333333333,513,513,takeover,cartesian_freedrive,1.0,0.024491753130441295,0.23156946258030714,0.13444231819275806,0.06860663969076357,-2.504816134908122,-0.1264910465293225,2.82029046432218,1.1925176343039285
17.133333333333333,0.03333333333333333,514,514,takeover,cartesian_freedrive,1.0,0.024493459571103923,0.2313132588765502,0.13324294863133487,0.06890775610174223,-2.5046948192156346,-0.12559676243022372,2.8190672202142433,1.191629864236265
17.166666666666668,0.03333333333333333,515,515,takeover,cartesian_freedrive,1.0,0.02449516599844309,0.23106168956926534,0.13204631075684437,0.06920417800703765,-2.5045708308660943,-0.1247070379898541,2.8178440313106035,1.1907471942621715
17.2,0.03333333333333333,516,516,takeover,cartesian_freedrive,1.0,0.02449687241409493,0.23081269404888907,0.13085030222203145,0.06949672743952692,-2.504444774141295,-0.12381786268041654,2.8166193937328536,1.1898644024687806
17.233333333333334,0.03333333333333333,517,517,takeover,cartesian_freedrive,1.0,0.024498500790415156,0.2305740316034419,0.12964891334821746,0.06978204494534829,-2.5043224174894476,-0.12294573433975584,2.815387358641996,1.1890026825676931
17.266666666666666,0.03333333333333333,518,518,takeover,cartesian_freedrive,1.0,0.024500129015046272,0.23033908022704172,0.12844924703018393,0.07006309990859863,-2.504197745238064,-0.12207661913840595,2.8141547267343823,1.1881440173813755
17.3,0.03333333333333333,519,519,takeover,cartesian_freedrive,1.0,0.02450175723976445,0.23010756413564942,0.12725125659552317,0.07034002225197723,-2.5040707129473994,-0.12121011397722621,2.812921392516202,1.1872878438613361
17.333333333333332,0.03333333333333333,520,520,takeover,cartesian_freedrive,1.0,0.02450338546605859,0.22988044120669676,0.12605605734077055,0.07061248559435397,-2.5039409812800555,-0.12034830639201755,2.8116881276285643,1.1864368503552045
17.366666666666667,0.03333333333333333,521,521,takeover,cartesian_freedrive,1.0,0.024504935088747973,0.22966234013560383,0.124854480917689,0.07087842684765638,-2.5038152806478817,-0.11950170531905328,2.8104468610411923,1.185604488450056
17.4,0.03333333333333333,522,522,takeover,cartesian_freedrive,1.0,0.02450648458965054,0.229447722033059,0.12365460112605325,0.07114030232065086,-2.5036872788225777,-0.11865812754047497,2.809204965668384,1.1847751220203426
17.433333333333334,0.03333333333333333,523,523,takeover,cartesian_freedrive,1.0,0.024508034087570907,0.2292363648644751,0.12245640699146028,0.07139820919649235,-2.5035569229181,-0.11781723146339773,2.8079623788422094,1.1839482698581143
17.466666666666665,0.03333333333333333,524,524,takeover,cartesian_freedrive,1.0,0.02450958358852316,0.22902823137947015,0.12125989808942698,0.07165217684439736,-2.503424214848677,-0.116979029849585,2.806719100670914,1.1831239267982518
17.5,0.03333333333333333,525,525,takeover,cartesian_freedrive,1.0,0.024511054032224276,0.2288306817414133,0.1200593092934934,0.07189933796678559,-2.503294849439601,-0.11616024065458488,2.805469432221812,1.1823236371173051
17.533333333333335,0.03333333333333333,526,526,takeover,cartesian_freedrive,1.0,0.024512524322705474,0.228635519704943,0.1188593416353126,0.07214291279801746,-2.5031635325086814,-0.11534257318394202,2.8042184342094894,1.1815238115501985
17.566666666666666,0.03333333333333333,527,527,takeover,cartesian_freedrive,1.0,0.02451399461583522,0.22844340959085827,0.11766102643632276,0.07238269772497417,-2.5030298821676413,-0.11452756286783729,2.8029667265773037,1.1807264043037684
17.6,0.03333333333333333,528,528,takeover,cartesian_freedrive,1.0,0.024515464896896225,0.22825434972238873,0.11646440506873115,0.07261871078482013,-2.502893885705202,-0.11371529670686722,2.8017143460714498,1.1799315105631045
17.633333333333333,0.03333333333333333,529,529,takeover,cartesian_freedrive,1.0,0.024516855619209514,0.2280745279877647,0.1152625847950436,0.07284862088917277,-2.502761620598317,-0.11292040791306905,2.800454906933855,1.1791579982229754
17.666666666666668,0.03333333333333333,530,530,takeover,cartesian_freedrive,1.0,0.024518246230052693,0.22789879670688593,0.11406374495795309,0.07307453688635905,-2.50262663948661,-0.11213083184795263,2.7991956882962925,1.1783903440277612
17.7,0.03333333333333333,531,531,takeover,cartesian_freedrive,1.0,0.024519636839463156,0.22772506149550714,0.11286543574011854,0.07329709268624228,-2.502489707435097,-0.11134199582507735,2.7979350227543205,1.1776225640327416
17.733333333333334,0.03333333333333333,532,532,takeover,cartesian_freedrive,1.0,0.024521027448094264,0.22755417245543746,0.11166878506074678,0.07351605263199185,-2.502350451908994,-0.11055586313797379,2.796673661326395,1.1768571911971226
17.766666666666666,0.03333333333333333,533,533,takeover,cartesian_freedrive,1.0,0.024522337995498057,0.22739213440408595,0.11046697497921268,0.0737293077563573,-2.5022149422336626,-0.10978712147742184,2.7954053532686163,1.1761132074791714
17.8,0.03333333333333333,534,534,takeover,cartesian_freedrive,1.0,0.024523648447644254,0.2272330712799836,0.10926694251569019,0.07393901791918302,-2.5020771304925042,-0.10902162994475022,2.79413646509779,1.1753723528332587
17.833333333333332,0.03333333333333333,535,535,takeover,cartesian_freedrive,1.0,0.02452495889806544,0.2270776797678852,0.10806991202558813,0.07414502685564835,-2.5019365355647896,-0.10826108863734257,2.792867762854005,1.1746368016616173
17.866666666666667,0.03333333333333333,536,536,takeover,cartesian_freedrive,1.0,0.024526269350192084,0.22692409806798328,0.10687335999764824,0.07434783644254658,-2.5017940324510417,-0.10750129181009643,2.7915975964646638,1.173901067999873
17.9,0.03333333333333333,537,537,takeover,cartesian_freedrive,1.0,0.024527499263991934,0.2267789608260238,0.10567164062584915,0.07454533600208602,-2.501655307266778,-0.10675879759235345,2.7903205541315987,1.173186606391974
17.933333333333334,0.03333333333333333,538,538,takeover,cartesian_freedrive,1.0,0.024528729087989917,0.22663662194199352,0.10447171196572792,0.07473947186657592,-2.501514285200947,-0.1060195782379867,2.789042939098061,1.172475270983052
17.966666666666665,0.03333333333333333,539,539,takeover,cartesian_freedrive,1.0,0.024529958912028506,0.22649686526238835,0.10327351431390507,0.0749303121380253,-2.5013709309916825,-0.10528318972339393,2.787764688244593,1.1717664424631038
18.0,0.03333333333333333,540,540,takeover,cartesian_freedrive,1.0,0.024531188736233833,0.22635965514451767,0.10207704501327285,0.07511788536131855,-2.5012252479439985,-0.10454963162773982,2.786485800415768,1.1710601073740698
18.033333333333335,0.03333333333333333,541,541,takeover,cartesian_freedrive,1.0,0.024532337557131162,0.2262314368307611,0.1008768446583732,0.07530034396322713,-2.501082854974634,-0.10383558742783174,2.7852010162756633,1.1703779439007196
18.066666666666666,0.03333333333333333,542,542,takeover,cartesian_freedrive,1.0,0.024533486282477875,0.2261049871864619,0.09967715276964442,0.07547980143536076,-2.500938630313655,-0.10312275250207045,2.783914846568199,1.1696961872256038
18.1,0.03333333333333333,543,543,takeover,cartesian_freedrive,1.0,0.02453463500803484,0.22598092237596712,0.09847914884997687,0.07565613863683728,-2.5007921000041877,-0.10241266148889194,2.7826280231704144,1.1690167926428294
18.133333333333333,0.03333333333333333,544,544,takeover,cartesian_freedrive,1.0,0.024535783733787706,0.22585924102550387,0.09728288164960304,0.07582937667957133,-2.5006432473214364,-0.10170539777959427,2.781340576093536,1.1683398588909868
18.166666666666668,0.03333333333333333,545,545,takeover,cartesian_freedrive,1.0,0.02453685097815808,0.22574530891121278,0.09608159100537993,0.0759980740353347,-2.5004981794474106,-0.10101548556441692,2.780046486057201,1.167684304354282
18.2,0.03333333333333333,546,546,takeover,cartesian_freedrive,1.0,0.0245379181337632,0.2256346917663378,0.09488352259449283,0.07616361285481142,-2.5003503038861212,-0.1003309860921976,2.778752735953116,1.1670346137750476
18.233333333333334,0.03333333333333333,547,547,takeover,cartesian_freedrive,1.0,0.02453898529204096,0.22552550427305998,0.09368584337809899,0.07632633540796316,-2.500200603616475,-0.09964722969339294,2.7774575087454623,1.1663846571888108
18.266666666666666,0.03333333333333333,548,548,takeover,cartesian_freedrive,1.0,0.024540052449332328,0.22541850969946386,0.09248985580992167,0.07648612957110021,-2.500048608861342,-0.0989661996086116,2.776161641687648,1.165737006498465
18.3,0.03333333333333333,549,549,takeover,cartesian_freedrive,1.0,0.02454103765581708,0.22531889887304546,0.0912888830371949,0.07664177046988768,-2.499900412064137,-0.09830245149990371,2.7748592246147807,1.1651106824812993
18.333333333333332,0.03333333333333333,550,550,takeover,cartesian_freedrive,1.0,0.024542022773172564,0.22522159550640203,0.09008973512315208,0.07679456773852586,-2.4997499326610195,-0.09764195629569211,2.773556273320839,1.1644873904500355
18.366666666666667,0.03333333333333333,551,551,takeover,cartesian_freedrive,1.0,0.0245430078915264,0.22512640177365886,0.08889234965507413,0.07694456438726602,-2.4995971360849913,-0.09698426760178408,2.7722527261351777,1.1638665043566434
18.4,0.03333333333333333,552,552,takeover,cartesian_freedrive,1.0,0.02454399300934952,0.22503409640684743,0.08769821056531338,0.07709169825287479,-2.49944147090744,-0.09633153055643977,2.77094951969553,1.1632508209401555
18.433333333333334,0.03333333333333333,553,553,takeover,cartesian_freedrive,1.0,0.024544895713872063,0.2249480326852906,0.0864976926874752,0.07723515010986656,-2.4992901452267495,-0.09569390733734227,2.769638941033354,1.1626536835783936
18.466666666666665,0.03333333333333333,554,554,takeover,cartesian_freedrive,1.0,0.024545798321576044,0.2248640902179725,0.08529895145528311,0.07737593201414211,-2.4991365680161617,-0.09505941913165117,2.768327816685323,1.1620594143421594
18.5,0.03333333333333333,555,555,takeover,cartesian_freedrive,1.0,0.024546700928562325,0.2247821033708558,0.08410198024002218,0.07751407834929143,-2.4989806804031516,-0.09442770052228455,2.7670161140795306,1.1614674944632895
18.533333333333335,0.03333333333333333,556,556,takeover,cartesian_freedrive,1.0,0.024547603532958047,0.22470204233790808,0.082906777530971,0.07764961439986945,-2.498822485104528,-0.09379874480672695,2.7657038347565845,1.1608779073790656
18.566666666666666,0.03333333333333333,557,557,takeover,cartesian_freedrive,1.0,0.024548423253444716,0.22462869049322853,0.0817066825283742,0.07778174054278078,-2.498668108440305,-0.09318692201999279,2.764385186792838,1.1603095633780973
18.6,0.03333333333333333,558,558,takeover,cartesian_freedrive,1.0,0.02454924287972645,0.22455810643402907,0.08050999212632677,0.07791131153894584,-2.4985108645994143,-0.09258040641520424,2.7630670084105775,1.1597469271773817
18.633333333333333,0.03333333333333333,559,559,takeover,cartesian_freedrive,1.0,0.024550062505694754,0.22448857911876846,0.07931357314486036,0.07803846146622608,-2.498351881997236,-0.09197454724828787,2.761747321368547,1.159183879451757
18.666666666666668,0.03333333333333333,560,560,takeover,cartesian_freedrive,1.0,0.024550882131946502,0.2244208074792997,0.07811886873301163,0.07816315410601465,-2.4981906241305563,-0.09137131872962018,2.760427032646446,1.158622986265233
18.7,0.03333333333333333,561,561,takeover,cartesian_freedrive,1.0,0.02455161839692359,0.22435940544364713,0.07691930761015875,0.07828480757547848,-2.4980331973391117,-0.0907850936181185,2.75910047069099,1.1580832370935144
18.733333333333334,0.03333333333333333,562,562,takeover,cartesian_freedrive,1.0,0.024552354567376818,0.22429986125578158,0.07572159898241791,0.07840411304857929,-2.497873502511133,-0.09020199576622177,2.757773421521162,1.157546349292639
18.766666666666666,0.03333333333333333,563,563,takeover,cartesian_freedrive,1.0,0.024553090739417374,0.2242419912839108,0.074525681890017,0.0785210943337288,-2.4977115051023557,-0.0896215820170108,2.7564458209859994,1.1570116987867838
18.8,0.03333333333333333,564,564,takeover,cartesian_freedrive,1.0,0.024553826911654093,0.22418576696905,0.07333155254526955,0.07863577475373597,-2.4975472090541495,-0.0890438388697699,2.7551176700278934,1.1564792623918623
18.833333333333332,0.03333333333333333,565,565,takeover,cartesian_freedrive,1.0,0.024554479243312676,0.224136318760249,0.07213425827374745,0.07874777460159538,-2.49738612282388,-0.08848509186555482,2.753784368434924,1.1559706583370484
18.866666666666667,0.03333333333333333,566,566,takeover,cartesian_freedrive,1.0,0.024555131489070226,0.2240878860076954,0.0709372352270502,0.07885758722587101,-2.4972233730784024,-0.0879273658312938,2.752449585502538,1.1554621732479906
18.9,0.03333333333333333,567,567,takeover,cartesian_freedrive,1.0,0.02455578373168788,0.22404096460397935,0.0697419452165828,0.07896522352824686,-2.4970583562476447,-0.08737217161518386,2.7511142348842896,1.1549557306221827
18.933333333333334,0.03333333333333333,568,568,takeover,cartesian_freedrive,1.0,0.02455643597065697,0.22399555619885275,0.06854844905115545,0.07907070706205467,-2.4968910461742655,-0.08681958409301557,2.749778350143005,1.1544514266104349
18.966666666666665,0.03333333333333333,569,569,takeover,cartesian_freedrive,1.0,0.02455700415698564,0.22395590031335327,0.0673501846048348,0.07917385221648816,-2.496727583232585,-0.08628374674498727,2.748436376897357,1.1539681023672932
19.0,0.03333333333333333,570,570,takeover,cartesian_freedrive,1.0,0.024557572253611687,0.22391782432729995,0.06615378677112556,0.0792749627958634,-2.496561862441698,-0.08575090328897553,2.7470939373842027,1.153487489930787
19.033333333333335,0.03333333333333333,571,571,takeover,cartesian_freedrive,1.0,0.024558140350331548,0.22388116257023283,0.06495919832903906,0.07937404312353898,-2.496393846664732,-0.08522062052549897,2.7457509749817697,1.1530089734330493
19.066666666666666,0.03333333333333333,572,572,takeover,cartesian_freedrive,1.0,0.024558708447212287,0.22384655987841026,0.06376815772476528,0.07947116796670417,-2.496222877096583,-0.08469497442161099,2.744408581065493,1.1525352692002886
19.1,0.03333333333333333,573,573,takeover,cartesian_freedrive,1.0,0.024559192411632118,0.22381675080721028,0.06257070517844857,0.07956625327343914,-2.496056394005252,-0.08418388504340729,2.743059124172051,1.152079772976666
19.133333333333333,0.03333333333333333,574,574,takeover,cartesian_freedrive,1.0,0.02455967628297561,0.2237883744177133,0.061375058039336045,0.07965944421171402,-2.4958876921894664,-0.08367563512671354,2.741709183091939,1.1516268017403517
19.166666666666668,0.03333333333333333,575,575,takeover,cartesian_freedrive,1.0,0.024560160155463136,0.22376129463087008,0.06018122711921871,0.07975074008504343,-2.4957166987087205,-0.08316987573091203,2.740358727373244,1.1511758498102043
19.2,0.03333333333333333,576,576,takeover,cartesian_freedrive,1.0,0.02456064402714512,0.2237354802398519,0.058989210297702176,0.07984016946821763,-2.4955434188697314,-0.08266658750317897,2.7390077654889344,1.1507268917603946
19.233333333333334,0.03333333333333333,577,577,takeover,cartesian_freedrive,1.0,0.02456104216769075,0.2237148316411959,0.05779250792030487,0.07992793761410633,-2.495374002767067,-0.08217972965478262,2.7376509035394117,1.1502986965856234
19.266666666666666,0.03333333333333333,578,578,takeover,cartesian_freedrive,1.0,0.02456144021606139,0.22369551704919713,0.056597684329953976,0.08001395593754829,-2.495202337056752,-0.08169570712867108,2.7362935974182654,1.1498730457957052
19.3,0.03333333333333333,579,579,takeover,cartesian_freedrive,1.0,0.02456183826620418,0.22367799903971544,0.05540653642716675,0.08009831693538907,-2.4950276865636165,-0.08121615665948785,2.7349369648687896,1.149452030800366
19.333333333333332,0.03333333333333333,580,580,takeover,cartesian_freedrive,1.0,0.024562236316634258,0.2236610358887462,0.05421542866490967,0.08018085149998413,-2.4948514118334937,-0.08073701201306352,2.733578691981949,1.1490303314770154
19.366666666666667,0.03333333333333333,581,581,takeover,cartesian_freedrive,1.0,0.024562549291300518,0.2236489347101518,0.05301959620343373,0.08026203624514851,-2.494679043482798,-0.08027402054039588,2.7322145567995477,1.1486291361417964
19.4,0.03333333333333333,582,582,takeover,cartesian_freedrive,1.0,0.024562862170576988,0.22363805761596042,0.05182564838050969,0.08034160718905373,-2.494504433080526,-0.07981378544262167,2.730849996544204,1.1482304095001852
19.433333333333334,0.03333333333333333,583,583,takeover,cartesian_freedrive,1.0,0.024563175050044638,0.2236282419995629,0.05063353553880348,0.08041956060768336,-2.4943275381724432,-0.07935587789012766,2.729484956744286,1.1478335374634359
19.466666666666665,0.03333333333333333,584,584,takeover,cartesian_freedrive,1.0,0.024563487929884005,0.2236194792002553,0.049443254331439215,0.08049589986531339,-2.4941483601410783,-0.07890028787731747,2.7281194292490327,1.1474385015142348
19.5,0.03333333333333333,585,585,takeover,cartesian_freedrive,1.0,0.02456371698308108,0.22361534463325158,0.04824836891658053,0.0805712111572228,-2.4939730566051277,-0.07846077063955174,2.726748173529885,1.147063987553901
19.533333333333335,0.03333333333333333,586,586,takeover,cartesian_freedrive,1.0,0.024563945947958372,0.22361231788081282,0.047055372628332426,0.08064504216577313,-2.4937955135228456,-0.07802390657417947,2.7253764977526957,1.1466918364666365
19.566666666666666,0.03333333333333333,587,587,takeover,cartesian_freedrive,1.0,0.02456417491301027,0.22361081511174555,0.04586618198675341,0.08071751474699616,-2.4936149643413965,-0.07759129376912094,2.7240056179719883,1.146324080721199
19.6,0.03333333333333333,588,588,takeover,cartesian_freedrive,1.0,0.024564403878074875,0.22360971858308334,0.04467693903611816,0.080788366658391,-2.493432818583768,-0.07715897047396345,2.7226330266308203,1.1459555434238058
19.633333333333333,0.03333333333333333,589,589,takeover,cartesian_freedrive,1.0,0.02456454840668728,0.22361296617088144,0.04348304633369985,0.08085848217062257,-2.4932545933878787,-0.07674241804637413,2.721254749925779,1.1456072472066827
19.666666666666668,0.03333333333333333,590,590,takeover,cartesian_freedrive,1.0,0.02456469284610812,0.22361722290169306,0.04229104771147031,0.08092724416453666,-2.4930741364188793,-0.07632843369066536,2.7198760676919913,1.1452612369104749
19.7,0.03333333333333333,591,591,takeover,cartesian_freedrive,1.0,0.024564837279078877,0.2236223497136826,0.04110090004048822,0.08099462127859967,-2.492891397164863,-0.0759166041650731,2.718496929061995,1.1449169090309497
19.733333333333334,0.03333333333333333,592,592,takeover,cartesian_freedrive,1.0,0.024564981718511805,0.2236283233296493,0.03991260012084765,0.08106063390312838,-2.492706380595233,-0.07550691360123146,2.7171173264809743,1.1445742439199833
19.766666666666666,0.03333333333333333,593,593,takeover,cartesian_freedrive,1.0,0.024565038124267323,0.2236384318402359,0.038719774922954885,0.08112620944180594,-2.492525246866611,-0.07511289688680445,2.7157321643546837,1.1442518261916061
19.8,0.03333333333333333,594,594,takeover,cartesian_freedrive,1.0,0.024565094438484533,0.22364944982565516,0.03752884800576868,0.08119054773289548,-2.492341881895664,-0.07472134018281257,2.7143466010593613,1.1439315850752425
19.833333333333332,0.03333333333333333,595,595,takeover,cartesian_freedrive,1.0,0.024565150753002633,0.22366124750271596,0.03633977986000779,0.08125361336929109,-2.4921562362725567,-0.07433184738807898,2.7129605861038666,1.1436129398245605
19.866666666666667,0.03333333333333333,596,596,takeover,cartesian_freedrive,1.0,0.02456520706415826,0.2236742958893998,0.035154652253867075,0.08131561069729985,-2.491967574219757,-0.07394633834916398,2.7115755102835624,1.1432983955892209
19.9,0.03333333333333333,597,597,takeover,cartesian_freedrive,1.0,0.02456517302943096,0.22369075997660792,0.033963024392717645,0.08137728065696308,-2.4917834952435944,-0.07357440078046824,2.710183600072162,1.1430014902421848
19.933333333333334,0.03333333333333333,598,598,takeover,cartesian_freedrive,1.0,0.02456513890315879,0.2237080271505576,0.03277321605479043,0.08143781787924236,-2.491597237484544,-0.07320474946242758,2.7087912631625857,1.1427065693757872
19.966666666666665,0.03333333333333333,599,599,takeover,cartesian_freedrive,1.0,0.024565104776509906,0.22372598817393868,0.031585271205977504,0.08149718894377121,-2.491408701766455,-0.0728370656590725,2.7073984839231446,1.1424131514113467
20.0,0.03333333333333333,600,600,takeover,cartesian_freedrive,1.0,0.02456507063540033,0.22374462646398208,0.030399188159026824,0.08155540699281792,-2.4912178906571394,-0.07247132814183388,2.706005275386726,1.1421212082966787
20.033333333333335,0.03333333333333333,601,601,takeover,cartesian_freedrive,1.0,0.02456494722600557,0.2237669382180834,0.029208657635470352,0.08161375109686511,-2.4910309683451044,-0.07212083865826982,2.70460666247537,1.1418492233866648
20.066666666666666,0.03333333333333333,602,602,takeover,cartesian_freedrive,1.0,0.02456482371759354,0.2237899848450332,0.028020032317811843,0.08167107814592504,-2.4908418239658046,-0.0717726025775084,2.703207673443687,1.1415792199809358
20.1,0.03333333333333333,603,603,takeover,cartesian_freedrive,1.0,0.024564700223773276,0.22381364879848345,0.026833282129599647,0.08172734074109819,-2.4906504005560346,-0.07142624499145854,2.701808241635563,1.1413106397758204
20.133333333333333,0.03333333333333333,604,604,takeover,cartesian_freedrive,1.0,0.024564576714115525,0.22383790322868252,0.025648400865881927,0.08178255884227457,-2.490456703608665,-0.07108173370069924,2.7004083950587474,1.1410434407406411
20.166666666666668,0.03333333333333333,605,605,takeover,cartesian_freedrive,1.0,0.024564364066640608,0.22386562732147663,0.02445911184638052,0.08183816281865139,-2.490266897921026,-0.07075225557884078,2.6990032424833235,1.1407960580812264
20.2,0.03333333333333333,606,606,takeover,cartesian_freedrive,1.0,0.02456415133684364,0.22389441365807736,0.023273943288659033,0.08189307312791233,-2.4900741231913663,-0.07042674960107263,2.6975992273000835,1.1405529231901619
20.233333333333334,0.03333333333333333,607,607,takeover,cartesian_freedrive,1.0,0.024563938613399207,0.22392334698973174,0.02208852344298593,0.08194680396255467,-2.489879773779038,-0.07010125307036966,2.6961932971009146,1.140308829314486
20.266666666666666,0.03333333333333333,608,608,takeover,cartesian_freedrive,1.0,0.024563725892106314,0.2239527969919476,0.020904891377555,0.08199955420459998,-2.489683196709472,-0.06977743862955396,2.694786896993662,1.140065929487825
20.3,0.03333333333333333,609,609,takeover,cartesian_freedrive,1.0,0.024563423734109587,0.22398548070386123,0.019716878943994653,0.08205296647800567,-2.489490518570048,-0.06946838859139857,2.693375292858981,1.1398426394691947
20.333333333333332,0.03333333333333333,610,610,takeover,cartesian_freedrive,1.0,0.024563121507158888,0.22401876162738887,0.018530780510946834,0.08210554854684331,-2.4892956236081187,-0.06916140127556385,2.6919633011452557,1.139621159860821
20.366666666666667,0.03333333333333333,611,611,takeover,cartesian_freedrive,1.0,0.024562819274747766,0.22405250520735615,0.017346569602455855,0.08215726477362678,-2.489098453553595,-0.0688560825452292,2.6905509072200324,1.1394009059664376
20.4,0.03333333333333333,612,612,takeover,cartesian_freedrive,1.0,0.024562517056808918,0.22408671889738946,0.016164245998560374,0.08220810156753475,-2.4888990057190488,-0.0685524352234796,2.6891380823777844,1.139181875703609
20.433333333333334,0.03333333333333333,613,613,takeover,cartesian_freedrive,1.0,0.024562124974657845,0.2241239936984239,0.014977586745083803,0.08225983115067563,-2.4887034521790308,-0.06826334838381314,2.6877201241519244,1.1389823307033466
20.466666666666665,0.03333333333333333,614,614,takeover,cartesian_freedrive,1.0,0.02456173281209473,0.2241617970820618,0.013792841410502748,0.08231081398600697,-2.488505682730987,-0.06797620356624226,2.6863017874953954,1.138784475462475
20.5,0.03333333333333333,615,615,takeover,cartesian_freedrive,1.0,0.024561340639637552,0.22419998576106215,0.012609989170235428,0.08236102880526214,-2.4883056408203093,-0.06769061931743373,2.6848830664291388,1.1385877463568974
20.533333333333335,0.03333333333333333,616,616,takeover,cartesian_freedrive,1.0,0.024560948470802323,0.22423858280937822,0.011429030721155612,0.0824104473806252,-2.4881033207716037,-0.06740660468743837,2.6834639298353333,1.138392145453883
20.566666666666666,0.03333333333333333,617,617,takeover,cartesian_freedrive,1.0,0.024560465973673822,0.22428006095357683,0.010243776407621084,0.08246099716788406,-2.4879048968097432,-0.06713693098936266,2.6820397319301,1.1382158931238138
20.6,0.03333333333333333,618,618,takeover,cartesian_freedrive,1.0,0.024559983398839497,0.22432229960581848,0.009062781516672282,0.08251116323900733,-2.4877035282147686,-0.066870767543302,2.6806168608604057,1.1380433915056911
20.633333333333333,0.03333333333333333,619,619,takeover,cartesian_freedrive,1.0,0.02455950080604831,0.22436458955528393,0.00788142753622081,0.08256036263144137,-2.487500566279034,-0.06660444379408913,2.679191942562364,1.1378698366312505
20.666666666666668,0.03333333333333333,620,620,takeover,cartesian_freedrive,1.0,0.024559018246783804,0.2244072182075358,0.006701880746129708,0.08260882900674948,-2.487295377983278,-0.0663395249625636,2.67776655473719,1.1376972286399336
20.7,0.03333333333333333,621,621,takeover,cartesian_freedrive,1.0,0.024558444858516205,0.22445251752173603,0.005518064853967335,0.08265867656978648,-2.487094092160391,-0.06608866777220927,2.6763362024929647,1.1375437565294
20.733333333333334,0.03333333333333333,622,622,takeover,cartesian_freedrive,1.0,0.024557871387908735,0.22449824485075826,0.004336168330096031,0.08270792172307771,-2.4868905940557275,-0.06583955533341003,2.67490547526082,1.137391795172961
20.766666666666666,0.03333333333333333,623,623,takeover,cartesian_freedrive,1.0,0.024557297895086712,0.22454423965863934,0.0031561779681575984,0.08275656104884499,-2.486684824272909,-0.06559179849827851,2.673474390035385,1.1372407723635418
20.8,0.03333333333333333,624,624,takeover,cartesian_freedrive,1.0,0.024556724423814475,0.22459053688179068,0.0019780971793877562,0.08280455482065381,-2.486476772564286,-0.06534542476223722,2.672042889174084,1.1370907099431866
20.833333333333332,0.03333333333333333,625,625,takeover,cartesian_freedrive,1.0,0.024556059638037763,0.22463936569671913,0.0007957911079053894,0.08285412224350286,-2.4862726149137306,-0.06511290341416912,2.6706064830159537,1.1369596557751838
20.866666666666667,0.03333333333333333,626,626,takeover,cartesian_freedrive,1.0,0.024555394802258976,0.22468854603291988,-0.0003845954564635764,0.08290318844426138,-2.4860662535517206,-0.06488200109904145,2.6691697076329097,1.136829996837987
20.9,0.03333333333333333,627,627,takeover,cartesian_freedrive,1.0,0.02455472995097994,0.22473795096249574,-0.0015630680138812704,0.08295170642950371,-2.48585761585576,-0.06465236673996279,2.66773256575606,1.1367011973899137
20.933333333333334,0.03333333333333333,628,628,takeover,cartesian_freedrive,1.0,0.02455406506074983,0.22478760993742467,-0.0027396273301897927,0.0829996454427172,-2.4856466953846073,-0.06442400088162865,2.6662950498536206,1.1365732458999587
20.966666666666665,0.03333333333333333,629,629,takeover,cartesian_freedrive,1.0,0.024553308400600868,0.22483964482023194,-0.003920373537347324,0.08304937083084894,-2.485439669565459,-0.06420926360771753,2.6648526891260937,1.1364641654341028
21.0,0.03333333333333333,630,630,takeover,cartesian_freedrive,1.0,0.024552551665737034,0.22489197946495476,-0.00509920088244186,0.08309865687556552,-2.485230439455941,-0.06399602650621607,2.6634099726235045,1.1363563615020613
21.033333333333335,0.03333333333333333,631,631,takeover,cartesian_freedrive,1.0,0.024551794972520573,0.22494451950235947,-0.006276103275062582,0.08314744239308629,-2.485018926924796,-0.06378398606253276,2.66196685184707,1.136249358870205
21.066666666666666,0.03333333333333333,632,632,takeover,cartesian_freedrive,1.0,0.024551038230301664,0.2249972252273465,-0.007451088580530994,0.08319575532746895,-2.484805140488434,-0.06357309178464819,2.6605233933360686,1.136143096104026
21.1,0.03333333333333333,633,633,takeover,cartesian_freedrive,1.0,0.024550189204986604,0.22505239819716988,-0.008627752905216989,0.08324630514052972,-2.4845945479358598,-0.06337711629101905,2.6590770498684155,1.136057473928195
21.133333333333333,0.03333333333333333,634,634,takeover,cartesian_freedrive,1.0,0.024549340089734546,0.22510761597030574,-0.009804881375508747,0.08329622183906286,-2.4843823983423476,-0.06318105806277505,2.6576285193209754,1.1359711681433726
21.166666666666668,0.03333333333333333,635,635,takeover,cartesian_freedrive,1.0,0.024548491027362212,0.2251629561083291,-0.010980178883025582,0.08334570999858547,-2.4841680270323026,-0.06298601899899876,2.6561795598939257,1.1358854749356329
21.2,0.03333333333333333,636,636,takeover,cartesian_freedrive,1.0,0.024547641944947234,0.2252184703773659,-0.012153551323360929,0.08339473582848214,-2.4839513701623357,-0.06279206530719114,2.6547302183783725,1.135800466485258
21.233333333333334,0.03333333333333333,637,637,takeover,cartesian_freedrive,1.0,0.02454670005746209,0.22527612976799938,-0.013331040683782025,0.08344586374938448,-2.4837385844749935,-0.06261126980298322,2.6532761660159805,1.135733993384547
21.266666666666666,0.03333333333333333,638,638,takeover,cartesian_freedrive,1.0,0.024545758077800815,0.22533387584950565,-0.014506619136818813,0.0834968219396637,-2.4835236366431293,-0.06243168980342755,2.6518218714176363,1.1356685496988026
21.3,0.03333333333333333,639,639,takeover,cartesian_freedrive,1.0,0.024544816200391985,0.2253918124820095,-0.01568025076671122,0.08354732453782744,-2.4833063855065793,-0.06225317185847415,2.650367107270066,1.1356037904371337
21.333333333333332,0.03333333333333333,640,640,takeover,cartesian_freedrive,1.0,0.024543874058910682,0.22544982185295745,-0.01685196153483424,0.08359747983286363,-2.4830868588200774,-0.062075561453704936,2.6489121170520886,1.1355395335629226
21.366666666666667,0.03333333333333333,641,641,takeover,cartesian_freedrive,1.0,0.024542838875620095,0.22550977048807824,-0.018027748694902784,0.08365000647282603,-2.482871222156505,-0.06191087966090398,2.647452430873516,1.135493698904385
21.4,0.03333333333333333,642,642,takeover,cartesian_freedrive,1.0,0.02454180369828961,0.22557007594628775,-0.019201596841015335,0.08370209835065028,-2.4826533484563575,-0.061747508258411535,2.6459922502797903,1.1354489665913425
21.433333333333334,0.03333333333333333,643,643,takeover,cartesian_freedrive,1.0,0.024540767942019204,0.22563022863998555,-0.020373541163843902,0.08375409700122138,-2.4824332447082242,-0.061584802000211804,2.644532074257714,1.1354045118883829
21.466666666666665,0.03333333333333333,644,644,takeover,cartesian_freedrive,1.0,0.02453973193086061,0.22569052124720854,-0.021543547178118922,0.0838056761397079,-2.4822108292973386,-0.061422993351810014,2.643071578087832,1.135360546824545
21.5,0.03333333333333333,645,645,takeover,cartesian_freedrive,1.0,0.024538602339358874,0.22575266218483667,-0.02271759728522053,0.08385977189172457,-2.48199229986051,-0.061273874134986084,2.6416064775607055,1.1353348396246778
21.533333333333335,0.03333333333333333,646,646,takeover,cartesian_freedrive,1.0,0.024537473601254085,0.22581502610500803,-0.023889686088451552,0.08391362072897142,-2.4817715669175318,-0.06112602099236195,2.6401406707396227,1.1353102728745872
21.566666666666666,0.03333333333333333,647,647,takeover,cartesian_freedrive,1.0,0.024536343982174996,0.22587747509943515,-0.025059850345875916,0.0839671384374932,-2.481548526697197,-0.06097888377906988,2.6386747464619944,1.1352859933049004
21.6,0.03333333333333333,648,648,takeover,cartesian_freedrive,1.0,0.024535214302914006,0.22593973996241742,-0.026228088358609493,0.08402060382731472,-2.481323254441514,-0.060832384441519526,2.6372086760424485,1.1352620028651248
21.633333333333333,0.03333333333333333,649,649,takeover,cartesian_freedrive,1.0,0.024533990778524258,0.22600389602810306,-0.027400308600193806,0.08407659066023711,-2.4811018293280696,-0.06069850555279521,2.6357378035612404,1.1352562999199183
21.666666666666668,0.03333333333333333,650,650,takeover,cartesian_freedrive,1.0,0.024532767153997492,0.2260682001046367,-0.028570600634148312,0.08413238711828193,-2.480878191739976,-0.06056564096656928,2.6342665572998754,1.135251414967631
21.7,0.03333333333333333,651,651,takeover,cartesian_freedrive,1.0,0.02453154333176732,0.22613221045587392,-0.029738970040469756,0.08418828112295206,-2.4806523450329663,-0.060433264156846744,2.6327952567357586,1.1352466901995368
21.733333333333334,0.03333333333333333,652,652,takeover,cartesian_freedrive,1.0,0.024530319648504276,0.2261967088446285,-0.030902766691553226,0.08424385407691187,-2.480423527256859,-0.060303151318419186,2.6313254448601766,1.135244161641499
21.766666666666666,0.03333333333333333,653,653,takeover,cartesian_freedrive,1.0,0.02452900151479399,0.22626255950712246,-0.0320730408291112,0.08430215728446412,-2.4801991582922738,-0.060183892433454025,2.6298491433660387,1.1352579259329885
21.8,0.03333333333333333,654,654,takeover,cartesian_freedrive,1.0,0.024527683309242834,0.22632867616841923,-0.03324147964066749,0.08436013310734627,-2.479972623062292,-0.06006557280214726,2.6283723532310765,1.1352724234596083
21.833333333333332,0.03333333333333333,655,655,takeover,cartesian_freedrive,1.0,0.024526364992084965,0.22639446941035862,-0.03440798691333668,0.08441825730819671,-2.4797438626424664,-0.05994769533165215,2.6268954480859605,1.1352870439244747
21.866666666666667,0.03333333333333333,656,656,takeover,cartesian_freedrive,1.0,0.02452504667717953,0.22646059560142207,-0.03557250590943719,0.08447584430448862,-2.4795127388927143,-0.05983062779453817,2.625417975910919,1.1353020973704748
21.9,0.03333333333333333,657,657,takeover,cartesian_freedrive,1.0,0.024523633042935394,0.22652792753310136,-0.03674100490810913,0.0845367144774997,-2.479285543695354,-0.0597253083974886,2.623936415049033,1.1353346983867245
21.933333333333334,0.03333333333333333,658,658,takeover,cartesian_freedrive,1.0,0.02452221948215711,0.2265952930731139,-0.03790757733417275,0.0845975476512976,-2.479056179984613,-0.05962077629807663,2.622454517232896,1.1353679421447014
21.966666666666665,0.03333333333333333,659,659,takeover,cartesian_freedrive,1.0,0.0245208063371722,0.22666295896826733,-0.039072141419046774,0.08465790441687672,-2.4788244476099655,-0.059517040485143724,2.620971917034356,1.1354016445099377
22.0,0.03333333333333333,660,660,takeover,cartesian_freedrive,1.0,0.024519392723754217,0.22673019594950836,-0.04023478140198309,0.08471852198819087,-2.478590505681879,-0.059413549257957415,2.619489389525161,1.1354352648227013
22.033333333333335,0.03333333333333333,661,661,takeover,cartesian_freedrive,1.0,0.024517882619852577,0.2267994998285051,-0.041401272393112136,0.08478158707952438,-2.4783602655077797,-0.05932223558936037,2.618001971052895,1.1354868802604696
22.066666666666666,0.03333333333333333,662,662,takeover,cartesian_freedrive,1.0,0.024516372109468335,0.22686781757394675,-0.04256593128387077,0.08484567261769357,-2.478128096324202,-0.05923094465630479,2.6165150643802817,1.1355384600952108
22.1,0.03333333333333333,663,663,takeover,cartesian_freedrive,1.0,0.02451486173197337,0.22693683921280175,-0.04372854873314465,0.0849088700838636,-2.4778934373864705,-0.05914060015611301,2.6150272386143487,1.135590579981749
22.133333333333333,0.03333333333333333,664,664,takeover,cartesian_freedrive,1.0,0.024513351365085492,0.22700554939933562,-0.04488921158616553,0.08497223638954478,-2.477656558440402,-0.05905053471427715,2.6135392712412657,1.135642692746512
22.166666666666668,0.03333333333333333,665,665,takeover,cartesian_freedrive,1.0,0.02451174463024279,0.22707543880142464,-0.04605376955216471,0.08503900254703402,-2.477423564818645,-0.05897189456104644,2.6120471393668088,1.1357121944711244
22.2,0.03333333333333333,666,666,takeover,cartesian_freedrive,1.0,0.024510138300226775,0.22714602036073775,-0.04721633094291506,0.08510507049816643,-2.4771882242336667,-0.058894322607714385,2.610554088279894,1.1357825589239223
22.233333333333334,0.03333333333333333,667,667,takeover,cartesian_freedrive,1.0,0.02450853161504518,0.22721600678440962,-0.04837696297219204,0.08517160727067967,-2.476950704702658,-0.05881677648217296,2.609061160998321,1.1358526727343634
22.266666666666666,0.03333333333333333,668,668,takeover,cartesian_freedrive,1.0,0.024506925152765938,0.22728628524628314,-0.04953557465671529,0.08523770111174242,-2.4767107981245426,-0.058739849979859544,2.607567582797043,1.1359230613389408
22.3,0.03333333333333333,669,669,takeover,cartesian_freedrive,1.0,0.024505222115725853,0.22735761346738625,-0.050698063824246214,0.08530737359658556,-2.4764747981198423,-0.05867404021430264,2.606070024767762,1.136010608272789
22.333333333333332,0.03333333333333333,670,670,takeover,cartesian_freedrive,1.0,0.02450351917442147,0.22742876172079224,-0.0518586287068569,0.08537724849707168,-2.47623664332183,-0.05860868777466517,2.6045721860548596,1.1360984895905848
22.366666666666667,0.03333333333333333,671,671,takeover,cartesian_freedrive,1.0,0.024501816227654342,0.2274998556332351,-0.05301719929455616,0.08544705569087856,-2.4759961571254823,-0.05854368528011086,2.6030739609199522,1.13618640097731
22.4,0.03333333333333333,672,672,takeover,cartesian_freedrive,1.0,0.024500113357911593,0.22757152377073617,-0.0541737318738916,0.08551614757949953,-2.4757532574004095,-0.058479300489295664,2.601575019610321,1.1362745722274445
22.433333333333334,0.03333333333333333,673,673,takeover,cartesian_freedrive,1.0,0.024498312218170268,0.22764364636353732,-0.055334141325610535,0.08558946101769284,-2.4755143365294425,-0.05842559612383796,2.6000723879788126,1.136379591271277
22.466666666666665,0.03333333333333333,674,674,takeover,cartesian_freedrive,1.0,0.0244965109938299,0.227715707232356,-0.056492625012878196,0.0856628800869908,-2.475273256564127,-0.05837226714755587,2.5985694952141274,1.1364848534121146
22.5,0.03333333333333333,675,675,takeover,cartesian_freedrive,1.0,0.02449470995073756,0.2277880669025862,-0.05764907653914011,0.0857358750666762,-2.475029782934489,-0.058319409888704446,2.5970659585726343,1.1365902582693437
22.533333333333335,0.03333333333333333,676,676,takeover,cartesian_freedrive,1.0,0.02449290880141159,0.22786045126741933,-0.05880352255698751,0.08580873096667223,-2.4747839673487317,-0.05826683797660041,2.5955620380499718,1.1366956241529613
22.566666666666666,0.03333333333333333,677,677,takeover,cartesian_freedrive,1.0,0.02449101056632281,0.22793338700816929,-0.05995914029972458,0.08588601019131117,-2.4745416727846523,-0.05822586046332936,2.59405682057775,1.1368190187170897
22.6,0.03333333333333333,678,678,takeover,cartesian_freedrive,1.0,0.02448911235095797,0.22800639575620849,-0.061115385304559934,0.0859630156875076,-2.474297560865398,-0.05818426162142471,2.5925488209500003,1.1369414666952742
22.633333333333333,0.03333333333333333,679,679,takeover,cartesian_freedrive,1.0,0.024487214141205735,0.22807941216200392,-0.06226972549180875,0.08603990170490775,-2.474051184193007,-0.058142804015456566,2.591040401426397,1.137063744659246
22.666666666666668,0.03333333333333333,680,680,takeover,cartesian_freedrive,1.0,0.02448531593281357,0.22815251779716075,-0.06342204974802801,0.08611658930326832,-2.4738024611737472,-0.058101596169208625,2.5895315353331836,1.137185960520719
22.7,0.03333333333333333,681,681,takeover,cartesian_freedrive,1.0,0.02448331945690521,0.22822659033400347,-0.06457813168867259,0.08619704144101203,-2.4735575608783122,-0.05807099113530053,2.5880186118432427,1.1373250326505828
22.733333333333334,0.03333333333333333,682,682,takeover,cartesian_freedrive,1.0,0.024481323006958655,0.22830058298552844,-0.06573228406676415,0.08627764621591466,-2.4733105045285786,-0.058040632470442464,2.5865054013468254,1.1374642404437552
22.766666666666666,0.03333333333333333,683,683,takeover,cartesian_freedrive,1.0,0.02447932637944394,0.22837475514622918,-0.06688441664873597,0.08635798235209674,-2.4730611034944086,-0.058010437903636476,2.5849917951308394,1.1376033029780404
22.8,0.03333333333333333,684,684,takeover,cartesian_freedrive,1.0,0.02447732978908658,0.22844823508944606,-0.06803456560469065,0.08643892040153552,-2.472809441296912,-0.05798012945217426,2.5834780807650968,1.1377419998927987
22.833333333333332,0.03333333333333333,685,685,takeover,cartesian_freedrive,1.0,0.024475233830447033,0.22852289873032225,-0.06918843304435844,0.086523466052638,-2.472561602708037,-0.0579602575081425,2.58196029534309,1.1378974689596109
22.866666666666667,0.03333333333333333,686,686,takeover,cartesian_freedrive,1.0,0.02447313767196914,0.2285977052426182,-0.07034035430325034,0.08660792306687828,-2.4723115454510967,-0.057940672450927516,2.580442115988888,1.138053074619025
22.9,0.03333333333333333,687,687,takeover,cartesian_freedrive,1.0,0.024471041662573186,0.2286719858368069,-0.07149027904411165,0.08669284439543215,-2.4720592201221296,-0.05792096015534678,2.578923752096292,1.138208313030532
22.933333333333334,0.03333333333333333,688,688,takeover,cartesian_freedrive,1.0,0.024468945518664076,0.22874646443000876,-0.07263816608674352,0.08677748293441198,-2.471804524533179,-0.05790138868029696,2.57740493570361,1.1383633806257312
22.966666666666665,0.03333333333333333,689,689,takeover,cartesian_freedrive,1.0,0.024466750763635685,0.22882165308228597,-0.07378976730143731,0.08686622966736854,-2.4715536950446726,-0.05789188013367029,2.5758822840104107,1.1385349476245452
23.0,0.03333333333333333,690,690,takeover,cartesian_freedrive,1.0,0.02446455580298653,0.22889700081005346,-0.0749394205832244,0.08695489799747715,-2.4713006530644415,-0.05788257271571795,2.5743592514003146,1.1387065707292474
23.033333333333335,0.03333333333333333,691,691,takeover,cartesian_freedrive,1.0,0.024462360961957634,0.22897192418324747,-0.0760870632120931,0.08704392858661075,-2.4710453186218926,-0.05787312491100014,2.5728359774288947,1.1388778086717823
23.066666666666666,0.03333333333333333,692,692,takeover,cartesian_freedrive,1.0,0.024460166001952485,0.22904720996657302,-0.0772326520224212,0.0871325308591934,-2.47078760538351,-0.05786379802999927,2.571312193605771,1.139048861385137
23.1,0.03333333333333333,693,693,takeover,cartesian_freedrive,1.0,0.024457871568466974,0.2291227937849416,-0.07838194444772043,0.08722569071790201,-2.4705337783466996,-0.05786421607367802,2.5697847435507915,1.1392361869586132
23.133333333333333,0.03333333333333333,694,694,takeover,cartesian_freedrive,1.0,0.024455576907578255,0.22919852420484657,-0.07952929274840537,0.08731878910797637,-2.470277763624324,-0.057864711471533346,2.568256976514094,1.1394234579002294
23.166666666666668,0.03333333333333333,695,695,takeover,cartesian_freedrive,1.0,0.0244532823017894,0.22927424826950113,-0.08067459477166954,0.08741184228150316,-2.4700193841368474,-0.05786519544904449,2.5667287512146815,1.1396104413782977
23.2,0.03333333333333333,696,696,takeover,cartesian_freedrive,1.0,0.024450987793987525,0.22934949508627925,-0.08181787820259348,0.08750532772995169,-2.4697587092167734,-0.057865453024436395,2.5652003206945553,1.1397969569033133
23.233333333333334,0.03333333333333333,697,697,takeover,cartesian_freedrive,1.0,0.02444859221154374,0.22942581637216036,-0.08296479573921887,0.08760261744309342,-2.469501828618285,-0.05787552807801583,2.5636679728063942,1.1399998340964654
23.266666666666666,0.03333333333333333,698,698,takeover,cartesian_freedrive,1.0,0.02444619645559049,0.2295022638275262,-0.08410975991949549,0.08769987255170394,-2.4692427410078,-0.057885649731967095,2.5621352515104445,1.1402026243726675
23.3,0.03333333333333333,699,699,takeover,cartesian_freedrive,1.0,0.02444380064198082,0.2295784874223734,-0.08525269787370757,0.08779731275341597,-2.468981346474283,-0.05789552502741479,2.560602302721539,1.1404049184053613
23.333333333333332,0.03333333333333333,700,700,takeover,cartesian_freedrive,1.0,0.02444140501799363,0.2296543731731884,-0.08639359380511709,0.08789504873608829,-2.4687176201181384,-0.0579052125714452,2.559069016975982,1.1406067796729198
23.366666666666667,0.03333333333333333,701,701,takeover,cartesian_freedrive,1.0,0.02443890835852908,0.22973080506139754,-0.08753811746040364,0.0879971610964543,-2.4684577195870245,-0.057924376258712384,2.5575319953720372,1.1408247651757026
23.4,0.03333333333333333,702,702,takeover,cartesian_freedrive,1.0,0.02443641146442555,0.22980749943271278,-0.08868068513347799,0.08809911556034512,-2.4681956218363137,-0.05794351238764367,2.5559946247472087,1.1410425900823125
23.433333333333334,0.03333333333333333,703,703,takeover,cartesian_freedrive,1.0,0.024433914474281736,0.2298841884216379,-0.08982120029354146,0.08820103602220558,-2.467931165899374,-0.05796247005645875,2.554456877903798,1.1412599693140193
23.466666666666665,0.03333333333333333,704,704,takeover,cartesian_freedrive,1.0,0.02443141770269379,0.22996036009487697,-0.09095967884258735,0.08830344843002037,-2.467664401005433,-0.05798109847181003,2.552918893096716,1.1414767936748633
23.5,0.03333333333333333,705,705,takeover,cartesian_freedrive,1.0,0.02442881966413748,0.23003744045670516,-0.09210174527484195,0.08840990099549621,-2.467401433318496,-0.058009091280558006,2.55137714282343,1.1417096758503011
23.533333333333335,0.03333333333333333,706,706,takeover,cartesian_freedrive,1.0,0.024426221519689248,0.2301145038513509,-0.0932418606789428,0.08851647886952975,-2.4671362820272433,-0.058036933069748116,2.5498350897315336,1.1419422940645307
23.566666666666666,0.03333333333333333,707,707,takeover,cartesian_freedrive,1.0,0.0244236234989025,0.23019118165058752,-0.09437993106897746,0.08862342158167799,-2.466868801292485,-0.0580644357441981,2.5482927515459126,1.1421743410408685
23.6,0.03333333333333333,708,708,takeover,cartesian_freedrive,1.0,0.024421025300342427,0.23026801577372003,-0.09551592776782745,0.08873018109500874,-2.46659893837443,-0.058091758079500976,2.5467499892326635,1.142405930556745
23.633333333333333,0.03333333333333333,709,709,takeover,cartesian_freedrive,1.0,0.024418325204076295,0.23034553092472806,-0.09665549545139461,0.08884125227482241,-2.4663328986687576,-0.05812817560123838,2.545203564107238,1.142653404054997
23.666666666666668,0.03333333333333333,710,710,takeover,cartesian_freedrive,1.0,0.02441562518754522,0.23042248346245944,-0.09779313212593901,0.08895298762114663,-2.466064708694281,-0.058164229940401116,2.5436569878070547,1.1429004327901204
23.7,0.03333333333333333,711,711,takeover,cartesian_freedrive,1.0,0.024412925180204464,0.23049933636962783,-0.09892870467076423,0.08906481799877988,-2.465794164761707,-0.058199968495283645,2.542110054191898,1.1431469004035542
23.733333333333334,0.03333333333333333,712,712,takeover,cartesian_freedrive,1.0,0.024410224987230063,0.2305764388991911,-0.10006219193757368,0.08917638248558057,-2.4655212338004158,-0.05823549379725845,2.540562673735902,1.1433928816245664
23.766666666666666,0.03333333333333333,713,713,takeover,cartesian_freedrive,1.0,0.02440742216280447,0.23065420754146396,-0.10119655819450729,0.08929242268147584,-2.465251934987911,-0.058280835669325265,2.539014351393353,1.1436555948527283
23.8,0.03333333333333333,714,714,takeover,cartesian_freedrive,1.0,0.024404619543993342,0.23073123032905996,-0.10233157689974454,0.08940920085491852,-2.464980642690059,-0.05832481815061516,2.537463310224588,1.143916830704016
23.833333333333332,0.03333333333333333,715,715,takeover,cartesian_freedrive,1.0,0.02440181674987158,0.23080857117817968,-0.10346460190988883,0.08952565966190183,-2.46470700051162,-0.0583685306115241,2.5359117217858844,1.14417751623704
23.866666666666667,0.03333333333333333,716,716,takeover,cartesian_freedrive,1.0,0.024399013878311074,0.2308858757225835,-0.10459555175619516,0.08964213992106651,-2.464430994171957,-0.058411889125275195,2.534359776066899,1.144437596984367
23.9,0.03333333333333333,717,717,takeover,cartesian_freedrive,1.0,0.024396107302859175,0.2309634409789634,-0.10573002607578105,0.08976339848168706,-2.464158803262208,-0.05846385450981873,2.5328043253356594,1.144713220360779
23.933333333333334,0.03333333333333333,718,718,takeover,cartesian_freedrive,1.0,0.02439320032067388,0.2310413657361404,-0.10686253103282693,0.08988441796646912,-2.4638844015896733,-0.058515609623004686,2.531248489987542,1.144988503131879
23.966666666666665,0.03333333333333333,719,719,takeover,cartesian_freedrive,1.0,0.024390293506337944,0.2311189278247274,-0.10799296861769217,0.09000581642056019,-2.463607658498727,-0.05856687576036333,2.52969236411456,1.1452630787513074
24.0,0.03333333333333333,720,720,takeover,cartesian_freedrive,1.0,0.02438738657521313,0.2311964862599266,-0.10912131703682182,0.09012721490364617,-2.4633285382842582,-0.058617753301387014,2.528135869246769,1.1455370161211975
24.033333333333335,0.03333333333333333,721,721,takeover,cartesian_freedrive,1.0,0.024384376155207076,0.23127444085002433,-0.11025316518851402,0.09025327341875562,-2.463053230407702,-0.05867705217106919,2.5265759334689166,1.1458263695197908
24.066666666666666,0.03333333333333333,722,722,takeover,cartesian_freedrive,1.0,0.024381365502420503,0.23135262407226925,-0.1113830379978905,0.0903792447040534,-2.4627757091133993,-0.058736087831345235,2.525015581026509,1.1461153412119878
24.1,0.03333333333333333,723,723,takeover,cartesian_freedrive,1.0,0.024378355117413902,0.23143018797259554,-0.11251084875739568,0.09050584490057426,-2.462495861622742,-0.0587945061806282,2.5234550208174924,1.146403496474372
24.133333333333333,0.03333333333333333,724,724,takeover,cartesian_freedrive,1.0,0.02437534456813399,0.23150783312772763,-0.11363655754451298,0.09063237414597437,-2.462213622232691,-0.05885252151685407,2.5218940591981367,1.1466909957654077
24.166666666666668,0.03333333333333333,725,725,takeover,cartesian_freedrive,1.0,0.02437223017867776,0.23158568069006397,-0.11476574382299419,0.09076378229484781,-2.461935194601512,-0.05891875037618547,2.5203296907583406,1.1469937830807282
24.2,0.03333333333333333,726,726,takeover,cartesian_freedrive,1.0,0.024369115343876376,0.2316639606751716,-0.11589294920458032,0.09089490403000894,-2.461654549367231,-0.058984680338715456,2.5187649235603664,1.1472961387165588
24.233333333333334,0.03333333333333333,727,727,takeover,cartesian_freedrive,1.0,0.02436600058430273,0.231741934785541,-0.1170180689531454,0.09102634437490029,-2.4613715412773582,-0.059050051090739394,2.5171998474774515,1.1475977149025187
24.266666666666666,0.03333333333333333,728,728,takeover,cartesian_freedrive,1.0,0.024362885953151493,0.23181964828808874,-0.11814109400391089,0.09115806916068664,-2.4610861698864355,-0.059114870791641586,2.515634459377744,1.1478985198163012
24.3,0.03333333333333333,729,729,takeover,cartesian_freedrive,1.0,0.024359666582948532,0.23189776690064232,-0.11926756513969466,0.09129449079648967,-2.46080458952478,-0.059187772570649486,2.514065666020055,1.148214529807327
24.333333333333332,0.03333333333333333,730,730,takeover,cartesian_freedrive,1.0,0.024356446896304118,0.23197601764820022,-0.12039206122397236,0.09143092113602733,-2.4605208011698934,-0.059260260239855644,2.512496528088271,1.1485300087588246
24.366666666666667,0.03333333333333333,731,731,takeover,cartesian_freedrive,1.0,0.024353227267976996,0.23205413805668126,-0.12151445810555311,0.09156750970580776,-2.4602346432462237,-0.05933218001270179,2.510927050760792,1.1488446972972646
24.4,0.03333333333333333,732,732,takeover,cartesian_freedrive,1.0,0.024350007686385684,0.23213208171187055,-0.12263474899672888,0.09170430700199156,-2.4599461088365073,-0.0594035290964015,2.5093572440541223,1.1491585901382955
24.433333333333334,0.03333333333333333,733,733,takeover,cartesian_freedrive,1.0,0.02434668275082243,0.23221040257564177,-0.12375846526055481,0.09184585229233587,-2.459661366305557,-0.05948276213656123,2.5077840935386906,1.1494875563318043
24.466666666666665,0.03333333333333333,734,734,takeover,cartesian_freedrive,1.0,0.02434335765756369,0.2322886884925784,-0.12488020663913682,0.09198757826941464,-2.459374423597799,-0.05956149898046625,2.506210617830357,1.1498159228257487
24.5,0.03333333333333333,735,735,takeover,cartesian_freedrive,1.0,0.024340032465323715,0.2323669273631934,-0.12599983787108632,0.09212937610939845,-2.4590850930792425,-0.05963965315730256,2.504636787814351,1.1501434744261678
24.533333333333335,0.03333333333333333,736,736,takeover,cartesian_freedrive,1.0,0.0243367073761201,0.23244498676426623,-0.1271173542946607,0.09227139486333791,-2.4587933833588558,-0.059717196747544964,2.5030626208954434,1.150470196361545
24.566666666666666,0.03333333333333333,737,737,takeover,cartesian_freedrive,1.0,0.024333276222509123,0.2325235927768491,-0.12823826677563205,0.09241801826171163,-2.4585054500899686,-0.059802489491033145,2.501485115704104,1.150811907966419
24.6,0.03333333333333333,738,738,takeover,cartesian_freedrive,1.0,0.02432984505599447,0.23260196205036898,-0.1293572071342605,0.09256502371089745,-2.458215326585479,-0.059887190380979755,2.4999073252708066,1.151152937753196
24.633333333333333,0.03333333333333333,739,739,takeover,cartesian_freedrive,1.0,0.024326413983813463,0.23268008200247223,-0.13047403650332892,0.09271231225357364,-2.4579228249719316,-0.059971218964096996,2.498329214315384,1.1514930818426856
24.666666666666668,0.03333333333333333,740,740,takeover,cartesian_freedrive,1.0,0.02432298280480806,0.2327582611122037,-0.13158873502471424,0.09285958477123346,-2.4576279228855853,-0.06005465533739404,2.496750728853273,1.151832398231858
24.7,0.03333333333333333,741,741,takeover,cartesian_freedrive,1.0,0.02431944473438038,0.23283687292258554,-0.13270681143122637,0.09301159329799266,-2.457336799393112,-0.0601456366410169,2.4951689668873556,1.152186569355313
24.733333333333334,0.03333333333333333,742,742,takeover,cartesian_freedrive,1.0,0.024315906596617996,0.23291533969933337,-0.13382290716110037,0.09316389701506046,-2.457043477467773,-0.06023600628581005,2.4935869008622995,1.1525400326126083
24.766666666666666,0.03333333333333333,743,743,takeover,cartesian_freedrive,1.0,0.024312368536443467,0.23299359821317508,-0.13493688296618447,0.09331644922005448,-2.4567477709752406,-0.060325674456689585,2.492004509672722,1.1528925805422934
24.8,0.03333333333333333,744,744,takeover,cartesian_freedrive,1.0,0.024308830396860322,0.2330718750350076,-0.1360487204021285,0.09346903161465527,-2.456449659692201,-0.06041470673667834,2.4904217462148086,1.1532442614368368
24.833333333333332,0.03333333333333333,745,745,takeover,cartesian_freedrive,1.0,0.024305184870893885,0.23315098610787915,-0.13716389991555156,0.09362597459861789,-2.4561553032572983,-0.0605112033429895,2.4888356801514044,1.1536107526447061
24.866666666666667,0.03333333333333333,746,746,takeover,cartesian_freedrive,1.0,0.024301539596277746,0.2332295292288536,-0.1382771084948848,0.09378362963193629,-2.45585876620971,-0.06060695027379292,2.487249379611359,1.1539764241653716
24.9,0.03333333333333333,747,747,takeover,cartesian_freedrive,1.0,0.024297894519445452,0.23330773046162945,-0.13938819508801845,0.09394166761055156,-2.455559848920257,-0.06070192062331487,2.4856627875013864,1.1543411161541
24.933333333333334,0.03333333333333333,748,748,takeover,cartesian_freedrive,1.0,0.024294249233164686,0.23338610397768395,-0.1404971284492279,0.09409959034105053,-2.4552585108712486,-0.0607962640967702,2.48407578581069,1.1547049412568224
24.966666666666665,0.03333333333333333,749,749,takeover,cartesian_freedrive,1.0,0.02429049628595173,0.23346508288064516,-0.14160938863591122,0.09426211979893498,-2.4549609312493725,-0.06089785830703289,2.4824855419560947,1.1550834363560365
25.0,0.03333333333333333,750,750,takeover,cartesian_freedrive,1.0,0.024286743428250088,0.23354375669675262,-0.142719666102506,0.09442510212172453,-2.4546611611626363,-0.06099870930791923,2.4808950441314517,1.1554611021303443
25.033333333333335,0.03333333333333333,751,751,takeover,cartesian_freedrive,1.0,0.024282990581113047,0.23362231887257554,-0.1438278027022692,0.09458825102047873,-2.454358988633758,-0.0610988187620743,2.479304193036027,1.1558378090243722
25.066666666666666,0.03333333333333333,752,752,takeover,cartesian_freedrive,1.0,0.02427923783736162,0.23370065304467694,-0.14493379434521175,0.09475167334167806,-2.45405441405526,-0.06119816166705784,2.477713018773656,1.1562135368010742
25.1,0.03333333333333333,753,753,takeover,cartesian_freedrive,1.0,0.024275376756577045,0.2337795857687916,-0.14604309424080714,0.09491972167137859,-2.4537535984889582,-0.061304574930911335,2.4761186595556275,1.1566038141704178
25.133333333333333,0.03333333333333333,754,754,takeover,cartesian_freedrive,1.0,0.024271515612999856,0.23385842877670465,-0.1471503948052676,0.09508802370718564,-2.4534505726277964,-0.061410276527875,2.4745239812561457,1.156993278472449
25.166666666666668,0.03333333333333333,755,755,takeover,cartesian_freedrive,1.0,0.024267654549768182,0.23393706975477313,-0.148255550404425,0.09525658140929766,-2.453145144667153,-0.06151517931034059,2.472928970879645,1.157381733520238
25.2,0.03333333333333333,756,756,takeover,cartesian_freedrive,1.0,0.024263793494932986,0.23401561595084588,-0.14935854713533597,0.09542528947428994,-2.4528373014137004,-0.061619319348684344,2.471333608529989,1.1577692056558186
25.233333333333334,0.03333333333333333,757,757,takeover,cartesian_freedrive,1.0,0.024259824021589448,0.23409411680052147,-0.15046485632825377,0.09559926897621956,-2.452533248252339,-0.06173020433187565,2.469735214158353,1.1581710027248087
25.266666666666666,0.03333333333333333,758,758,takeover,cartesian_freedrive,1.0,0.024255854136230756,0.23417295118130288,-0.15156914607023797,0.09577308302906438,-2.4522269613121135,-0.061840439900087196,2.468136439048545,1.1585720198017873
25.3,0.03333333333333333,759,759,takeover,cartesian_freedrive,1.0,0.024251884363609248,0.23425156310710293,-0.15267128308716424,0.09594717705488964,-2.451918267553499,-0.06194984252372019,2.4665373324684117,1.158971995609779
25.333333333333332,0.03333333333333333,760,760,takeover,cartesian_freedrive,1.0,0.024247914488067047,0.23433022414603452,-0.15377124713976972,0.0961212865575985,-2.451607145072157,-0.062058489570999305,2.464937845425635,1.159370987119299
25.366666666666667,0.03333333333333333,761,761,takeover,cartesian_freedrive,1.0,0.024243835158096305,0.23440939952802844,-0.15487448053032007,0.09630013760951506,-2.4512997759639967,-0.062173866616151416,2.463335249159787,1.1597843080040044
25.4,0.03333333333333333,762,762,takeover,cartesian_freedrive,1.0,0.024239755942074143,0.23448826421165547,-0.15597571400855859,0.09647945129183678,-2.4509902051369283,-0.06228839858405117,2.4617323923822467,1.1601966944699795
25.433333333333334,0.03333333333333333,763,763,takeover,cartesian_freedrive,1.0,0.02423567670555487,0.23456708899635875,-0.15707478005291464,0.09665887126725568,-2.4506782139309884,-0.06240211126670564,2.4601291754687096,1.1606080424497742
25.466666666666665,0.03333333333333333,764,764,takeover,cartesian_freedrive,1.0,0.024231597471951527,0.234645675718889,-0.1581691936241994,0.09683860508534435,-2.4503641228558553,-0.06251573320299596,2.4585286718831116,1.1610190654780201
25.5,0.03333333333333333,765,765,takeover,cartesian_freedrive,1.0,0.024227408662602028,0.23472444680660406,-0.1592692696889544,0.09702340040560843,-2.450053452661141,-0.06263508446369313,2.456922184876417,1.161443521826454
25.533333333333335,0.03333333333333333,766,766,takeover,cartesian_freedrive,1.0,0.024223219543911368,0.23480339702414527,-0.16036741660643766,0.0972081793491989,-2.449740591508331,-0.06275366803120923,2.4553152819387756,1.1618670876088892
25.566666666666666,0.03333333333333333,767,767,takeover,cartesian_freedrive,1.0,0.024219030399514903,0.23488230784598937,-0.16146339211655814,0.09739306866338658,-2.4494253078270756,-0.06287140782861038,2.4537080128505457,1.162289590066061
25.6,0.03333333333333333,768,768,takeover,cartesian_freedrive,1.0,0.024214841284491022,0.23496112238692826,-0.16255718359863428,0.09757811907215859,-2.4491075919470653,-0.06298830082487655,2.4521003884892174,1.1627110268664673
25.633333333333333,0.03333333333333333,769,769,takeover,cartesian_freedrive,0.9983625990465645,0.024530335273741804,0.2330857703112314,-0.15890321052340065,0.09671387380491546,-2.4435779397648854,-0.062188124182873276,2.450140520444487,1.1688322346587492
25.666666666666668,0.03333333333333333,770,770,takeover,cartesian_freedrive,0.9967251980931291,0.024846196985809255,0.2312253423793863,-0.15516736633581332,0.0958504180235446,-2.4379667123947897,-0.06139459961421048,2.4481828031778416,1.1750187710388778
25.7,0.03333333333333333,771,771,takeover,cartesian_freedrive,0.9950877971396936,0.025162059225489072,0.22938675414935458,-0.1514232624216176,0.09498394032985305,-2.432335029334522,-0.06059889477014013,2.4462130953915877,1.181222311431535
25.733333333333334,0.03333333333333333,772,772,takeover,cartesian_freedrive,0.9934503961862582,0.025477921226236308,0.22757013406405946,-0.14767160633489684,0.09411413292376973,-2.4266834321447415,-0.05980084586554189,2.4442313626452785,1.187442337029364
25.766666666666666,0.03333333333333333,773,773,takeover,cartesian_freedrive,0.9918129952328227,0.025793783295001677,0.22577534385308554,-0.14391239934874717,0.09324092743474628,-2.4210119108771413,-0.05900041635367495,2.4422375673439953,1.1936787319104392
25.8,0.03333333333333333,774,774,takeover,cartesian_freedrive,0.9901755942793873,0.026109645356705798,0.22400232927281827,-0.14014563535551744,0.09236423359573163,-2.4153203995632775,-0.05819759931760362,2.440231708986003,1.1999313669649918
25.833333333333332,0.03333333333333333,775,775,takeover,cartesian_freedrive,0.9885381933259518,0.026425507647144214,0.22225084656082658,-0.13637131491096063,0.09148408878294906,-2.409608891424491,-0.057392301400842574,2.4382138225764676,1.20620008008601
25.866666666666667,0.03333333333333333,776,776,takeover,cartesian_freedrive,0.9869007923725164,0.026741369635289083,0.2205210290486312,-0.13258943867514167,0.09060022154531591,-2.4038773446508035,-0.05658446067557427,2.4361840277890576,1.2124846898213477
25.9,0.03333333333333333,777,777,takeover,cartesian_freedrive,0.9852633914190809,0.027057231689817926,0.21881275613998788,-0.12879998985813768,0.08971254971924962,-2.3981257335380692,-0.05577404227766397,2.4341422704344775,1.2187850908218152
25.933333333333334,0.03333333333333333,778,778,takeover,cartesian_freedrive,0.9836259904656455,0.027373093832015843,0.21712584071543825,-0.12500295284847315,0.08882111276976674,-2.392353975010639,-0.054961022435220414,2.432088540664306,1.2251011478370457
25.966666666666665,0.03333333333333333,779,779,takeover,cartesian_freedrive,0.98198858951221,0.027688955637269155,0.21546043487208275,-0.12119832374886938,0.08792557296786974,-2.3865620614021537,-0.05414529769340688,2.430022967693005,1.2314326736391097
26.0,0.03333333333333333,780,780,takeover,cartesian_freedrive,0.9803511885587746,0.028004818045137197,0.21381603734582622,-0.1173860676303077,0.08702625006678393,-2.380749911615997,-0.05332687025486308,2.4279453762129535,1.237779601617446
26.033333333333335,0.03333333333333333,781,781,takeover,cartesian_freedrive,0.9787137876053391,0.028320679882314823,0.21219302814676944,-0.11356619059170284,0.08612260998032908,-2.374917518985991,-0.05250558743026504,2.425856047969646,1.2441416757514523
26.066666666666666,0.03333333333333333,782,782,takeover,cartesian_freedrive,0.9770763866519037,0.028636542132481083,0.21059102482868672,-0.10973864054166578,0.08521484593795459,-2.3690647701544796,-0.05168151303220239,2.42375472810404,1.2505188791193536
26.1,0.03333333333333333,783,783,takeover,cartesian_freedrive,0.9754389856984682,0.028952403908153873,0.20901009664342268,-0.10590342219235925,0.08430273724439982,-2.3631916535165876,-0.05085445999847179,2.421641688573485,1.256910940986041
26.133333333333333,0.03333333333333333,784,784,takeover,cartesian_freedrive,0.9738015847450328,0.02926826637175272,0.2074498317610092,-0.10206047868445234,0.08338650245356757,-2.357298067327883,-0.050024475706226194,2.4195166716541974,1.2633178450072866
26.166666666666668,0.03333333333333333,785,785,takeover,cartesian_freedrive,0.9738015847450328,0.029497984613742888,0.20579549494123117,-0.09780805364264342,0.08084792128769328,-2.3537161416631642,-0.04912810289780859,2.420442285126356,1.256259826171349
26.2,0.03333333333333333,786,786,takeover,cartesian_freedrive,0.9738015847450328,0.029727608859317245,0.20412706781356896,-0.0935424728975136,0.07831250367635462,-2.3501197391603115,-0.048182800575154026,2.4213628861385827,1.2490917949359055
26.233333333333334,0.03333333333333333,787,787,takeover,cartesian_freedrive,0.9738015847450328,0.029957233378309307,0.20245330961260516,-0.08925780180441015,0.07580387863897772,-2.3464797280686094,-0.04720242800531856,2.4222521574275055,1.241916739621136
26.266666666666666,0.03333333333333333,788,788,takeover,cartesian_freedrive,0.9738015847450328,0.030186857897920034,0.20077380811503204,-0.08495405615994985,0.0733226732180939,-2.3427957753072586,-0.046187504027919324,2.4231096514714308,1.2347356278516912
26.3,0.03333333333333333,789,789,takeover,cartesian_freedrive,0.9738015847450328,0.030416481666854685,0.19908839634588082,-0.08063140208374833,0.07086900263101444,-2.3390679612916303,-0.045138290847997135,2.423935328187571,1.227548706049357
26.333333333333332,0.03333333333333333,790,790,takeover,cartesian_freedrive,0.9738015847450328,0.030646106046661646,0.1973962441689632,-0.07628996712131343,0.0684436192255827,-2.3352963482285305,-0.04405517835180755,2.4247288000340013,1.22035639088821
26.366666666666667,0.03333333333333333,791,791,takeover,cartesian_freedrive,0.9738015847450328,0.03087573062447846,0.19569681902193528,-0.07192988377435566,0.06604701294888662,-2.331480875054327,-0.042938633246754496,2.425489829765118,1.2131590523857927
26.4,0.03333333333333333,792,792,takeover,cartesian_freedrive,0.9738015847450328,0.03110535491407994,0.1939901279465963,-0.0675513098817408,0.06367908353353982,-2.3276216811771504,-0.04178895884971833,2.4262183920479368,1.2059569851532792
26.433333333333334,0.03333333333333333,793,793,takeover,cartesian_freedrive,0.9738015847450328,0.03133497940681045,0.19227553072141967,-0.06315434920585104,0.061340412339870476,-2.323718685429195,-0.040606752949202,2.4269140691828084,1.198750687336141
26.466666666666665,0.03333333333333333,794,794,takeover,cartesian_freedrive,0.9738015847450328,0.03156460446654445,0.19055190077989323,-0.05873914747995449,0.05903203837471334,-2.3197719603669915,-0.039392375847385204,2.4275767460185977,1.1915405069970615
26.5,0.03333333333333333,795,795,takeover,cartesian_freedrive,0.9738015847450328,0.031794228989528786,0.18882010501170596,-0.054305817632128134,0.05675301282371359,-2.3157814985206193,-0.03814643621412282,2.4282062231525683,1.184326904461045
26.533333333333335,0.03333333333333333,796,796,takeover,cartesian_freedrive,0.9738015847450328,0.032023854174761404,0.18707818999444328,-0.04985449232102616,0.05450520020748759,-2.311747320655937,-0.03686936437811788,2.4288023043910574,1.1771102919099687
26.566666666666666,0.03333333333333333,797,797,takeover,cartesian_freedrive,0.9738015847450328,0.03225347893949921,0.18532714309673037,-0.045385280968093106,0.05228751852758299,-2.307669458144387,-0.03556178412482646,2.4293648159840897,1.1698911499087756
26.6,0.03333333333333333,798,798,takeover,cartesian_freedrive,0.9738015847450328,0.032483103748580544,0.18356553470035314,-0.040898316204006475,0.050101300206994735,-2.3035479430539016,-0.03422416673416438,2.42989365097,1.1626698958558381
26.633333333333333,0.03333333333333333,799,799,takeover,cartesian_freedrive,0.9738015847450328,0.03271272816271645,0.18179388967366827,-0.03639368565906815,0.04794591116387098,-2.299382727223921,-0.032857252322388314,2.430388512487313,1.1554470948156597
26.666666666666668,0.03333333333333333,800,800,takeover,cartesian_freedrive,0.9738015847450328,0.03294235342795741,0.18001022022519944,-0.03187151183127678,0.04582325832649375,-2.295173849064798,-0.03146155629707547,2.4308492449379764,1.148223228613755
26.7,0.03333333333333333,801,801,takeover,cartesian_freedrive,0.9738015847450328,0.03317197811117556,0.17821584124068665,-0.02733188500645421,0.043731889930473486,-2.290921283633976,-0.0300378400067445,2.4312756606045505,1.1409988432400142
26.733333333333334,0.03333333333333333,802,802,takeover,cartesian_freedrive,0.9738015847450328,0.0334016028509507,0.17640947670548954,-0.022774916699604682,0.041672976316120255,-2.2866250574021274,-0.028586703428721574,2.431667620504491,1.133774454612733
26.766666666666666,0.03333333333333333,803,803,takeover,cartesian_freedrive,0.9738015847450328,0.0336312279399565,0.17459049879341831,-0.018200700237077712,0.039647058232971835,-2.2822851432954483,-0.02710886893737862,2.432024918373148,1.126550640437684
26.8,0.03333333333333333,804,804,takeover,cartesian_freedrive,0.9738015847450328,0.03386085268955779,0.1727592536647355,-0.013609326770546234,0.037653630713809325,-2.277901532105163,-0.025605083849928222,2.4323473978251258,1.1193279650075054
26.833333333333332,0.03333333333333333,805,805,takeover,cartesian_freedrive,0.9738015847450328,0.034090477655701286,0.17091479165750018,-0.009000889857280177,0.035693561313803926,-2.2734742196715017,-0.024076066466102705,2.4326348913987994,1.1121070170345222
26.866666666666667,0.03333333333333333,806,806,takeover,cartesian_freedrive,0.9738015847450328,0.0343201025171565,0.16905706673880574,-0.004375474513323284,0.033766741096898256,-2.26900318251261,-0.022522600207832668,2.432887237388074,1.1048883952736688
26.9,0.03333333333333333,807,807,takeover,cartesian_freedrive,0.9738015847450328,0.03454972747422182,0.16718554992407558,0.0002668336670350104,0.03187361316009853,-2.2644884058084016,-0.020945461008385912,2.4331042802061402,1.0976727123308698
26.933333333333334,0.03333333333333333,808,808,takeover,cartesian_freedrive,0.9738015847450328,0.034779352403263276,0.16529999898666634,0.004925954963636853,0.030014259423928914,-2.2599298603689046,-0.01934546204819052,2.4332858657911935,1.0904605925728055
26.966666666666665,0.03333333333333333,809,809,takeover,cartesian_freedrive,0.9738015847450328,0.03500897735220576,0.1634000976970798,0.009601811525148706,0.028188890705999038,-2.2553275260310337,-0.017723422658260234,2.4334318451681245,1.0832526717731263
27.0,0.03333333333333333,810,810,takeover,cartesian_freedrive,0.9738015847450328,0.035238602294187,0.16148554501023551,0.014294329226799418,0.026397661463134974,-2.250681371355753,-0.016080184289599665,2.433542074538181,1.0760495957987908
27.033333333333335,0.03333333333333333,811,811,takeover,cartesian_freedrive,0.9738015847450328,0.0354682272351227,0.15955605569852785,0.019003437093816467,0.024640753044203528,-2.245991358931356,-0.014416606959020313,2.433616411791237,1.0688520223910913
27.066666666666666,0.03333333333333333,812,812,takeover,cartesian_freedrive,0.9738015847450328,0.035697852191087176,0.15761136004102616,0.023729066997636834,0.022918285971523403,-2.241257459024595,-0.012733557509025542,2.433654721930876,1.0616606166825633
27.1,0.03333333333333333,813,813,takeover,cartesian_freedrive,0.9738015847450328,0.035927477123554624,0.15565120589624792,0.0284711548200966,0.021230377628621785,-2.236479623236627,-0.01103192692770762,2.4336568734547934,1.0544760527357724
27.133333333333333,0.03333333333333333,814,814,takeover,cartesian_freedrive,0.9738015847450328,0.03615710206238115,0.15367535786504752,0.03322963897500767,0.019577132188941117,-2.231657814172649,-0.00931260966195365,2.4336227395414984,1.0472990125624162
27.166666666666668,0.03333333333333333,815,815,takeover,cartesian_freedrive,0.9738015847450328,0.036386727010014046,0.15168359860615105,0.0380044617490347,0.017958655507327496,-2.2267919806260177,-0.007576518670014532,2.4335521978604953,1.040130184927623
27.2,0.03333333333333333,816,816,takeover,cartesian_freedrive,0.9738015847450328,0.03661635195466591,0.14967572889815633,0.042795568605080395,0.0163749940548724,-2.221882072182381,-0.005824573948729759,2.433445130580869,1.0329702640816234
27.233333333333334,0.03333333333333333,817,817,takeover,cartesian_freedrive,0.9738015847450328,0.03684597689411953,0.14765156824325926,0.04760290853267705,0.014826196098402968,-2.216928032772081,-0.00405770681271594,2.433301424647415,1.0258199500442637
27.266666666666666,0.03333333333333333,818,818,takeover,cartesian_freedrive,0.9738015847450328,0.03707560184131366,0.14561095505505722,0.05242643404497569,0.013312307422408487,-2.211929802772681,-0.0022768558743359096,2.4331209714011526,1.0186799463843843
27.3,0.03333333333333333,819,819,takeover,cartesian_freedrive,0.9738015847450328,0.037305226781473286,0.1435537470085442,0.05726610117832402,0.011833319191471061,-2.2068873189219507,-0.00048296695439201516,2.432903666953634,1.0115509604010766
27.333333333333332,0.03333333333333333,820,820,takeover,cartesian_freedrive,0.9738015847450328,0.03753485172293097,0.14147982131706496,0.06212186967997494,0.01038923462427623,-2.2018005134465826,0.0013230082995299478,2.4326494118888204,1.0044337015978013
27.366666666666667,0.03333333333333333,821,821,takeover,cartesian_freedrive,0.9738015847450328,0.037764476658778856,0.1393890750043066,0.06699370313017688,0.008980025077745596,-2.1966693121824465,0.003140112324618737,2.4323581113542994,0.997328880998573
27.4,0.03333333333333333,822,822,takeover,cartesian_freedrive,0.9738015847450328,0.037994101595386284,0.13728142480314565,0.07188156858778977,0.007605634325661829,-2.191493643221936,0.004967388388716057,2.4320296750328194,0.9902372102119736
27.433333333333334,0.03333333333333333,823,823,takeover,cartesian_freedrive,0.9738015847450328,0.038223726533346464,0.13515680755335804,0.07678543733005488,0.006266003068403061,-2.186273424816011,0.0068038742672203644,2.4316640170159376,0.9831594005488905
27.466666666666665,0.03333333333333333,824,824,takeover,cartesian_freedrive,0.9738015847450328,0.03845335147190729,0.13301518024253695,0.08170528468267671,0.004961049687857948,-2.18100857073317,0.00864860713724502,2.431261055696667,0.9760961619429233
27.5,0.03333333333333333,825,825,takeover,cartesian_freedrive,0.9738015847450328,0.03868297640520761,0.13085651986220564,0.08664109009363347,0.003690669366968417,-2.1756989895785774,0.010500624376124137,2.430820713737395,0.9690482020996392
27.533333333333335,0.03333333333333333,826,826,takeover,cartesian_freedrive,0.9738015847450328,0.038912601344470346,0.12868082352365143,0.09159283715066197,0.0024547495914235785,-2.1703445873628415,0.012358966095728265,2.4303429180337535,0.962016226136673
27.566666666666666,0.03333333333333333,827,827,takeover,cartesian_freedrive,0.9738015847450328,0.039142226284323164,0.12648810813623168,0.09656051380078463,0.00125314216309981,-2.164945264354903,0.01422267546732958,2.4298275998886263,0.9550009343140161
27.6,0.03333333333333333,828,828,takeover,cartesian_freedrive,0.9738015847450328,0.039371851214546165,0.12427841062295701,0.10154411271531202,8.567721208171754e-05,-2.1595009150559714,0.016090798068243234,2.429274692551814,0.9480030238122338
27.633333333333333,0.03333333333333333,829,829,takeover,cartesian_freedrive,0.9738015847450328,0.03960147614251872,0.12205178740613269,0.10654363085996495,-0.0010478131014412101,-2.1540114302627535,0.01796238763762526,2.4286841366629344,0.9410231829929182
27.666666666666668,0.03333333333333333,830,830,takeover,cartesian_freedrive,0.9738015847450328,0.03983110108165322,0.11980831445030221,0.11155907023478878,-0.0021475021205126215,-2.148476692018303,0.01983650067529252,2.4280558736323874,0.9340620968324942
27.7,0.03333333333333333,831,831,takeover,cartesian_freedrive,0.9738015847450328,0.040060726011546754,0.11754808687581415,0.11659043751628369,-0.0032136291746511165,-2.1428965804037703,0.021712204394530664,2.427389849477821,0.9271204412954627
27.733333333333334,0.03333333333333333,832,832,takeover,cartesian_freedrive,0.9738015847450328,0.040290350944263434,0.11527121859220092,0.12163774471430958,-0.004246406032865856,-2.137270965925469,0.023588571001937883,2.4266860117726226,0.920198885942675
27.766666666666666,0.03333333333333333,833,833,takeover,cartesian_freedrive,0.9738015847450328,0.04051997588075382,0.11297784209192577,0.12670100849996108,-0.0052460863299041306,-2.1315997208176363,0.0254646893640506,2.425944314302453,0.9132980879921896
27.8,0.03333333333333333,834,834,takeover,cartesian_freedrive,0.9738015847450328,0.04074960081057298,0.110668107919357,0.13178025182023614,-0.006212914234469234,-2.125882693989105,0.02733964724762676,2.425164711582285,0.9064186982832614
27.833333333333332,0.03333333333333333,835,835,takeover,cartesian_freedrive,0.9738015847450328,0.040979225740829704,0.10834218447068607,0.13687550189417716,-0.007147190073421853,-2.120119751601906,0.0292125574608443,2.424347159683934,0.8995613571485289
27.866666666666667,0.03333333333333333,836,836,takeover,cartesian_freedrive,0.9738015847450328,0.04120885067462996,0.1060002571606419,0.141986792750267,-0.008049173170524216,-2.114310731219253,0.031082534808874265,2.423491620474151,0.8927266910688714
27.9,0.03333333333333333,837,837,takeover,cartesian_freedrive,0.9738015847450328,0.04143847559554824,0.1036425283859427,0.14711416354985088,-0.008919198180838073,-2.1084554749934443,0.03294871301831203,2.4225980555194835,0.885915317428589
27.933333333333334,0.03333333333333333,838,838,takeover,cartesian_freedrive,0.9738015847450328,0.04166810052446436,0.10126921654231488,0.15225765972627353,-0.009757554880675885,-2.102553815014392,0.03481023767254465,2.4216664274757322,0.8791278417327738
27.966666666666665,0.03333333333333333,839,839,takeover,cartesian_freedrive,0.9738015847450328,0.04189772545495435,0.09888055593110363,0.15741733266723582,-0.010564586467527323,-2.096605576710532,0.03666627207867522,2.42069670384634,0.8723648537963119
28.0,0.03333333333333333,840,840,takeover,cartesian_freedrive,0.9738015847450328,0.0421273503809808,0.09647679593584148,0.16259323981461543,-0.011340650719006688,-2.0906105831280013,0.038515997213009794,2.419688851227938,0.8656269322670637
28.033333333333335,0.03333333333333333,841,841,takeover,cartesian_freedrive,0.9738015847450328,0.042356975317074996,0.09405820031884506,0.1677854457886594,-0.012086082851308555,-2.084568638951529,0.040358604132473754,2.418642836490359,0.8589146424723894
28.066666666666666,0.03333333333333333,842,842,takeover,cartesian_freedrive,0.9738015847450328,0.04258660024429313,0.09162504681049594,0.17299402177447187,-0.01280125863862937,-2.078479540775572,0.04219330393099126,2.417558630403863,0.8522285323532126
28.1,0.03333333333333333,843,843,takeover,cartesian_freedrive,0.9738015847450328,0.04281622516261156,0.08917762658554224,0.17821904512838208,-0.013486572456755904,-2.0723430887072514,0.04401932874413669,2.416436200411432,0.8455691391534003
28.133333333333333,0.03333333333333333,844,844,takeover,cartesian_freedrive,0.9738015847450328,0.04304585008737931,0.08671624308322938,0.18346060122134167,-0.014142379013297844,-2.0661590567461516,0.045835923398172496,2.4152755178377414,0.8389369808217397
28.166666666666668,0.03333333333333333,845,845,takeover,cartesian_freedrive,0.9738015847450328,0.04327547502306249,0.08424121234090508,0.18871878109142926,-0.014769105297716122,-2.0599272357258167,0.047642363527828475,2.4140765509229882,0.8323325630089622
28.2,0.03333333333333333,846,846,takeover,cartesian_freedrive,0.9738015847450328,0.0435050999493937,0.08175286089173311,0.1939936853554495,-0.015367138396937237,-2.053647371948427,0.04943792618659041,2.4128392696275425,0.8257563731348775
28.233333333333334,0.03333333333333333,847,847,takeover,cartesian_freedrive,0.9738015847450328,0.0437347248607239,0.07925152626097404,0.199285420949564,-0.01593690514668429,-2.047319219487172,0.05122191811813074,2.4115636418474957,0.819208884155241
28.266666666666666,0.03333333333333333,848,848,takeover,cartesian_freedrive,0.9738015847450328,0.04396434978996074,0.07673755670620414,0.204594101161823,-0.016478834521189523,-2.040942549161771,0.052993678664472674,2.4102496333469188,0.8126905534447976
28.3,0.03333333333333333,849,849,takeover,cartesian_freedrive,0.9738015847450328,0.04547348006016819,0.0802363417469907,0.2043698855489088,-0.015575122571901256,-2.0443267944132937,0.05144824785451505,2.4107308506853027,0.8225040127347706
28.333333333333332,0.03333333333333333,850,850,takeover,cartesian_freedrive,0.9738015847450328,0.04698464617795037,0.08378304036389761,0.20411405610447733,-0.014648449699700975,-2.047776497626178,0.049911082096490894,2.4112330310681713,0.8324265664868096
28.366666666666667,0.03333333333333333,851,851,takeover,cartesian_freedrive,0.9738015847450328,0.048495818489955336,0.08732391834731754,0.2039072110898173,-0.013706388661128013,-2.0511649470883024,0.04842164178426807,2.4117161751966205,0.8423295709275858
28.4,0.03333333333333333,852,852,takeover,cartesian_freedrive,0.9738015847450328,0.0500069908227127,0.09085878565534121,0.2037500976502103,-0.012749250129865759,-2.0544911191523143,0.04698049354265521,2.4121804633827755,0.8522116251222079
28.433333333333334,0.03333333333333333,853,853,takeover,cartesian_freedrive,0.9738015847450328,0.050553054100510184,0.09089823904000996,0.20374820135333194,-0.012740938366437093,-2.054525118095326,0.046961313061839496,2.4121818413148484,0.8523186163966454
28.466666666666665,0.03333333333333333,854,854,takeover,cartesian_freedrive,0.9738015847450328,0.05109743841602539,0.0909165591907004,0.20374650510083422,-0.012736042529948715,-2.0545425611833505,0.046953109212107304,2.41218467072654,0.8523693777515366
28.5,0.03333333333333333,855,855,takeover,cartesian_freedrive,0.9738015847450328,0.05164182074853545,0.09093178275843351,0.20374617140392876,-0.012731784195327153,-2.0545576687707476,0.046948121964516296,2.412186308451666,0.8524132323971707
28.533333333333335,0.03333333333333333,856,856,takeover,cartesian_freedrive,0.9738015847450328,0.05218620307757768,0.09095047100778067,0.2037444301374457,-0.01272676546115286,-2.054575180644578,0.046939659780663195,2.412189351976564,0.8524645373989929
28.566666666666666,0.03333333333333333,857,857,takeover,cartesian_freedrive,0.9738015847450328,0.052387570874515225,0.09095229937271425,0.20374336665540707,-0.012726361914046826,-2.0545771046901784,0.04693778769687955,2.412190196867828,0.8524687561292573
28.6,0.03333333333333333,858,858,takeover,cartesian_freedrive,0.9738015847450328,0.052588534251997006,0.09095371981653198,0.20374239223412122,-0.012726052958090251,-2.0545787879111534,0.04693638788209704,2.412190911691338,0.8524718652381348
28.633333333333333,0.03333333333333333,859,859,takeover,cartesian_freedrive,0.9738015847450328,0.05278949715267086,0.09095483007180588,0.20374150090771304,-0.012725805951915742,-2.0545803152000897,0.0469353181192927,2.4121915211770126,0.8524742960382551
28.666666666666668,0.03333333333333333,860,860,takeover,cartesian_freedrive,0.9738015847450328,0.05299046005278327,0.09095569893456765,0.20374068906547438,-0.012725607068374547,-2.0545817020346107,0.04693450465965907,2.41219204420679,0.852476199996895
28.7,0.03333333333333333,861,861,takeover,cartesian_freedrive,0.9738015847450328,0.05306410700911503,0.09095637445083395,0.20373990733961062,-0.012725457095328997,-2.0545829015323265,0.046933821592294506,2.412192555865165,0.8524776202190453
28.733333333333334,0.03333333333333333,862,862,takeover,cartesian_freedrive,0.9738015847450328,0.05313760385761011,0.09095688968893421,0.20373919964609208,-0.012725346771252114,-2.0545839789180187,0.04693328273655762,2.4121930188761547,0.8524786904063955
28.766666666666666,0.03333333333333333,863,863,takeover,cartesian_freedrive,0.9738015847450328,0.05321110052912787,0.09095728133179735,0.20373856322149908,-0.0127252639625866,-2.054584950492714,0.04693286652335126,2.4121934357587382,0.8524794930952156
28.8,0.03333333333333333,864,864,takeover,cartesian_freedrive,0.9738015847450328,0.05328459720043838,0.09095757763959908,0.2037379917323547,-0.012725200646768272,-2.0545858272152637,0.04693254953910117,2.4121938111047947,0.8524800884006032
28.833333333333332,0.03333333333333333,865,865,takeover,cartesian_freedrive,0.9738015847450328,0.05331152230949865,0.09095779683738921,0.20373747811672388,-0.012725153815356315,-2.0545866177376815,0.046932313315202104,2.4121941503465463,0.8524805206780753
28.866666666666667,0.03333333333333333,866,866,takeover,cartesian_freedrive,0.9738015847450328,0.053338392509829594,0.09095795702898643,0.20373701703078784,-0.012725118752030322,-2.0545873309751945,0.04693213948678891,2.412194456877667,0.8524808252741339
28.9,0.03333333333333333,867,867,takeover,cartesian_freedrive,0.9738015847450328,0.05336526264542296,0.09095807130303075,0.2037366031634132,-0.012725092769232333,-2.054587974522396,0.04693201416311529,2.4121947339551557,0.8524810304940585
28.933333333333334,0.03333333333333333,868,868,takeover,cartesian_freedrive,0.9738015847450328,0.053392132780940654,0.09095814974407007,0.20373623138717678,-0.012725074070793789,-2.0545885549541074,0.04693192612080204,2.4121949851571123,0.8524811586073225
28.966666666666665,0.03333333333333333,869,869,takeover,cartesian_freedrive,0.9738015847450328,0.053401974788542944,0.09095819987272676,0.20373589754589305,-0.012725061220998013,-2.0545890786779584,0.04693186816648603,2.41219521278719,0.8524812274862053
29.0,0.03333333333333333,870,870,takeover,cartesian_freedrive,0.9738015847450328,0.05341179671966935,0.09095822828009237,0.20373559814788525,-0.01272505251112909,-2.054589551616709,0.04693183347983319,2.4121954179494174,0.8524812498105885
29.033333333333335,0.03333333333333333,871,871,takeover,cartesian_freedrive,0.9738015847450328,0.05342161862712577,0.09095823963183769,0.20373532953828355,-0.012725047248424276,-2.054589978539002,0.046931816557606754,2.4121956023224636,0.8524812360875343
29.066666666666666,0.03333333333333333,872,872,takeover,cartesian_freedrive,0.9738015847450328,0.05343144053455462,0.090958237827948,0.2037350870179606,-0.012725044645148127,-2.0545903625739883,0.04693181289829695,2.41219577109033,0.8524811940140005
29.1,0.03333333333333333,873,873,takeover,cartesian_freedrive,0.9718005503649199,0.05344352898698099,0.08957041895202657,0.2074511255788935,-0.013479893888463945,-2.0484649821728875,0.047156991346293496,2.4095517377029982,0.8501726330904085
29.133333333333333,0.03333333333333333,874,874,takeover,cartesian_freedrive,0.969799515984807,0.05345562563888443,0.08817201961798234,0.2112359070141809,-0.014228692063198121,-2.042222802305869,0.04738464576399124,2.406850349881825,0.8478595752108515
29.166666666666668,0.03333333333333333,875,875,takeover,cartesian_freedrive,0.9677984816046941,0.053467722301383,0.08677353036582904,0.21503567643603072,-0.014968750814695186,-2.0359508770793986,0.047612650993951317,2.4041347800117783,0.8455579864735554
29.2,0.03333333333333333,876,876,takeover,cartesian_freedrive,0.9657974472245812,0.0534798189661715,0.08537500687772422,0.21884998088345453,-0.01570009989934195,-2.0296498861917565,0.04784091782510625,2.401405360230028,0.843267955990856
29.233333333333334,0.03333333333333333,877,877,takeover,cartesian_freedrive,0.9637964128444683,0.05349191571741124,0.08397643320591722,0.2226789598833435,-0.01642282596702997,-2.023319582216674,0.04806935612153777,2.398661891105776,0.8409895153147463
29.266666666666666,0.03333333333333333,878,878,takeover,cartesian_freedrive,0.9617953784643554,0.053504012380660076,0.08257781151491718,0.22652272951466612,-0.01713700454467574,-2.016959694157425,0.048297971760400044,2.395904398250046,0.8387225789031137
29.3,0.03333333333333333,879,879,takeover,cartesian_freedrive,0.9597943440842425,0.0535161090518608,0.0811791254189291,0.23038144241211084,-0.017842714867065394,-2.010569955246744,0.04852667994384308,2.393132673591604,0.8364671761637589
29.333333333333332,0.03333333333333333,880,880,takeover,cartesian_freedrive,0.9577933097041296,0.05352820597281793,0.07978023203821102,0.23425527770418564,-0.01853986675429089,-2.004149989649451,0.048755284076593804,2.3903464017098908,0.8342234091862227
29.366666666666667,0.03333333333333333,881,881,takeover,cartesian_freedrive,0.9557922753240167,0.053540302652623536,0.07838138733409496,0.2381443232246848,-0.019228845359761895,-1.9976996654275494,0.04898399612003357,2.3875457984339317,0.8319910480028386
29.4,0.03333333333333333,882,882,takeover,cartesian_freedrive,0.9537912409439038,0.053552399317734534,0.07698245172495671,0.24204876575535578,-0.019909564307488567,-1.9912185898417245,0.049212624488339546,2.384730547786807,0.8297701902857806
29.433333333333334,0.03333333333333333,883,883,takeover,cartesian_freedrive,0.9517902065637909,0.05356449627738909,0.07558328477156581,0.24596880893540987,-0.02058194253674157,-1.9847063667552518,0.049440947299187556,2.381900247441669,0.8275609721702026
29.466666666666665,0.03333333333333333,884,884,takeover,cartesian_freedrive,0.949789172183678,0.05357659294801995,0.07418413222112284,0.24990452878943664,-0.02124635731751141,-1.978162872821261,0.049669255111320906,2.3790552546938826,0.8253630939046133
29.5,0.03333333333333333,885,885,takeover,cartesian_freedrive,0.9477881378035651,0.05358868961167237,0.07278485737709435,0.2538561373543327,-0.021902733684261214,-1.9715876858212746,0.04989732773480932,2.37619516852523,0.8231766863841532
29.533333333333335,0.03333333333333333,886,886,takeover,cartesian_freedrive,0.9457871034234522,0.05360078627545332,0.07138544845837762,0.2578238080988932,-0.022551137983488505,-1.964980476475959,0.05012511685294542,2.3733198316599067,0.8210017388761047
29.566666666666666,0.03333333333333333,887,887,takeover,cartesian_freedrive,0.9437860690433393,0.053612882946547494,0.06998589435903509,0.2618077194790129,-0.02319163788532358,-1.9583409042289428,0.05035257523715577,2.3704290833813793,0.8188382393004722
29.6,0.03333333333333333,888,888,takeover,cartesian_freedrive,0.9417850346632264,0.05362497982540541,0.06858607464611441,0.2658080790019496,-0.02382416566602764,-1.9516685539421734,0.050579551634549,2.3675226308583017,0.816686259443392
29.633333333333333,0.03333333333333333,889,889,takeover,cartesian_freedrive,0.9417850346632264,0.05360364915359144,0.06837848819425314,0.2662298228208481,-0.023883434108984872,-1.9509816075162076,0.05065522362637666,2.367281960017305,0.8162855820805377
29.666666666666668,0.03333333333333333,890,890,takeover,cartesian_freedrive,0.9417850346632264,0.053582275540923055,0.06817978371611087,0.2666181532352082,-0.023940728823042996,-1.9503495182776185,0.05072914426132313,2.3670688572073626,0.8158973370004741
29.7,0.03333333333333333,891,891,takeover,cartesian_freedrive,0.9417850346632264,0.05356090187015931,0.06798110941550486,0.26700560190879835,-0.023997889052899315,-1.9497188641509517,0.0508030359994168,2.366856443357642,0.815509312424928
29.733333333333334,0.03333333333333333,892,892,takeover,cartesian_freedrive,0.9417850346632264,0.05353952819904664,0.06778241317268735,0.2673931844778154,-0.024054926741059763,-1.949087938006586,0.05087691521480172,2.366643890007379,0.8151214427186657
29.766666666666666,0.03333333333333333,893,893,takeover,cartesian_freedrive,0.9417850346632264,0.05353102258489684,0.06778139030981793,0.2673972528146363,-0.024055170976020748,-1.949081130383138,0.05087714551844711,2.3666409051898047,0.815118847213089
29.8,0.03333333333333333,894,894,takeover,cartesian_freedrive,0.9417850346632264,0.053522531823179585,0.06778080874287425,0.26739939797444057,-0.024055391717728046,-1.9490774152123547,0.05087716595328398,2.366639437379341,0.8151177177735769
29.833333333333332,0.03333333333333333,895,895,takeover,cartesian_freedrive,0.9417850346632264,0.05351404107881727,0.06778012463440136,0.26740152474978124,-0.024055632421518865,-1.9490737744674858,0.050877258700017684,2.3666380321305547,0.8151163925503339
29.866666666666667,0.03333333333333333,896,896,takeover,cartesian_freedrive,0.9417850346632264,0.05350555033447559,0.06777936402639309,0.2674036400485613,-0.024055883672229703,-1.9490701884879111,0.050877417607662706,2.366636673261616,0.8151149145310018
29.9,0.03333333333333333,897,897,takeover,cartesian_freedrive,0.9417850346632264,0.05350240519703389,0.06777878488368562,0.26740563708091114,-0.02405599822720892,-1.9490670145230924,0.05087776921440054,2.366635317393986,0.8151138577912334
29.933333333333334,0.03333333333333333,898,898,takeover,cartesian_freedrive,0.9417850346632264,0.053499266362131544,0.06777833844844976,0.26740744645241465,-0.024056058428624023,-1.9490641286138473,0.05087810457920436,2.3666340524554004,0.8151130521784808
29.966666666666665,0.03333333333333333,899,899,takeover,cartesian_freedrive,0.9417850346632264,0.05349612753464989,0.06777798617114794,0.26740908214902437,-0.02405609697209666,-1.9490614974178682,0.05087838409869491,2.366632883192815,0.8151124220624341
30.0,0.03333333333333333,900,900,takeover,cartesian_freedrive,0.9417850346632264,0.05349298870717212,0.06777770350021828,0.26741056226741766,-0.024056125114189243,-1.949059097769124,0.05087860907496627,2.366631805606548,0.8151119216187583
30.033333333333335,0.03333333333333333,901,901,takeover,cartesian_freedrive,0.9417850346632264,0.053491824445564176,0.06777747479417787,0.26741190271023957,-0.024056146276285776,-1.9490569111280012,0.05087878981776286,2.366630813751724,0.8151115213365245
30.066666666666666,0.03333333333333333,902,902,takeover,cartesian_freedrive,0.9417850346632264,0.053490662512003,0.06777728734293155,0.26741311720993133,-0.02405616291420229,-1.9490549181051728,0.05087893505802052,2.366629902815809,0.8151111966595136
30.1,0.03333333333333333,903,903,takeover,cartesian_freedrive,0.9417850346632264,0.05348950058118433,0.06777713166184199,0.2674142187386759,-0.024056176171643906,-1.9490531018906758,0.05087905292898566,2.3666290665130507,0.8151109291584888
30.133333333333333,0.03333333333333333,904,904,takeover,cartesian_freedrive,0.9417850346632264,0.05348833865036668,0.06777700045265321,0.2674152181072785,-0.02405618703324858,-1.9490514464607516,0.050879149670280496,2.3666283001509627,0.8151107051197344
30.166666666666668,0.03333333333333333,905,905,takeover,cartesian_freedrive,0.9417850346632264,0.05348790706364956,0.06777688847997848,0.26741612547754046,-0.024056196127492484,-1.949049937776161,0.05087923018777418,2.3666275984507266,0.81511051522929
30.2,0.03333333333333333,906,906,takeover,cartesian_freedrive,0.9417850346632264,0.05348747633801994,0.06777679163180336,0.2674169499116507,-0.024056203661811753,-1.9490485630348637,0.05087929823436454,2.3666269559394757,0.8151103509844273
30.233333333333334,0.03333333333333333,907,907,takeover,cartesian_freedrive,0.9417850346632264,0.05348704561340388,0.0677767065409183,0.2674176990200957,-0.02405621007511143,-1.949047310069584,0.05087935666145253,2.3666263685029536,0.8151102061916341
30.266666666666666,0.03333333333333333,908,908,takeover,cartesian_freedrive,0.9417850346632264,0.05348661488878759,0.06777663066813533,0.267418380038863,-0.024056215598393584,-1.94904616822339,0.050879407755102773,2.36662583164647,0.8151100761037172
30.3,0.03333333333333333,909,909,takeover,cartesian_freedrive,0.9417850346632264,0.05348645457829301,0.06777656209332353,0.26741899963919813,-0.024056220334720872,-1.9490451279280576,0.050879453356453476,2.3666253405062267,0.8151099571359808
30.333333333333332,0.03333333333333333,910,910,takeover,cartesian_freedrive,0.9417850346632264,0.05348629458662037,0.06777649924021618,0.2674195631675516,-0.02405622453281862,-1.9490441797933327,0.050879494696574205,2.3666248918574766,0.8151098465689577
30.366666666666667,0.03333333333333333,911,911,takeover,cartesian_freedrive,0.9417850346632264,0.053486134595322476,0.0677764409231223,0.26742007571719084,-0.024056228362942043,-1.9490433155685036,0.050879532714773724,2.3666244825968006,0.8151097423834114
30.4,0.03333333333333333,912,912,takeover,cartesian_freedrive,0.9417850346632264,0.05348597460402414,0.06777638629304701,0.2674205425196028,-0.024056231723632325,-1.9490425283535404,0.050879568365951526,2.3666241082527684,0.8151096428210091
30.433333333333334,0.03333333333333333,913,913,takeover,cartesian_freedrive,0.9427645560946347,0.05351117700360013,0.06491994142773796,0.2699530797915423,-0.02453426549504894,-1.9427018851111921,0.053349455518682996,2.3627020787527186,0.8102286498516383
30.466666666666665,0.03333333333333333,914,914,takeover,cartesian_freedrive,0.9437440775260431,0.05353641504618627,0.06204355773258987,0.27256630723123576,-0.025008110005763112,-1.9362201734518054,0.05581665517338228,2.3586983100179353,0.8053496255577676
30.5,0.03333333333333333,915,915,takeover,cartesian_freedrive,0.9447235989574514,0.05356165315748802,0.05917024557391228,0.27521852279512504,-0.025476562070806463,-1.9296803775788094,0.058263824952291,2.3546636913389696,0.8005095018056155
30.533333333333335,0.03333333333333333,916,916,takeover,cartesian_freedrive,0.9457031203888597,0.05358689125498414,0.056300069412663814,0.2779093921785446,-0.02593953224483535,-1.9230830034211708,0.060690929446009935,2.350598646846123,0.7957084925819445
30.566666666666666,0.03333333333333333,917,917,takeover,cartesian_freedrive,0.9466826418202681,0.05361212934107594,0.05343295099410923,0.28063909865103487,-0.026396975744854844,-1.9164276632518709,0.06309806716020142,2.346503085915838,0.7909465882987334
30.6,0.03333333333333333,918,918,takeover,cartesian_freedrive,0.9476621632516764,0.053637367417491595,0.050568810558766115,0.28340784076484027,-0.02684883528794809,-1.909713929610566,0.06548533300916377,2.3423769050366445,0.7862237775251559
30.633333333333333,0.03333333333333333,919,919,takeover,cartesian_freedrive,0.9486416846830847,0.053662605506179704,0.047707566500373846,0.2862158288148969,-0.027295002164438757,-1.9029413207697403,0.06785280894987464,2.3382199920697424,0.7815400479848538
30.666666666666668,0.03333333333333333,920,920,takeover,cartesian_freedrive,0.9496212061144931,0.05368784359028858,0.04484913940773343,0.2890632789155486,-0.027735449210343138,-1.8961093909945954,0.0702006004336762,2.3340322262616113,0.7768953865658833
30.7,0.03333333333333333,921,921,takeover,cartesian_freedrive,0.9496212061144931,0.05367946456475427,0.041531856833713805,0.29001379107235514,-0.028173669213697582,-1.89276761350677,0.07210811887871411,2.3321768699798215,0.7696444425226563
30.733333333333334,0.03333333333333333,922,922,takeover,cartesian_freedrive,0.9496212061144931,0.05367104602365107,0.03821031248670441,0.290966784386144,-0.028607480224870443,-1.88943232799658,0.0740165680890561,2.330325543759755,0.7623871653787817
30.766666666666666,0.03333333333333333,923,923,takeover,cartesian_freedrive,0.9496212061144931,0.05366262741249483,0.03488905536165992,0.2919529139201494,-0.02903654414758947,-1.8860477127534143,0.07592544767142563,2.32844704561618,0.7551425212724656
30.8,0.03333333333333333,924,924,takeover,cartesian_freedrive,0.9496212061144931,0.05365420881704285,0.03156782971366011,0.29297229791197993,-0.029460468370754077,-1.8826135128002086,0.07783440637297794,2.326541219258079,0.7479110202449223
30.833333333333332,0.03333333333333333,925,925,takeover,cartesian_freedrive,0.9496212061144931,0.053645790226113474,0.028246891977582633,0.29402498101906727,-0.029879491388043737,-1.8791296335764167,0.07974333691396285,2.324607998061987,0.7406929176642739
30.866666666666667,0.03333333333333333,926,926,takeover,cartesian_freedrive,0.9496212061144931,0.05363737162660433,0.024926206993514905,0.29511121726025935,-0.030293550885926432,-1.8755956197137267,0.08165200981687266,2.3226471469621943,0.7334885522184076
30.9,0.03333333333333333,927,927,takeover,cartesian_freedrive,0.9496212061144931,0.05362895301530798,0.021605740509747003,0.29623110098389155,-0.03070254255471553,-1.8720112440615837,0.08356017874107372,2.3206585659573964,0.7262982566955758
30.933333333333334,0.03333333333333333,928,928,takeover,cartesian_freedrive,0.9496212061144931,0.05362053440607199,0.018285463291836324,0.2973847176188824,-0.031106420319966174,-1.8683763995218292,0.08546764483050483,2.3186421566844357,0.7191223622455531
30.966666666666665,0.03333333333333333,929,929,takeover,cartesian_freedrive,0.9496212061144931,0.05359358643092442,0.01823240021790697,0.2974003469586062,-0.03111050464455541,-1.8683253392800905,0.08549703477490542,2.3186084571499963,0.7190126300968414
31.0,0.03333333333333333,930,930,takeover,cartesian_freedrive,0.9496212061144931,0.05356661271640317,0.018199939987340086,0.29741051166323207,-0.03111439901601021,-1.8682916508748397,0.08551595384917667,2.3185892251073708,0.7189428433268238
31.033333333333335,0.03333333333333333,931,931,takeover,cartesian_freedrive,0.9496212061144931,0.0535396389591693,0.018168065105912144,0.2974206752821625,-0.03111825604884817,-1.8682579847612417,0.08553437429498999,2.3185701058202186,0.7188742346893003
31.066666666666666,0.03333333333333333,932,932,takeover,cartesian_freedrive,0.9496212061144931,0.053512665201738877,0.018136260378537095,0.297430849492972,-0.031122106513353235,-1.8682242844847043,0.08555273123913389,2.318550965865806,0.7188057651582505
31.1,0.03333333333333333,933,933,takeover,cartesian_freedrive,0.9496212061144931,0.05350265868029902,0.01813481806552787,0.2974326414291588,-0.03112224835976256,-1.8682210637826344,0.08555390065079826,2.3185492429095507,0.7188029394936423
31.133333333333333,0.03333333333333333,934,934,takeover,cartesian_freedrive,0.9496212061144931,0.053492672152406606,0.018133730464656935,0.29743426625522257,-0.031122355040325508,-1.868218226703519,0.0855547292000804,2.318547796275855,0.7188009636267421
31.166666666666668,0.03333333333333333,935,935,takeover,cartesian_freedrive,0.9496212061144931,0.05348268564807081,0.018132858928948375,0.29743577151291023,-0.03112244087613071,-1.8682156072676732,0.08555537548779216,2.318546484790914,0.7187993846436065
31.2,0.03333333333333333,936,936,takeover,cartesian_freedrive,0.9496212061144931,0.0534726991437597,0.018132149447217246,0.2974371624420804,-0.031122510887314832,-1.868213187488931,0.08555588686356215,2.318545287855957,0.7187981008462248
31.233333333333334,0.03333333333333333,937,937,takeover,cartesian_freedrive,0.9496212061144931,0.053469006392474816,0.018131590900550876,0.2974384614682966,-0.031122566953794683,-1.868210978884323,0.08555629995198866,2.318544194315316,0.7187971376088104
31.266666666666666,0.03333333333333333,938,938,takeover,cartesian_freedrive,0.9496212061144931,0.05346532106164012,0.018131154828410975,0.29743965956380675,-0.031122608475960677,-1.8682089511675237,0.085556620596143,2.318543200500563,0.7187963996984593
31.3,0.03333333333333333,939,939,takeover,cartesian_freedrive,0.9496212061144931,0.05346163573955205,0.01813081111453714,0.2974407616049883,-0.03112263994060622,-1.8682070885738755,0.0855568681157575,2.318542294791007,0.7187958275467158
31.333333333333332,0.03333333333333333,940,940,takeover,cartesian_freedrive,0.9496212061144931,0.053457950417472554,0.01813053679752264,0.2974417739997984,-0.031122664258375683,-1.8682053776734902,0.08555706012006621,2.318541466989946,0.7187953783541278
31.366666666666667,0.03333333333333333,941,941,takeover,cartesian_freedrive,0.9496212061144931,0.053456587330691877,0.018130315102490104,0.2974427033713561,-0.031122683505502118,-1.8682038062821913,0.08555721037956399,2.318540708927463,0.7187950222544061
31.4,0.03333333333333333,942,942,takeover,cartesian_freedrive,0.9496212061144931,0.05345522698186839,0.018130133380583547,0.2974435559897931,-0.03112269880344227,-1.8682023629687343,0.08555732920057357,2.318540013737145,0.7187947350399554
31.433333333333334,0.03333333333333333,943,943,takeover,cartesian_freedrive,0.9496212061144931,0.05345386663627205,0.018129981939894985,0.29744433793228575,-0.03112271112921356,-1.868201037298641,0.08555742456222015,2.318539375567878,0.7187944988930075
31.466666666666665,0.03333333333333333,944,944,takeover,cartesian_freedrive,0.9496212061144931,0.053452506290678735,0.018129853514721316,0.29744505512437186,-0.031122721105134615,-1.8681998198770724,0.08555750259768045,2.318538788809798,0.7187943004504684
31.5,0.03333333333333333,945,945,takeover,cartesian_freedrive,0.9496212061144931,0.05345200307427885,0.01812974256570534,0.2974457125185681,-0.031122729488315022,-1.868198701471334,0.08555756762917106,2.3185382498873945,0.7187941300884896
31.533333333333335,0.03333333333333333,946,946,takeover,cartesian_freedrive,0.9496212061144931,0.0534515008684496,0.01812964510030976,0.29744631572260394,-0.03112273636099688,-1.86819767465317,0.08555762327140587,2.3185377533781115,0.7187939801636148
31.566666666666666,0.03333333333333333,947,947,takeover,cartesian_freedrive,0.9496212061144931,0.0534509986638112,0.01812955788521348,0.297446868659386,-0.031122742281491467,-1.8681967312877166,0.08555767184998289,2.3185372968275524,0.7187938453465501
31.6,0.03333333333333333,948,948,takeover,cartesian_freedrive,0.9496212061144931,0.05345049645917378,0.018129478632168183,0.29744737577606506,-0.03112274740214642,-1.8681958647887613,0.08555771526792577,2.3185368767634262,0.718793721535944
31.633333333333333,0.03333333333333333,949,949,takeover,cartesian_freedrive,0.9496212061144931,0.05345031074881382,0.018129405571728884,0.29744784090846127,-0.031122751912852607,-1.86819506886648,0.08555775491243899,2.3185364903138663,0.7187936057745857
31.666666666666668,0.03333333333333333,950,950,takeover,cartesian_freedrive,0.9496212061144931,0.0534501254116061,0.018129337376832883,0.2974482676301114,-0.031122755911336192,-1.8681943378107528,0.08555779183053541,2.318536134689178,0.718793495782207
31.7,0.03333333333333333,951,951,takeover,cartesian_freedrive,0.9496212061144931,0.053449940074838026,0.01812927305289579,0.2974486594684037,-0.031122759332392957,-1.8681936666258272,0.08555782695314104,2.318535806460744,0.7187933896966715
31.733333333333334,0.03333333333333333,952,952,takeover,cartesian_freedrive,0.9496212061144931,0.053449754738070065,0.018129211672695315,0.29744901860752665,-0.031122762597167408,-1.868193049631893,0.08555786059119018,2.3185355049689482,0.7187932865749442
31.766666666666666,0.03333333333333333,953,953,takeover,cartesian_freedrive,0.9487032619351383,0.05346104110215432,0.020550803367024074,0.29924097988357506,-0.031170243512219083,-1.8642518325510988,0.08321887860596051,2.317611054397016,0.7242985181775451
31.8,0.03333333333333333,954,954,takeover,cartesian_freedrive,0.9477853177557836,0.053472339598644475,0.02299335853303526,0.30108039869855285,-0.031227930199708598,-1.8602270086072097,0.08085935356327756,2.3166392202256514,0.7298378391866106
31.833333333333332,0.03333333333333333,955,955,takeover,cartesian_freedrive,0.9468673735764288,0.05348363812179426,0.02543774013982942,0.3029404302209049,-0.03129465253807211,-1.856168777014169,0.07849963176343917,2.3156417512408587,0.7353667987796603
31.866666666666667,0.03333333333333333,956,956,takeover,cartesian_freedrive,0.945949429397074,0.05349493666925134,0.02788379502582689,0.3048208249773488,-0.03137036351941494,-1.8520775525259123,0.0761401056941248,2.314618768352923,0.740884886661852
31.9,0.03333333333333333,957,957,takeover,cartesian_freedrive,0.9450314852177193,0.05350623521180527,0.030331446447971474,0.3067216365167868,-0.03145500763743538,-1.8479531746117748,0.07378110046082634,2.313570279814315,0.7463918046687557
31.933333333333334,0.03333333333333333,958,958,takeover,cartesian_freedrive,0.9441135410383645,0.05351753363988754,0.03278074873221475,0.30864298952478625,-0.03154864366720298,-1.8437953910705398,0.0714228126664452,2.3124959200099053,0.7518873655650165
31.966666666666665,0.03333333333333333,959,959,takeover,cartesian_freedrive,0.9431955968590098,0.05352883216135728,0.035231431486276756,0.3105848887866471,-0.03165101213658468,-1.8396041292046765,0.06906565971247067,2.311396011319216,0.7573712076826483
32.0,0.03333333333333333,960,960,takeover,cartesian_freedrive,0.942277652679655,0.0535401306585571,0.03768353348426224,0.3125474387492717,-0.03176214151219453,-1.835379162690905,0.06670989745434626,2.3102703319095053,0.7628430928573402
32.03333333333333,0.03333333333333333,961,961,takeover,cartesian_freedrive,0.9413597085003003,0.05355142906466357,0.04013699236205834,0.31453072231606843,-0.03188199470302304,-1.8311202831056421,0.06435581016906242,2.309118803449104,0.768302757229414
32.06666666666667,0.03333333333333333,962,962,takeover,cartesian_freedrive,0.9404417643209455,0.053562727594221364,0.042591761471853326,0.31653487555054954,-0.03201050952201121,-1.8268273012880045,0.06200357840505881,2.3079410279093873,0.773750057700203
32.1,0.03333333333333333,963,963,takeover,cartesian_freedrive,0.9395238201415907,0.05357402600155484,0.045047847975200755,0.31855998523267864,-0.032147724227173984,-1.8224999597183336,0.05965350484413866,2.306736956107263,0.7791846966974059
32.13333333333333,0.03333333333333333,964,964,takeover,cartesian_freedrive,0.938605875962236,0.0535853245418461,0.04750500945187466,0.3206060930854876,-0.03229337839963646,-1.8181381609899665,0.05730595100672199,2.3055067638102784,0.784606370861521
32.166666666666664,0.03333333333333333,965,965,takeover,cartesian_freedrive,0.9376879317828812,0.05359662307266654,0.04996326358544012,0.32267332204697186,-0.03244751827582528,-1.813741638175368,0.05496115143757864,2.3042502151688318,0.7900148546531652
32.2,0.03333333333333333,966,966,takeover,cartesian_freedrive,0.9367699876035265,0.05360792165549666,0.052422550477923276,0.32476177938544604,-0.032610078642922494,-1.809310188292235,0.05261937181605466,2.302967160945741,0.7954099140468155
32.233333333333334,0.03333333333333333,967,967,takeover,cartesian_freedrive,0.9358520434241717,0.05361922020355901,0.05488277583297177,0.32687155374463145,-0.03278099391166304,-1.8048435780630963,0.05028090761380749,2.301657595374438,0.8007912718114061
32.266666666666666,0.03333333333333333,968,968,takeover,cartesian_freedrive,0.934934099244817,0.053630518753477234,0.05734387585066163,0.3290027590256768,-0.03296020303451205,-1.800341587043493,0.04794601859270647,2.3003213704965373,0.8061586963087084
32.3,0.03333333333333333,969,969,takeover,cartesian_freedrive,0.9340161550654622,0.05364181719486741,0.059805851557110476,0.33115553256089375,-0.03314773962049889,-1.7958039267146781,0.045614930594352406,2.2989582439120535,0.8115119698210226
32.333333333333336,0.03333333333333333,970,970,takeover,cartesian_freedrive,0.9330982108861074,0.05365311574690777,0.06226846952250798,0.333329934662275,-0.03334334674161629,-1.7912304697350494,0.04328799368877866,2.2975683879571136,0.8168507982332815
32.36666666666667,0.03333333333333333,971,971,takeover,cartesian_freedrive,0.9321802667067527,0.05366441431226191,0.06473173451488735,0.3355261171200529,-0.03354706210334274,-1.7866209094098753,0.040965414106214675,2.2961515169115865,0.8221749805189453
32.4,0.03333333333333333,972,972,takeover,cartesian_freedrive,0.9312623225273979,0.05367571276739688,0.06719562409188579,0.3377442097674,-0.03375888898870913,-1.7819749644361422,0.03864745058200824,2.2947074864947985,0.8274842720815938
32.43333333333333,0.03333333333333333,973,973,takeover,cartesian_freedrive,0.9303443783480432,0.05368701131621754,0.0696599230135848,0.3399842944766348,-0.033978601092028625,-1.7772924779423094,0.03633442579173927,2.293236405653089,0.8327784007821629
32.46666666666667,0.03333333333333333,974,974,takeover,cartesian_freedrive,0.9294264341686884,0.053698309794214555,0.07212468460487925,0.34224654276389976,-0.03420628768842225,-1.7725731075656455,0.03402654093885001,2.291737944865481,0.8380571667386177
32.5,0.03333333333333333,975,975,takeover,cartesian_freedrive,0.9285084899893337,0.05370960841450245,0.07458969783582999,0.3445310587236248,-0.03444172181678099,-1.7678166512441134,0.031724078697528725,2.2902121374400313,0.843320326328968
32.53333333333333,0.03333333333333333,976,976,takeover,cartesian_freedrive,0.9275905458099789,0.053720906986545726,0.07705492790006295,0.346837982088202,-0.034684923773945546,-1.7630227990981129,0.029427297527992682,2.2886588702793875,0.848567631530345
32.56666666666667,0.03333333333333333,977,977,takeover,cartesian_freedrive,0.9266726016306241,0.053732205594644346,0.07952030192404044,0.3491674664953193,-0.034935816613897386,-1.7581912696485862,0.027136428276456105,2.287077956646492,0.8537988742899116
32.6,0.03333333333333333,978,978,takeover,cartesian_freedrive,0.9257546574512694,0.05374350419360417,0.08198571696250863,0.3515196459901811,-0.03519432591497315,-1.7533217826011331,0.024851739206710074,2.2854693467467144,0.8590138083226042
32.63333333333333,0.03333333333333333,979,979,takeover,cartesian_freedrive,0.9248367132719146,0.05375480265583073,0.08445108508418177,0.3538946633894779,-0.03546040497241847,-1.7484140254043692,0.022573488483395722,2.2838329734301634,0.864212189302191
32.666666666666664,0.03333333333333333,980,980,takeover,cartesian_freedrive,0.9239187690925599,0.05376610068723911,0.08691634974881664,0.35629265035148744,-0.035734023073338686,-1.7434676758187222,0.020301975987722102,2.2821688613161544,0.8693937315009238
32.7,0.03333333333333333,981,981,takeover,cartesian_freedrive,0.9230008249132051,0.05377739920444202,0.08938135377563992,0.35871383994256206,-0.03601498863909063,-1.7384824888390724,0.01803728183472981,2.2804764287038495,0.8745583976227327
32.733333333333334,0.03333333333333333,982,982,takeover,cartesian_freedrive,0.9220828807338504,0.05378869777628299,0.09184604142169285,0.36115836567415005,-0.03630329135269392,-1.7334581056087979,0.015779715396179974,2.2787557516936148,0.8797058833207463
32.766666666666666,0.03333333333333333,983,983,takeover,cartesian_freedrive,0.9211649365544956,0.053799996345764524,0.09431031124907294,0.3636263883324606,-0.036598867371993166,-1.7283942002785782,0.013529528004735033,2.277006755238451,0.8848359551308687
32.8,0.03333333333333333,984,984,takeover,cartesian_freedrive,0.9202469923751408,0.05381129496740794,0.09677407260621682,0.36611808710977006,-0.03690164034408472,-1.7232904414639965,0.011286948304936782,2.275229283201082,0.889948404221934
32.833333333333336,0.03333333333333333,985,985,takeover,cartesian_freedrive,0.9202469923751408,0.053774901133434985,0.09758060268720697,0.3665359419551867,-0.03697275451776689,-1.7222202287236013,0.01065085692421578,2.274943832115647,0.8916517514750284
32.86666666666667,0.03333333333333333,986,986,takeover,cartesian_freedrive,0.9202469923751408,0.05373845119921511,0.09837433546877457,0.36693682410602424,-0.037042798383635875,-1.7211816519312106,0.010026913882210338,2.274671609112168,0.8933283291334176
32.9,0.03333333333333333,987,987,takeover,cartesian_freedrive,0.9202469923751408,0.053702001213563215,0.099168072367412,0.36733915137638523,-0.037113399742479895,-1.720140892351138,0.009402875074659806,2.2743976629555545,0.8950040520850627
32.93333333333333,0.03333333333333333,988,988,takeover,cartesian_freedrive,0.9202469923751408,0.05366555122827242,0.09996188220352185,0.3677434304032952,-0.03718458204922782,-1.719097052549974,0.00877868057891599,2.2741215370721974,0.8966790621568308
32.96666666666667,0.03333333333333333,989,989,takeover,cartesian_freedrive,0.9202469923751408,0.05364943343579373,0.09996755194016899,0.3677488261358976,-0.03718557521697146,-1.7190844255772046,0.008773207714685207,2.274117105214263,0.8966934218984364
33.0,0.03333333333333333,990,990,takeover,cartesian_freedrive,0.9202469923751408,0.05363333966798106,0.0999706675414119,0.36775205063416055,-0.03718591690041084,-1.7190771544947696,0.008770763216902927,2.2741146899694225,0.8967003203109553
33.03333333333333,0.03333333333333333,991,991,takeover,cartesian_freedrive,0.9202469923751408,0.05361724592929837,0.09997407896313079,0.36775510488742713,-0.0371862527925463,-1.719070196323027,0.008768093023496496,2.2741124269737134,0.8967077009460654
33.06666666666667,0.03333333333333333,992,992,takeover,cartesian_freedrive,0.9202469923751408,0.05360115219059677,0.09997765775275218,0.3677580129314385,-0.03718658834269368,-1.7190634926540718,0.008765288860179373,2.2741102859895284,0.8967153659300569
33.1,0.03333333333333333,993,993,takeover,cartesian_freedrive,0.9202469923751408,0.05359521108220788,0.09997892529108603,0.36775957485352034,-0.03718655814568827,-1.7190607796790867,0.008764310416307118,2.2741090199602243,0.8967176403021556
33.13333333333333,0.03333333333333333,994,994,takeover,cartesian_freedrive,0.9202469923751408,0.05358928194314076,0.09997984956017086,0.36776100554399876,-0.03718653237542304,-1.7190582836258428,0.008763601258856411,2.27410782831867,0.8967192937327032
33.166666666666664,0.03333333333333333,995,995,takeover,cartesian_freedrive,0.9202469923751408,0.053583352818186436,0.09998052433979993,0.36776232431118855,-0.03718651130055452,-1.7190559661173577,0.008763085906483215,2.274106710056448,0.8967205116951108
33.2,0.03333333333333333,996,996,takeover,cartesian_freedrive,0.9202469923751408,0.05357742369324979,0.09998101636264897,0.36776354391439586,-0.037186493660247406,-1.7190538123924255,0.008762713048341019,2.2741056645126694,0.8967214106401176
33.233333333333334,0.03333333333333333,997,997,takeover,cartesian_freedrive,0.9202469923751408,0.053575240821869846,0.09998137165646327,0.36776467648957784,-0.03718647672257964,-1.7190518142341915,0.00876244684043881,2.274104686798652,0.8967220637964473
33.266666666666666,0.03333333333333333,998,998,takeover,cartesian_freedrive,0.9202469923751408,0.05357306236739057,0.09998162538486284,0.367765727772037,-0.03718646178433257,-1.7190499572729028,0.008762259577744682,2.2741037759364455,0.8967225381539359
33.3,0.03333333333333333,999,999,takeover,cartesian_freedrive,0.9202469923751408,0.05357088391811821,0.09998180484720584,0.36776670459360156,-0.037186448541574164,-1.7190482306733317,0.008762129976814866,2.274102928459635,0.8967228816354927
33.333333333333336,0.03333333333333333,1000,1000,takeover,cartesian_freedrive,0.9202469923751408,0.05356870546885113,0.09998193018835894,0.36776761302918365,-0.0371864367059534,-1.7190466248534158,0.008762042243320492,2.2741021404125092,0.8967231293127081
33.36666666666667,0.03333333333333333,1001,1001,takeover,cartesian_freedrive,0.9202469923751408,0.053567904730762915,0.09998201626228938,0.3677684584527937,-0.03718642601329818,-1.7190451311643373,0.008761984628759998,2.2741014075795047,0.8967233067503575
33.4,0.03333333333333333,1002,1002,takeover,cartesian_freedrive,0.9202469923751408,0.053567105617020466,0.09998207383411883,0.36776924544136214,-0.03718641632282003,-1.7190437414522894,0.008761948772066276,2.274100726222144,0.8967234329476254
33.43333333333333,0.03333333333333333,1003,1003,takeover,cartesian_freedrive,0.9202469923751408,0.05356630650519201,0.09998211084539753,0.3677699780294568,-0.03718640746316822,-1.7190424481073698,0.008761928522950406,2.274100093242564,0.8967235217466738
33.46666666666667,0.03333333333333333,1004,1004,takeover,cartesian_freedrive,0.9202469923751408,0.053565507393364784,0.0999821330884651,0.367770660391591,-0.037186399374290115,-1.7190412446871524,0.00876191929024165,2.274099504534361,0.8967235833666701
33.5,0.03333333333333333,1005,1005,takeover,cartesian_freedrive,0.9202469923751408,0.05356521513045349,0.09998214485179613,0.36777129601359015,-0.0371863919410068,-1.7190401248647171,0.008761917719704422,2.274098956578076,0.8967236252250399
33.53333333333333,0.03333333333333333,1006,1006,takeover,cartesian_freedrive,0.9202469923751408,0.053564923465125286,0.0999821492172207,0.36777188774913505,-0.037186385080332285,-1.7190390823450894,0.008761921474392207,2.2740984472349095,0.8967236527900506
33.56666666666667,0.03333333333333333,1007,1007,takeover,cartesian_freedrive,0.9202469923751408,0.05356463180050068,0.09998214842674878,0.3677724388606549,-0.03718637874538317,-1.7190381119808498,0.008761928808733069,2.274097973436794,0.8967236700753055
33.6,0.03333333333333333,1008,1008,takeover,cartesian_freedrive,0.9202469923751408,0.053564340135875965,0.09998214412021046,0.36777295207692945,-0.037186372885113596,-1.7190372086846561,0.008761938463262902,2.2740975327498565,0.8967236800056082
33.63333333333333,0.03333333333333333,1009,1009,takeover,cartesian_freedrive,0.92555650532241,0.0536433493591026,0.09289535229792178,0.37298420233400603,-0.03759824455851535,-1.710292118740577,0.01818481721487055,2.2729925714003096,0.8923117837679627
33.666666666666664,0.03333333333333333,1010,1010,takeover,cartesian_freedrive,0.9308660182696791,0.05372246023460031,0.08574462178053886,0.378412686119883,-0.037955566419435816,-1.701187527217029,0.02763678923716357,2.271665689564563,0.8879583875940597
33.7,0.03333333333333333,1011,1011,takeover,cartesian_freedrive,0.9361755312169482,0.0538015712133493,0.07858535980159241,0.38397819681139694,-0.03826064592179368,-1.691852886606836,0.037054825865764654,2.2701636324991328,0.8837121078855109
33.733333333333334,0.03333333333333333,1012,1012,takeover,cartesian_freedrive,0.9414850441642173,0.05388068218813044,0.07141893570852925,0.38968050002534826,-0.038514806378984016,-1.6822878782552309,0.04643354262672301,2.2684874815122624,0.8795783197905616
33.766666666666666,0.03333333333333333,1013,1013,takeover,cartesian_freedrive,0.9414850441642173,0.053880579645244016,0.06704037197178762,0.3901923963392237,-0.038466174419027895,-1.6813412385833124,0.049125525293520975,2.268079378631756,0.8711964705709604
33.8,0.03333333333333333,1014,1014,takeover,cartesian_freedrive,0.9414850441642173,0.05388038315917783,0.06267983017698987,0.39066458591524283,-0.038414953402627294,-1.6804602113124985,0.051781046837105306,2.2676710447957547,0.8627984803868399
33.833333333333336,0.03333333333333333,1015,1015,takeover,cartesian_freedrive,0.9414850441642173,0.053880186560666746,0.058318235740962496,0.39117779827610777,-0.03836171443145934,-1.6795118705073642,0.05443488710615846,2.2672163636688527,0.8544057758215505
33.86666666666667,0.03333333333333333,1016,1016,takeover,cartesian_freedrive,0.9414850441642173,0.053879989970147854,0.053955533034063856,0.39173413259073514,-0.03830643513836386,-1.6784925595841131,0.057086723140881965,2.2667136734335154,0.8460191298874773
33.9,0.03333333333333333,1017,1017,takeover,cartesian_freedrive,0.9414850441642173,0.053879793381240534,0.04959184407125815,0.39233299348114553,-0.03824911557374002,-1.677403317556275,0.059736033549636997,2.2661634982965246,0.8376391922965732
33.93333333333333,0.03333333333333333,1018,1018,takeover,cartesian_freedrive,0.9414850441642173,0.053879596767566415,0.04522726924935557,0.39297439493016795,-0.03818975679211149,-1.6762440971979393,0.06238230292598885,2.2655658437076385,0.8292666166137485
33.96666666666667,0.03333333333333333,1019,1019,takeover,cartesian_freedrive,0.9414850441642173,0.053879400160374014,0.04086192948449078,0.3936578659353741,-0.03812833057605026,-1.6750157057057191,0.06502501777102641,2.264921136489579,0.8209020427476292
34.0,0.03333333333333333,1020,1020,takeover,cartesian_freedrive,0.9414850441642173,0.05387920356847796,0.03649588443623598,0.39438449907715517,-0.038064827439163805,-1.6737162125988934,0.06766367989923346,2.2642284634644243,0.81254614262228
34.03333333333333,0.03333333333333333,1021,1021,takeover,cartesian_freedrive,0.9414850441642173,0.05387900697454462,0.03212925336010329,0.3951538198663174,-0.037999256460427275,-1.6723464480342087,0.07029778334150741,2.263488260889272,0.8041995541157552
34.06666666666667,0.03333333333333333,1022,1022,takeover,cartesian_freedrive,0.9414850441642173,0.05387881038233719,0.027762135153928138,0.39596586841711556,-0.03793158649836102,-1.670906293819145,0.07292681552778074,2.262700530250062,0.7958629214175369
34.1,0.03333333333333333,1023,1023,takeover,cartesian_freedrive,0.9414850441642173,0.05387861378999552,0.02339463027400019,0.39682070031490535,-0.037861819140994665,-1.6693956468593911,0.07555028240605854,2.261865261576185,0.7875368861471866
34.13333333333333,0.03333333333333333,1024,1024,takeover,cartesian_freedrive,0.9414850441642173,0.05387841720319125,0.019026838558273914,0.39771837655016007,-0.0377899413920921,-1.6678143805330525,0.0781676876535684,2.2609824442701685,0.7792220878515951
34.166666666666664,0.03333333333333333,1025,1025,takeover,cartesian_freedrive,0.9414850441642173,0.05387822059358512,0.014658859933562083,0.3986589612278183,-0.03771596254537844,-1.666162367229633,0.08077854123663837,2.260052069425957,0.7709191613410598
34.2,0.03333333333333333,1026,1026,takeover,cartesian_freedrive,0.9414850441642173,0.053878023990321475,0.010290793727263284,0.3996425229442241,-0.03763985221464236,-1.6644394596526024,0.08338235309008751,2.2590741290533733,0.7626287390597309
34.233333333333334,0.03333333333333333,1027,1027,takeover,cartesian_freedrive,0.9414850441642173,0.053877827384384014,0.005922726680025068,0.400669395342284,-0.0375616034754463,-1.6626450483603763,0.08597863619379284,2.2580483912399587,0.7543514600520282
34.266666666666666,0.03333333333333333,1028,1028,takeover,cartesian_freedrive,0.9414850441642173,0.05387763077488217,0.0015547812577512167,0.401739114356511,-0.03748120847264705,-1.6607799314720013,0.08856691600107652,2.256975312122096,0.7460879271340893
34.3,0.03333333333333333,1029,1029,takeover,cartesian_freedrive,0.9414850441642173,0.05383654556876641,0.0015074200145762148,0.40175419551587604,-0.03747802157028052,-1.6607544200611475,0.08860245562762462,2.2569614262484277,0.7460202944683297
34.333333333333336,0.03333333333333333,1030,1030,takeover,cartesian_freedrive,0.9414850441642173,0.053795407038454875,0.001488059192696969,0.4017646206002426,-0.0374776460537777,-1.6607366225599014,0.08862325534350833,2.256955977546447,0.7460000753278951
34.36666666666667,0.03333333333333333,1031,1031,takeover,cartesian_freedrive,0.9414850441642173,0.05375426843317689,0.001469905901886794,0.40177560272277324,-0.03747731998847793,-1.6607177308916168,0.08864312110315109,2.2569500664090354,0.7459819957466725
34.4,0.03333333333333333,1032,1032,takeover,cartesian_freedrive,0.9414850441642173,0.0537131298274985,0.001450902283711397,0.40178893321711306,-0.03747696921524708,-1.6606950099050217,0.08866355432082068,2.2569424414065957,0.745962733528138
34.43333333333333,0.03333333333333333,1033,1033,takeover,cartesian_freedrive,0.9414850441642173,0.05369791182240541,0.0014499954771833772,0.4017907651009046,-0.03747694563573577,-1.6606920480448366,0.08866427721388434,2.2569411462150435,0.7459614297480947
34.46666666666667,0.03333333333333333,1034,1034,takeover,cartesian_freedrive,0.9414850441642173,0.05368272437572873,0.0014493288146359812,0.40179240465960236,-0.037476926314626895,-1.660689355418512,0.08866475941082613,2.2569399414843376,0.7459605214708731
34.5,0.03333333333333333,1035,1035,takeover,cartesian_freedrive,0.9414850441642173,0.05366753696506822,0.0014487976503558405,0.40179392235210654,-0.03747691035955268,-1.6606868277214006,0.08866514185331334,2.25693879445008,0.7459598308203712
34.53333333333333,0.03333333333333333,1036,1036,takeover,cartesian_freedrive,0.9414850441642173,0.0536523495544472,0.0014483660363344855,0.4017953312250959,-0.03747689712402049,-1.66068445426076,0.08866545143531507,2.2569377052351767,0.7459592977105715
34.56666666666667,0.03333333333333333,1037,1037,takeover,cartesian_freedrive,0.9414850441642173,0.053646728567113736,0.001448041487462938,0.4017966425560918,-0.03747688322989207,-1.6606822367107388,0.0886656596354037,2.2569366700297278,0.7459588847770877
34.6,0.03333333333333333,1038,1038,takeover,cartesian_freedrive,0.9414850441642173,0.05364111885876449,0.0014477855771976124,0.4017978603352809,-0.03747687298188533,-1.6606801609270612,0.08866581165343519,2.256935691829359,0.745958573032219
34.63333333333333,0.03333333333333333,1039,1039,takeover,cartesian_freedrive,0.9414850441642173,0.05363550916371161,0.001447579750777556,0.4017989924273149,-0.03747686478885792,-1.6606782175283736,0.08866592646445513,2.2569347693378172,0.7459583365761236
34.666666666666664,0.03333333333333333,1040,1040,takeover,cartesian_freedrive,0.9414850441642173,0.05362989946867305,0.0014474111106684837,0.4018000461717626,-0.03747685780467583,-1.660676398106581,0.0886660150414476,2.256933900608292,0.7459581548236005
34.7,0.03333333333333333,1041,1041,takeover,cartesian_freedrive,0.9414850441642173,0.05362782147874554,0.0014472706082049973,0.40180102818842656,-0.03747685149064084,-1.6606746950218918,0.0886660841936334,2.256933082966592,0.7459580122421303
34.733333333333334,0.03333333333333333,1042,1042,takeover,cartesian_freedrive,0.9414850441642173,0.05362574765276246,0.0014471509832520363,0.40180194389715534,-0.03747684580412816,-1.6606731005651134,0.08866613955793186,2.2569323146228535,0.7459578979861501
34.766666666666666,0.03333333333333333,1043,1043,takeover,cartesian_freedrive,0.9414850441642173,0.053623673831687924,0.0014470471107949454,0.40180279857384954,-0.03747684052153054,-1.6606716080329302,0.08866618506277983,2.256931592788732,0.7459578038991779
34.8,0.03333333333333333,1044,1044,takeover,cartesian_freedrive,0.9414850441642173,0.05362160001061848,0.001446955204370428,0.40180359683312716,-0.03747683549733846,-1.6606702110260825,0.08866622351957626,2.2569309145972185,0.74595772401456
34.833333333333336,0.03333333333333333,1045,1045,takeover,cartesian_freedrive,0.9414850441642173,0.05362083175139158,0.0014468728057742675,0.4018043423168448,-0.037476830912094763,-1.6606689028660635,0.08866625649798054,2.256930278990806,0.745957654963814
34.86666666666667,0.03333333333333333,1046,1046,takeover,cartesian_freedrive,0.9414850441642173,0.05362006503144573,0.0014467978789475895,0.4018050392565882,-0.03747682647718882,-1.6606676784515277,0.08866628561967924,2.2569296826633605,0.7459575933112615
34.9,0.03333333333333333,1047,1047,takeover,cartesian_freedrive,0.9414850441642173,0.05361929831331418,0.0014467287820127894,0.40180569089120205,-0.037476822153141444,-1.6606665323093566,0.08866631202634095,2.2569291233377275,0.7459575366420985
34.93333333333333,0.03333333333333333,1048,1048,takeover,cartesian_freedrive,0.9414850441642173,0.053618531595184316,0.0014466642941579136,0.40180630027410286,-0.03747681791364286,-1.6606654593813783,0.08866633653920658,2.2569285988310437,0.7459574832237602
34.96666666666667,0.03333333333333333,1049,1049,takeover,cartesian_freedrive,0.9414850441642173,0.05361824796106574,0.0014466035556493647,0.40180687017716277,-0.0374768137647175,-1.6606644548693996,0.08866635966527302,2.2569281073189846,0.7459574318845568
35.0,0.03333333333333333,1050,1050,takeover,cartesian_freedrive,0.9414850441642173,0.05361796489651176,0.0014465458675686114,0.40180740324836306,-0.03747680969218102,-1.6606635143930417,0.08866638186760768,2.256927646965949,0.7459573817589137
35.03333333333333,0.03333333333333333,1051,1051,takeover,cartesian_freedrive,0.9414850441642173,0.05361768183262898,0.0014464907213648428,0.40180790222940393,-0.03747680559933131,-1.6606626342244528,0.08866640351118249,2.256927215032372,0.7459573321553764
35.06666666666667,0.03333333333333333,1052,1052,takeover,cartesian_freedrive,0.9414850441642173,0.05361739876874662,0.0014464376671115002,0.40180836889402854,-0.037476801592199384,-1.6606618099550374,0.08866642477066253,2.2569268107665055,0.745957282698377
35.1,0.03333333333333333,1053,1053,takeover,cartesian_freedrive,0.9438275278435513,0.053616392280161206,0.0022834619239865805,0.40744597158051843,-0.03837319235145901,-1.6554788952308142,0.08579777094917848,2.254540160161852,0.7470791231123836
35.13333333333333,0.03333333333333333,1054,1054,takeover,cartesian_freedrive,0.9461700115228853,0.053615384869418595,0.0031271864996655057,0.4131765320274772,-0.039278205502370975,-1.6501501043912377,0.08293328780547046,2.252079174472891,0.7482005279511188
35.166666666666664,0.03333333333333333,1055,1055,takeover,cartesian_freedrive,0.9485124952022193,0.05361437745661887,0.003972202689501528,0.41892790403662333,-0.04018711965364525,-1.6447739289049879,0.08009001394051851,2.2495881254832004,0.7493094950164272
35.2,0.03333333333333333,1056,1056,takeover,cartesian_freedrive,0.9508549788815532,0.053613370043071096,0.004818244066787557,0.42469939372628474,-0.041099707361998535,-1.6393514196694787,0.07726809465694987,2.247067546094058,0.7504058085398992
35.233333333333334,0.03333333333333333,1057,1057,takeover,cartesian_freedrive,0.9531974625608872,0.05361236262363143,0.005665051852761189,0.4304912738323712,-0.042015765372997456,-1.6338820754014007,0.07446757963861883,2.2445172521207835,0.7514893474735753
35.266666666666666,0.03333333333333333,1058,1058,takeover,cartesian_freedrive,0.9555399462402212,0.05361135518454058,0.006512369294319234,0.4363038355272578,-0.04293509281823151,-1.628365357672691,0.07168851861589383,2.2419370613617478,0.7525599889655094
35.3,0.03333333333333333,1059,1059,takeover,cartesian_freedrive,0.9578824299195552,0.05361034770566017,0.0073599426713893265,0.4421373798732168,-0.04385749457611135,-1.6228007086869067,0.06893095379598325,2.2393267807004755,0.7536176147647723
35.333333333333336,0.03333333333333333,1060,1060,takeover,cartesian_freedrive,0.9602249135988892,0.05360934006268783,0.008207520259069494,0.44799218056314294,-0.044782771869731286,-1.6171875593784892,0.06619498529924203,2.236686404889323,0.7546620497200859
35.36666666666667,0.03333333333333333,1061,1061,takeover,cartesian_freedrive,0.9625673972782232,0.05360833264960417,0.009054832204357485,0.45386870294162085,-0.04571073563799546,-1.611525318171962,0.06348037935558269,2.2340149378775815,0.7556934358116921
35.4,0.03333333333333333,1062,1062,takeover,cartesian_freedrive,0.9649098809575571,0.0536073252361912,0.009901638053014165,0.4597671974291142,-0.04664119768582055,-1.6058133769965968,0.060787305337796006,2.231312595549357,0.756711525259535
35.43333333333333,0.03333333333333333,1063,1063,takeover,cartesian_freedrive,0.9672523646368911,0.05360631782285746,0.01074769007696668,0.4656880105307678,-0.047573975334008915,-1.6000511078000124,0.05811577079238768,2.2285791173347906,0.7577162237863804
35.46666666666667,0.03333333333333333,1064,1064,takeover,cartesian_freedrive,0.9695948483162251,0.05360531041008075,0.011592737607962367,0.47163149524976883,-0.04850888304241867,-1.5942378666436077,0.05546578332041972,2.225814256221769,0.7587074353794546
35.5,0.03333333333333333,1065,1065,takeover,cartesian_freedrive,0.9719373319955591,0.053604302999651736,0.01243653613167618,0.4775980209940122,-0.04944574487272216,-1.5883729852585973,0.05283733848229956,2.2230177287953774,0.7596850727205512
35.53333333333333,0.03333333333333333,1066,1066,takeover,cartesian_freedrive,0.9742798156748931,0.05360329558555697,0.013278842496280478,0.48358796399382425,-0.050384388117433315,-1.5824557735911673,0.050230434956907356,2.2201892680315507,0.7606490432437392
35.56666666666667,0.03333333333333333,1067,1067,takeover,cartesian_freedrive,0.9766222993542271,0.053602288169424354,0.014119411429445785,0.4896017130038456,-0.05132463802888439,-1.5764855236481037,0.04764506383824723,2.2173285918866155,0.761599260179389
35.6,0.03333333333333333,1068,1068,takeover,cartesian_freedrive,0.978964783033561,0.053601280750269355,0.014958002843310034,0.4956396719923977,-0.0522663288638581,-1.5704615001243285,0.04508120924009717,2.214435395935466,0.7625356404443911
35.63333333333333,0.03333333333333333,1069,1069,takeover,cartesian_freedrive,0.978964783033561,0.05358183325637679,0.015013445590171658,0.49608993606408797,-0.052341185883444837,-1.5698860592373274,0.04488600679646053,2.214205667547439,0.7625950564203215
35.666666666666664,0.03333333333333333,1070,1070,takeover,cartesian_freedrive,0.978964783033561,0.053562364075172036,0.015064670833577768,0.49647546935046166,-0.052411997304773035,-1.5693984360560977,0.04470340332502007,2.2140163100598476,0.7626464893589668
35.7,0.03333333333333333,1071,1071,takeover,cartesian_freedrive,0.978964783033561,0.05354289486869433,0.015115868124386412,0.49686053536466473,-0.05248279620190865,-1.568911456630874,0.04452096096758921,2.213827222589495,0.7626977919745612
35.733333333333334,0.03333333333333333,1072,1072,takeover,cartesian_freedrive,0.978964783033561,0.05352342566219008,0.015167049186067713,0.4972456740322228,-0.052553599044095074,-1.5684242977228429,0.04433862076281506,2.2136380213502496,0.7627490124727492
35.766666666666666,0.03333333333333333,1073,1073,takeover,cartesian_freedrive,0.978964783033561,0.05351623913931782,0.015167337953104827,0.4972495759804646,-0.0525542008371703,-1.5684189354940703,0.04433711601379329,2.213635680363025,0.7627492510490259
35.8,0.03333333333333333,1074,1074,takeover,cartesian_freedrive,0.978964783033561,0.05350906709932546,0.015167428844884397,0.4972516882744027,-0.05255451662550868,-1.56841593484289,0.04433635088034683,2.2136343127400204,0.7627492905435043
35.833333333333336,0.03333333333333333,1075,1075,takeover,cartesian_freedrive,0.978964783033561,0.053501895076417325,0.01516755536409316,0.49725380942082936,-0.05255484379989243,-1.5684129802973465,0.04433554652156608,2.2136330112441738,0.7627493777505784
35.86666666666667,0.03333333333333333,1076,1076,takeover,cartesian_freedrive,0.978964783033561,0.05349472305352898,0.015167708564622755,0.49725593628367953,-0.05255517462029706,-1.5684100589670293,0.044334722219977814,2.2136317563444536,0.7627495030570611
35.9,0.03333333333333333,1077,1077,takeover,cartesian_freedrive,0.978964783033561,0.053492084550277486,0.015167798752583943,0.49725774011542667,-0.05255524158752293,-1.5684071982844103,0.04433449579708803,2.213630568775113,0.7627497279959452
35.93333333333333,0.03333333333333333,1078,1078,takeover,cartesian_freedrive,0.978964783033561,0.0534894513921188,0.015167844309935391,0.4972593813368803,-0.052555244119600504,-1.5684044911488033,0.04433442363241674,2.2136293967783764,0.7627499144816263
35.96666666666667,0.03333333333333333,1079,1079,takeover,cartesian_freedrive,0.978964783033561,0.05348681824025814,0.015167857097317413,0.4972608973536643,-0.052555232044450284,-1.5684019365155955,0.04433439896573203,2.213628252334525,0.7627500509855849
36.0,0.03333333333333333,1080,1080,takeover,cartesian_freedrive,0.978964783033561,0.05348418508840409,0.015167847229422675,0.497262307009902,-0.05255521701504878,-1.568399525868885,0.0443343937049207,2.2136271459920103,0.7627501475094862
36.03333333333333,0.03333333333333333,1081,1081,takeover,cartesian_freedrive,0.978964783033561,0.053483215681753384,0.015167821998398567,0.4972636218618362,-0.0525552004605931,-1.5683972508656494,0.044334401449875036,2.2136260841666555,0.7627502152030914
36.06666666666667,0.03333333333333333,1082,1082,takeover,cartesian_freedrive,0.978964783033561,0.05348224823668872,0.015167786918441704,0.4972648526876498,-0.052555184040009965,-1.5683951040960449,0.04433441593410605,2.2136250697730473,0.7627502619483977
36.1,0.03333333333333333,1083,1083,takeover,cartesian_freedrive,0.978964783033561,0.053481280793936506,0.015167745851339523,0.49726600743279453,-0.052555168180227,-1.568393078055976,0.04433443427192298,2.213624104450187,0.762750293823637
36.13333333333333,0.03333333333333333,1084,1084,takeover,cartesian_freedrive,0.978964783033561,0.05348031335118668,0.015167701462102735,0.49726709281939935,-0.05255515298491814,-1.5683911661163175,0.04433445479760821,2.2136231876515233,0.7627503152149062
36.166666666666664,0.03333333333333333,1085,1085,takeover,cartesian_freedrive,0.978964783033561,0.05347995671545741,0.015167655583537857,0.4972681141295557,-0.052555138466702046,-1.5683893616757758,0.044334476437346435,2.2136223185613053,0.7627503291827386
36.2,0.03333333333333333,1086,1086,takeover,cartesian_freedrive,0.978964783033561,0.053479600799880456,0.015167609425144847,0.49726907608615806,-0.05255512463204858,-1.5683876587824181,0.04433449849046811,2.213621495343104,0.7627503379173101
36.233333333333334,0.03333333333333333,1087,1087,takeover,cartesian_freedrive,0.978964783033561,0.05347924488515209,0.01516756380400981,0.4972699823793669,-0.05255511149045545,-1.5683860512685386,0.044334520477372276,2.2136207171179287,0.7627503429457281
36.266666666666666,0.03333333333333333,1088,1088,takeover,cartesian_freedrive,0.978964783033561,0.053478888970424326,0.015167519251265563,0.497270836969253,-0.052555098999538453,-1.5683845341839764,0.04433454209372604,2.2136199812587827,0.7627503453388979
36.3,0.03333333333333333,1089,1089,takeover,cartesian_freedrive,0.978964783033561,0.05347818812167328,0.015167463505658204,0.49727164118748246,-0.052555079685708044,-1.568383101940527,0.044334572316461644,2.213619284820011,0.7627503095258168
36.333333333333336,0.03333333333333333,1090,1090,takeover,cartesian_freedrive,0.978964783033561,0.05347748686623714,0.015167395906968894,0.4972723992252099,-0.052555059541280987,-1.5683817504248152,0.0443346100599133,2.213618625542273,0.7627502500176488
36.36666666666667,0.03333333333333333,1091,1091,takeover,cartesian_freedrive,0.978964783033561,0.05347678561032121,0.015167320093770748,0.4972731139004327,-0.05255503933945823,-1.568380474694694,0.04433465303616514,2.2136180023741145,0.7627501741446711
36.4,0.03333333333333333,1092,1092,takeover,cartesian_freedrive,0.978964783033561,0.05347608435440451,0.015167238996685652,0.4972737880627957,-0.052555019253548906,-1.5683792705343562,0.044334699479572706,2.2136174134922246,0.762750086742496
36.43333333333333,0.03333333333333333,1093,1093,takeover,cartesian_freedrive,0.9796021771621866,0.05348752906008869,0.012620502736543096,0.49967580381677307,-0.05182070091795723,-1.5622798301643799,0.04645804315791785,2.2103044144935633,0.7585478486473479
36.46666666666667,0.03333333333333333,1094,1094,takeover,cartesian_freedrive,0.9802395712908121,0.05349898969633853,0.010057094265955331,0.5021641289058693,-0.05108051697139328,-1.5560214888895791,0.0485847197009069,2.2069044083242777,0.754339595002743
36.5,0.03333333333333333,1095,1095,takeover,cartesian_freedrive,0.9808769654194376,0.05351045047267124,0.007497415830218841,0.5046863914972176,-0.05033971080839034,-1.549707586141493,0.05069942115879342,2.2034716967672505,0.7501551616781911
36.53333333333333,0.03333333333333333,1096,1096,takeover,cartesian_freedrive,0.9815143595480631,0.05352191103597202,0.004941739887051822,0.507241945960066,-0.04959836504426156,-1.5433391407007775,0.052802210937392624,2.2000074709096236,0.7459946435608268
36.56666666666667,0.03333333333333333,1097,1097,takeover,cartesian_freedrive,0.9821517536766886,0.053533371817898946,0.0023899633979717902,0.509831417972686,-0.04885646424012533,-1.536915362941223,0.0548926019260919,2.196510441950363,0.7418585340281577
36.6,0.03333333333333333,1098,1098,takeover,cartesian_freedrive,0.9827891478053141,0.053544832596563056,-0.00015783804668865177,0.5124551755133893,-0.04811398719931686,-1.5304354093015944,0.05697069089474603,2.1929807988834837,0.7377468150121651
36.63333333333333,0.03333333333333333,1099,1099,takeover,cartesian_freedrive,0.9834265419339396,0.05355629337130863,-0.002701648187431686,0.5151136982348637,-0.04737091206044148,-1.5238984049535085,0.05903638435663298,2.1894182230123733,0.7336596376935627
36.666666666666664,0.03333333333333333,1100,1100,takeover,cartesian_freedrive,0.9840639360625651,0.05356775413673688,-0.005241450639904078,0.517807482918288,-0.046627220471434805,-1.5173034495073476,0.06108959097113801,2.185822380183799,0.7295971541373175
36.7,0.03333333333333333,1101,1101,takeover,cartesian_freedrive,0.9847013301911907,0.05357921513669946,-0.007777319745045722,0.5205370888943188,-0.0458827406396028,-1.510649472853237,0.06313007674530259,2.182192741953841,0.7255596112421168
36.733333333333334,0.03333333333333333,1102,1102,takeover,cartesian_freedrive,0.9853387243198162,0.053590675915740765,-0.010309061265840844,0.5233029655671477,-0.04513771009109915,-1.503935724269527,0.06515802521102639,2.1785293003300303,0.7215469778436777
36.766666666666666,0.03333333333333333,1103,1103,takeover,cartesian_freedrive,0.9859761184484417,0.053602136687245526,-0.012836746068511377,0.5261057063821778,-0.04439198347589241,-1.4971611053629155,0.06717321577832006,2.174831502923225,0.7175595007979955
36.8,0.03333333333333333,1104,1104,takeover,cartesian_freedrive,0.9866135125770672,0.05361359735818455,-0.015360316962415424,0.5289458085162355,-0.04364552841235757,-1.4903245591991143,0.0691757036455303,2.171099342169619,0.7135972132353466
36.833333333333336,0.03333333333333333,1105,1105,takeover,cartesian_freedrive,0.9872509067056927,0.053625058115677166,-0.017879823968418473,0.5318240020328034,-0.042898305706898725,-1.4834249904822259,0.07116515181035345,2.1673317381375847,0.709660484446817
36.86666666666667,0.03333333333333333,1106,1106,takeover,cartesian_freedrive,0.9878883008343182,0.05363651889049238,-0.020395241218068863,0.5347408705693414,-0.04215028781503609,-1.4764612737055782,0.0731415322943508,2.1635284369003016,0.7057494227805827
36.9,0.03333333333333333,1107,1107,takeover,cartesian_freedrive,0.9885256949629437,0.05364797965790842,-0.022906534670393507,0.5376970364353953,-0.04140144432047388,-1.4694322394270165,0.07510480127104108,2.159689089750851,0.7018641551567559
36.93333333333333,0.03333333333333333,1108,1108,takeover,cartesian_freedrive,0.9891630890915692,0.053659440429471,-0.025413687522008864,0.5406931685141645,-0.040651730911182224,-1.462336656102231,0.07705487054641125,2.155813226931048,0.6980048455116848
36.96666666666667,0.03333333333333333,1109,1109,takeover,cartesian_freedrive,0.9891630890915692,0.053657293644816945,-0.029592258011202438,0.5395557658995453,-0.040039896506014035,-1.4575157785723802,0.07913444352996148,2.154175797846551,0.6904044736946202
37.0,0.03333333333333333,1110,1110,takeover,cartesian_freedrive,0.9891630890915692,0.053655132892221055,-0.03379531521783876,0.5384550554824905,-0.039412848501828635,-1.4526317155116764,0.08125940391529295,2.152513890598238,0.6827752696888577
37.03333333333333,0.03333333333333333,1111,1111,takeover,cartesian_freedrive,0.9891630890915692,0.05365297214756905,-0.038010823083601944,0.5374559845408454,-0.0387707301926151,-1.4475975140304536,0.08342690363675473,2.150782140053043,0.6751442850437083
37.06666666666667,0.03333333333333333,1112,1112,takeover,cartesian_freedrive,0.9891630890915692,0.05365081113285644,-0.042238493026441226,0.5365607670851487,-0.0381137321610431,-1.4424096408501008,0.0856362814270132,2.148978808861235,0.6675128719779586
37.1,0.03333333333333333,1113,1113,takeover,cartesian_freedrive,0.9891630890915692,0.05364865062156532,-0.04647841693505448,0.5357707258826117,-0.037441522726694494,-1.4370658679552732,0.08788631092809188,2.147102307121886,0.659882608697429
37.13333333333333,0.03333333333333333,1114,1114,takeover,cartesian_freedrive,0.9891630890915692,0.053646489904765865,-0.05073016899769143,0.5350869431997937,-0.036754479681183005,-1.4315645191513766,0.09017655828460745,2.1451521135179537,0.6522545512940451
37.166666666666664,0.03333333333333333,1115,1115,takeover,cartesian_freedrive,0.9891630890915692,0.0536443292059085,-0.054993714660531434,0.5345107793186431,-0.036052509829515404,-1.425903454648947,0.0925059159385389,2.1431267058819468,0.6446302381466624
37.2,0.03333333333333333,1116,1116,takeover,cartesian_freedrive,0.9891630890915692,0.053642168465268925,-0.05926887151129509,0.5340435337859669,-0.03533566354024876,-1.4200805292669063,0.0948735347110764,2.14102504405935,0.6370110270294406
37.233333333333334,0.03333333333333333,1117,1117,takeover,cartesian_freedrive,0.9891630890915692,0.05364000770439985,-0.06355548592351204,0.5336865991524165,-0.03460393505148967,-1.4140934310263247,0.09727846905273187,2.1388459045603487,0.6293983554499804
37.266666666666666,0.03333333333333333,1118,1118,takeover,cartesian_freedrive,0.9891630890915692,0.05363784694670094,-0.06785340682334161,0.533441433621896,-0.03385731192886206,-1.4079397196749206,0.09971974281832345,2.1365880133171795,0.6217936943583801
37.3,0.03333333333333333,1119,1119,takeover,cartesian_freedrive,0.9891630890915692,0.05363568619465797,-0.07216248394637893,0.5333095641778861,-0.03309577677497368,-1.4016168413728296,0.1021963535380391,2.1342500432376563,0.6141985485653585
37.333333333333336,0.03333333333333333,1120,1120,takeover,cartesian_freedrive,0.9891630890915692,0.05363352542063168,-0.07648256816240855,0.5332925931475168,-0.03231932208642234,-1.3951220984355448,0.104707268508951,2.1318306111003458,0.6066144566660039
37.36666666666667,0.03333333333333333,1121,1121,takeover,cartesian_freedrive,0.9891630890915692,0.053631364193991254,-0.08081333174828674,0.5333920645901578,-0.031528154383608925,-1.3884529212050436,0.10725176939096438,2.129328823690077,0.5990427641051903
37.4,0.03333333333333333,1122,1122,takeover,cartesian_freedrive,0.9891630890915692,0.053629202792645714,-0.08515473250615675,0.5336098506726392,-0.030722087911693865,-1.3816060739306937,0.10982853343597551,2.126742763856948,0.5914852335653676
37.43333333333333,0.03333333333333333,1123,1123,takeover,cartesian_freedrive,0.9891630890915692,0.053627042744783124,-0.08950721016613267,0.5339482058156902,-0.029900233240381324,-1.3745774523129424,0.11243540861208504,2.1240693582648,0.5839441827206937
37.46666666666667,0.03333333333333333,1124,1124,takeover,cartesian_freedrive,0.9891630890915692,0.05362488263178883,-0.09387009520160983,0.5344087132834024,-0.02906326296288083,-1.3673645607927372,0.11507221177086327,2.1213084314531874,0.576420663066068
37.5,0.03333333333333333,1125,1125,takeover,cartesian_freedrive,0.9891630890915692,0.05358618163123996,-0.09394970650823459,0.5344687548687114,-0.029044589250217558,-1.3671460033056895,0.11512447623927664,2.121217958423248,0.5763011210141192
37.53333333333333,0.03333333333333333,1126,1126,takeover,cartesian_freedrive,0.9891630890915692,0.053547435032543486,-0.09399519100883073,0.5344890499509495,-0.029032347430452066,-1.3670332349518621,0.1151594365244234,2.1211794470119623,0.5762296378860193
37.56666666666667,0.03333333333333333,1127,1127,takeover,cartesian_freedrive,0.9891630890915692,0.05350868837121353,-0.09404052383699978,0.5345093154333096,-0.029020146961567916,-1.3669206963207725,0.11519429696726542,2.1211410704467775,0.576158421397406
37.6,0.03333333333333333,1128,1128,takeover,cartesian_freedrive,0.9891630890915692,0.0534699417097987,-0.0940858592722908,0.5345296595161166,-0.02900794446147542,-1.3668080229155382,0.11522915754930516,2.1211026303587763,0.5760872155287435
37.63333333333333,0.03333333333333333,1129,1129,takeover,cartesian_freedrive,0.9891630890915692,0.05345569197774924,-0.0940861930829693,0.5345310599483792,-0.029007835609726296,-1.366804819568451,0.11522940399045771,2.12110124360698,0.5760867769246459
37.666666666666664,0.03333333333333333,1130,1130,takeover,cartesian_freedrive,0.9891630890915692,0.053441471127275264,-0.0940863773281187,0.5345323056099456,-0.029007778563120763,-1.3668022241778341,0.11522949487973944,2.1211000856337523,0.5760866233389844
37.7,0.03333333333333333,1131,1131,takeover,cartesian_freedrive,0.9891630890915692,0.05342725031085184,-0.09408658943762045,0.5345335012822052,-0.029007718993612493,-1.3667997124512163,0.11522960522180674,2.121098960468322,0.5760864234930276
37.733333333333334,0.03333333333333333,1132,1132,takeover,cartesian_freedrive,0.9891630890915692,0.053413029494469036,-0.09408682105068716,0.5345346512559289,-0.029007657812432842,-1.3667972790551683,0.11522972963623301,2.1210978679430283,0.5760861894227997
37.766666666666666,0.03333333333333333,1133,1133,takeover,cartesian_freedrive,0.9891630890915692,0.05340778917772654,-0.09408701909562246,0.534535864398828,-0.02900763740668692,-1.366795035141982,0.11522979673667842,2.1210967595981725,0.576086053763262
37.8,0.03333333333333333,1134,1134,takeover,cartesian_freedrive,0.9891630890915692,0.05340255944916942,-0.0940871760917777,0.5345370442129931,-0.029007625047054657,-1.3667928885748086,0.11522983488072018,2.1210956991754792,0.5760859756985963
37.833333333333336,0.03333333333333333,1135,1135,takeover,cartesian_freedrive,0.9891630890915692,0.053397329733097104,-0.0940873024692169,0.5345381814446062,-0.029007615532963344,-1.366790827757188,0.11522985576960891,2.12109468713914,0.576085936155811
37.86666666666667,0.03333333333333333,1136,1136,takeover,cartesian_freedrive,0.9891630890915692,0.05339210001703978,-0.09408740701297677,0.5345392756411863,-0.029007607611433527,-1.3667888485836484,0.11522986556511475,2.1210937197664443,0.576085922428388
37.9,0.03333333333333333,1137,1137,takeover,cartesian_freedrive,0.9891630890915692,0.05339017270848359,-0.09408749588187904,0.5345403282677964,-0.02900760120904012,-1.3667869485577333,0.1152298679976868,2.121092793183831,0.5760859272658612
37.93333333333333,0.03333333333333333,1138,1138,takeover,cartesian_freedrive,0.9891630890915692,0.05338824929352713,-0.0940875730852458,0.5345413398303765,-0.02900759560372681,-1.3667851239296678,0.11522986549508384,2.1210919053062987,0.5760859437673829
37.96666666666667,0.03333333333333333,1139,1139,takeover,cartesian_freedrive,0.9891630890915692,0.05338632588316154,-0.09408764174191932,0.5345423115783682,-0.029007590542068307,-1.366783371616489,0.11522985984968817,2.1210910541819805,0.5760859674622679
38.0,0.03333333333333333,1140,1140,takeover,cartesian_freedrive,0.9891630890915692,0.05338440247280158,-0.09408770404390047,0.5345432451216682,-0.029007585837846777,-1.3667816890801587,0.1152298522895832,2.1210902372754203,0.5760859953144725
38.03333333333333,0.03333333333333333,1141,1141,takeover,cartesian_freedrive,0.9891630890915692,0.05338369347347345,-0.09408776161192199,0.534544141688171,-0.02900758151469586,-1.3667800733675832,0.11522984375717588,2.121089453182942,0.5760860256508319
38.06666666666667,0.03333333333333333,1142,1142,takeover,cartesian_freedrive,0.9891630890915692,0.05338298590595861,-0.09408781540714561,0.5345450026127017,-0.029007577402025083,-1.3667785217011497,0.11522983473834711,2.1210887006986687,0.5760860568509064
38.1,0.03333333333333333,1143,1143,takeover,cartesian_freedrive,0.9891630890915692,0.05338227834013212,-0.09408786619348619,0.534545829484806,-0.029007573416880626,-1.3667770318303645,0.11522982560050252,2.1210879778800127,0.5760860879123888
38.13333333333333,0.03333333333333333,1144,1144,takeover,cartesian_freedrive,0.9891630890915692,0.053381570774307885,-0.0940879145539621,0.5345466234156739,-0.02900756954432764,-1.3667756010161236,0.11522981662837464,2.1210872839120096,0.5760861181836832
38.166666666666664,0.03333333333333333,1145,1145,takeover,cartesian_freedrive,0.9891630890915692,0.05338133944286938,-0.09408796291717689,0.5345473857094897,-0.029007564495697198,-1.366774227051379,0.11522980971060892,2.121086616445637,0.5760861417437942
38.2,0.03333333333333333,1146,1146,takeover,cartesian_freedrive,0.9891630890915692,0.05338110867292012,-0.09408801167205025,0.5345481175329132,-0.029007559253129218,-1.3667729074433397,0.11522980457457097,2.121085975076891,0.5760861604810626
38.233333333333334,0.03333333333333333,1147,1147,takeover,cartesian_freedrive,0.9891630890915692,0.053380877903633064,-0.09408806044080645,0.5345488202858958,-0.02900755392642437,-1.3667716401889736,0.11522980089499588,2.1210853586395824,0.5760861753131286
38.266666666666666,0.03333333333333333,1148,1148,takeover,cartesian_freedrive,0.9891630890915692,0.053380647134347016,-0.0940881089194147,0.5345494952057607,-0.029007548537882216,-1.3667704233104578,0.11522979842092909,2.121084765856296,0.5760861868523103
38.3,0.03333333333333333,1149,1149,takeover,cartesian_freedrive,0.9854236386779824,0.053410674433044536,-0.09096263133815434,0.5390463880822628,-0.030417909742150317,-1.3707820920361569,0.11424175718166768,2.123612265838365,0.5859748747855138
38.333333333333336,0.03333333333333333,1150,1150,takeover,cartesian_freedrive,0.9816841882643956,0.05344073641878654,-0.08783850195942251,0.5437071233665887,-0.03181869081937589,-1.374623808504721,0.1133261308282133,2.126081603275638,0.5958961660588664
38.36666666666667,0.03333333333333333,1151,1151,takeover,cartesian_freedrive,0.9779447378508088,0.05347079852839026,-0.08474431182512555,0.5485372137454723,-0.033201224686668175,-1.3782078588899926,0.11249482073368129,2.12844164931171,0.605786064838171
38.4,0.03333333333333333,1152,1152,takeover,cartesian_freedrive,0.974205287437222,0.05350086064765327,-0.08168081659642454,0.5535345115306147,-0.034564875694844656,-1.3815365341772667,0.11174829934035373,2.130693333733107,0.6156427680933242
38.43333333333333,0.03333333333333333,1153,1153,takeover,cartesian_freedrive,0.9704658370236352,0.05353092276536894,-0.07864865766811689,0.5586974684819378,-0.03590899631417587,-1.384611424220243,0.11108689670523043,2.132837372215682,0.625464930493029
38.46666666666667,0.03333333333333333,1154,1154,takeover,cartesian_freedrive,0.9667263866100484,0.05356098483178437,-0.07564844360599336,0.5640238200798094,-0.03723293913679704,-1.3874353541280775,0.11051086500965007,2.1348750921885196,0.6352512445040954
38.5,0.03333333333333333,1155,1155,takeover,cartesian_freedrive,0.9629869361964616,0.05359104694908276,-0.07268101470988417,0.5695122350139434,-0.038535891569067345,-1.3900094307143118,0.11002035149526634,2.136807105575935,0.6450004561487666
38.53333333333333,0.03333333333333333,1156,1156,takeover,cartesian_freedrive,0.9592474857828748,0.053621109066716105,-0.06974477392078948,0.5751191202711787,-0.03981754285847337,-1.3924107959803074,0.10961625761255109,2.138670643186797,0.6547087026650709
38.56666666666667,0.03333333333333333,1157,1157,takeover,cartesian_freedrive,0.955508035369288,0.053651171175501236,-0.06684392553164359,0.5809261193453131,-0.04107705403705896,-1.3944912320466063,0.10929691717603311,2.1403940504653702,0.6643809958197234
38.6,0.03333333333333333,1158,1158,takeover,cartesian_freedrive,0.9517685849557012,0.05368123324550704,-0.06397770383297376,0.5868914634128437,-0.04231378404421984,-1.3963245344730555,0.1090631785097921,2.1420128768082103,0.6740130769635108
38.63333333333333,0.03333333333333333,1159,1159,takeover,cartesian_freedrive,0.9480291345421143,0.05371129535435945,-0.061146600971287726,0.5930130785681305,-0.043526985112250116,-1.3979130449441624,0.10891472111757489,2.1435283112987995,0.6836043599483573
38.666666666666664,0.03333333333333333,1160,1160,takeover,cartesian_freedrive,0.9442896841285275,0.05374135746404082,-0.05835122311010521,0.5992891277249496,-0.04471596685564077,-1.3992586706126007,0.10885121992778153,2.1449411615345055,0.6931541211890051
38.7,0.03333333333333333,1161,1161,takeover,cartesian_freedrive,0.9405502337149407,0.053771419567471494,-0.05559222916565496,0.6057186414468096,-0.04588002767303921,-1.4003617097737033,0.10887225715675393,2.1462515332606276,0.7026617722298915
38.733333333333334,0.03333333333333333,1162,1162,takeover,cartesian_freedrive,0.9368107833013539,0.05380148164109241,-0.05287023882471934,0.6123006700196911,-0.04701850267291462,-1.401222421065349,0.10897733302582312,2.1474594368182585,0.7121268134897984
38.766666666666666,0.03333333333333333,1163,1163,takeover,cartesian_freedrive,0.9330713328877671,0.05383154374134959,-0.050185813056169926,0.6190339010196563,-0.04813078837371513,-1.4018416776893126,0.10916593487067515,2.1485652884943964,0.7215487713898424
38.8,0.03333333333333333,1164,1164,takeover,cartesian_freedrive,0.9293318824741803,0.05386160584266927,-0.04753949528112188,0.6259150351380062,-0.0492161527846084,-1.4022239179625515,0.10943735246117525,2.1495711051993522,0.730927203450106
38.833333333333336,0.03333333333333333,1165,1165,takeover,cartesian_freedrive,0.9293318824741803,0.053868183357636476,-0.046993245605663495,0.6298068873853216,-0.049471575477378155,-1.402601436277004,0.10900313348215294,2.1498729814857027,0.7321402496670134
38.86666666666667,0.03333333333333333,1166,1166,takeover,cartesian_freedrive,0.9293318824741803,0.053874733701164745,-0.04646939041090797,0.6337324719579861,-0.04972005038681742,-1.4028902029462094,0.1085757738673296,2.1501332417675196,0.7333027238457421
38.9,0.03333333333333333,1167,1167,takeover,cartesian_freedrive,0.9293318824741803,0.05388128399969992,-0.045949222501973974,0.6377055423009159,-0.04996649202504749,-1.4031042060210601,0.1081550843937705,2.1503652753837423,0.7344657989968361
38.93333333333333,0.03333333333333333,1168,1168,takeover,cartesian_freedrive,0.9293318824741803,0.05388783431058279,-0.045432747732596174,0.6417272781591,-0.05021087693444856,-1.4032412770913623,0.10774099408445886,2.1505678964665345,0.7356298039090767
38.96666666666667,0.03333333333333333,1169,1169,takeover,cartesian_freedrive,0.9293318824741803,0.05388544334711778,-0.045497237536614096,0.6405953283873274,-0.05016676578752473,-1.4031128287204273,0.10786683784012394,2.1504907964150575,0.7355585923848056
39.0,0.03333333333333333,1170,1170,takeover,cartesian_freedrive,0.9293318824741803,0.05388304191814357,-0.04556225232962433,0.6393693028345496,-0.0501217715451562,-1.40309715940283,0.10799707884774093,2.1504630394134625,0.7354753524641172
39.03333333333333,0.03333333333333333,1171,1171,takeover,cartesian_freedrive,0.9293318824741803,0.05388064047878967,-0.045627386172302574,0.6381464604507999,-0.05007673566143888,-1.4030764233007835,0.10812750542094711,2.1504335771320773,0.7353923617641613
39.06666666666667,0.03333333333333333,1172,1172,takeover,cartesian_freedrive,0.9293318824741803,0.053878239039418324,-0.045692738057357254,0.6369290940014635,-0.05003164861149599,-1.403046803149489,0.10825807016288279,2.150400613747983,0.7353097998901856
39.1,0.03333333333333333,1173,1173,takeover,cartesian_freedrive,0.9293318824741803,0.053877247046627226,-0.045693128255381854,0.6369184034054315,-0.05003121555012317,-1.4030473874271892,0.10825922482817608,2.1504019535937706,0.7353091790272133
39.13333333333333,0.03333333333333333,1174,1174,takeover,cartesian_freedrive,0.9293318824741803,0.05387625667625297,-0.0456933882902152,0.6369102977666852,-0.05003096086356376,-1.4030503938579537,0.10825999720639888,2.150403318243842,0.7353086231399476
39.166666666666664,0.03333333333333333,1175,1175,takeover,cartesian_freedrive,0.9293318824741803,0.05387526630771843,-0.04569354544894918,0.6369051908535988,-0.05003076409203239,-1.4030510051407696,0.10826054337833381,2.1504044196224505,0.7353083186770009
39.2,0.03333333333333333,1176,1176,takeover,cartesian_freedrive,0.9293318824741803,0.053874275939121,-0.045693754758732816,0.636899637229348,-0.05003053497724438,-1.4030514330053727,0.10826116891651058,2.1504052707667425,0.7353079782675632
39.233333333333334,0.03333333333333333,1177,1177,takeover,cartesian_freedrive,0.9293318824741803,0.05387390868181427,-0.045693880075866895,0.636896846784228,-0.05003052258815337,-1.4030537060309844,0.10826131076982028,2.1504051433944094,0.7353077064427836
39.266666666666666,0.03333333333333333,1178,1178,takeover,cartesian_freedrive,0.9293318824741803,0.05387354215906094,-0.04569393917028709,0.6368947070940577,-0.05003054887686778,-1.4030560433340535,0.10826135264119299,2.1504053018135845,0.7353074899313427
39.3,0.03333333333333333,1179,1179,takeover,cartesian_freedrive,0.9293318824741803,0.05387317563716372,-0.045693955712722716,0.636892904727008,-0.05003057580733919,-1.4030582877918503,0.10826137458994625,2.150405723480551,0.7353073190454266
39.333333333333336,0.03333333333333333,1180,1180,takeover,cartesian_freedrive,0.9293318824741803,0.0538728091152641,-0.04569394612839201,0.6368913333896775,-0.05003059753732252,-1.403060431928827,0.10826139324895946,2.1504063151893,0.7353071804773023
39.36666666666667,0.03333333333333333,1181,1181,takeover,cartesian_freedrive,0.9293318824741803,0.05387267139428922,-0.045693920413357715,0.6368899454241649,-0.05003061543805022,-1.403062490066277,0.10826140947087178,2.1504070038157823,0.7353070640102028
39.4,0.03333333333333333,1182,1182,takeover,cartesian_freedrive,0.9293318824741803,0.05387253394307312,-0.04569388546442829,0.636888688534726,-0.05003062985001477,-1.4030644583418983,0.10826142576206768,2.150407749840088,0.7353069624891799
39.43333333333333,0.03333333333333333,1183,1183,takeover,cartesian_freedrive,0.9293318824741803,0.05387239649217421,-0.04569384562339194,0.6368875330957721,-0.05003064158244161,-1.4030663410984654,0.10826144240457805,2.150408521861927,0.7353068712902846
39.46666666666667,0.03333333333333333,1184,1184,takeover,cartesian_freedrive,0.9293318824741803,0.0538722590412752,-0.0456938036175351,0.6368864587182985,-0.050030651347518204,-1.4030681421781526,0.10826145931386084,2.150409300023262,0.7353067874098131
39.5,0.03333333333333333,1185,1185,takeover,cartesian_freedrive,0.9293318824741803,0.053872205469297704,-0.04569376110010866,0.6368854516904565,-0.05003065963960804,-1.4030698657621505,0.10826147626727874,2.1504100706317444,0.7353067089042439
39.53333333333333,0.03333333333333333,1186,1186,takeover,cartesian_freedrive,0.9293318824741803,0.05387215199621489,-0.045693719124210684,0.6368845017688768,-0.05003066684573601,-1.4030715149911037,0.10826149318042352,2.1504108261334833,0.7353066345832358
39.56666666666667,0.03333333333333333,1187,1187,takeover,cartesian_freedrive,0.9293318824741803,0.053872098523248715,-0.04569367827905572,0.6368836021325022,-0.05003067320296452,-1.4030730936434566,0.10826150990874775,2.1504115606358014,0.7353065637003557
39.6,0.03333333333333333,1188,1188,takeover,cartesian_freedrive,0.9293318824741803,0.05387204505028276,-0.04569363891291655,0.6368827472361052,-0.05003067890194067,-1.4030746045548523,0.10826152638270756,2.1504122715775096,0.7353064957477851
39.63333333333333,0.03333333333333333,1189,1189,takeover,cartesian_freedrive,0.9369046979705375,0.05387873887896909,-0.038313246861600654,0.6375462987873227,-0.053111228847016766,-1.3978354905489507,0.10055981458672372,2.151987332454291,0.7439473323448768
39.666666666666664,0.03333333333333333,1190,1190,takeover,cartesian_freedrive,0.9444775134668948,0.053885437797566195,-0.03088673950752675,0.6384182961855449,-0.05625355120837191,-1.3922524376603351,0.09276803404498339,2.1533401602801137,0.7526455980089246
39.7,0.03333333333333333,1191,1191,takeover,cartesian_freedrive,0.952050328963252,0.05389213670824449,-0.02346612572373356,0.6394434943997952,-0.05943884169891428,-1.3864436278651897,0.08493751808164343,2.1545067442524655,0.7613300430655616
39.733333333333334,0.03333333333333333,1192,1192,takeover,cartesian_freedrive,0.9596231444596093,0.053898835334951926,-0.01605361574471968,0.640621886515601,-0.06266576494686102,-1.3804090048889661,0.07707304551408875,2.1554868328303645,0.7699955093996541
39.766666666666666,0.03333333333333333,1193,1193,takeover,cartesian_freedrive,0.9671959599559665,0.05390553424623698,-0.008651421374093875,0.6419548918062721,-0.06593270113599828,-1.3741460061924635,0.06917921538376924,2.1562794143289827,0.7786372202955852
39.8,0.03333333333333333,1194,1194,takeover,cartesian_freedrive,0.9747687754523238,0.05391223303396152,-0.0012616826698433933,0.6434441678288253,-0.06923833141330972,-1.3676514781639555,0.061260667509014564,2.1568831218570526,0.787250329805564
39.833333333333336,0.03333333333333333,1195,1195,takeover,cartesian_freedrive,0.982341590948681,0.05391893192611433,0.0061133808521308345,0.6450915119575484,-0.07258114080198719,-1.360922225997223,0.0533220706555288,2.1572964488742663,0.7958299828566846
39.86666666666667,0.03333333333333333,1196,1196,takeover,cartesian_freedrive,0.9899144064450383,0.053925630853368295,0.013471480389509375,0.6468987859056713,-0.07595963687942058,-1.3539548383539477,0.045368161689651604,2.157518058776395,0.8043712424322025
39.9,0.03333333333333333,1197,1197,takeover,cartesian_freedrive,0.9899144064450383,0.05393676427636386,0.01747176214053531,0.6442261796838961,-0.07696866167960367,-1.3519951408526405,0.04334750146682575,2.1576962641546302,0.810917422591471
39.93333333333333,0.03333333333333333,1198,1198,takeover,cartesian_freedrive,0.9899144064450383,0.05394790389644567,0.021457384828774535,0.6415777965099013,-0.07797893389701455,-1.3499910504571944,0.04131813868307924,2.1578380087992,0.8174603803832166
39.96666666666667,0.03333333333333333,1199,1199,takeover,cartesian_freedrive,0.9899144064450383,0.05395904351076694,0.02544893025977017,0.6390204759078457,-0.07900239035671415,-1.3478457370003922,0.03924916504149385,2.1579117901659126,0.8240171650692165
40.0,0.03333333333333333,1200,1200,takeover,cartesian_freedrive,0.9899144064450383,0.053970183156856165,0.029446304868890032,0.6365539873230575,-0.08003895225320368,-1.3455600638207286,0.037140938898969786,2.1579178858350407,0.8305871179352746
40.03333333333333,0.03333333333333333,1201,1201,takeover,cartesian_freedrive,0.9899144064450383,0.0539813228086627,0.03344904022573193,0.6341797436072125,-0.08108841791034577,-1.343131799613755,0.03499411677146329,2.1578550909905903,0.8371693346688152
40.06666666666667,0.03333333333333333,1202,1202,takeover,cartesian_freedrive,0.9899144064450383,0.05399246241827117,0.03745677934692862,0.6318977025087803,-0.08215063383263489,-1.3405613370092466,0.03280932689097572,2.1577234724462144,0.8437628852253835
40.1,0.03333333333333333,1203,1203,takeover,cartesian_freedrive,0.9899144064450383,0.05400360206853598,0.04146913590622462,0.6297082392392265,-0.08322540783058113,-1.3378483538823531,0.03058724252026898,2.157522686055358,0.8503668224460508
40.13333333333333,0.03333333333333333,1204,1204,takeover,cartesian_freedrive,0.9899144064450383,0.05401474167253052,0.04548563056780734,0.6276126209381351,-0.08431255993868249,-1.334990850392346,0.028328599996158086,2.1572516538498236,0.8569801639897757
40.166666666666664,0.03333333333333333,1205,1205,takeover,cartesian_freedrive,0.9899144064450383,0.054025881338337335,0.0495058340742926,0.6256114852400398,-0.08541187494017588,-1.3319880170419989,0.0260341483585788,2.156909832153916,0.8636019080177698
40.2,0.03333333333333333,1206,1206,takeover,cartesian_freedrive,0.9899144064450383,0.054037021064764344,0.053529233876788714,0.6237059663639821,-0.08652313487912874,-1.3288380855965123,0.023704671541402378,2.156496310882483,0.8702310270962099
40.233333333333334,0.03333333333333333,1207,1207,takeover,cartesian_freedrive,0.9899144064450383,0.05404816071089329,0.057555491048965374,0.6218963238999843,-0.08764625546366085,-1.3255408932823747,0.021340963765511273,2.1560107548777094,0.8768664683484728
40.266666666666666,0.03333333333333333,1208,1208,takeover,cartesian_freedrive,0.9899144064450383,0.05405930038027452,0.061584081126808604,0.6201836960724506,-0.08878099218725172,-1.3220946802725282,0.018943872433960365,2.1554522497887203,0.8835071572408161
40.3,0.03333333333333333,1209,1209,takeover,cartesian_freedrive,0.9899144064450383,0.05407044013735454,0.06561444896927536,0.6185690873608994,-0.08992707134151974,-1.3184979711563112,0.0165144711296306,2.154820556671751,0.8901518733934278
40.333333333333336,0.03333333333333333,1210,1210,takeover,cartesian_freedrive,0.9899144064450383,0.054081579828963514,0.06964620827190776,0.6170534596254568,-0.09108444818327295,-1.314749177034465,0.014053291144548154,2.154113782758494,0.8967997082673493
40.36666666666667,0.03333333333333333,1211,1211,takeover,cartesian_freedrive,0.9899144064450383,0.05409271938888324,0.0736788595637369,0.6156379353607754,-0.09225295524427624,-1.3108465617414469,0.011561344946483608,2.153331111597962,0.9034494639480198
40.4,0.03333333333333333,1212,1212,takeover,cartesian_freedrive,0.9899144064450383,0.054103859004893375,0.07771201714903783,0.6143215687512186,-0.09343239067579834,-1.3067921776984925,0.009039615863921449,2.152473891070184,0.9100999416733704
40.43333333333333,0.03333333333333333,1213,1213,takeover,cartesian_freedrive,0.9899144064450383,0.05407758749425735,0.07779145184121776,0.6143750002619848,-0.09345600215145064,-1.3067217425421038,0.00898314565292176,2.152460689655921,0.9102254103070027
40.46666666666667,0.03333333333333333,1214,1214,takeover,cartesian_freedrive,0.9899144064450383,0.05405127350622581,0.07784102947971254,0.6144425726914013,-0.09347123926176841,-1.306662903796676,0.008945351978216444,2.152451938062773,0.9103051334676118
40.5,0.03333333333333333,1215,1215,takeover,cartesian_freedrive,0.9899144064450383,0.05402495946794338,0.07789035538733301,0.6145102140086633,-0.09348641855350284,-1.306604125107346,0.008907738976660076,2.1524432226217898,0.9103844509226033
40.53333333333333,0.03333333333333333,1216,1216,takeover,cartesian_freedrive,0.9899144064450383,0.05399864542960638,0.07793967790011634,0.614577860952629,-0.09350159854758845,-1.306545336024582,0.008870132598240913,2.1524344976474126,0.9104637622915663
40.56666666666667,0.03333333333333333,1217,1217,takeover,cartesian_freedrive,0.9899144064450383,0.05398908377217415,0.0779398892933012,0.6145796197896407,-0.09350168301078793,-1.30654265065926,0.008869900680794261,2.152433324031875,0.9104643289399081
40.6,0.03333333333333333,1218,1218,takeover,cartesian_freedrive,0.9899144064450383,0.05397954187104703,0.07793993347970389,0.6145810453479061,-0.09350170740939627,-1.3065403101625441,0.008869845009095271,2.15243224584689,0.9104645610881403
40.63333333333333,0.03333333333333333,1219,1219,takeover,cartesian_freedrive,0.9899144064450383,0.05396999999323987,0.0779400093339001,0.6145824441581256,-0.09350173753275048,-1.3065380416229448,0.008869770948591843,2.152431217243476,0.9104648341580653
40.666666666666664,0.03333333333333333,1220,1220,takeover,cartesian_freedrive,0.9899144064450383,0.05396045811545898,0.07794010870110189,0.6145838136954622,-0.09350177183152691,-1.306535841562345,0.008869683262893545,2.1524302318700426,0.9104651371057411
40.7,0.03333333333333333,1221,1221,takeover,cartesian_freedrive,0.9899144064450383,0.05395701909316003,0.07794015972433045,0.6145850698069679,-0.09350176320030415,-1.3065336963040415,0.008869664088149517,2.152429267325284,0.9104653396733479
40.733333333333334,0.03333333333333333,1222,1222,takeover,cartesian_freedrive,0.9899144064450383,0.053953587266242574,0.07794016661939357,0.614586256129035,-0.09350174375067395,-1.3065316271313914,0.00886967597885863,2.1524283150785544,0.9104654729699276
40.766666666666666,0.03333333333333333,1223,1223,takeover,cartesian_freedrive,0.9899144064450383,0.053950155447809,0.07794014319574014,0.6145873857023832,-0.09350171995878682,-1.3065296323192974,0.00886970523290493,2.152427381753635,0.9104655583292118
40.8,0.03333333333333333,1224,1224,takeover,cartesian_freedrive,0.9899144064450383,0.053946723629385476,0.07794009989879133,0.6145884661328649,-0.09350169398799757,-1.3065277088805096,0.008869745029827718,2.152426471811932,0.9104656109536428
40.833333333333336,0.03333333333333333,1225,1225,takeover,cartesian_freedrive,0.9899144064450383,0.0539454850313489,0.07794004384278386,0.6145895021552102,-0.0935016664425368,-1.3065258537798832,0.008869791260329891,2.1524255878011314,0.910465639718877
40.86666666666667,0.03333333333333333,1226,1226,takeover,cartesian_freedrive,0.9899144064450383,0.053944249019159216,0.07793997961152802,0.6145904977058922,-0.09350163841257501,-1.3065240644277731,0.008869841401437907,2.1524247310180886,0.910465652752336
40.9,0.03333333333333333,1227,1227,takeover,cartesian_freedrive,0.9899144064450383,0.05394301301001788,0.07793991066728619,0.6145914557066375,-0.09350161039669669,-1.306522338350221,0.008869893597754008,2.152423901892574,0.9104656553443436
40.93333333333333,0.03333333333333333,1228,1228,takeover,cartesian_freedrive,0.9899144064450383,0.053941777000879654,0.07793983939269625,0.6145923783971796,-0.09350158271032272,-1.306520673149995,0.0088699465677877,2.1524231004378582,0.9104656510779089
40.96666666666667,0.03333333333333333,1229,1229,takeover,cartesian_freedrive,0.9899144064450383,0.05394133176746574,0.07793976747295407,0.6145932676724932,-0.09350155543158216,-1.3065190666840043,0.008869999325145738,2.1524223260770463,0.9104656419437566
41.0,0.03333333333333333,1230,1230,takeover,cartesian_freedrive,0.9899144064450383,0.05394088746639041,0.07793969582710704,0.6145941249685397,-0.09350152880749885,-1.306517516645786,0.008870051432841466,2.1524215785832346,0.9104656298795845
41.03333333333333,0.03333333333333333,1231,1231,takeover,cartesian_freedrive,0.9899144064450383,0.053940443166413846,0.07793962516550684,0.6145949518232487,-0.09350150291480372,-1.3065160212452211,0.008870102545628186,2.152420856835027,0.9104656160913214
41.06666666666667,0.03333333333333333,1232,1232,takeover,cartesian_freedrive,0.9899144064450383,0.05393999886643808,0.07793955596757697,0.6145957494145579,-0.093501477800028,-1.306514578519668,0.008870152421868309,2.1524201599430453,0.9104656013798779
41.1,0.03333333333333333,1233,1233,takeover,cartesian_freedrive,0.9899144064450383,0.053939841144663395,0.07793948856996218,0.6145965186700133,-0.09350145346823016,-1.3065131862664667,0.00887020084997137,2.152419487788434,0.9104655861505548
41.13333333333333,0.03333333333333333,1234,1234,takeover,cartesian_freedrive,0.9899144064450383,0.05393968376076927,0.07793942309280112,0.6145972609213317,-0.09350142993969772,-1.3065118430617584,0.008870247810907854,2.152418838992946,0.9104655708472004
41.166666666666664,0.03333333333333333,1235,1235,takeover,cartesian_freedrive,0.9899144064450383,0.05393952637727299,0.07793935964465122,0.6145979770337033,-0.09350140721812526,-1.306510547040358,0.008870293261837253,2.1524182129103915,0.9104655557321515
41.2,0.03333333333333333,1236,1236,takeover,cartesian_freedrive,0.9899144064450383,0.05393936899377674,0.07793929827763903,0.6145986679271845,-0.09350138529610517,-1.3065092964839435,0.008870337185456201,2.152417608903318,0.9104655409748688
41.233333333333334,0.03333333333333333,1237,1237,takeover,cartesian_freedrive,0.9897016809648957,0.05394568769360094,0.07562454840951222,0.6122195970461356,-0.09333011189266598,-1.3127132186763775,0.010073138125204216,2.1555912081417645,0.9072204206671505
41.266666666666666,0.03333333333333333,1238,1238,takeover,cartesian_freedrive,0.9894889554847532,0.053952016039237646,0.07329482499640914,0.6097728106574758,-0.09316036566040296,-1.3190572531067217,0.011285109270839776,2.1588350485699777,0.9039402238771299
41.3,0.03333333333333333,1239,1239,takeover,cartesian_freedrive,0.9892762300046107,0.05395834417855274,0.07095738050374917,0.6073706412165236,-0.09299147404292533,-1.3253270089996925,0.012504453594001078,2.162044071390924,0.900644754189294
41.333333333333336,0.03333333333333333,1240,1240,takeover,cartesian_freedrive,0.9890635045244682,0.053964672319108134,0.06861204026073409,0.6050156147111125,-0.09282323815702209,-1.3315178676133308,0.013731091709161744,2.1652158469743243,0.897334251743772
41.36666666666667,0.03333333333333333,1241,1241,takeover,cartesian_freedrive,0.9888507790443257,0.05397100008177047,0.06625899686703371,0.6027068905811743,-0.09265577889227032,-1.337631466990884,0.014965131544277062,2.1683514193729874,0.894008712077184
41.4,0.03333333333333333,1242,1242,takeover,cartesian_freedrive,0.9886380535641832,0.05397732712911281,0.06389845773829865,0.6004436331759914,-0.09248924176784529,-1.3436694000449037,0.016206618904693725,2.171451662413847,0.89066816285989
41.43333333333333,0.03333333333333333,1243,1243,takeover,cartesian_freedrive,0.9884253280840407,0.053983656161086,0.061529885463942384,0.5982258271291283,-0.09232270077837416,-1.3496312877199441,0.01745389872871317,2.174514238600602,0.8873136940062929
41.46666666666667,0.03333333333333333,1244,1244,takeover,cartesian_freedrive,0.9882126026038982,0.05398998485006033,0.05915382996113882,0.5960520545734894,-0.09215676180541661,-1.355520033009876,0.01870813646893203,2.1775425411588296,0.8839446326997601
41.5,0.03333333333333333,1245,1245,takeover,cartesian_freedrive,0.9879998771237557,0.05399631336014757,0.05677039180072759,0.5939217013813425,-0.09199142761582789,-1.361336755159601,0.019969124132705532,2.1805368360122928,0.8805611665521667
41.53333333333333,0.03333333333333333,1246,1246,takeover,cartesian_freedrive,0.9877871516436132,0.05400264150000063,0.05437975302807881,0.5918340971595298,-0.09182681376806447,-1.367082706471362,0.021236835820879,2.1834977080788662,0.8771633666251919
41.56666666666667,0.03333333333333333,1247,1247,takeover,cartesian_freedrive,0.9875744261634707,0.05400896964087942,0.05198188768255625,0.5897886760839187,-0.09166275700840634,-1.3727589066223187,0.022510950252339734,2.1864253753230827,0.873751496777622
41.6,0.03333333333333333,1248,1248,takeover,cartesian_freedrive,0.9873617006833282,0.05401529778591749,0.04957687928358404,0.587784826170708,-0.09149924098335577,-1.3783664817282333,0.02379134167494417,2.1893203334184346,0.8703256941190111
41.63333333333333,0.03333333333333333,1249,1249,takeover,cartesian_freedrive,0.9871489752031857,0.05402162593183063,0.04716480945242335,0.5858219584010473,-0.09133625482758463,-1.3839065156039168,0.02507788601222133,2.192183060253822,0.8668860949226085
41.666666666666664,0.03333333333333333,1250,1250,takeover,cartesian_freedrive,0.9869362497230432,0.054027954081850196,0.0447457571174023,0.5838995058112488,-0.09117378262662168,-1.3893800505709712,0.026370459456078618,2.195014014837769,0.8634328356403417
41.7,0.03333333333333333,1251,1251,takeover,cartesian_freedrive,0.9867235242429007,0.05403428244858505,0.04231978168895194,0.5820169674976965,-0.09101181367285888,-1.3947880903093905,0.027668871445368726,2.1978134234013003,0.85996611130653
41.733333333333334,0.03333333333333333,1252,1252,takeover,cartesian_freedrive,0.9865107987627582,0.054040610726887,0.039886974318682517,0.5801737569107868,-0.09085033229172705,-1.4001316011234481,0.02897308222821326,2.200581996550281,0.8564859849123054
41.766666666666666,0.03333333333333333,1253,1253,takeover,cartesian_freedrive,0.9862980732826157,0.05404693893213931,0.0374474124595015,0.5783693666237848,-0.0906893284862461,-1.4054115150278723,0.030282974642301477,2.203320145195331,0.8529925889455721
41.8,0.03333333333333333,1254,1254,takeover,cartesian_freedrive,0.9860853478024731,0.05405326707719248,0.03500117534763525,0.5766033056611045,-0.0905287878563885,-1.4106287293416615,0.03159843706967326,2.2060282734169303,0.8494860520900613
41.833333333333336,0.03333333333333333,1255,1255,takeover,cartesian_freedrive,0.9858726223223306,0.054059595121562824,0.032548353534274696,0.5748751011226593,-0.09036874933810796,-1.4157841565416975,0.032919372086221324,2.208706754272373,0.8459665005126923
41.86666666666667,0.03333333333333333,1256,1256,takeover,cartesian_freedrive,0.9856598968421881,0.05406592326383778,0.030088943417164286,0.5731843303340616,-0.09020911538670938,-1.4208785628457636,0.03424554976242751,2.211355805866145,0.842434145161718
41.9,0.03333333333333333,1257,1257,takeover,cartesian_freedrive,0.9854471713620456,0.054072251415675725,0.027623043552617473,0.5715305391324274,-0.09004988929321228,-1.4259127475061104,0.03557689397387939,2.21397585434778,0.8388890870874139
41.93333333333333,0.03333333333333333,1258,1258,takeover,cartesian_freedrive,0.9852344458819031,0.05407857957242565,0.02515071815579934,0.5699133000728471,-0.08989107467522851,-1.4308875155347123,0.03691328853954205,2.216567242111839,0.8353314634134125
41.96666666666667,0.03333333333333333,1259,1259,takeover,cartesian_freedrive,0.9850217204017606,0.05408490772907627,0.022672029389405022,0.5683322019972062,-0.08973266380609576,-1.4358036181681617,0.038254611537386136,2.2191302975543525,0.831761412435129
42.0,0.03333333333333333,1260,1260,takeover,cartesian_freedrive,0.9848089949216181,0.05409123588720563,0.020187037581518907,0.5667868471615786,-0.08957464405789506,-1.4406617809000446,0.03960074109254272,2.2216653385635183,0.8281790725539184
42.03333333333333,0.03333333333333333,1261,1261,takeover,cartesian_freedrive,0.9845962694414756,0.054097564271168866,0.017695780236841888,0.5652769059682909,-0.08941700282709733,-1.4454627043054904,0.040951467169403045,2.2241724007540244,0.8245846629716218
42.06666666666667,0.03333333333333333,1262,1262,takeover,cartesian_freedrive,0.9843835439613331,0.05410389251253733,0.015198343222106905,0.5638019192477285,-0.08925972815622704,-1.4502070663343771,0.04230680055165254,2.226652206014081,0.8209782012751417
42.1,0.03333333333333333,1263,1263,takeover,cartesian_freedrive,0.9841708184811906,0.054110220708411524,0.012694780862077086,0.562361547005305,-0.08910281220424203,-1.4548955228642528,0.04366659179668481,2.229104941522533,0.817359853024541
42.13333333333333,0.03333333333333333,1264,1264,takeover,cartesian_freedrive,0.9839580930010481,0.05411654887327502,0.010185151975805471,0.5609554415650289,-0.08894624355580716,-1.4595287075206744,0.045030719731066635,2.231530878041085,0.8137297581722739
42.166666666666664,0.03333333333333333,1265,1265,takeover,cartesian_freedrive,0.9837453675209056,0.0541228771358092,0.007669468493801776,0.5595832872743308,-0.08878995941077283,-1.464107194568951,0.0463989936822387,2.2339301793843216,0.8100881071461392
42.2,0.03333333333333333,1266,1266,takeover,cartesian_freedrive,0.9835326420407631,0.05412920529304749,0.005147857327116798,0.5582447265067915,-0.0886340529349221,-1.4686316562090784,0.047771397840646074,2.2363032362964637,0.8064349681446665
42.233333333333334,0.03333333333333333,1267,1267,takeover,cartesian_freedrive,0.9833199165606206,0.05413553345475419,0.002620332488192301,0.5569394582530479,-0.08847846139006091,-1.47310262741374,0.04914775155830609,2.2386502243419995,0.8027705234434429
42.266666666666666,0.03333333333333333,1268,1268,takeover,cartesian_freedrive,0.9831071910804781,0.05414186161507038,8.694561405271749e-05,0.5556671743153345,-0.08832317990880321,-1.477520665010461,0.05052793126490307,2.240971385765766,0.7990949159680129
42.3,0.03333333333333333,1269,1269,takeover,cartesian_freedrive,0.9828944656003356,0.054148189672723945,-0.0024522157225061944,0.554427559311617,-0.08816825512895923,-1.481886359106629,0.05191187019732484,2.243267025402087,0.7954082511034368
42.333333333333336,0.03333333333333333,1270,1270,takeover,cartesian_freedrive,0.982681740120193,0.05415451782890947,-0.004997174955289267,0.5532203548492781,-0.08801357162891889,-1.4862001418421527,0.053299333061092406,2.245537231874572,0.7917107489697486
42.36666666666667,0.03333333333333333,1271,1271,takeover,cartesian_freedrive,0.9824690146400505,0.05416084599572411,-0.007547847254512665,0.5520452642405052,-0.08785915848145963,-1.4904625448442383,0.05469024695536207,2.247782296174904,0.7880025162933681
42.4,0.03333333333333333,1272,1272,takeover,cartesian_freedrive,0.982256289159908,0.054167174202239016,-0.010104185701831919,0.5509020244457029,-0.08770501890382472,-1.4946740720041494,0.056084472181579664,2.25000237415599,0.7842837159689595
42.43333333333333,0.03333333333333333,1273,1273,takeover,cartesian_freedrive,0.9820435636797655,0.05417350252784443,-0.012666160297046035,0.5497903992367479,-0.08755114490866413,-1.498835199008372,0.05748182759455687,2.2521975215843906,0.7805545464130955
42.46666666666667,0.03333333333333333,1274,1274,takeover,cartesian_freedrive,0.981830838199623,0.054179830749847245,-0.015233696333676834,0.5487100583156774,-0.08739752851173253,-1.502946387586403,0.0588823099000413,2.254368304165876,0.7768150383236956
42.5,0.03333333333333333,1275,1275,takeover,cartesian_freedrive,0.9816181127194805,0.054186158931492395,-0.017806745931880624,0.5476607663937038,-0.08724416438518595,-1.5070080852363625,0.06028577243979629,2.256514837799974,0.7730653602891724
42.53333333333333,0.03333333333333333,1276,1276,takeover,cartesian_freedrive,0.981405387239338,0.054192487093935565,-0.020385263031915436,0.5466422846439387,-0.08709104491081338,-1.5110207263977236,0.061692081617825065,2.258637284770383,0.7693056677730417
42.56666666666667,0.03333333333333333,1277,1277,takeover,cartesian_freedrive,0.9811926617591955,0.054198815265842186,-0.02296921380523889,0.5456543881826669,-0.08693816366527651,-1.5149847321942642,0.06310108324912087,2.2607357632944205,0.7655361348274834
42.6,0.03333333333333333,1278,1278,takeover,cartesian_freedrive,0.980979936279053,0.05420514343127767,-0.025558544860334362,0.5446968383982385,-0.08678551534997676,-1.5189005114331373,0.06451266728689664,2.2628104909971443,0.7617568959502362
42.63333333333333,0.03333333333333333,1279,1279,takeover,cartesian_freedrive,0.9807672107989105,0.05421147159818927,-0.02815321546600402,0.5437694136516947,-0.08663309421166136,-1.5227684616816581,0.06592669845150226,2.2648616232505763,0.7579681084412427
42.666666666666664,0.03333333333333333,1280,1280,takeover,cartesian_freedrive,0.980554485318768,0.05421779976696726,-0.030753180870163137,0.5428718952029923,-0.08648089514471897,-1.5265889680920333,0.06734304841005904,2.2668893273197384,0.7541699241892618
42.7,0.03333333333333333,1281,1281,takeover,cartesian_freedrive,0.9803417598386255,0.054224127937640205,-0.0333583968106591,0.5420040695202829,-0.086328913406006,-1.5303624049997517,0.06876158926497984,2.2688937677803804,0.7503624948064729
42.733333333333334,0.03333333333333333,1282,1282,takeover,cartesian_freedrive,0.980129034358483,0.05423045610917029,-0.03596881950938986,0.5411657286070568,-0.08617714557663307,-1.534089136679397,0.07018219270158704,2.2708751046348254,0.7465459724838246
42.766666666666666,0.03333333333333333,1283,1283,takeover,cartesian_freedrive,0.9799163088783405,0.0542367842825414,-0.03858440512779218,0.5403566699822255,-0.08602558703206345,-1.537769516038651,0.07160472958404972,2.2728334925369054,0.7427205108843702
42.8,0.03333333333333333,1284,1284,takeover,cartesian_freedrive,0.979703583398198,0.05424311245703932,-0.041205110242231426,0.5395766961905988,-0.08587423503966277,-1.5414038865517976,0.0730290706230075,2.274769082459397,0.7388862639530432
42.833333333333336,0.03333333333333333,1285,1285,takeover,cartesian_freedrive,0.9794908579180555,0.05424944072171865,-0.04383093030041935,0.5388256285219907,-0.08572304039706817,-1.5449925524859418,0.07445503345795768,2.27668195570128,0.7350434259768297
42.86666666666667,0.03333333333333333,1286,1286,takeover,cartesian_freedrive,0.979278132437913,0.05425576879119311,-0.04646175206936787,0.5381033888743297,-0.08557211311361236,-1.548535675335181,0.07588262971731649,2.2785723189096325,0.7311920510638015
42.9,0.03333333333333333,1287,1287,takeover,cartesian_freedrive,0.9790654069577704,0.054262097036274964,-0.04909765688488762,0.5374100126071397,-0.0854212986304699,-1.5520332071314518,0.07731150193923066,2.2804397748660548,0.7273324851521803
42.93333333333333,0.03333333333333333,1288,1288,takeover,cartesian_freedrive,0.9788526814776279,0.05426842524719407,-0.051738523964577884,0.536745012213447,-0.08527067051837951,-1.5554859259579563,0.07874166853585231,2.282285024433727,0.7234647441383145
42.96666666666667,0.03333333333333333,1289,1289,takeover,cartesian_freedrive,0.9786399559974854,0.05427475344514453,-0.054384299536838814,0.5361081554810879,-0.08512023007471006,-1.5588942393819392,0.08017299269850688,2.2841082291321997,0.7195889894093328
43.0,0.03333333333333333,1290,1290,takeover,cartesian_freedrive,0.9784272305173429,0.054281081619748386,-0.05703492342704843,0.535499238657153,-0.0849699836054059,-1.5622584826760075,0.08160537080321298,2.2859095919926045,0.7157053536933335
43.03333333333333,0.03333333333333333,1291,1291,takeover,cartesian_freedrive,0.9782145050372004,0.054287409792270605,-0.05969036198074455,0.5349181275326286,-0.08481993043372729,-1.5655789027992002,0.08303864394061065,2.2876891495028846,0.7118140226602072
43.06666666666667,0.03333333333333333,1292,1292,takeover,cartesian_freedrive,0.9780017795570579,0.05429373795824218,-0.06235057106451455,0.5343646100351639,-0.08467008013377608,-1.568855879700541,0.08447267132140632,2.2894470460206904,0.7079151643455234
43.1,0.03333333333333333,1293,1293,takeover,cartesian_freedrive,0.9777890540769154,0.05430006613216854,-0.0650155361175478,0.5338388385039392,-0.08452041513621435,-1.5720891135446755,0.0859073246888637,2.2911831314514064,0.7040089457897297
43.13333333333333,0.03333333333333333,1294,1294,takeover,cartesian_freedrive,0.9775763285967729,0.05430639430209641,-0.06768516992317215,0.5333401168285171,-0.08437096058582294,-1.5752798468311269,0.08734245168273187,2.2928979724994276,0.7000955251605594
43.166666666666664,0.03333333333333333,1295,1295,takeover,cartesian_freedrive,0.9773636031166304,0.054312722473183805,-0.07035947020056621,0.5328688434848593,-0.08422169816448496,-1.5784273279534204,0.08877794853183528,2.2945912406048534,0.6961750588747934
43.2,0.03333333333333333,1296,1296,takeover,cartesian_freedrive,0.9771508776364879,0.054319050648979475,-0.07303836107890596,0.532424444834734,-0.08407264003245425,-1.5815325699405571,0.09021366294231152,2.296263397517383,0.6922477082060707
43.233333333333334,0.03333333333333333,1297,1297,takeover,cartesian_freedrive,0.9769381521563454,0.05432537882065833,-0.07572181716941787,0.532006982673299,-0.08392378972963863,-1.5845954460035374,0.0916494667499706,2.297914371219169,0.6883136409450963
43.266666666666666,0.03333333333333333,1298,1298,takeover,cartesian_freedrive,0.9767254266762029,0.05433170699981317,-0.0784097966122021,0.5316163234118165,-0.08377514294374214,-1.5876161718832158,0.09308522494978876,2.2995442594752267,0.6843730215532683
43.3,0.03333333333333333,1299,1299,takeover,cartesian_freedrive,0.9765127011960604,0.054338035179366806,-0.08110225656953392,0.5312523319117837,-0.0836267082477706,-1.5905949687632384,0.09452080335509519,2.3011531617043954,0.6804260144308987
43.333333333333336,0.03333333333333333,1300,1300,takeover,cartesian_freedrive,0.9762999757159179,0.05434436335653586,-0.08379915419949183,0.5309148762727317,-0.08347849094661261,-1.593532051204531,0.0959560675049471,2.302741174734651,0.6764727847885533
43.36666666666667,0.03333333333333333,1301,1301,takeover,cartesian_freedrive,0.9762999757159179,0.05434020702343072,-0.08691254626651047,0.530439290133638,-0.08308677816146211,-1.5943246381409801,0.09696018617709537,2.3028047795581275,0.6704260189192746
43.4,0.03333333333333333,1302,1302,takeover,cartesian_freedrive,0.9762999757159179,0.05433603836744036,-0.09003194156505395,0.5299854007333717,-0.08269515369127715,-1.595065869462418,0.09796359994073955,2.30283553815808,0.6643652168128812
43.43333333333333,0.03333333333333333,1303,1303,takeover,cartesian_freedrive,0.9762999757159179,0.05433186969318245,-0.09315255579712751,0.5295498124117525,-0.08230508956606775,-1.5957760680201805,0.09896715825808014,2.3028477186436707,0.6583038200311663
43.46666666666667,0.03333333333333333,1304,1304,takeover,cartesian_freedrive,0.9762999757159179,0.054327701018918484,-0.09627435629781066,0.5291332330369359,-0.08191659284463397,-1.5964540597303145,0.0999707613142526,2.302840790035919,0.6522420670335985
43.5,0.03333333333333333,1305,1305,takeover,cartesian_freedrive,0.9762999757159179,0.05432353234513808,-0.0993972811834897,0.5287356920948646,-0.08152967779826181,-1.5970998029117855,0.1009742961453372,2.3028147487084505,0.6461801023925143
43.53333333333333,0.03333333333333333,1306,1306,takeover,cartesian_freedrive,0.9762999757159179,0.05431936367182642,-0.10252126484590798,0.5283571695855436,-0.08114435910937562,-1.5977133442762812,0.10197764841308532,2.3027696328230083,0.6401180697039118
43.56666666666667,0.03333333333333333,1307,1307,takeover,cartesian_freedrive,0.9762999757159179,0.05431519499842358,-0.1056462416849474,0.5279976417063172,-0.08076065184865064,-1.5982947364370717,0.10298070430989636,2.3027054851569644,0.6340561119381221
43.6,0.03333333333333333,1308,1308,takeover,cartesian_freedrive,0.9762999757159179,0.05431102632679974,-0.10877224668775871,0.5276583217775087,-0.08037854748633357,-1.5988418318097948,0.1039833623797737,2.30262127663852,0.627994421686727
43.63333333333333,0.03333333333333333,1309,1309,takeover,cartesian_freedrive,0.9762999757159179,0.054306857566789705,-0.11189898221216968,0.5273368142556106,-0.07999815492842516,-1.5993589081032415,0.1049855399117837,2.3025191604096804,0.6219330063238538
43.666666666666664,0.03333333333333333,1310,1310,takeover,cartesian_freedrive,0.9762999757159179,0.05430268888460954,-0.11502654913680069,0.5270341244880575,-0.07961936792135778,-1.5998441785801067,0.10598702443030361,2.302398178556058,0.615872133972113
43.7,0.03333333333333333,1311,1311,takeover,cartesian_freedrive,0.9762999757159179,0.05429852021242548,-0.11815494604991257,0.5267515833522654,-0.0792422217783895,-1.6002952774511379,0.10698776288328112,2.3022572530571437,0.6098119695261692
43.733333333333334,0.03333333333333333,1312,1312,takeover,cartesian_freedrive,0.9762999757159179,0.054294351545311245,-0.1212839244526026,0.5264867552665029,-0.07886676641270987,-1.6007165557344807,0.10798762916930704,2.302098523199926,0.60375254332514
43.766666666666666,0.03333333333333333,1313,1313,takeover,cartesian_freedrive,0.9762999757159179,0.05429018287510732,-0.12441358246349221,0.5262418900288416,-0.07849298813529787,-1.6011040104069427,0.10898651568290074,2.301920049858911,0.5976941243123419
43.8,0.03333333333333333,1314,1314,takeover,cartesian_freedrive,0.9762999757159179,0.05428601419207278,-0.12754377152272509,0.5260159522451083,-0.07812091867569115,-1.6014594935665298,0.10998429926806441,2.301722750268091,0.5916368223599799
43.833333333333336,0.03333333333333333,1315,1315,takeover,cartesian_freedrive,0.9762999757159179,0.05428184551974011,-0.13067434476532225,0.5258074181192849,-0.07775057290435948,-1.6017857332931542,0.1109808815032505,2.301507995387239,0.5855806563457543
43.86666666666667,0.03333333333333333,1316,1316,takeover,cartesian_freedrive,0.9762999757159179,0.05427767684741426,-0.13380531254217914,0.5256198583145334,-0.07738195301819083,-1.6020762557517574,0.11197602771385853,2.3012725664569387,0.5795262621967555
43.9,0.03333333333333333,1317,1317,takeover,cartesian_freedrive,0.9762999757159179,0.05427350816546144,-0.1369365485261262,0.5254486436430099,-0.07701508377070025,-1.602339506046301,0.1129698082997322,2.3010207127109576,0.5734731074448269
43.93333333333333,0.03333333333333333,1318,1318,takeover,cartesian_freedrive,0.9762999757159179,0.05426933949334517,-0.14006747177246193,0.5252976653982898,-0.07665005597358202,-1.6025680464478949,0.11396157533836838,2.3007485471211577,0.5674227992734487
43.96666666666667,0.03333333333333333,1319,1319,takeover,cartesian_freedrive,0.9762999757159179,0.05426517081960326,-0.1431987868470476,0.5251630006916482,-0.07628675085070977,-1.6027695375993372,0.11495192659763515,2.300460206906802,0.5613736225254969
44.0,0.03333333333333333,1320,1320,takeover,cartesian_freedrive,0.9762999757159179,0.054261002147927534,-0.14632902248320317,0.5250466130609439,-0.0759254137732341,-1.602939598157728,0.11593972150624461,2.3001530787794504,0.5553282480452836
44.03333333333333,0.03333333333333333,1321,1321,takeover,cartesian_freedrive,0.9762999757159179,0.05425683347308792,-0.14946102036816097,0.5249472608332167,-0.0755655693339888,-1.6030821073585786,0.11692683844826314,2.299829996821823,0.5492820900884111
44.06666666666667,0.03333333333333333,1322,1322,takeover,cartesian_freedrive,0.9762999757159179,0.05425266480034016,-0.152591634642973,0.5248659461534839,-0.07520773826039,-1.6031935544737672,0.11791107855033378,2.299488319317343,0.5432402603822588
44.1,0.03333333333333333,1323,1323,takeover,cartesian_freedrive,0.9762999757159179,0.054248496125880535,-0.15572365665907684,0.5248032114090129,-0.07485145819616847,-1.6032744808789157,0.11889418863444422,2.2991291489037744,0.5371985619905163
44.13333333333333,0.03333333333333333,1324,1324,takeover,cartesian_freedrive,0.9762999757159179,0.05424432745111636,-0.15885712932668897,0.5247601672717895,-0.07449672067079373,-1.6033229374285345,0.11987606928822829,2.2987515669731087,0.5311571680215795
44.166666666666664,0.03333333333333333,1325,1325,takeover,cartesian_freedrive,0.9762999757159179,0.05424015877699932,-0.16199018800724493,0.5247367894821878,-0.07414382909982287,-1.603338028025472,0.12085541899378723,2.2983546536267756,0.5251190275560573
44.2,0.03333333333333333,1326,1326,takeover,cartesian_freedrive,0.9762999757159179,0.05423599010259142,-0.16512287600265663,0.52473313242414,-0.07379277359376092,-1.6033196981841011,0.12183218957089809,2.297938426932001,0.5190841400696925
44.233333333333334,0.03333333333333333,1327,1327,takeover,cartesian_freedrive,0.9762999757159179,0.054231821427500826,-0.16825570560066413,0.5247506116706546,-0.07344346759358292,-1.6032657142802111,0.12280657094411207,2.2975019770853606,0.5130520071250043
44.266666666666666,0.03333333333333333,1328,1328,takeover,cartesian_freedrive,0.9762999757159179,0.054227652752260144,-0.17138817754390112,0.5247894902145541,-0.0730959899597671,-1.6031753358760472,0.12377813891383053,2.2970448177333775,0.5070235170572516
44.3,0.03333333333333333,1329,1329,takeover,cartesian_freedrive,0.9762999757159179,0.054223484076742094,-0.1745198675659064,0.5248467984375419,-0.07275039928008269,-1.6030537103641422,0.12474670077439126,2.2965694035401727,0.5009988786506564
44.333333333333336,0.03333333333333333,1330,1330,takeover,cartesian_freedrive,0.9762999757159179,0.05421931540062118,-0.17765112753122067,0.5249232428223374,-0.072406632786997,-1.6028998120984965,0.1257123853338519,2.2960753877450424,0.4949777151490344
44.36666666666667,0.03333333333333333,1331,1331,takeover,cartesian_freedrive,0.9762999757159179,0.05421514672476891,-0.18078183328548791,0.5250175414008144,-0.07206470038539739,-1.6027159350943598,0.12667511706925133,2.295563921257052,0.48896004798535253
44.4,0.03333333333333333,1332,1332,takeover,cartesian_freedrive,0.9762999757159179,0.054210978047690976,-0.1839121850692827,0.5251321554171223,-0.07172457165956661,-1.6024977672499434,0.12763482017152025,2.295032965396319,0.482946049187882
44.43333333333333,0.03333333333333333,1333,1333,takeover,cartesian_freedrive,0.9762999757159179,0.054206809370140344,-0.18704202926315183,0.5252660129429365,-0.07138626068593622,-1.6022471990859215,0.12859138538178916,2.2944834587864387,0.47693582666535045
44.46666666666667,0.03333333333333333,1334,1334,takeover,cartesian_freedrive,0.9762999757159179,0.054202640692101504,-0.19017121175943486,0.5254176549330912,-0.07104977960235605,-1.6019668286801918,0.12954473213791112,2.2939166956904278,0.47092941486681833
44.5,0.03333333333333333,1335,1335,takeover,cartesian_freedrive,0.9762999757159179,0.05419847201351413,-0.19329977362652578,0.5255881987994375,-0.07071511895152782,-1.6016546851800655,0.13049475728979434,2.2933317525818007,0.4649269989393903
44.53333333333333,0.03333333333333333,1336,1336,takeover,cartesian_freedrive,0.9762999757159179,0.054194303334204164,-0.19642776827977512,0.5257790512006012,-0.07038226840091774,-1.6013082771796046,0.13144134379710248,2.2927274496659447,0.45892880143597964
44.56666666666667,0.03333333333333333,1337,1337,takeover,cartesian_freedrive,0.9762999757159179,0.05419013464942036,-0.19955496572446096,0.5259877789420766,-0.07005124799182502,-1.600931926437795,0.13238442324041882,2.2921059165249607,0.4529348007940937
44.6,0.03333333333333333,1338,1338,takeover,cartesian_freedrive,0.9762999757159179,0.05418596598319896,-0.20268139179656322,0.5262154142997911,-0.06972204079026822,-1.6005237971963744,0.13332388627556993,2.291466298046458,0.44694518994243526
44.63333333333333,0.03333333333333333,1339,1339,takeover,cartesian_freedrive,0.9762999757159179,0.05418179730247319,-0.20580700702724478,0.5264620559054274,-0.06939465465654528,-1.6000837338790155,0.13425963736481694,2.2908085411626136,0.44096010770725536
44.666666666666664,0.03333333333333333,1340,1340,takeover,cartesian_freedrive,0.9762999757159179,0.054177628619193396,-0.20893176150238574,0.5267277113839332,-0.06906908578374411,-1.5996117188363728,0.1351915801997566,2.290132673286544,0.4349796831317795
44.7,0.03333333333333333,1341,1341,takeover,cartesian_freedrive,0.9762999757159179,0.05417345993723441,-0.2120556068883153,0.5270123810485525,-0.06874532936388422,-1.599107754251218,0.13611962033452474,2.2894387282178923,0.4290040450486389
44.733333333333334,0.03333333333333333,1342,1342,takeover,cartesian_freedrive,0.9762999757159179,0.05416929125445551,-0.21517849507724285,0.5273160664010916,-0.0684233840641002,-1.5985718406250526,0.13704366405948784,2.288726738023245,0.4230333217813279
44.766666666666666,0.03333333333333333,1343,1343,takeover,cartesian_freedrive,0.9762999757159179,0.05416512258775098,-0.21830037845802464,0.5276387708209155,-0.06810324186973915,-1.598003967150573,0.1379636173731645,2.2879967344232823,0.4170676401299677
44.8,0.03333333333333333,1344,1344,takeover,cartesian_freedrive,0.9762999757159179,0.0541609539037336,-0.221421210716893,0.5279804977303496,-0.06778490875472751,-1.5974041442466562,0.1388793920543507,2.287248748072758,0.4111071270117984
44.833333333333336,0.03333333333333333,1345,1345,takeover,cartesian_freedrive,0.9762999757159179,0.05415678521828481,-0.2245409451257298,0.528341253549883,-0.06746837654380715,-1.5967723554221158,0.1397908956925204,2.2864828084869604,0.4051519081559201
44.86666666666667,0.03333333333333333,1346,1346,takeover,cartesian_freedrive,0.9762999757159179,0.054152616532285584,-0.22765953596875532,0.528721045555834,-0.0671536398293249,-1.5961085893138487,0.14069803883825754,2.2856989439071413,0.399202108204385
44.9,0.03333333333333333,1347,1347,takeover,cartesian_freedrive,0.9762999757159179,0.054148447840912294,-0.23077693782584693,0.5291198823245739,-0.06684069611681735,-1.5954128328558912,0.14160073303847354,2.2848971818775667,0.39325785127711443
44.93333333333333,0.03333333333333333,1348,1348,takeover,cartesian_freedrive,0.9762999757159179,0.054144279217164505,-0.23389314838370065,0.5295377888743654,-0.06652947593302433,-1.5946850281149063,0.1424988303565507,2.284077481605722,0.3873193055201476
44.96666666666667,0.03333333333333333,1349,1349,takeover,cartesian_freedrive,0.9762999757159179,0.054140110527797304,-0.23700803900210032,0.5299747460805219,-0.06622009306151579,-1.5939252373630808,0.14339236394577987,2.283240003221238,0.381386503943259
45.0,0.03333333333333333,1350,1350,takeover,cartesian_freedrive,0.9762999757159179,0.0541359418377026,-0.24012160791781711,0.5304307811210162,-0.0659124825287105,-1.5931333994986172,0.14428118911273252,2.2823847048224075,0.3754596120817826
45.03333333333333,0.03333333333333333,1351,1351,takeover,cartesian_freedrive,0.9762999757159179,0.05413177314492562,-0.2432337409770302,0.5309048731783677,-0.06560664247213738,-1.592311328146784,0.14516524856716878,2.2815125023137446,0.3695386664869099
45.06666666666667,0.03333333333333333,1352,1352,takeover,cartesian_freedrive,0.9762999757159179,0.054127604452760145,-0.24634453469311407,0.5313990769407426,-0.06530255684042816,-1.5914553735334016,0.14604440637377059,2.2806216591000523,0.36362395156445887
45.1,0.03333333333333333,1353,1353,takeover,cartesian_freedrive,0.9762999757159179,0.05412343575977088,-0.24945388248962735,0.5319124572088957,-0.06500022080882466,-1.5905671965630073,0.14691860390561998,2.279713017607919,0.357715509850471
45.13333333333333,0.03333333333333333,1354,1354,takeover,cartesian_freedrive,0.9762999757159179,0.05411926706563197,-0.25256173897766104,0.5324449778589544,-0.06469962701279605,-1.5896468606919434,0.14778776101271432,2.2787866452564045,0.35181345512110757
45.166666666666664,0.03333333333333333,1355,1355,takeover,cartesian_freedrive,0.9762999757159179,0.05411509836534429,-0.2556680627747273,0.5329966539499955,-0.0644007690703184,-1.5886943388693975,0.148651798024825,2.277842564875605,0.345917903532153
45.2,0.03333333333333333,1356,1356,takeover,cartesian_freedrive,0.9762999757159179,0.05411092966898479,-0.2587728132597421,0.5335675040376056,-0.06410363171449188,-1.5877095961460295,0.1495106352823542,2.2768807971668923,0.3400289715208816
45.233333333333334,0.03333333333333333,1357,1357,takeover,cartesian_freedrive,0.9762999757159179,0.054106760971763784,-0.26187588726272315,0.5341566126213325,-0.06380821013727606,-1.5866942580567602,0.15036422442933658,2.275902167429457,0.33414669182372214
45.266666666666666,0.03333333333333333,1358,1358,takeover,cartesian_freedrive,0.9762999757159179,0.05410259227327682,-0.2649773687654796,0.534765855603283,-0.06351449175219227,-1.5856449899598584,0.15121243219010738,2.2749050949390224,0.3282713390026577
45.3,0.03333333333333333,1359,1359,takeover,cartesian_freedrive,0.9762999757159179,0.05409842357228643,-0.26807716050681313,0.5353943773351192,-0.06322246740542116,-1.5845633099621523,0.15205520887291374,2.2738903537019777,0.3224029503402839
45.333333333333336,0.03333333333333333,1360,1360,takeover,cartesian_freedrive,0.9762999757159179,0.05409425487100718,-0.27117522082097145,0.5360421592400677,-0.06293212493681755,-1.5834492486688827,0.15289248078382714,2.2728579967877063,0.31654163464126484
45.36666666666667,0.03333333333333333,1361,1361,takeover,cartesian_freedrive,0.9762999757159179,0.05409008616517614,-0.27427151125508564,0.5367092234208054,-0.06264345566311508,-1.582302764224237,0.1537241748791002,2.271808041926379,0.31068750210983137
45.4,0.03333333333333333,1362,1362,takeover,cartesian_freedrive,0.9762999757159179,0.054085917461823195,-0.2773659371536698,0.537394737699654,-0.0623564441230485,-1.581125332523571,0.15455024810881055,2.270741242891106,0.3048405845499163
45.43333333333333,0.03333333333333333,1363,1363,takeover,cartesian_freedrive,0.9762999757159179,0.05408174875733748,-0.2804585734581872,0.5381004333190764,-0.062071079136798143,-1.5799138735531504,0.15537057205428123,2.2696561440460976,0.29900114511502796
45.46666666666667,0.03333333333333333,1364,1364,takeover,cartesian_freedrive,0.9762999757159179,0.054077580051607455,-0.2835493299495322,0.5388255238066875,-0.061787348392379426,-1.5786697814309227,0.15618510304921454,2.268553460771904,0.293169218858017
45.5,0.03333333333333333,1365,1365,takeover,cartesian_freedrive,0.9762999757159179,0.054076128405383145,-0.2807808884078361,0.5384526064873257,-0.06205161823154312,-1.5794082352623346,0.1554400387710337,2.2693908508839327,0.2984539795512295
45.53333333333333,0.03333333333333333,1366,1366,takeover,cartesian_freedrive,0.9762999757159179,0.05407467622959121,-0.27796355440233683,0.5380388871280228,-0.062323812651575404,-1.5802191412594382,0.15467539973468328,2.2702669226734375,0.303817835324667
45.56666666666667,0.03333333333333333,1367,1367,takeover,cartesian_freedrive,0.9762999757159179,0.05407322403489588,-0.27514464869282074,0.5376391157471242,-0.06259756592143459,-1.581006800636973,0.15390682674219883,2.271129967865452,0.3091870735532276
45.6,0.03333333333333333,1368,1368,takeover,cartesian_freedrive,0.9762999757159179,0.05407177184192184,-0.27232464584242927,0.537256222841691,-0.06287283051348592,-1.5817660249877878,0.153134392542674,2.2719774143156353,0.314561434572517
45.63333333333333,0.03333333333333333,1369,1369,takeover,cartesian_freedrive,0.9762999757159179,0.05407031964547792,-0.2695035162705481,0.5368892676308801,-0.06314962734191552,-1.5824984723652953,0.15235818765907977,2.272810045736933,0.3199407429498165
45.666666666666664,0.03333333333333333,1370,1370,takeover,cartesian_freedrive,0.9762999757159179,0.05406886744812204,-0.2666812876115102,0.5365381779975388,-0.06342795681000343,-1.5832042747532211,0.15157827761948628,2.273627895713755,0.32532490477015596
45.7,0.03333333333333333,1371,1371,takeover,cartesian_freedrive,0.9762999757159179,0.05406741524893918,-0.2638579133583708,0.5362017690622453,-0.06370782825378556,-1.5838855352864454,0.15079476089687957,2.274431958230337,0.33071372873557664
45.733333333333334,0.03333333333333333,1372,1372,takeover,cartesian_freedrive,0.9762999757159179,0.05406596304842465,-0.2610335745283972,0.5358822470724163,-0.06398924213415247,-1.5845383305705967,0.15000763035831952,2.2752203027866127,0.3361073203041458
45.766666666666666,0.03333333333333333,1373,1373,takeover,cartesian_freedrive,0.9762999757159179,0.0540645108435729,-0.2582082367420894,0.5355786090921996,-0.06427220959857947,-1.5851644380643142,0.1492169813196493,2.2759937665101617,0.34150550117317574
45.8,0.03333333333333333,1374,1374,takeover,cartesian_freedrive,0.9762999757159179,0.05406305864245314,-0.25538192828510903,0.5352907739262297,-0.06455672871464481,-1.5857640031762816,0.14842288145992183,2.27675239163991,0.34690817462866064
45.833333333333336,0.03333333333333333,1375,1375,takeover,cartesian_freedrive,0.9762999757159179,0.05406160644047292,-0.2525546817375198,0.5350187221566994,-0.06484280843315306,-1.586337055116443,0.14762539563911264,2.2774961672830747,0.35231524819196947
45.86666666666667,0.03333333333333333,1376,1376,takeover,cartesian_freedrive,0.9762999757159179,0.05406015423785025,-0.24972653023975688,0.5347624380335385,-0.06513045329246304,-1.5868836187669375,0.14682458953203065,2.2782250798860613,0.3577266297884474
45.9,0.03333333333333333,1377,1377,takeover,cartesian_freedrive,0.9762999757159179,0.0540587020340403,-0.24689742248157784,0.5345206661701772,-0.06541967193715806,-1.5874059203605542,0.14602056270140223,2.2789401849787874,0.3631421245361776
45.93333333333333,0.03333333333333333,1378,1378,takeover,cartesian_freedrive,0.9762999757159179,0.05405724982949616,-0.244067553995133,0.5342957463499368,-0.06571045960650082,-1.587899799089439,0.145213317247789,2.279639437409152,0.3685618341720567
45.96666666666667,0.03333333333333333,1379,1379,takeover,cartesian_freedrive,0.9762999757159179,0.05405579762425067,-0.24123688853651637,0.5340866392242941,-0.06600282366544097,-1.5883670976462583,0.14440295008855386,2.2803237064094897,0.37398557876809224
46.0,0.03333333333333333,1380,1380,takeover,cartesian_freedrive,0.9762999757159179,0.054054345418051736,-0.2384054546855753,0.5338932464584712,-0.06629676795783004,-1.5888079868229483,0.1435895317448617,2.280993050194595,0.3794132570172694
46.03333333333333,0.03333333333333333,1381,1381,takeover,cartesian_freedrive,0.9762999757159179,0.05405289320968561,-0.23557328697572755,0.5337155457851063,-0.06659229610909706,-1.5892225016381936,0.1427731313006883,2.281647461240115,0.38484477305072284
46.06666666666667,0.03333333333333333,1382,1382,takeover,cartesian_freedrive,0.9762999757159179,0.054051441002166106,-0.2327404204389492,0.533553520408526,-0.06688940834236466,-1.5896106676964559,0.1419538182329207,2.2822869277526032,0.3902800312963673
46.1,0.03333333333333333,1383,1383,takeover,cartesian_freedrive,0.9762999757159179,0.054049988793889385,-0.22990698418507044,0.533408464665846,-0.06718810155938551,-1.589970182135797,0.14113163435954837,2.282910307970106,0.39571903314488466
46.13333333333333,0.03333333333333333,1384,1384,takeover,cartesian_freedrive,0.9762999757159179,0.0540485365851327,-0.227072837775609,0.5332778931222775,-0.06748839013584863,-1.5903054538252182,0.14030670594484346,2.2835197182248583,0.4011614947488657
46.166666666666664,0.03333333333333333,1385,1385,takeover,cartesian_freedrive,0.9762999757159179,0.0540470843755068,-0.2242380909995823,0.5331628116734762,-0.06779026993870417,-1.5906146916771573,0.13947908043206353,2.2841142658325193,0.4066073966013601
46.2,0.03333333333333333,1386,1386,takeover,cartesian_freedrive,0.9762999757159179,0.054045632165212326,-0.22140278847910838,0.5330633143402301,-0.06809374114432017,-1.5908977237910296,0.1386488271340213,2.2846938441793694,0.41205664906413025
46.233333333333334,0.03333333333333333,1387,1387,takeover,cartesian_freedrive,0.9762999757159179,0.05404417995426797,-0.21856696813722645,0.532979392606036,-0.06839880430353534,-1.591154560326654,0.13781601837573187,2.285258435508066,0.4175091538269821
46.266666666666666,0.03333333333333333,1388,1388,takeover,cartesian_freedrive,0.9762999757159179,0.05404272774277342,-0.21573077855546355,0.5329123665154483,-0.06870544889594245,-1.5913828632555092,0.13698071260625005,2.285806888695823,0.4229648835091348
46.3,0.03333333333333333,1389,1389,takeover,cartesian_freedrive,0.9762999757159179,0.05404127553059525,-0.2128940541102988,0.5328597071753888,-0.06901369450977324,-1.5915871013745688,0.13614301652296212,2.286341340915828,0.4284235923595263
46.333333333333336,0.03333333333333333,1390,1390,takeover,cartesian_freedrive,0.9762999757159179,0.054039823317741424,-0.21005705535790234,0.5328237246784143,-0.06932351610825666,-1.5917632062262215,0.1353029973140442,2.286859817271262,0.43388526103313924
46.36666666666667,0.03333333333333333,1391,1391,takeover,cartesian_freedrive,0.9762999757159179,0.05403837110412824,-0.20721976745750817,0.5328034136097397,-0.06963491668579207,-1.5919129678145074,0.13446076082146208,2.2873631704621564,0.4393496887644797
46.4,0.03333333333333333,1392,1392,takeover,cartesian_freedrive,0.9762999757159179,0.05403691889023475,-0.20438201554883773,0.5327971250536031,-0.06994792252021143,-1.5920392404841393,0.13361634426725583,2.287852727616804,0.44481681288234354
46.43333333333333,0.03333333333333333,1393,1393,takeover,cartesian_freedrive,0.9762999757159179,0.05403546667556554,-0.20154431048815846,0.5328072808762848,-0.07026246458868061,-1.5921379116941745,0.13276997765224652,2.2883265764340988,0.45028623901400694
46.46666666666667,0.03333333333333333,1394,1394,takeover,cartesian_freedrive,0.9762999757159179,0.05403401446193723,-0.19870671780457,0.5328329169733261,-0.07057853190277326,-1.5922107236037866,0.1319218134387605,2.2887855586683354,0.4557576537636174
46.5,0.03333333333333333,1395,1395,takeover,cartesian_freedrive,0.9762999757159179,0.054032562246547296,-0.195868655553185,0.5328723692834181,-0.07089622114065464,-1.5922603107066404,0.13107161876780285,2.2892307647678227,0.4612316324065077
46.53333333333333,0.03333333333333333,1396,1396,takeover,cartesian_freedrive,0.9762999757159179,0.05403111002962162,-0.19303188114790368,0.5329279010996699,-0.07121525572016843,-1.592283508714668,0.13022044916750788,2.2896610876733576,0.46670581188162386
46.56666666666667,0.03333333333333333,1397,1397,takeover,cartesian_freedrive,0.9762999757159179,0.0539542164817088,-0.19317752491512988,0.5329195637870191,-0.07120064270309313,-1.5922873944743625,0.13025684072886975,2.289637037094874,0.46641492471238893
46.6,0.03333333333333333,1398,1398,takeover,cartesian_freedrive,0.9762999757159179,0.05387723707124614,-0.19335950968418072,0.5329197819492589,-0.07118012744573764,-1.5922805840869054,0.13031116129414014,2.2896087494947777,0.4660638234933777
46.63333333333333,0.03333333333333333,1399,1399,takeover,cartesian_freedrive,0.9762999757159179,0.05380025756446495,-0.1935462057635678,0.5329251911410282,-0.07115890404824186,-1.5922658733682296,0.130368122675684,2.2895770997042435,0.46570640102058575
46.666666666666664,0.03333333333333333,1400,1400,takeover,cartesian_freedrive,0.9762999757159179,0.05372327805768699,-0.19373016609262408,0.5329323495909669,-0.07113809141190285,-1.59224746018543,0.13042329719075021,2.2895434943406343,0.46535340839232225
46.7,0.03333333333333333,1401,1401,takeover,cartesian_freedrive,0.9762999757159179,0.053695715095798485,-0.19373347531163168,0.5329335333567754,-0.07113758310249765,-1.5922458875975407,0.13042494736965243,2.2895426779259505,0.4653476198001464
46.733333333333334,0.03333333333333333,1402,1402,takeover,cartesian_freedrive,0.9762999757159179,0.05366821037917375,-0.1937355941330734,0.5329345640584506,-0.07113728558333891,-1.5922444795459292,0.1304259492332017,2.2895420741089376,0.4653441974474299
46.766666666666666,0.03333333333333333,1403,1403,takeover,cartesian_freedrive,0.9762999757159179,0.05364070573119578,-0.19373738239552027,0.5329354962309736,-0.07113704272485061,-1.5922431438560374,0.13042673980662012,2.2895414656211934,0.4653412623581378
46.8,0.03333333333333333,1404,1404,takeover,cartesian_freedrive,0.9762999757159179,0.053613201083300824,-0.19373893438239195,0.532936343647671,-0.07113683699563948,-1.5922418770301368,0.13042738399759313,2.2895408557886077,0.46533867319671296
46.833333333333336,0.03333333333333333,1405,1405,takeover,cartesian_freedrive,0.9762999757159179,0.053603440133131355,-0.19374014463384165,0.532937130668014,-0.07113668683713577,-1.592240682433936,0.13042801680163915,2.2895403038699396,0.46533693839780815
46.86666666666667,0.03333333333333333,1406,1406,takeover,cartesian_freedrive,0.9762999757159179,0.0535937001031179,-0.19374103335088594,0.5329378638246901,-0.07113656529493233,-1.5922395534082843,0.13042850650393845,2.2895397949707923,0.46533571556778175
46.9,0.03333333333333333,1407,1407,takeover,cartesian_freedrive,0.9762999757159179,0.0535839600977724,-0.19374168496894403,0.5329385456538469,-0.07113647163480577,-1.5922384872040103,0.13042886651891758,2.289539318949794,0.465334844199091
46.93333333333333,0.03333333333333333,1408,1408,takeover,cartesian_freedrive,0.9762999757159179,0.05357422009245798,-0.1937421656512214,0.5329391787428504,-0.0711364013796608,-1.5922374808699475,0.13042912711138224,2.2895388699718935,0.46533422244688966
46.96666666666667,0.03333333333333333,1409,1409,takeover,cartesian_freedrive,0.9762999757159179,0.05357074913835501,-0.19374252212513426,0.5329397666054849,-0.07113634883005619,-1.592236531781119,0.13042931547556139,2.2895384441871665,0.4653337820580675
47.0,0.03333333333333333,1410,1410,takeover,cartesian_freedrive,0.9762999757159179,0.05356728557558041,-0.19374278846504664,0.5329403126592767,-0.07113630949176589,-1.5922356368549082,0.13042945070642276,2.289538039711588,0.46533347110217177
47.03333333333333,0.03333333333333333,1411,1411,takeover,cartesian_freedrive,0.9762999757159179,0.053563822021521275,-0.19374298945381874,0.5329408206143207,-0.07113627962994504,-1.592234793523553,0.13042954768566334,2.289537654592748,0.46533325252310914
47.06666666666667,0.03333333333333333,1412,1412,takeover,cartesian_freedrive,0.9762999757159179,0.053560358467473236,-0.1937431430357338,0.5329412936438372,-0.0711362568237695,-1.5922339988551464,0.13042961704685463,2.2895372881229314,0.465333099978885
47.1,0.03333333333333333,1413,1413,takeover,cartesian_freedrive,0.9774134810819497,0.053596716901633805,-0.1973937789211815,0.5295574395468501,-0.07137350469197201,-1.6014352570035213,0.13312562519491278,2.2951595411282977,0.46130820957841157
47.13333333333333,0.03333333333333333,1414,1414,takeover,cartesian_freedrive,0.9785269864479815,0.05363312339773822,-0.20108749706804788,0.5261646876768062,-0.07160359950753595,-1.6106892169746574,0.13586945568963604,2.3008164288480457,0.4571989667506799
47.166666666666664,0.03333333333333333,1415,1415,takeover,cartesian_freedrive,0.9796404918140134,0.05366952928733784,-0.20480513136717027,0.5228605249519426,-0.07182708785037914,-1.619800902580736,0.13864215334318458,2.306404809977859,0.45304122473339337
47.2,0.03333333333333333,1416,1416,takeover,cartesian_freedrive,0.9807539971800452,0.05370593582103101,-0.20854682132856722,0.5196452860283532,-0.07204354485933749,-1.6287693288684255,0.1414437348430459,2.3119246140125553,0.44883510039981345
47.233333333333334,0.03333333333333333,1417,1417,takeover,cartesian_freedrive,0.9807539971800452,0.05369508499913314,-0.21264847285112923,0.5185149611732615,-0.0719158861260957,-1.6324454646572246,0.14305947562430052,2.313504561480014,0.44182110054220397
47.266666666666666,0.03333333333333333,1418,1418,takeover,cartesian_freedrive,0.9807539971800452,0.05368417831903269,-0.2167644137264342,0.517483759900562,-0.07179015726840128,-1.635941303599311,0.1446687989099172,2.3149856132302546,0.43478462670289225
47.3,0.03333333333333333,1419,1419,takeover,cartesian_freedrive,0.9807539971800452,0.053673271578683485,-0.22088696113524114,0.5165002022351077,-0.07166821717512441,-1.639359323566395,0.14627681161404227,2.316426921188729,0.42774069406647963
47.333333333333336,0.03333333333333333,1420,1420,takeover,cartesian_freedrive,0.9807539971800452,0.05366236483511985,-0.22501587220951813,0.5155631511093222,-0.07155009541899245,-1.6427016041723574,0.1478832345042771,2.317829581272977,0.4206897386708198
47.36666666666667,0.03333333333333333,1421,1421,takeover,cartesian_freedrive,0.9807539971800452,0.05364696274788881,-0.22506072612584485,0.5155538452790953,-0.07154727004409245,-1.6427356259113242,0.1479013312689209,2.317842275759124,0.4206147818280879
47.4,0.03333333333333333,1422,1422,takeover,cartesian_freedrive,0.9807539971800452,0.05363155482729343,-0.2250815351095608,0.5155485605197361,-0.07154655334538715,-1.6427534445728393,0.14790972730911642,2.317849926546329,0.42057913956858023
47.43333333333333,0.03333333333333333,1423,1423,takeover,cartesian_freedrive,0.9807539971800452,0.05361614689850739,-0.22510148714597158,0.5155433246552334,-0.07154596883629673,-1.6427708592829577,0.14791755824688896,2.317857294299835,0.4205448937577157
47.46666666666667,0.03333333333333333,1424,1424,takeover,cartesian_freedrive,0.9807539971800452,0.05360073896970246,-0.22512128525214575,0.51553817419739,-0.07154541103488463,-1.6427880390132685,0.14792527846885076,2.3178645082361626,0.4205109084049238
47.5,0.03333333333333333,1425,1425,takeover,cartesian_freedrive,0.9807539971800452,0.053595321981861115,-0.22512270601387022,0.5155369630642258,-0.07154519886009139,-1.6427907047536643,0.14792626481735452,2.3178659476280967,0.42050841222096313
47.53333333333333,0.03333333333333333,1426,1426,takeover,cartesian_freedrive,0.9807539971800452,0.05358991677366606,-0.2251236987478275,0.5155358125597205,-0.07154504301923237,-1.6427931409936811,0.14792697106835823,2.3178672662150372,0.4205066377531739
47.56666666666667,0.03333333333333333,1427,1427,takeover,cartesian_freedrive,0.9807539971800452,0.05358451157935795,-0.22512442846600733,0.5155347052969272,-0.07154492823261334,-1.6427954269589142,0.1479275045814502,2.3178684902437676,0.4205052764830936
47.6,0.03333333333333333,1428,1428,takeover,cartesian_freedrive,0.9807539971800452,0.053579106385068145,-0.2251249685298221,0.5155336424553905,-0.07154484341957332,-1.6427975728409452,0.14792791201037137,2.317869625473244,0.42050421654284303
47.63333333333333,0.03333333333333333,1429,1429,takeover,cartesian_freedrive,0.9807539971800452,0.05357720302637471,-0.22512534583035818,0.5155326198185632,-0.07154477615666947,-1.6427995774532307,0.14792822997358096,2.3178706814184316,0.4205034276586778
47.666666666666664,0.03333333333333333,1430,1430,takeover,cartesian_freedrive,0.9807539971800452,0.05357530379640946,-0.2251256049369423,0.5155316440921132,-0.0715447254983804,-1.6428014546863046,0.1479284721288484,2.3178716606493333,0.4205028325059569
47.7,0.03333333333333333,1431,1431,takeover,cartesian_freedrive,0.9807539971800452,0.05357340457131184,-0.2251257792616172,0.5155307162255508,-0.0715446882751526,-1.6428032134472066,0.14792865618122192,2.317872568641188,0.4205023786444009
47.733333333333334,0.03333333333333333,1432,1432,takeover,cartesian_freedrive,0.9807539971800452,0.05357150534621957,-0.22512589294777127,0.5155298359433208,-0.0715446612082085,-1.642804861415835,0.14792879688025823,2.317873411018153,0.4205020286033004
47.766666666666666,0.03333333333333333,1433,1433,takeover,cartesian_freedrive,0.9807539971800452,0.053570834513457,-0.2251259633258423,0.5155290022338277,-0.07154464155153639,-1.6428064053350535,0.14792890557509825,2.3178741938145047,0.4205017553653315
47.8,0.03333333333333333,1434,1434,takeover,cartesian_freedrive,0.9807539971800452,0.05357016512899081,-0.2251260030661881,0.5155282142640814,-0.07154462738207962,-1.6428078520981764,0.14792899043339536,2.317874921607505,0.4205015390580736
47.833333333333336,0.03333333333333333,1435,1435,takeover,cartesian_freedrive,0.9807539971800452,0.05356949574623135,-0.22512602131882054,0.515527470583216,-0.07154461721522729,-1.642809207800364,0.14792905756435631,2.317875598937531,0.42050136514085135
47.86666666666667,0.03333333333333333,1436,1436,takeover,cartesian_freedrive,0.9807539971800452,0.05356882636347304,-0.2251260246951895,0.5155267695089821,-0.07154460994413249,-1.6428104780853259,0.1479291114932446,2.317876230118834,0.4205012229501978
47.9,0.03333333333333333,1437,1437,takeover,cartesian_freedrive,0.9807539971800452,0.05356817918958595,-0.22512602458363348,0.5155261088200079,-0.07154460091668921,-1.6428116687889804,0.14792915880767257,2.3178768135234935,0.42050108651675516
47.93333333333333,0.03333333333333333,1438,1438,takeover,cartesian_freedrive,0.9807539971800452,0.05356753204188253,-0.22512602489405667,0.5155254863795162,-0.07154459235185684,-1.6428127839934428,0.14792920254265135,2.3178773549244087,0.420500956974108
47.96666666666667,0.03333333333333333,1439,1439,takeover,cartesian_freedrive,0.9807539971800452,0.053566884894208945,-0.22512602630770712,0.5155249007745246,-0.07154458421509777,-1.642813828400371,0.14792924364365956,2.3178778581900343,0.4205008334473079
48.0,0.03333333333333333,1440,1440,takeover,cartesian_freedrive,0.9807539971800452,0.053566237746534406,-0.22512602910261872,0.5155243505554369,-0.07154457638936777,-1.6428148066187092,0.14792928258245877,2.317878326082154,0.4205007151003221
48.03333333333333,0.03333333333333333,1441,1441,takeover,cartesian_freedrive,0.9807539971800452,0.053566420716855426,-0.2251260269792924,0.515523834141015,-0.07154457248736944,-1.6428157219151236,0.14792931662919956,2.317878767546559,0.4205006188461954
48.06666666666667,0.03333333333333333,1442,1442,takeover,cartesian_freedrive,0.9807539971800452,0.053566604665900054,-0.22512601954314845,0.5155233506608857,-0.07154456972983171,-1.6428165798051686,0.14792934535149704,2.317879181378629,0.4205005374873453
48.1,0.03333333333333333,1443,1443,takeover,cartesian_freedrive,0.9807539971800452,0.05356678861609816,-0.2251260085597472,0.5155228973581243,-0.0715445676468184,-1.642817383307353,0.1479293699010766,2.3178795700019075,0.4205004671939511
48.13333333333333,0.03333333333333333,1444,1444,takeover,cartesian_freedrive,0.9807539971800452,0.053566972566296965,-0.22512599545590622,0.51552247268189,-0.07154456604895643,-1.642818136363993,0.14792939115464607,2.3178799339406697,0.42050040545807066
48.166666666666664,0.03333333333333333,1445,1445,takeover,cartesian_freedrive,0.9793580847040779,0.05358086270226679,-0.2276166896326539,0.5131547218659676,-0.0721587555167548,-1.6504097858491416,0.14803983061231576,2.3223568918384836,0.4156134198056553
48.2,0.03333333333333333,1446,1446,takeover,cartesian_freedrive,0.9779621722281107,0.05359476951653783,-0.23013300024549452,0.5107862460736873,-0.07277694245741678,-1.6580444151166984,0.14815740168118277,2.326881345196672,0.4106796517949162
48.233333333333334,0.03333333333333333,1447,1447,takeover,cartesian_freedrive,0.9765662597521434,0.05360867634114534,-0.23266036981223367,0.5084777377972519,-0.07339778309295844,-1.6655923476616958,0.14827605734759083,2.3313846693716864,0.4057372195945646
48.266666666666666,0.03333333333333333,1448,1448,takeover,cartesian_freedrive,0.9751703472761761,0.053622583211425615,-0.23519889619517328,0.5062296679197882,-0.0740210993316731,-1.6730527589994744,0.14839573640067608,2.3358664333645125,0.4007863370192201
48.3,0.03333333333333333,1449,1449,takeover,cartesian_freedrive,0.9737744348002089,0.053636489435411515,-0.2377485925456848,0.5040415050803163,-0.07464688876117517,-1.68042686712295,0.1485164870709696,2.3403270275074735,0.3958269503660601
48.333333333333336,0.03333333333333333,1450,1450,takeover,cartesian_freedrive,0.9723785223242416,0.05365039592984931,-0.24030958246871165,0.5019126134781143,-0.07527497944855313,-1.6877157685837603,0.1486385038579873,2.344767509938862,0.39085879572296117
48.36666666666667,0.03333333333333333,1451,1451,takeover,cartesian_freedrive,0.9709826098482743,0.05366430273523644,-0.24288191335506168,0.499842446833499,-0.07590525125647965,-1.6949205513345365,0.1487619085169782,2.3491885374873736,0.3858817190070774
48.4,0.03333333333333333,1452,1452,takeover,cartesian_freedrive,0.9695866973723071,0.05367820949661996,-0.24546566374495704,0.4978305164273113,-0.07653763948437155,-1.7020422965545767,0.14888674402328117,2.3535905374454833,0.38089566335385583
48.43333333333333,0.03333333333333333,1453,1453,takeover,cartesian_freedrive,0.9695866973723071,0.05365205716518953,-0.2456961532951173,0.4977316952297744,-0.07655982939683569,-1.702427968365731,0.14890875917194596,2.353790068482364,0.38042894371107916
48.46666666666667,0.03333333333333333,1454,1454,takeover,cartesian_freedrive,0.9695866973723071,0.05362585750636747,-0.2459106337598079,0.49766346905287057,-0.0765808751502134,-1.7027367484641258,0.14892536310627322,2.3539454436611043,0.37999639997834245
48.5,0.03333333333333333,1455,1455,takeover,cartesian_freedrive,0.9695866973723071,0.05359965778925728,-0.24612507800409172,0.4975955753124311,-0.07660194259435872,-1.703044893370646,0.14894190974030394,2.3541005568477837,0.3795640094727513
48.53333333333333,0.03333333333333333,1456,1456,takeover,cartesian_freedrive,0.9695866973723071,0.05357345807205371,-0.24633954775418418,0.4975278769751153,-0.07662303257534471,-1.7033527554398766,0.14895842778282012,2.3542556031923434,0.3791316090626955
48.56666666666667,0.03333333333333333,1457,1457,takeover,cartesian_freedrive,0.9695866973723071,0.05356533296000528,-0.24634065016996193,0.49752595505526614,-0.07662322692929942,-1.703357667126592,0.14895841097892448,2.354257833361528,0.37912829570517614
48.6,0.03333333333333333,1458,1458,takeover,cartesian_freedrive,0.9695866973723071,0.053557229141842674,-0.24634115191878114,0.49752445035081044,-0.07662338855146215,-1.703361008965298,0.14895824082293804,2.354259376107443,0.37912680878517735
48.63333333333333,0.03333333333333333,1459,1459,takeover,cartesian_freedrive,0.9695866973723071,0.0535491253486693,-0.24634179150484534,0.4975230435707663,-0.07662354089447287,-1.7033642187528386,0.14895813224844046,2.3542608684030655,0.37912512695540407
48.666666666666664,0.03333333333333333,1460,1460,takeover,cartesian_freedrive,0.9695866973723071,0.05354102155552032,-0.2463425345883805,0.49752172294506897,-0.07662367998145996,-1.7033673107366825,0.14895808104058242,2.354262316018844,0.37912329911379944
48.7,0.03333333333333333,1461,1461,takeover,cartesian_freedrive,0.9695866973723071,0.05353816873216208,-0.24634309677171903,0.49752031760039683,-0.07662366001703379,-1.7033700712648838,0.14895839835823427,2.3542637354223532,0.3791220938719017
48.733333333333334,0.03333333333333333,1462,1462,takeover,cartesian_freedrive,0.9695866973723071,0.05353532209976174,-0.24634348773653744,0.49751897451253124,-0.07662360510480533,-1.7033726311579822,0.14895871917057402,2.3542650554514437,0.37912121184559455
48.766666666666666,0.03333333333333333,1463,1463,takeover,cartesian_freedrive,0.9695866973723071,0.053532475474658066,-0.24634375541027131,0.49751770770725184,-0.07662355433205091,-1.7033750149628957,0.1489589818853876,2.354266278818437,0.3791205428176842
48.8,0.03333333333333333,1464,1464,takeover,cartesian_freedrive,0.9695866973723071,0.05352962884956266,-0.24634393501287136,0.4975165158805249,-0.07662351466752082,-1.703377236014664,0.1489591874042733,2.3542674123055685,0.379120026581334
48.833333333333336,0.03333333333333333,1465,1465,takeover,cartesian_freedrive,0.9695866973723071,0.05352862159555488,-0.24634405026986014,0.49751539512409854,-0.0766234845643836,-1.7033793046983507,0.14895934856834578,2.354268462535395,0.3791196267137076
48.86666666666667,0.03333333333333333,1466,1466,takeover,cartesian_freedrive,0.9695866973723071,0.05352761651019841,-0.24634411922827568,0.49751434286482504,-0.07662346240951648,-1.7033812320939514,0.14895947438118728,2.354269435430755,0.37911931293670553
48.9,0.03333333333333333,1467,1467,takeover,cartesian_freedrive,0.9695866973723071,0.05352661142739758,-0.24634415524404546,0.4975133559171779,-0.07662344640222853,-1.7033830280038373,0.14895957315222785,2.354270336923959,0.37911906365827464
48.93333333333333,0.03333333333333333,1468,1468,takeover,cartesian_freedrive,0.9695866973723071,0.05352560634459841,-0.24634416805860201,0.4975124309312932,-0.07662343497792529,-1.7033847013261234,0.1489596514813214,2.354271172970895,0.3791188629996962
48.96666666666667,0.03333333333333333,1469,1469,takeover,cartesian_freedrive,0.9695866973723071,0.05352524893725225,-0.24634416476455867,0.49751156507206074,-0.07662342700263595,-1.7033862608930725,0.14895971423564539,2.3542719477960885,0.3791186993942759
49.0,0.03333333333333333,1470,1470,takeover,cartesian_freedrive,0.9695866973723071,0.05352489229352616,-0.24634415050004072,0.49751075455288296,-0.07662342150057985,-1.7033877137753193,0.14895976525730262,2.3542726675349757,0.3791185639820897
49.03333333333333,0.03333333333333333,1471,1471,takeover,cartesian_freedrive,0.9695866973723071,0.053524535650698785,-0.2463441290067831,0.4975099968399231,-0.07662341782318227,-1.7033890678653951,0.1489598072290281,2.3542733355604817,0.3791184503300106
49.06666666666667,0.03333333333333333,1472,1472,takeover,cartesian_freedrive,0.9695866973723071,0.053524179007871195,-0.24634410298547568,0.49750928858359605,-0.076623415461276,-1.70339032956035,0.14895984227811374,2.3542739564255974,0.37911835354338297
49.1,0.03333333333333333,1473,1473,takeover,cartesian_freedrive,0.9695866973723071,0.05352405144304945,-0.24634407437210473,0.49750862714554417,-0.07662341405043158,-1.703391505492364,0.14895987192182764,2.354274533074467,0.37911827003640847
49.13333333333333,0.03333333333333333,1474,1474,takeover,cartesian_freedrive,0.9695866973723071,0.05352392414831375,-0.24634404454352574,0.49750800933391925,-0.07662341331091459,-1.7033926010902578,0.14895989738110071,2.3542750696007175,0.3791181970120844
49.166666666666664,0.03333333333333333,1475,1475,takeover,cartesian_freedrive,0.9695866973723071,0.05352379685389519,-0.24634401446518756,0.4975074328219557,-0.07662341303088047,-1.7033936222462494,0.14895991949310652,2.354275568239976,0.3791181324282932
49.2,0.03333333333333333,1476,1476,takeover,cartesian_freedrive,0.9695866973723071,0.05352366955947596,-0.24634398481650463,0.4975068946409384,-0.07662341307086164,-1.703394573596687,0.14895993897824625,2.354276032592458,0.3791180746640262
49.233333333333334,0.03333333333333333,1477,1477,takeover,cartesian_freedrive,0.9713067849578483,0.05356160421205261,-0.24919924082590086,0.49516388671570366,-0.07745406505634707,-1.7110505949227377,0.15057091971514538,2.359576801091805,0.3763215922294337
49.266666666666666,0.03333333333333333,1478,1478,takeover,cartesian_freedrive,0.9730268725433895,0.05359958385729052,-0.2520885396837047,0.4928337039074206,-0.07828113852857675,-1.7187268093244292,0.15221315367847582,2.3649099658429367,0.37346860563625256
49.3,0.03333333333333333,1479,1479,takeover,cartesian_freedrive,0.9747469601289307,0.05363756356140616,-0.25499652795354755,0.4905720125680609,-0.07910230647130963,-1.7263003183561278,0.1538738799862167,2.3702050897264453,0.3705846736666331
49.333333333333336,0.03333333333333333,1480,1480,takeover,cartesian_freedrive,0.9764670477144719,0.05367554330202457,-0.25792349034321754,0.48837908712004435,-0.07991719482432316,-1.7337705578061884,0.15555316135687489,2.3754617104337763,0.36766985457608037
49.36666666666667,0.03333333333333333,1481,1481,takeover,cartesian_freedrive,0.9764670477144719,0.053663881620449404,-0.2619083240946735,0.4876481258925414,-0.07999596206785184,-1.7368031706560736,0.1567912848506677,2.3769240632128885,0.36074340983460534
49.4,0.03333333333333333,1482,1482,takeover,cartesian_freedrive,0.9764670477144719,0.05365216122441312,-0.265913052389015,0.48699566878244327,-0.08007294597306504,-1.7396919903154007,0.15802737583800547,2.3783082021376236,0.3537863256009589
49.43333333333333,0.03333333333333333,1483,1483,takeover,cartesian_freedrive,0.9764670477144719,0.05364044007670332,-0.26992455231082374,0.48638511935639894,-0.08015236631753521,-1.7425141047787363,0.15926146632712376,2.3796626537297327,0.34682378578725737
49.46666666666667,0.03333333333333333,1484,1484,takeover,cartesian_freedrive,0.9764670477144719,0.05362871974877506,-0.27394254222043507,0.48581577154507516,-0.08023420033562428,-1.7452705721736965,0.1604936666020638,2.3809887897810453,0.3398558699051533
49.5,0.03333333333333333,1485,1485,takeover,cartesian_freedrive,0.9764670477144719,0.053612361679413634,-0.27398560049058457,0.4858093832061965,-0.08023337347164242,-1.74530027825109,0.16050801886435537,2.3810010830352413,0.3397818873672575
49.53333333333333,0.03333333333333333,1486,1486,takeover,cartesian_freedrive,0.9764670477144719,0.05359599897797414,-0.27400398474820137,0.48580645438090114,-0.08023391288964961,-1.7453136057601675,0.16051333993191175,2.381007351055701,0.3397496665343811
49.56666666666667,0.03333333333333333,1487,1487,takeover,cartesian_freedrive,0.9764670477144719,0.053579636270281894,-0.2740229956847157,0.48580353880277866,-0.08023435489558264,-1.7453269784510244,0.16051904740874146,2.3810136571139164,0.3397165651453825
49.6,0.03333333333333333,1488,1488,takeover,cartesian_freedrive,0.9764670477144719,0.053563273562582225,-0.2740422228364541,0.4858006188094116,-0.0802347582640073,-1.745340438838076,0.160524904042701,2.381020036704268,0.33968312185663996
49.63333333333333,0.03333333333333333,1489,1489,takeover,cartesian_freedrive,0.9764670477144719,0.05355826438522422,-0.2740444042173468,0.48579961716838377,-0.08023439885629109,-1.7453430368319376,0.1605264254951758,2.3810215819912774,0.33967941036528565
49.666666666666664,0.03333333333333333,1490,1490,takeover,cartesian_freedrive,0.9764670477144719,0.053553268592909,-0.27404599266722973,0.48579865706235076,-0.0802341206381264,-1.745345401053017,0.16052756372368152,2.38102299374357,0.3396766900545182
49.7,0.03333333333333333,1491,1491,takeover,cartesian_freedrive,0.9764670477144719,0.05354827281685558,-0.27404718311465287,0.48579772822119816,-0.08023390877406576,-1.745347597644045,0.16052843319126348,2.381024291531134,0.33967459853962123
49.733333333333334,0.03333333333333333,1492,1492,takeover,cartesian_freedrive,0.9764670477144719,0.05354327704121742,-0.27404807896094485,0.48579683137388346,-0.08023374862282835,-1.7453496393083665,0.16052910010784902,2.3810254801277595,0.3396729753874696
49.766666666666666,0.03333333333333333,1493,1493,takeover,cartesian_freedrive,0.9764670477144719,0.05354151668329066,-0.2740487319522729,0.48579596286120286,-0.0802336193612779,-1.7453515282965266,0.1605296249340345,2.38102656793373,0.3396717532297258
49.8,0.03333333333333333,1494,1494,takeover,cartesian_freedrive,0.9764670477144719,0.05353976013998446,-0.27404920465716626,0.4857951302647006,-0.08023351927885032,-1.7453532801589111,0.16053002897245536,2.3810275601738837,0.3396708247674331
49.833333333333336,0.03333333333333333,1495,1495,takeover,cartesian_freedrive,0.9764670477144719,0.05353800360117851,-0.27404954442228224,0.4857943357622442,-0.08023344320755779,-1.7453549055942463,0.16053033868072042,2.381028464725644,0.3396701152010696
49.86666666666667,0.03333333333333333,1496,1496,takeover,cartesian_freedrive,0.9764670477144719,0.053536247062379444,-0.2740497862085978,0.48579358014586627,-0.08023338558261398,-1.745356413705086,0.1605305767159634,2.3810292901503556,0.3396695695654755
49.9,0.03333333333333333,1497,1497,takeover,cartesian_freedrive,0.9764670477144719,0.053535624906821566,-0.274049955832823,0.4857928639842828,-0.0802333420438195,-1.7453578131498761,0.16053076050952395,2.381030044077538,0.3396691475208758
49.93333333333333,0.03333333333333333,1498,1498,takeover,cartesian_freedrive,0.9764670477144719,0.05353500408872229,-0.27405007247140767,0.48579218735119356,-0.08023330924042062,-1.7453591119439302,0.16053090308236218,2.381030733373964,0.33966881866242754
49.96666666666667,0.03333333333333333,1499,1499,takeover,cartesian_freedrive,0.9764670477144719,0.053534383272199434,-0.2740501503554865,0.4857915496081766,-0.08023328448372148,-1.7453603172094743,0.16053101448190293,2.3810313647743757,0.3396685601940771
50.0,0.03333333333333333,1500,1500,takeover,cartesian_freedrive,0.9764670477144719,0.05353376245567755,-0.27405020004913894,0.48579095008985346,-0.08023326585321613,-1.7453614358981007,0.16053110212971264,2.381031943671675,0.3396683551667004
50.03333333333333,0.03333333333333333,1501,1501,takeover,cartesian_freedrive,0.9764670477144719,0.05353354130409777,-0.27405022936855955,0.4857903873557333,-0.08023325175875641,-1.7453624739303921,0.160531171833539,2.3810324758792705,0.3396681907451754
50.06666666666667,0.03333333333333333,1502,1502,takeover,cartesian_freedrive,0.9764670477144719,0.05353332062372909,-0.2740502440952229,0.48578986052176076,-0.08023324117218861,-1.745363437646356,0.16053122766144007,2.381032964904271,0.3396680574720058
50.1,0.03333333333333333,1503,1503,takeover,cartesian_freedrive,0.9764670477144719,0.05353309994391499,-0.2740502484817334,0.48578936773038484,-0.08023323318776084,-1.7453643320644876,0.16053127289462896,2.381033415127658,0.33966794809799383
50.13333333333333,0.03333333333333333,1504,1504,takeover,cartesian_freedrive,0.9764670477144719,0.0535328792641004,-0.27405024567790875,0.4857889074103,-0.08023322715649235,-1.74536516221292,0.16053130996141848,2.381033829999871,0.3396678571954825
50.166666666666664,0.03333333333333333,1505,1505,takeover,cartesian_freedrive,0.9764670477144719,0.05353279997577426,-0.27405023800127865,0.48578847768983585,-0.08023322256519336,-1.7453659324794741,0.16053134077584055,2.381034213253908,0.3396677806155515
50.2,0.03333333333333333,1506,1506,takeover,cartesian_freedrive,0.9764670477144719,0.053532720854150215,-0.2740502271469155,0.4857880769291708,-0.08023321903447919,-1.7453666472058365,0.1605313667580218,2.3810345679798472,0.3396677152154021
50.233333333333334,0.03333333333333333,1507,1507,takeover,cartesian_freedrive,0.9764670477144719,0.05353264173272136,-0.27405021433605214,0.4857877043264398,-0.08023321635180264,-1.7453673114367678,0.16053138872162007,2.381034894141784,0.3396676588197314
50.266666666666666,0.03333333333333333,1508,1508,takeover,cartesian_freedrive,0.9764670477144719,0.053532562611292286,-0.2740502004654311,0.4857873568940487,-0.08023321428153353,-1.7453679273579599,0.16053140767972188,2.3810351963936682,0.33966760946926
50.3,0.03333333333333333,1509,1509,takeover,cartesian_freedrive,0.9765597106847723,0.05354857319308665,-0.27709597775904493,0.48233890924584144,-0.08021733932879428,-1.7514281975081112,0.16241527401368241,2.3849428350658677,0.33484017538319666
50.333333333333336,0.03333333333333333,1510,1510,takeover,cartesian_freedrive,0.9766523736550727,0.05356460216783126,-0.28017858261536627,0.47886938196831486,-0.08019275617194256,-1.7575278669559138,0.16434295231908183,2.3888679102275168,0.32993965745541076
50.36666666666667,0.03333333333333333,1511,1511,takeover,cartesian_freedrive,0.9767450366253732,0.05358063112391634,-0.2832788075303987,0.4754344984464321,-0.0801617694855748,-1.763564647757463,0.16629877736516202,2.3927555086482992,0.3250052666605185
50.4,0.03333333333333333,1512,1512,takeover,cartesian_freedrive,0.9768376995956736,0.0535966601103446,-0.28639665888126736,0.4720347915037539,-0.08012422835901767,-1.7695375588673443,0.16828270695708622,2.3966048221619247,0.32003721196485735
50.43333333333333,0.03333333333333333,1513,1513,takeover,cartesian_freedrive,0.976930362565974,0.053612689063559246,-0.289532075992868,0.4686699691643415,-0.08008016050662074,-1.7754471614331873,0.17029501372039565,2.4004159904264464,0.3150352732391684
50.46666666666667,0.03333333333333333,1514,1514,takeover,cartesian_freedrive,0.9770230255362744,0.053628718052737376,-0.29268502410960145,0.4653397418667553,-0.08002955164860184,-1.7812939847657474,0.17233594235158248,2.4041891495092402,0.3099992461815753
50.5,0.03333333333333333,1515,1515,takeover,cartesian_freedrive,0.9771156885065748,0.053644747099576826,-0.2958554778970243,0.46204384139972127,-0.07997236754776925,-1.78707852088515,0.17440569887752966,2.4079243642954267,0.30492896372807565
50.53333333333333,0.03333333333333333,1516,1516,takeover,cartesian_freedrive,0.9772083514768752,0.05366077608118895,-0.29904342112541743,0.45878201852612005,-0.07990859565240131,-1.7928012476084352,0.1765044597577654,2.41162163329642,0.2998242950341038
50.56666666666667,0.03333333333333333,1517,1517,takeover,cartesian_freedrive,0.9772083514768752,0.0536400111966764,-0.2992955811467469,0.4586183351834941,-0.07989184011420436,-1.793083677177875,0.17663388779741823,2.411766642830612,0.2993716689704105
50.6,0.03333333333333333,1518,1518,takeover,cartesian_freedrive,0.9772083514768752,0.05361920362878849,-0.29952686414139157,0.45848607701599975,-0.07987780239711616,-1.7933062442482404,0.17674678827068913,2.4118774304272663,0.29895674248172427
50.63333333333333,0.03333333333333333,1519,1519,takeover,cartesian_freedrive,0.9772083514768752,0.05359839601186385,-0.2997581470722981,0.4583533780699336,-0.07986375592030999,-1.7935296403101304,0.1768597728715529,2.4119886240494823,0.29854170023221865
50.666666666666664,0.03333333333333333,1520,1520,takeover,cartesian_freedrive,0.9772083514768752,0.05357758839539452,-0.29998946242936303,0.4582206751183396,-0.07984970667953523,-1.7937530395563588,0.17697282442393863,2.412099786719147,0.2981265692625397
50.7,0.03333333333333333,1521,1521,takeover,cartesian_freedrive,0.9772083514768752,0.05356921316173077,-0.29999070864674215,0.4582181045134353,-0.0798495789801041,-1.7937574361867739,0.17697367576493953,2.4121018479718983,0.29812333054149187
50.733333333333334,0.03333333333333333,1522,1522,takeover,cartesian_freedrive,0.9772083514768752,0.053560852616337834,-0.29999130573642613,0.4582162211261597,-0.07984956178700119,-1.7937606153540644,0.17697398207232046,2.4121033940301237,0.2981218498298975
50.766666666666666,0.03333333333333333,1523,1523,takeover,cartesian_freedrive,0.9772083514768752,0.05355249208850246,-0.29999203909109234,0.45821442571113047,-0.07984953256570133,-1.7937636277748845,0.17697435707071127,2.4121048347270766,0.2981201830041787
50.8,0.03333333333333333,1524,1524,takeover,cartesian_freedrive,0.9772083514768752,0.053544131560451576,-0.29999287726204166,0.45821271418116777,-0.07984949041438572,-1.7937664906124626,0.17697479115226067,2.412106187639577,0.2981183723390903
50.833333333333336,0.03333333333333333,1525,1525,takeover,cartesian_freedrive,0.9772083514768752,0.05354179216869165,-0.29999350763800103,0.45821119153563006,-0.07984940410974942,-1.7937691813443195,0.1769752852932157,2.412107437439873,0.29811705834992047
50.86666666666667,0.03333333333333333,1526,1526,takeover,cartesian_freedrive,0.9772083514768752,0.05353945987621263,-0.2999939635215705,0.4582098006330269,-0.07984931692243855,-1.793771670892572,0.17697570829174528,2.4121086195639627,0.2981160538108299
50.9,0.03333333333333333,1527,1527,takeover,cartesian_freedrive,0.9772083514768752,0.053537127592111725,-0.2999942908139323,0.45820852278056656,-0.07984924289329301,-1.7937739712730891,0.17697604974200726,2.412109731742946,0.29811527160255574
50.93333333333333,0.03333333333333333,1528,1528,takeover,cartesian_freedrive,0.9772083514768752,0.053534795308024255,-0.29999452363198065,0.45820734480337233,-0.07984918301829369,-1.7937760967390206,0.17697632216959064,2.4121107716191883,0.29811465587999675
50.96666666666667,0.03333333333333333,1529,1529,takeover,cartesian_freedrive,0.9772083514768752,0.053533972102582913,-0.2999946854556913,0.45820625692424294,-0.0798491351527744,-1.793778060583933,0.17697653992592333,2.412111739087364,0.29811416993518264
51.0,0.03333333333333333,1530,1530,takeover,cartesian_freedrive,0.9772083514768752,0.05353315067637364,-0.29999479490267095,0.4582052503580764,-0.07984909696118393,-1.7937798748047082,0.1769767145294031,2.4121126366027648,0.29811378275031836
51.03333333333333,0.03333333333333333,1531,1531,takeover,cartesian_freedrive,0.9772083514768752,0.05353232925226162,-0.29999486598359343,0.45820431840100956,-0.07984906656521286,-1.793781551133884,0.17697685530462642,2.412113466687401,0.2981134714863149
51.06666666666667,0.03333333333333333,1532,1532,takeover,cartesian_freedrive,0.9772083514768752,0.053531507828151234,-0.2999949091040118,0.4582034548271482,-0.07984904223797851,-1.7937830998175381,0.1769769697873066,2.4121142335303376,0.2981132187761264
51.1,0.03333333333333333,1533,1533,takeover,cartesian_freedrive,0.9772083514768752,0.05353121622672831,-0.29999493202817396,0.45820265446723507,-0.07984902266629533,-1.7937845305980162,0.17697706375620992,2.412114941319083,0.2981130115283752
51.13333333333333,0.03333333333333333,1534,1534,takeover,cartesian_freedrive,0.9772083514768752,0.053530925249974645,-0.29999494051632825,0.45820191275300903,-0.07984900682471884,-1.7937858525305297,0.1769771415920473,2.4121155941099,0.29811283974247377
51.166666666666664,0.03333333333333333,1535,1535,takeover,cartesian_freedrive,0.9772083514768752,0.05353063427395596,-0.2999949388492464,0.4582012255022905,-0.07984899391789492,-1.7937870739404969,0.1769772066742344,2.4121161958302406,0.2981126958046639
51.2,0.03333333333333333,1536,1536,takeover,cartesian_freedrive,0.9772083514768752,0.053530343297936635,-0.2999949301976568,0.4582005887723194,-0.07984898331072544,-1.79378820239643,0.17697726164528005,2.4121167504702754,0.2981125738650851
51.233333333333334,0.03333333333333333,1537,1537,takeover,cartesian_freedrive,0.9772083514768752,0.05353023918058121,-0.2999949169030501,0.4581999990266003,-0.07984897452027898,-1.7937892450059185,0.17697730853355945,2.4121172616026274,0.29811246945938424
51.266666666666666,0.03333333333333333,1538,1538,takeover,cartesian_freedrive,0.9772083514768752,0.05353013528353414,-0.29999490068124446,0.458199452884103,-0.07984896715822953,-1.7937902082310744,0.1769773489246243,2.4121177327567334,0.29811237910925886
51.3,0.03333333333333333,1539,1539,takeover,cartesian_freedrive,0.9772083514768752,0.05353003138674535,-0.2999948827875804,0.458198947286692,-0.0798489609282863,-1.7937910981446508,0.1769773840412751,2.41211816703609,0.29811230013611495
51.333333333333336,0.03333333333333333,1540,1540,takeover,cartesian_freedrive,0.9772083514768752,0.053529927489955484,-0.2999948641295171,0.45819847940703934,-0.07984895560535533,-1.7937919203928105,0.17697741482002097,2.412118567123098,0.2981122304714182
51.36666666666667,0.03333333333333333,1541,1541,takeover,cartesian_freedrive,0.9768595149190666,0.053557291489916004,-0.3024233547097359,0.4565351596839746,-0.08013300123635575,-1.8011708927305978,0.17894454129675125,2.4194336089297077,0.2948328324860842
51.4,0.03333333333333333,1542,1542,takeover,cartesian_freedrive,0.976510678361258,0.0535846875076965,-0.304894074171082,0.45488689111607616,-0.08039251107729445,-1.8085820220221889,0.18096934125957861,2.4268041117500414,0.2914775793381098
51.43333333333333,0.03333333333333333,1543,1543,takeover,cartesian_freedrive,0.9761618418034494,0.0536120835518893,-0.30739398723779354,0.45329981461341495,-0.08062809451780506,-1.8159088155411531,0.18303524660228623,2.4341477627318913,0.28807640428024955
51.46666666666667,0.03333333333333333,1544,1544,takeover,cartesian_freedrive,0.9758130052456409,0.05363947782994187,-0.3099237827063478,0.4517743623915741,-0.08083890823186388,-1.8231505022082461,0.18514255225147092,2.4414631983368893,0.2846290983673935
51.5,0.03333333333333333,1545,1545,takeover,cartesian_freedrive,0.9758130052456409,0.05362855445416244,-0.3118869166005056,0.4512881172319073,-0.08092457322841351,-1.8263273917894733,0.18594427655844972,2.4440680171534392,0.281123353008742
51.53333333333333,0.03333333333333333,1546,1546,takeover,cartesian_freedrive,0.9758130052456409,0.05361758615125142,-0.31385511352234446,0.4508450048091725,-0.0810075023481257,-1.8294149353938247,0.1867418155903393,2.4466150579227115,0.27761364238826314
51.56666666666667,0.03333333333333333,1547,1547,takeover,cartesian_freedrive,0.9758130052456409,0.05360661776189263,-0.31583047388711255,0.45041956255650273,-0.08108683259009157,-1.8324771553309784,0.18754456329356806,2.4491539643027878,0.2740958207923916
51.6,0.03333333333333333,1548,1548,takeover,cartesian_freedrive,0.9758130052456409,0.053595649411314436,-0.3178129569459938,0.4500111887937253,-0.08116255917774945,-1.8355152020087646,0.18835267865189292,2.4516854836996815,0.2705697320027969
51.63333333333333,0.03333333333333333,1549,1549,takeover,cartesian_freedrive,0.9758130052456409,0.05358643550199867,-0.31783274057720373,0.45000572905281316,-0.08116237419992627,-1.8355493241251908,0.18836237606070028,2.4517126159446256,0.270531800995305
51.666666666666664,0.03333333333333333,1550,1550,takeover,cartesian_freedrive,0.9758130052456409,0.053577223574206675,-0.31784185541161886,0.4500031652382075,-0.08116281430374399,-1.8355644806155735,0.18836601238541276,2.4517248347939304,0.27051534942728206
51.7,0.03333333333333333,1551,1551,takeover,cartesian_freedrive,0.9758130052456409,0.053568011472791915,-0.31785125200853215,0.4500008552239526,-0.08116318173895185,-1.8355794596311708,0.18836983046263664,2.4517370306453796,0.27049852967420457
51.733333333333334,0.03333333333333333,1552,1552,takeover,cartesian_freedrive,0.9758130052456409,0.05355879934892531,-0.3178607674607926,0.4499986502086201,-0.08116351806317831,-1.8355943770974334,0.188373739337514,2.451749254142659,0.27048152888971155
51.766666666666666,0.03333333333333333,1553,1553,takeover,cartesian_freedrive,0.9758130052456409,0.05355501275298832,-0.31786188333208404,0.44999763970011786,-0.0811632021989175,-1.835597368350762,0.18837479528596754,2.451751424327608,0.2704793250022125
51.8,0.03333333333333333,1554,1554,takeover,cartesian_freedrive,0.9758130052456409,0.05355123255692107,-0.3178627336037212,0.44999662404124735,-0.08116294549647177,-1.8356000756904267,0.18837562450381545,2.4517532577988845,0.2704776079519917
51.833333333333336,0.03333333333333333,1555,1555,takeover,cartesian_freedrive,0.9758130052456409,0.053547452482253996,-0.31786340633612653,0.44999560824915796,-0.08116274003070824,-1.8356025727080372,0.18837630915391732,2.451754912406476,0.2704761858207185
51.86666666666667,0.03333333333333333,1556,1556,takeover,cartesian_freedrive,0.9758130052456409,0.05354367217407526,-0.31786393867589746,0.4499946277075482,-0.08116257496494217,-1.8356048757245882,0.18837683828192545,2.451756299689341,0.2704750475384784
51.9,0.03333333333333333,1557,1557,takeover,cartesian_freedrive,0.9758130052456409,0.05354288003459629,-0.3178643436012298,0.44999366201151325,-0.08116244066203437,-1.8356069915749211,0.18837730392502286,2.451757616526794,0.2704741174933066
51.93333333333333,0.03333333333333333,1558,1558,takeover,cartesian_freedrive,0.9758130052456409,0.05354209118438019,-0.31786464385572516,0.44999275015403833,-0.08116233159645328,-1.8356089395804152,0.18837765241886936,2.4517587155836993,0.27047341248484136
51.96666666666667,0.03333333333333333,1559,1559,takeover,cartesian_freedrive,0.9758130052456409,0.05354130257253403,-0.31786486894266136,0.4499918698452768,-0.08116224423480912,-1.835610732876981,0.18837796089958087,2.451759781484357,0.2704728120792566
52.0,0.03333333333333333,1560,1560,takeover,cartesian_freedrive,0.9758130052456409,0.053540513726099914,-0.3178650313513727,0.4499910506070615,-0.08116217436637514,-1.835612383614535,0.18837818204718532,2.4517606605782785,0.27047236401616626
52.03333333333333,0.03333333333333333,1561,1561,takeover,cartesian_freedrive,0.9758130052456409,0.053540233693588346,-0.31786514978184444,0.44999027306568706,-0.08116211845068264,-1.8356139031954897,0.18837837383755363,2.451761491460404,0.27047198546099555
52.06666666666667,0.03333333333333333,1562,1562,takeover,cartesian_freedrive,0.9758130052456409,0.05353995426097834,-0.317865233665593,0.4499895437481509,-0.08116207353280024,-1.835615301937611,0.18837853019900044,2.45176224297766,0.27047167705047354
52.1,0.03333333333333333,1563,1563,takeover,cartesian_freedrive,0.9758130052456409,0.05353967482907398,-0.31786529144396164,0.449988861651328,-0.08116203725023338,-1.83561658927547,0.1883786584535168,2.451762924189709,0.2704714241359809
52.13333333333333,0.03333333333333333,1564,1564,takeover,cartesian_freedrive,0.9758130052456409,0.05353939539716876,-0.3178653296318562,0.4499882253263696,-0.0811620077732147,-1.8356177740282722,0.18837876438696363,2.4517635429951072,0.2704712152244769
52.166666666666664,0.03333333333333333,1565,1565,takeover,cartesian_freedrive,0.9758130052456409,0.05353929556558029,-0.31786535321619214,0.4499876332259294,-0.08116198376878492,-1.8356188646229121,0.1883788523715338,2.4517641054544015,0.2704710414592017
52.2,0.03333333333333333,1566,1566,takeover,cartesian_freedrive,0.9758130052456409,0.05353919594574244,-0.31786536600395354,0.44998708277736454,-0.08116196399083084,-1.8356198680031108,0.18837892616019972,2.451764618418057,0.2704708956715224
52.233333333333334,0.03333333333333333,1567,1567,takeover,cartesian_freedrive,0.9758130052456409,0.053539096326152356,-0.31786537092029854,0.449986572502851,-0.08116194770927608,-1.8356207918496918,0.18837898827630942,2.4517650854425517,0.2704707725280315
52.266666666666666,0.03333333333333333,1568,1568,takeover,cartesian_freedrive,0.9758130052456409,0.05353899670656136,-0.3178653701760563,0.4499860992856592,-0.08116193410147172,-1.8356216416055193,0.18837904117791376,2.4517655125385334,0.2704706675153825
52.3,0.03333333333333333,1569,1569,takeover,cartesian_freedrive,0.9758130052456409,0.05353896072822806,-0.3178653654675313,0.4499856615333427,-0.08116192270191452,-1.8356224238546277,0.18837908643954626,2.45176590243138,0.2704705773274895
52.333333333333336,0.03333333333333333,1570,1570,takeover,cartesian_freedrive,0.9758130052456409,0.05353892482492781,-0.3178653580679103,0.4499852564834113,-0.08116191303240698,-1.8356231434379975,0.18837912556470673,2.4517662595220284,0.2704704991620736
52.36666666666667,0.03333333333333333,1571,1571,takeover,cartesian_freedrive,0.9758130052456409,0.053538888921714545,-0.317865348937927,0.4499848823579008,-0.08116190478617495,-1.835623805763014,0.18837915956126491,2.4517665861422433,0.270470430929548
52.4,0.03333333333333333,1572,1572,takeover,cartesian_freedrive,0.9758130052456409,0.05353885301850036,-0.3178653387960762,0.4499845366213105,-0.0811618976620147,-1.8356244149420493,0.1883791894132572,2.451766885944324,0.2704703708353254
52.43333333333333,0.03333333333333333,1573,1573,takeover,cartesian_freedrive,0.9763479947593838,0.053697953104783966,-0.3226358959445309,0.44925822040826824,-0.08210124018109556,-1.8429803195191938,0.18828803205936798,2.455532081695606,0.2609920626990335
52.46666666666667,0.03333333333333333,1574,1574,takeover,cartesian_freedrive,0.9768829842731268,0.05385723931122276,-0.3274573617092393,0.44861779905255306,-0.08305729296048367,-1.8502827545377885,0.18817895427346837,2.4593386859858386,0.25144445662384496
52.5,0.03333333333333333,1575,1575,takeover,cartesian_freedrive,0.9774179737868698,0.05401652587170764,-0.3322931240712809,0.44809794032857986,-0.08402996053737555,-1.8574303458254409,0.1880395561537064,2.463135096429118,0.24190216573639844
52.53333333333333,0.03333333333333333,1576,1576,takeover,cartesian_freedrive,0.9779529633006128,0.05417581228672784,-0.337143144188657,0.4476986509794972,-0.08501885213422553,-1.8644230156324528,0.1878696910766755,2.4669217180227494,0.23236617967953863
52.56666666666667,0.03333333333333333,1577,1577,takeover,cartesian_freedrive,0.9784879528143557,0.05433509875555205,-0.34200786199687383,0.44741943608856743,-0.08602316622412345,-1.8712616641914634,0.18766907920913656,2.470699304363006,0.2228372193146121
52.6,0.03333333333333333,1578,1578,takeover,cartesian_freedrive,0.9790229423280987,0.054494385236450116,-0.34688725767869233,0.4472596886122082,-0.0870427207393381,-1.8779474832922607,0.18743801042036032,2.474469162696032,0.21331553852761423
52.63333333333333,0.03333333333333333,1579,1579,takeover,cartesian_freedrive,0.9795579318418417,0.05465367174623054,-0.35178164099089954,0.44721890664039665,-0.08807688761663307,-1.8844813639357323,0.1871763850453116,2.4782320898403127,0.20380174092857575
52.666666666666664,0.03333333333333333,1580,1580,takeover,cartesian_freedrive,0.9800929213555847,0.054812958266559714,-0.3566912448249831,0.44729658265643457,-0.08912514841617776,-1.8908642025348807,0.1868842251242739,2.4819889534831145,0.1942963446433565
52.7,0.03333333333333333,1581,1581,takeover,cartesian_freedrive,0.9800929213555847,0.055017757881219695,-0.3571963390235153,0.44729013017209135,-0.08916958693122898,-1.8912822364582875,0.18688392065818252,2.4821653523012266,0.19327020808449139
52.733333333333334,0.03333333333333333,1582,1582,takeover,cartesian_freedrive,0.9800929213555847,0.055222613679395634,-0.3576652434037188,0.44728813774714965,-0.0892136491160279,-1.8916499180167148,0.18687463656880857,2.482310506321132,0.19230860211374545
52.766666666666666,0.03333333333333333,1583,1583,takeover,cartesian_freedrive,0.9800929213555847,0.05542746932849424,-0.3581341148376149,0.44728638969297535,-0.08925781707747157,-1.8920173554769857,0.18686514269027327,2.482455880657929,0.1913472055769545
52.8,0.03333333333333333,1584,1584,takeover,cartesian_freedrive,0.9800929213555847,0.055632324925952215,-0.3586030066794626,0.4472852268738415,-0.08930212456646915,-1.8923840240969654,0.18685537275944206,2.482601202422732,0.19038593412436178
52.833333333333336,0.03333333333333333,1585,1585,takeover,cartesian_freedrive,0.9800929213555847,0.05570917126025225,-0.35860731477950836,0.4472833235032957,-0.08930055260506344,-1.8923904052729685,0.186856098374914,2.4826067796271074,0.19037733650351352
52.86666666666667,0.03333333333333333,1586,1586,takeover,cartesian_freedrive,0.9800929213555847,0.05578585679370879,-0.35860860467473654,0.447282081252687,-0.08930082197986894,-1.8923940468879303,0.18685556018362348,2.482608395110743,0.19037400896558115
52.9,0.03333333333333333,1587,1587,takeover,cartesian_freedrive,0.9800929213555847,0.05586254196436424,-0.3586100658091883,0.4472809589999341,-0.08930117825764008,-1.8923974859437307,0.186855063702084,2.482609787009663,0.1903703722694807
52.93333333333333,0.03333333333333333,1588,1588,takeover,cartesian_freedrive,0.9800929213555847,0.055939227145277215,-0.3586117186341332,0.4472799280472471,-0.08930150708885365,-1.8924007836961347,0.18685466843038867,2.482611105287048,0.1903664632591818
52.96666666666667,0.03333333333333333,1589,1589,takeover,cartesian_freedrive,0.9800929213555847,0.05596793475309074,-0.35861311191228235,0.4472786152513877,-0.08930142591724716,-1.8924035455690078,0.186855322717847,2.482612529889863,0.19036390035746192
53.0,0.03333333333333333,1590,1590,takeover,cartesian_freedrive,0.9800929213555847,0.05599658577426485,-0.3586141521865631,0.44727737197669165,-0.08930123500663922,-1.8924060414470187,0.18685606814742045,2.4826138535819506,0.1903619942683304
53.03333333333333,0.03333333333333333,1591,1591,takeover,cartesian_freedrive,0.9800929213555847,0.056025236719469365,-0.35861493467240635,0.4472762281389948,-0.0893010439516165,-1.8924083224929706,0.18685671802082304,2.482615080182199,0.19036051743631155
53.06666666666667,0.03333333333333333,1592,1592,takeover,cartesian_freedrive,0.9800929213555847,0.056053887650376916,-0.35861552132885427,0.4472751786586649,-0.0893008869727468,-1.8924104072492236,0.18685724740185802,2.4826162032134076,0.19035935853851552
53.1,0.03333333333333333,1593,1593,takeover,cartesian_freedrive,0.9800929213555847,0.05606459860598463,-0.35861596486406677,0.4472742097192193,-0.08930075433881353,-1.8924123152181962,0.18685767893587887,2.4826172387275793,0.19035844608190422
53.13333333333333,0.03333333333333333,1594,1594,takeover,cartesian_freedrive,0.9800929213555847,0.05607528840330416,-0.35861629452340593,0.44727331594148245,-0.08930064985629321,-1.8924140598187016,0.18685802481065533,2.482618181315423,0.19035772506505194
53.166666666666664,0.03333333333333333,1595,1595,takeover,cartesian_freedrive,0.9800929213555847,0.0560859781718403,-0.3586165379080331,0.44727249047377987,-0.08930056820127806,-1.8924156556741676,0.18685830178674362,2.4826190377444632,0.19035715270120698
53.2,0.03333333333333333,1596,1596,takeover,cartesian_freedrive,0.9800929213555847,0.056096667941925436,-0.35861671825239344,0.44727172678237287,-0.08930050161149165,-1.8924171170811523,0.18685852550864646,2.482619819134004,0.19035669513334894
53.233333333333334,0.03333333333333333,1597,1597,takeover,cartesian_freedrive,0.9800929213555847,0.05610065953276912,-0.3586168511945995,0.4472710200748303,-0.0893004460731879,-1.892418455792881,0.18685870690368547,2.4826205319879318,0.19035632696603666
53.266666666666666,0.03333333333333333,1598,1598,takeover,cartesian_freedrive,0.9800929213555847,0.05610464322264713,-0.35861694472306094,0.44727036728425745,-0.08930040403272173,-1.8924196799629995,0.1868588529413547,2.4826211761165746,0.1903560310450562
53.3,0.03333333333333333,1599,1599,takeover,cartesian_freedrive,0.9800929213555847,0.05610862690319492,-0.35861701025800513,0.44726976402523455,-0.08930037031270481,-1.8924208005655612,0.18685897194079581,2.482621761161421,0.19035579128909547
53.333333333333336,0.03333333333333333,1600,1600,takeover,cartesian_freedrive,0.9800929213555847,0.05611261058372018,-0.358617054684571,0.4472692068979183,-0.08930034320686979,-1.8924218263579256,0.18685906938722424,2.482622292576165,0.19035559601764696
53.36666666666667,0.03333333333333333,1601,1601,takeover,cartesian_freedrive,0.9800929213555847,0.05611409649203186,-0.35861708320516844,0.4472686926986058,-0.08930032130014855,-1.892422765301428,0.18685914947745755,2.482622775503495,0.1903554358715638
53.4,0.03333333333333333,1602,1602,takeover,cartesian_freedrive,0.9800929213555847,0.056115579455416925,-0.3586170999511094,0.4472682185839733,-0.08930030361947414,-1.8924236248679007,0.1868592156980572,2.482623214314365,0.19035530386908642
53.43333333333333,0.03333333333333333,1603,1603,takeover,cartesian_freedrive,0.9800929213555847,0.056117062415324506,-0.35861710800526136,0.4472677815558578,-0.08930028926339313,-1.8924244115686921,0.18685927084941822,2.4826236136261177,0.19035519436381976
53.46666666666667,0.03333333333333333,1604,1604,takeover,cartesian_freedrive,0.9800929213555847,0.05611854537522369,-0.358617109723906,0.44726737920017223,-0.08930027759719811,-1.8924251317942278,0.18685931700343522,2.4826239768621634,0.19035510298791028
53.5,0.03333333333333333,1605,1605,takeover,cartesian_freedrive,0.9802724358370849,0.05614260958059355,-0.3612167873753239,0.4445786926904125,-0.0893511672598845,-1.8991804595553625,0.18992322857985355,2.488300252184157,0.18816513272531693
53.53333333333333,0.03333333333333333,1606,1606,takeover,cartesian_freedrive,0.9804519503185851,0.056166712807133666,-0.3638597600149227,0.44188205162479316,-0.08937565567150807,-1.905975384921734,0.1930543019209673,2.4940158536004993,0.1858970637991591
53.56666666666667,0.03333333333333333,1607,1607,takeover,cartesian_freedrive,0.9806314648000853,0.05619081608908994,-0.36652990245397354,0.43922411122888955,-0.08937806141761251,-1.9127093196281275,0.19622914460800367,2.4997011473331208,0.18357629326045571
53.6,0.03333333333333333,1608,1608,takeover,cartesian_freedrive,0.9808109792815856,0.05621491936323182,-0.36922761411762944,0.4366052290151895,-0.08935787768802057,-1.9193814738164439,0.19944829537098352,2.5053554431751817,0.181202371986625
53.63333333333333,0.03333333333333333,1609,1609,takeover,cartesian_freedrive,0.9808109792815856,0.05620977179287752,-0.3711342993132403,0.4356131396754791,-0.0892900153930545,-1.9220656143453863,0.20075716160804752,2.507281082508153,0.17843189898330786
53.666666666666664,0.03333333333333333,1610,1610,takeover,cartesian_freedrive,0.9808109792815856,0.05620459040653605,-0.3730435737563749,0.43465470306963566,-0.08922021791226664,-1.9246807569648132,0.2020610171070364,2.509159820850708,0.17565342699400097
53.7,0.03333333333333333,1611,1611,takeover,cartesian_freedrive,0.9808109792815856,0.0561994089769452,-0.37495912438095397,0.4337063143465681,-0.08914715304932817,-1.9272794171519014,0.20337225799693104,2.51102937699372,0.1728647999188003
53.733333333333334,0.03333333333333333,1612,1612,takeover,cartesian_freedrive,0.9808109792815856,0.05619422754680253,-0.37688105409253675,0.4327689011120063,-0.08907080709316882,-1.929860085474569,0.2046908887427987,2.5128890812112696,0.17006611300703467
53.766666666666666,0.03333333333333333,1613,1613,takeover,cartesian_freedrive,0.9808109792815856,0.056189698838654406,-0.37690083767598337,0.43275731187105865,-0.08906731178017169,-1.929889348999525,0.20470576586673184,2.5129120324186602,0.170036060719872
53.8,0.03333333333333333,1614,1614,takeover,cartesian_freedrive,0.9808109792815856,0.05618515837145556,-0.3769104699071028,0.4327513014006592,-0.0890667344582692,-1.9299044465015451,0.2047125948139437,2.5129222832673213,0.1700216319412296
53.833333333333336,0.03333333333333333,1615,1615,takeover,cartesian_freedrive,0.9808109792815856,0.05618061782681941,-0.3769185936175451,0.4327469902761964,-0.0890666584610073,-1.9299155837864355,0.20471798734320798,2.512930043127243,0.17001005776026495
53.86666666666667,0.03333333333333333,1616,1616,takeover,cartesian_freedrive,0.9808109792815856,0.056176077249944716,-0.3769288324343493,0.43274147072216557,-0.08906598644771206,-1.9299301911401738,0.20472523299293685,2.512940155566132,0.16999471171656283
53.9,0.03333333333333333,1617,1617,takeover,cartesian_freedrive,0.9808109792815856,0.056174524470446255,-0.37693005780309624,0.43274024599013705,-0.08906557411387472,-1.9299331944276514,0.20472639016709107,2.512942111789808,0.16999244134756122
53.93333333333333,0.03333333333333333,1618,1618,takeover,cartesian_freedrive,0.9808109792815856,0.05617297515239061,-0.37693097198483483,0.43273911071182214,-0.08906527234383223,-1.929935881311026,0.20472730006856568,2.512943802732541,0.16999066460516463
53.96666666666667,0.03333333333333333,1619,1619,takeover,cartesian_freedrive,0.9808109792815856,0.0561714258383072,-0.3769316924576362,0.43273803764563157,-0.08906502696154889,-1.9299383388914413,0.20472804401563546,2.5129453221714506,0.16998922077819897
54.0,0.03333333333333333,1620,1620,takeover,cartesian_freedrive,0.9808109792815856,0.05616987652410887,-0.37693226167648963,0.4327370258630667,-0.0890648270692342,-1.9299405873424518,0.20472865459568065,2.5129466873052375,0.16998804146583935
54.03333333333333,0.03333333333333333,1621,1621,takeover,cartesian_freedrive,0.9808109792815856,0.05616933709291541,-0.376932697491673,0.43273607573637235,-0.08906465895486726,-1.929942639780098,0.2047291529500951,2.5129479097887635,0.1699870872251377
54.06666666666667,0.03333333333333333,1622,1622,takeover,cartesian_freedrive,0.9808109792815856,0.05616879885233181,-0.3769330324975028,0.4327351857874323,-0.08906452128669234,-1.929944512995959,0.20472956013309676,2.5129490054654227,0.16998631400923878
54.1,0.03333333333333333,1623,1623,takeover,cartesian_freedrive,0.9808109792815856,0.056168260613116576,-0.37693328915480706,0.43273435418819184,-0.08906440886072813,-1.9299462223466897,0.20472989348378337,2.512949988270423,0.16998568536243303
54.13333333333333,0.03333333333333333,1624,1624,takeover,cartesian_freedrive,0.9808109792815856,0.056167722373876405,-0.3769334847410201,0.43273357918996275,-0.08906431714216383,-1.9299477822421793,0.20473016694413132,2.51295087013548,0.1699851725707506
54.166666666666664,0.03333333333333333,1625,1625,takeover,cartesian_freedrive,0.9808109792815856,0.05616753394375718,-0.37693363265424124,0.43273285844355924,-0.08906424213416726,-1.9299492055158405,0.20473039202297494,2.5129516621713837,0.1699847528598614
54.2,0.03333333333333333,1626,1626,takeover,cartesian_freedrive,0.9808109792815856,0.05616734592605323,-0.37693374347978403,0.43273218960307425,-0.08906418071084563,-1.9299505041108913,0.20473057785163873,2.5129523740634987,0.16998440806495768
54.233333333333334,0.03333333333333333,1627,1627,takeover,cartesian_freedrive,0.9808109792815856,0.05616715790882311,-0.3769338255186103,0.4327315698488163,-0.08906413014487745,-1.9299516886379122,0.20473073203425943,2.512953015093658,0.16998412355836143
54.266666666666666,0.03333333333333333,1628,1628,takeover,cartesian_freedrive,0.9808109792815856,0.05616696989158326,-0.37693388530547245,0.4327309969209563,-0.08906408853124863,-1.929952769418907,0.20473086030926674,2.5129535924199717,0.1699838878961142
54.3,0.03333333333333333,1629,1629,takeover,cartesian_freedrive,0.9808109792815856,0.05616690369373269,-0.3769339279154707,0.43273046807640003,-0.08906405421834751,-1.9299537554769397,0.204730967415931,2.5129541127399015,0.16998369189923054
54.333333333333336,0.03333333333333333,1630,1630,takeover,cartesian_freedrive,0.9808109792815856,0.05616683763950325,-0.37693395732034457,0.4327299804912842,-0.08906402580983619,-1.9299546549629925,0.20473105724355972,2.512954582220177,0.16998352814772638
54.36666666666667,0.03333333333333333,1631,1631,takeover,cartesian_freedrive,0.9808109792815856,0.05616677158543831,-0.3769339766533013,0.43272953125325275,-0.0890640020999086,-1.929955475194788,0.2047311330809248,2.5129550068855058,0.16998339058415873
54.4,0.03333333333333333,1632,1632,takeover,cartesian_freedrive,0.9808109792815856,0.05616670553136942,-0.37693398837413866,0.43272911827899313,-0.08906398234311362,-1.9299562236139425,0.20473119723910502,2.5129553906110536,0.16998327455425286
54.43333333333333,0.03333333333333333,1633,1633,takeover,cartesian_freedrive,0.9808109792815856,0.056166682109683744,-0.3769339943727732,0.4327287387164572,-0.08906396576878461,-1.9299569061933648,0.20473125184436664,2.512955738061745,0.16998317616330413
54.46666666666667,0.03333333333333333,1634,1634,takeover,cartesian_freedrive,0.9808109792815856,0.05616665873825988,-0.37693399613019235,0.43272839034661614,-0.08906395183454173,-1.9299575288928403,0.2047312984808233,2.5129560526068917,0.16998309234766162
54.5,0.03333333333333333,1635,1635,takeover,cartesian_freedrive,0.9808109792815856,0.056166635366893244,-0.3769339947863881,0.432728070943218,-0.08906394011000543,-1.9299580970381887,0.20473133841525662,2.51295633715728,0.1699830206500514
54.53333333333333,0.03333333333333333,1636,1636,takeover,cartesian_freedrive,0.9808109792815856,0.05616661199552517,-0.37693399122610405,0.4327277778468724,-0.08906393012876962,-1.9299586149242862,0.20473137291162466,2.5129565956353637,0.1699829589229853
54.56666666666667,0.03333333333333333,1637,1637,takeover,cartesian_freedrive,0.9795336056700936,0.056195499556667666,-0.3809571400851555,0.43414251295745276,-0.09085823766174923,-1.939099044063469,0.20680584146991463,2.521887002671547,0.16675563673738067
54.6,0.03333333333333333,1638,1638,takeover,cartesian_freedrive,0.9782562320586017,0.05622443121957915,-0.3850760430950485,0.4357432918879976,-0.09261223611166847,-1.9481020648088088,0.20896004517268363,2.530866184992702,0.16342132859109607
54.63333333333333,0.03333333333333333,1639,1639,takeover,cartesian_freedrive,0.9769788584471097,0.05625336284014673,-0.38926571708420543,0.4375524494116096,-0.09432257841090819,-1.9568432982821005,0.21117149889315187,2.5397952252836244,0.1600161680259835
54.666666666666664,0.03333333333333333,1640,1640,takeover,cartesian_freedrive,0.9757014848356178,0.05628229433760878,-0.39352846025211186,0.43956916492914805,-0.09598648294272473,-1.9653225507066607,0.21344062769351346,2.5486733884696506,0.15653987880214035
54.7,0.03333333333333333,1641,1641,takeover,cartesian_freedrive,0.9757014848356178,0.05627412647868959,-0.39370202499085705,0.43964108673912017,-0.09603256828387408,-1.9656135589791504,0.2134739867000021,2.5489461108615665,0.15628902261831606
54.733333333333334,0.03333333333333333,1642,1642,takeover,cartesian_freedrive,0.9757014848356178,0.05626590588967345,-0.3938458162333083,0.43970575064400697,-0.09607879273268033,-1.965830650860839,0.21348490742613677,2.5491435961091495,0.1560716534147726
54.766666666666666,0.03333333333333333,1643,1643,takeover,cartesian_freedrive,0.9757014848356178,0.05625768509834292,-0.39398940871483695,0.43977338871167504,-0.09612523399111603,-1.9660419196578451,0.2134951977780701,2.549337883089081,0.1558553042771161
54.8,0.03333333333333333,1644,1644,takeover,cartesian_freedrive,0.9757014848356178,0.056249464305811625,-0.3941337947926517,0.439838530899584,-0.09617121859220239,-1.9662587874738469,0.21350659854550755,2.5495357259278792,0.15563698657923308
54.833333333333336,0.03333333333333333,1645,1645,takeover,cartesian_freedrive,0.9757014848356178,0.05624707133156907,-0.3941352966268072,0.43983756715964945,-0.09617104867351473,-1.9662634353558317,0.21350712535642288,2.549539131418167,0.15563444230958548
54.86666666666667,0.03333333333333333,1646,1646,takeover,cartesian_freedrive,0.9757014848356178,0.05624468413525549,-0.3941359816120604,0.43983651247422195,-0.09617120179849346,-1.9662667463368955,0.21350734386846212,2.549541102301887,0.15563308812599055
54.9,0.03333333333333333,1647,1647,takeover,cartesian_freedrive,0.9757014848356178,0.056242296944629566,-0.39413668046203787,0.4398355882988214,-0.09617137627288296,-1.9662698429692167,0.21350753143730175,2.5495429718595695,0.15563173909635178
54.93333333333333,0.03333333333333333,1648,1648,takeover,cartesian_freedrive,0.9757014848356178,0.05623990975403481,-0.39413739149929405,0.43983478017263494,-0.0961715566315058,-1.966272748083361,0.21350770660827745,2.5495447529557183,0.15563039619026833
54.96666666666667,0.03333333333333333,1649,1649,takeover,cartesian_freedrive,0.9757014848356178,0.0562390947459748,-0.39413784490794607,0.4398337846239988,-0.09617144618870746,-1.9662752273345445,0.2135081164119711,2.5495463708954738,0.1556293589674012
55.0,0.03333333333333333,1650,1650,takeover,cartesian_freedrive,0.9757014848356178,0.056238281590909,-0.39413818141215695,0.43983280566559135,-0.09617129150839748,-1.966277464472167,0.21350853591795022,2.5495477890265708,0.15562852892790777
55.03333333333333,0.03333333333333333,1651,1651,takeover,cartesian_freedrive,0.9757014848356178,0.056237468437895816,-0.39413844116364816,0.4398318750784616,-0.09617114779221966,-1.9662794968770851,0.21350890680191056,2.5495490374746694,0.15562784799092752
55.06666666666667,0.03333333333333333,1652,1652,takeover,cartesian_freedrive,0.9757014848356178,0.0562366552848336,-0.39413864335208476,0.4398309998455453,-0.0961710251962253,-1.966281344898755,0.21350922177283377,2.549550141874098,0.15562728297120093
55.1,0.03333333333333333,1653,1653,takeover,cartesian_freedrive,0.9757014848356178,0.05623637495162667,-0.3941387990133809,0.4398301802277416,-0.09617092188111356,-1.9662830242902154,0.21350948753103435,2.549551122114023,0.15562681368976347
55.13333333333333,0.03333333333333333,1654,1654,takeover,cartesian_freedrive,0.9757014848356178,0.05623609524660762,-0.39413891818510755,0.43982941676587245,-0.09617083599029183,-1.9662845510180111,0.21350971059187304,2.5495519943378735,0.15562642226473083
55.166666666666664,0.03333333333333333,1655,1655,takeover,cartesian_freedrive,0.9757014848356178,0.056235815542272936,-0.39413900853579664,0.43982870844301925,-0.09617076487447367,-1.9662859393316874,0.21350989766787543,2.5495527716793243,0.15562609485818707
55.2,0.03333333333333333,1656,1656,takeover,cartesian_freedrive,0.9757014848356178,0.05623553583797612,-0.394139076084733,0.43982805279662496,-0.09617070597990027,-1.9662872012678876,0.2135100549728573,2.5495534663575867,0.1556258201157169
55.233333333333334,0.03333333333333333,1657,1657,takeover,cartesian_freedrive,0.9757014848356178,0.05623543886159588,-0.3941391256908177,0.43982744748165864,-0.09617065706376626,-1.9662883484782836,0.21351018763993967,2.5495540882057477,0.15562558890536876
55.266666666666666,0.03333333333333333,1658,1658,takeover,cartesian_freedrive,0.9757014848356178,0.05623534210065003,-0.3941391612300994,0.43982688975177453,-0.09617061632816468,-1.9662893913554451,0.21351029988845055,2.54955464584686,0.15562539371848857
55.3,0.03333333333333333,1659,1659,takeover,cartesian_freedrive,0.9757014848356178,0.056235245339953874,-0.3941391857954274,0.43982637697591204,-0.09617058240496004,-1.9662903395804754,0.21351039503888766,2.5495551461641734,0.15562522850764474
55.333333333333336,0.03333333333333333,1660,1660,takeover,cartesian_freedrive,0.9757014848356178,0.05623514857925472,-0.39413920184083784,0.43982590597666793,-0.09617055402434045,-1.9662912014688458,0.2135104760307302,2.5495555959543035,0.15562508818623408
55.36666666666667,0.03333333333333333,1661,1661,takeover,cartesian_freedrive,0.9757014848356178,0.05623511483565416,-0.39413921134316526,0.4398254739097216,-0.09617053019004558,-1.9662919848676752,0.21351054523870341,2.5495560008987144,0.1556249685927641
55.4,0.03333333333333333,1662,1662,takeover,cartesian_freedrive,0.9757014848356178,0.05623508116634961,-0.3941392158686256,0.43982507818276856,-0.09617051015853306,-1.9662926970940149,0.21351060450450401,2.54955636549473,0.1556248663688853
55.43333333333333,0.03333333333333333,1663,1663,takeover,cartesian_freedrive,0.9757014848356178,0.05623504749713082,-0.3941392166464358,0.4398247160173279,-0.09617049327664191,-1.9662933445227455,0.21351065541473188,2.5495566940416357,0.1556247787099948
55.46666666666667,0.03333333333333333,1664,1664,takeover,cartesian_freedrive,0.9757014848356178,0.05623501382791074,-0.3941392146571194,0.43982438447767497,-0.09617047890603111,-1.966293932670838,0.21351069946513154,2.549556991237255,0.15562470317531604
55.5,0.03333333333333333,1665,1665,takeover,cartesian_freedrive,0.8522201420333917,0.056282003833896754,-0.3940597940016993,0.4367197317834594,-0.09704201376774878,-1.9728412350774416,0.21458228222772696,2.5538685993266252,0.15782839491429468
55.53333333333333,0.03333333333333333,1666,1666,takeover,cartesian_freedrive,0.7287387992311656,0.056329055780972304,-0.39397730620357746,0.4335850148118405,-0.09791480758558911,-1.9794498721966676,0.21566298559589633,2.5582213343025284,0.16003775341900578
55.56666666666667,0.03333333333333333,1667,1667,takeover,cartesian_freedrive,0.6052574564289395,0.056376107740980744,-0.3938972460328689,0.43046788024148264,-0.09878663925891962,-1.9860301490147692,0.21674610392636948,2.5625627044006936,0.16224185620639564
55.6,0.03333333333333333,1668,1668,takeover,cartesian_freedrive,0.48177611362671335,0.056423159930474906,-0.39381995965380295,0.4273687074110671,-0.09965708397315905,-1.9925815573444188,0.21783177099318418,2.566892443539642,0.1644405764114668
55.63333333333333,0.03333333333333333,1669,1669,takeover,cartesian_freedrive,0.35829477082448724,0.05647021132628434,-0.3937451112060678,0.4242874089105672,-0.10052687618646483,-1.9991040238674336,0.21891981092459983,2.5712103150054793,0.1666339338687476
55.666666666666664,0.03333333333333333,1670,1670,takeover,cartesian_freedrive,0.23481342802226113,0.056517263032984176,-0.3936730943648083,0.4212237589192905,-0.10139547949852755,-2.0055981000490957,0.2200105504096634,2.5755168938836985,0.1688216744589299
55.7,0.03333333333333333,1671,1671,takeover,cartesian_freedrive,0.11133208522003502,0.05656431464315712,-0.3936038961105968,0.4181776205014743,-0.10226292722513697,-2.0120640744476783,0.22110406123958157,2.5798122188246446,0.1710037381597538
55.733333333333334,0.03333333333333333,1672,1672,takeover,cartesian_freedrive,-0.012149257582191098,0.05661136637332393,-0.3935377069753443,0.41514883398093855,-0.10312904394130461,-2.018502291815185,0.22220047942964521,2.584096505141309,0.17318001161760332
55.766666666666666,0.03333333333333333,1673,1673,takeover,cartesian_freedrive,-0.1356306003844172,0.05665841800575379,-0.393474529575888,0.4121372683820244,-0.1039939327127183,-2.0249129708677853,0.2232998549909466,2.588369812953212,0.17535041980244823
55.8,0.03333333333333333,1674,1674,takeover,cartesian_freedrive,-0.2591119431866433,0.05670546954035152,-0.3934145021899096,0.4091427776737754,-0.10485745251755517,-2.0312964449739503,0.22440232697871826,2.5926323083119738,0.17751485522067958
55.833333333333336,0.03333333333333333,1675,1675,takeover,cartesian_freedrive,-0.38259328598886944,0.0567525211202007,-0.3933577274961974,0.4061652167442258,-0.10571953630440653,-2.037652995696274,0.22550803098719843,2.5968841833067695,0.1796731803220634
55.86666666666667,0.03333333333333333,1676,1676,takeover,cartesian_freedrive,-0.5060746287910955,0.05679957280070702,-0.39330434190225727,0.4032044470926093,-0.10658005733849643,-2.043982922979503,0.2266171058351666,2.6011256044119446,0.1818252756216802
55.9,0.03333333333333333,1677,1677,takeover,cartesian_freedrive,-0.6295559715933217,0.05684662431388139,-0.3932543555737768,0.4002603531653251,-0.10743908548810173,-2.050286442038394,0.2277296199132046,2.6053566098236915,0.1839710640300475
55.93333333333333,0.03333333333333333,1678,1678,takeover,cartesian_freedrive,-0.7530373143955478,0.05689367609465372,-0.39320799404164747,0.397332783174181,-0.10829637576377264,-2.0565638807276345,0.22884578445151946,2.6095775010751554,0.18611035497924
55.96666666666667,0.03333333333333333,1679,1679,takeover,cartesian_freedrive,-0.8765186571977739,0.056940727525095894,-0.3931651612120735,0.3944216470988847,-0.1091521136587148,-2.0628154087868533,0.22996561943331437,2.6137881798728975,0.18824312131170873
56.0,0.03333333333333333,1680,1680,takeover,cartesian_freedrive,-1.0,0.05698777914861734,-0.39312614696085935,0.3915267948316227,-0.1100060132092015,-2.0690413450790177,0.23108935133614922,2.617988982651873,0.19036915457225725
56.03333333333333,0.03333333333333333,1681,1681,takeover,cartesian_freedrive,-1.0,0.05707147698606138,-0.39733021062590573,0.39049480121430036,-0.11005331890927562,-2.0727902322479284,0.23142208032918685,2.6193944137746907,0.18172078691549912
56.06666666666667,0.03333333333333333,1682,1682,takeover,cartesian_freedrive,-1.0,0.057155229417394066,-0.40158794715456303,0.38952858626189,-0.11009778540452045,-2.076449128467737,0.23175803932850747,2.6207692925277586,0.17298072156895417
56.1,0.03333333333333333,1683,1683,takeover,cartesian_freedrive,-1.0,0.05723898234422997,-0.40585333405092877,0.3886012665504561,-0.1101516484628949,-2.080053869584553,0.23208420146084943,2.6221350247185864,0.16423672187356728
56.13333333333333,0.03333333333333333,1684,1684,takeover,cartesian_freedrive,-1.0,0.05732273527268737,-0.41012602850829716,0.3877125211669069,-0.11021486392962346,-2.0836049457004,0.23240025278928947,2.623491893188319,0.1554896280402118
56.166666666666664,0.03333333333333333,1685,1685,takeover,cartesian_freedrive,-1.0,0.057406488205370636,-0.4144060316009553,0.38686231268904575,-0.11028729025574645,-2.0871024612847258,0.23270607421435585,2.6248401161647457,0.14673963886863317
56.2,0.03333333333333333,1686,1686,takeover,cartesian_freedrive,-1.0,0.05749024113428655,-0.4186933484695845,0.3860506071162804,-0.11036878962378016,-2.09054651227814,0.23300155203749937,2.626179907317221,0.13798694914594298
56.233333333333334,0.03333333333333333,1687,1687,takeover,cartesian_freedrive,-1.0,0.057573994063639576,-0.4229879876768453,0.3852773709661586,-0.11045921117228674,-2.0939371904356663,0.2332865764386922,2.627511476573811,0.1292317539781205
56.266666666666666,0.03333333333333333,1688,1688,takeover,cartesian_freedrive,-1.0,0.057657746993951244,-0.4272899599061575,0.3845425712123878,-0.11055840273682785,-2.097274583120086,0.23356104126115848,2.6288350296646894,0.12047424894520715
56.3,0.03333333333333333,1689,1689,takeover,cartesian_freedrive,-1.0,0.057741499924192086,-0.43159927792595154,0.38384617514768876,-0.1106662100942932,-2.100558773438487,0.23382484403025366,2.6301507682118497,0.11171462999830149
56.333333333333336,0.03333333333333333,1690,1690,takeover,cartesian_freedrive,-1.0,0.05782525285485021,-0.4359159571005378,0.3831881503106034,-0.11078247348632922,-2.1037898406259705,0.23407788617610287,2.631458889815691,0.10295309320884946
56.36666666666667,0.03333333333333333,1691,1691,takeover,cartesian_freedrive,-1.0,0.057909005785947154,-0.44024001472328994,0.38256846430913727,-0.11090702992714706,-2.106967859944463,0.23432007274572528,2.6327595879216528,0.09418983515672456
56.4,0.03333333333333333,1692,1692,takeover,cartesian_freedrive,-1.0,0.05799275871753909,-0.44457147011885584,0.3819870847334927,-0.1110397127245332,-2.11009290288816,0.23455131250612737,2.6340530518497176,0.08542505273136919
56.43333333333333,0.03333333333333333,1693,1693,takeover,cartesian_freedrive,-1.0,0.05807651164958966,-0.44891034449383854,0.3814439790923425,-0.11118035190024708,-2.113165037301773,0.234771517804986,2.6353394667499113,0.07665894323680635
56.46666666666667,0.03333333333333333,1694,1694,takeover,cartesian_freedrive,-1.0,0.058160264581422094,-0.45325666090807026,0.38093911465641933,-0.11132877464277784,-2.1161843274914354,0.23498060480458333,2.636619013648413,0.06789170405423713
56.5,0.03333333333333333,1695,1695,takeover,cartesian_freedrive,-1.0,0.05824401751431038,-0.4576104443417764,0.3804724584098655,-0.11148480251871568,-2.1191508344950716,0.23517849319910084,2.6378918694490254,0.0591235330431327
56.53333333333333,0.03333333333333333,1696,1696,takeover,cartesian_freedrive,-1.0,0.058327770446489194,-0.46197172110347684,0.38004397691162795,-0.11164825597044216,-2.1220646158601086,0.23536510604714952,2.6391582060250864,0.050354628789374196
56.56666666666667,0.03333333333333333,1697,1697,takeover,cartesian_freedrive,-1.0,0.05841152338042084,-0.4663405192133478,0.37965363602838326,-0.1118189510551333,-2.1249257261428096,0.2355403707994964,2.640418193372672,0.04158518874961163
56.6,0.03333333333333333,1698,1698,takeover,cartesian_freedrive,-1.0,0.058495276314716585,-0.47071686794818157,0.3793014011946931,-0.11199670149469339,-2.127734216683069,0.23570421753473184,2.6416719948882683,0.032815412209106734
56.63333333333333,0.03333333333333333,1699,1699,takeover,cartesian_freedrive,-1.0,0.058579029249640036,-0.4751007980425411,0.3789872370948481,-0.11218131729383571,-2.1304901359709687,0.2358565800906133,2.6429197705940863,0.024045498216127444
56.666666666666664,0.03333333333333333,1700,1700,takeover,cartesian_freedrive,-1.0,0.05866278218479871,-0.4794923412246687,0.37871110763888366,-0.11237260659404401,-2.133193529585286,0.23599739551308904,2.6441616761642437,0.015275646396655858
56.7,0.03333333333333333,1701,1701,takeover,cartesian_freedrive,-1.0,0.05874653511975504,-0.48389153041869265,0.3784729757229324,-0.11257037413700317,-2.135844440339965,0.23612660451973796,2.645397863039838,0.006506056407367386
56.733333333333334,0.03333333333333333,1702,1702,takeover,cartesian_freedrive,-1.0,0.05883028805613941,-0.48829839974626343,0.3782728034024519,-0.11277442017570409,-2.13844290858775,0.2362441508242251,2.646628478397819,-0.0022630714393613617
56.766666666666666,0.03333333333333333,1703,1703,takeover,cartesian_freedrive,-1.0,0.05891404099311777,-0.4927129838566248,0.3781105515416602,-0.11298454481487276,-2.140988971912086,0.2363499814943968,2.6478536650077635,-0.011031536562297122
56.8,0.03333333333333333,1704,1704,takeover,cartesian_freedrive,-1.0,0.05899779392934432,-0.49713531852637305,0.3779861800422612,-0.11320054492360804,-2.14348266560623,0.23644404656420084,2.6490735606939335,-0.01979913779250558
56.833333333333336,0.03333333333333333,1705,1705,takeover,cartesian_freedrive,-1.0,0.05908154686626982,-0.501565439676767,0.3778996472048144,-0.11342221586673037,-2.145924022449729,0.2365262997494993,2.6502883009453506,-0.028565674412031863
56.86666666666667,0.03333333333333333,1706,1706,takeover,cartesian_freedrive,-1.0,0.0591652998049875,-0.5060033844590833,0.37785091034159807,-0.11364934710452397,-2.1483130732308897,0.23659669713869877,2.651498014923967,-0.0373309442386146
56.9,0.03333333333333333,1707,1707,takeover,cartesian_freedrive,-1.0,0.059249052744323245,-0.5104491900589955,0.377839925270172,-0.1138817297889143,-2.150649846361626,0.236655198004335,2.6527028279959404,-0.046094745131007746
56.93333333333333,0.03333333333333333,1708,1708,takeover,cartesian_freedrive,-1.0,0.05933280568301261,-0.5149028938159055,0.37786664638534817,-0.11411915332823228,-2.1529343681535043,0.2367017641560982,2.653902861039923,-0.054856874067979025
56.96666666666667,0.03333333333333333,1709,1709,takeover,cartesian_freedrive,-1.0,0.059416558572582864,-0.5193645396452102,0.3779310262276376,-0.11436140684691788,-2.1551666707576733,0.2367363667828854,2.6550982323144017,-0.06361712828805144
57.0,0.03333333333333333,1710,1710,takeover,cartesian_freedrive,-1.0,0.05950031150979561,-0.5238341538287279,0.37803301667634776,-0.11460826472008533,-2.1573467613499906,0.2367589604582768,2.656289049317286,-0.07237530257048178
57.03333333333333,0.03333333333333333,1711,1711,takeover,cartesian_freedrive,-1.0,0.059584064451537286,-0.5283117802784153,0.378172566686692,-0.11485951277428437,-2.1594746684077766,0.23676952261276346,2.6574754243854133,-0.08113119480750916
57.06666666666667,0.03333333333333333,1712,1712,takeover,cartesian_freedrive,-1.0,0.059667817388778716,-0.5327974563962802,0.37834962424690066,-0.11511493791136804,-2.161550410615445,0.23676802524603574,2.6586574590963337,-0.08988459933402415
57.1,0.03333333333333333,1713,1713,takeover,cartesian_freedrive,-1.0,0.06033398972492251,-0.5289230973429305,0.3782516191949932,-0.11576292906889343,-2.1621176717429074,0.23571206339530637,2.659627295295637,-0.08265294127724815
57.13333333333333,0.03333333333333333,1714,1714,takeover,cartesian_freedrive,-1.0,0.06100082992266622,-0.5249545995560982,0.3781567309693361,-0.11643879819248727,-2.1626452932722566,0.2346069593687797,2.6605601297164867,-0.07526305774725142
57.166666666666664,0.03333333333333333,1715,1715,takeover,cartesian_freedrive,-1.0,0.06166767092770224,-0.5209793121508945,0.3780773838372932,-0.1171224743195251,-2.163146080882159,0.23349390897415445,2.6614745508254343,-0.06786311190722152
57.2,0.03333333333333333,1716,1716,takeover,cartesian_freedrive,-1.0,0.062334511913919886,-0.5169976571198586,0.3780132307597981,-0.11781391521084751,-2.1636205125407906,0.2323731864833979,2.6623706281408555,-0.060453933804957984
57.233333333333334,0.03333333333333333,1717,1717,takeover,cartesian_freedrive,-1.0,0.06300302075504897,-0.5169530131695197,0.37801138477798546,-0.11782174643271766,-2.1636267776780005,0.23235904635186097,2.6623803068158045,-0.060374086083538774
57.266666666666666,0.03333333333333333,1718,1718,takeover,cartesian_freedrive,-1.0,0.06367153179287732,-0.5169343968793737,0.37801036501179175,-0.11782507822694385,-2.1636295887129866,0.23235388157836953,2.662384357525307,-0.06033923979091643
57.3,0.03333333333333333,1719,1719,takeover,cartesian_freedrive,-1.0,0.06434004285412007,-0.5169154735131608,0.3780097397174406,-0.11782837157512276,-2.1636322670227,0.23234861772735943,2.6623887485316,-0.060303986229928705
57.333333333333336,0.03333333333333333,1720,1720,takeover,cartesian_freedrive,-1.0,0.06500855391549354,-0.5168963814502312,0.3780092437834561,-0.11783168951713091,-2.1636348660533677,0.23234326004076092,2.6623932137553434,-0.06026848037897033
57.36666666666667,0.03333333333333333,1721,1721,takeover,cartesian_freedrive,-1.0,0.06567620921406678,-0.516893191652068,0.37800871913838174,-0.11783259426954396,-2.1636353398941717,0.23234108208887191,2.6623934628662775,-0.06026371499994367
57.4,0.03333333333333333,1722,1722,takeover,cartesian_freedrive,-1.0,0.06634386351745405,-0.516890600891026,0.37800812291080055,-0.11783339132603217,-2.16363575264752,0.23233921030275878,2.6623935002682164,-0.06025985515608868
57.43333333333333,0.03333333333333333,1723,1723,takeover,cartesian_freedrive,-1.0,0.06701151781975101,-0.5168884348899728,0.37800749820324836,-0.11783409454874133,-2.1636361215171163,0.23233760093574787,2.6623934126066344,-0.0602566131624604
57.46666666666667,0.03333333333333333,1724,1724,takeover,cartesian_freedrive,-1.0,0.0676791721208127,-0.5168866129143073,0.37800687553112294,-0.11783471247789651,-2.16363645180808,0.2323362185172363,2.662393248980049,-0.06025387528477463
57.5,0.03333333333333333,1725,1725,takeover,cartesian_freedrive,-1.0,0.06834619588628908,-0.5168850212854378,0.37800627329155073,-0.11783526394020907,-2.1636367390881937,0.23233508481471407,2.6623931446714675,-0.06025136551981422
57.53333333333333,0.03333333333333333,1726,1726,takeover,cartesian_freedrive,-1.0,0.06901321890834468,-0.5168835912874176,0.3780057256467697,-0.11783574411670632,-2.163637013035176,0.2323341060866455,2.6623930843907475,-0.06024908921037393
57.56666666666667,0.03333333333333333,1727,1727,takeover,cartesian_freedrive,-1.0,0.06968024192958744,-0.5168822957563499,0.3780052340779532,-0.11783616733532572,-2.1636372776840296,0.23233324745715864,2.662393068036208,-0.060247015811928394
57.6,0.03333333333333333,1728,1728,takeover,cartesian_freedrive,-1.0,0.07034726495079442,-0.516881113614848,0.3780047952115505,-0.11783654364480185,-2.163637534483415,0.2323324879455682,2.6623930942432223,-0.060245114578931294
57.63333333333333,0.03333333333333333,1729,1729,takeover,cartesian_freedrive,-1.0,0.07101398136288736,-0.5168800695798629,0.3780044049755196,-0.11783686989197968,-2.1636377913442106,0.23233177668952149,2.662393085870338,-0.0602435030205732
57.666666666666664,0.03333333333333333,1730,1730,takeover,cartesian_freedrive,-1.0,0.07168069741348636,-0.5168791618643288,0.3780040431543278,-0.11783716339687782,-2.16363803025536,0.23233114769102392,2.662393069573498,-0.060242100206736184
57.7,0.03333333333333333,1731,1731,takeover,cartesian_freedrive,-1.0,0.07234741346365833,-0.5168783673563951,0.3780037093278125,-0.11783742469764927,-2.1636382514567485,0.23233059748065166,2.6623930541043253,-0.06024086547760377
57.733333333333334,0.03333333333333333,1732,1732,takeover,cartesian_freedrive,-1.0,0.0730141295138487,-0.5168776662649052,0.37800340400906907,-0.11783765617784395,-2.163638456700692,0.23233011686784613,2.6623930447134594,-0.06023976941508813
57.766666666666666,0.03333333333333333,1733,1733,takeover,cartesian_freedrive,-1.0,0.0736808423898159,-0.5168770668041432,0.3780031247088835,-0.11783785439685286,-2.163638649156174,0.23232966932480353,2.6623930024278493,-0.06023888212535156
57.8,0.03333333333333333,1734,1734,takeover,cartesian_freedrive,-1.0,0.0743475552620379,-0.5168765664721094,0.37800286311768067,-0.11783803045186433,-2.163638821726667,0.23232927927463373,2.662392944621137,-0.06023814517189612
57.833333333333336,0.03333333333333333,1735,1735,takeover,cartesian_freedrive,-1.0,0.07501426813426504,-0.5168761483117174,0.37800262011116226,-0.11783818378522413,-2.1636389757215837,0.23232894506881574,2.662392879010672,-0.06023752934421208
57.86666666666667,0.03333333333333333,1736,1736,takeover,cartesian_freedrive,-1.0,0.07568098100650447,-0.5168757979122732,0.3780023974876036,-0.11783831778526035,-2.1636391133647255,0.2323286585513983,2.662392811378623,-0.0602370124300274
57.9,0.03333333333333333,1737,1737,takeover,cartesian_freedrive,-0.9996632389836135,0.07576180066238627,-0.519326006873982,0.3793247162375768,-0.11642427184854864,-2.159020276580881,0.23478354422391576,2.658769320425124,-0.06327652770723946
57.93333333333333,0.03333333333333333,1738,1738,takeover,cartesian_freedrive,-0.9993264779672271,0.07584193385964463,-0.5217846228811734,0.3806930242029655,-0.1150176058402515,-2.154326325547655,0.2372362575308254,2.655103673670615,-0.06631692485232117
57.96666666666667,0.03333333333333333,1739,1739,takeover,cartesian_freedrive,-0.9989897169508406,0.07592206626970302,-0.5242247657833655,0.3820773661405766,-0.11362985822030289,-2.149615878662836,0.2396655359551323,2.6514291070983904,-0.06932497008650179
58.0,0.03333333333333333,1740,1740,takeover,cartesian_freedrive,-0.9986529559344541,0.0760021986650265,-0.5266465554025342,0.3834773713752182,-0.11226071733568349,-2.1448894827668132,0.24207145585926354,2.64774595759934,-0.07230061908600491
58.03333333333333,0.03333333333333333,1741,1741,takeover,cartesian_freedrive,-0.9983161949180677,0.07608233073034643,-0.5290502843720488,0.3848930371842366,-0.11090987207961178,-2.140147072081624,0.2444541947845935,2.644054208892258,-0.0752440312861036
58.06666666666667,0.03333333333333333,1742,1742,takeover,cartesian_freedrive,-0.9979794339016812,0.07616246311275417,-0.5314363666843481,0.38632433591322696,-0.10957685733902509,-2.135388616859628,0.24681403836498345,2.6403540719593597,-0.0781554887270044
58.1,0.03333333333333333,1743,1743,takeover,cartesian_freedrive,-0.9976426728852947,0.07624259546736281,-0.5338050849695247,0.38777127188180643,-0.10826133066584864,-2.130614057283297,0.24915117642933357,2.636645524127443,-0.08103515061641685
58.13333333333333,0.03333333333333333,1744,1744,takeover,cartesian_freedrive,-0.9973059118689083,0.0763227277389647,-0.5361567572402288,0.3892338441017305,-0.10696293741905835,-2.1258233269472964,0.251465813865957,2.6329285984874553,-0.08388320429958251
58.166666666666664,0.03333333333333333,1745,1745,takeover,cartesian_freedrive,-0.9969691508525218,0.07640285985777079,-0.5384916453154504,0.3907120533704715,-0.1056813960820454,-2.121016342753699,0.2537581527990903,2.6292033262307806,-0.08669984674842167
58.2,0.03333333333333333,1746,1746,takeover,cartesian_freedrive,-0.9966323898361353,0.07648299235451742,-0.5408101912456669,0.3922058809740922,-0.10441618019285573,-2.1161930961914726,0.2560284850128501,2.625469898866352,-0.08948533461804245
58.233333333333334,0.03333333333333333,1747,1747,takeover,cartesian_freedrive,-0.9962956288197489,0.0765631246124963,-0.5431125645499076,0.39371534946341885,-0.10316709528321645,-2.1113534761951667,0.2582769536775546,2.6217282056667424,-0.09223979466489789
58.266666666666666,0.03333333333333333,1748,1748,takeover,cartesian_freedrive,-0.9959588678033624,0.07664325687205556,-0.5453990984988949,0.3952404549071333,-0.1019337599795986,-2.1064974238520815,0.260503799680007,2.617978350796221,-0.09496345064813964
58.3,0.03333333333333333,1749,1749,takeover,cartesian_freedrive,-0.9956221067869759,0.07672338906273159,-0.5476700754484357,0.39678120460863486,-0.10071585853413066,-2.101624861437863,0.26270923027877857,2.614220365706162,-0.09765649001193569
58.333333333333336,0.03333333333333333,1750,1750,takeover,cartesian_freedrive,-0.9952853457705895,0.07680352132952803,-0.549925785427293,0.3983376021755677,-0.0995130557771496,-2.09673571929502,0.26489347355168075,2.6104543200790045,-0.10031912145443854
58.36666666666667,0.03333333333333333,1751,1751,takeover,cartesian_freedrive,-0.994948584754203,0.07688365354945087,-0.5521665022495523,0.39990965802079587,-0.09832500004486908,-2.0918299355420182,0.26705674950728375,2.606680241914052,-0.10295153018944758
58.4,0.03333333333333333,1752,1752,takeover,cartesian_freedrive,-0.9946118237378165,0.07696378578920073,-0.5543924931845547,0.4014973835169788,-0.09715141697872356,-2.086907408595837,0.26919925684330787,2.6028981703682708,-0.10555390713173828
58.43333333333333,0.03333333333333333,1753,1753,takeover,cartesian_freedrive,-0.9942750627214301,0.07704391807881912,-0.5566040219833168,0.4031007915910107,-0.0959920110474668,-2.081968047234518,0.27132120244375185,2.5991081428983835,-0.10812644206255548
58.46666666666667,0.03333333333333333,1754,1754,takeover,cartesian_freedrive,-0.9939383017050436,0.07712405032456121,-0.5588013511894444,0.4047198960704378,-0.09484643859018366,-2.0770117910460955,0.2734228138385876,2.595310195885287,-0.11066932278669327
58.5,0.03333333333333333,1755,1755,takeover,cartesian_freedrive,-0.9936015406886571,0.07720418232858957,-0.5609846872082243,0.4063547233882598,-0.09371448151292495,-2.0720385139850395,0.2755042583336712,2.5915042914725084,-0.11318270570778863
58.53333333333333,0.03333333333333333,1756,1756,takeover,cartesian_freedrive,-0.9932647796722707,0.07728431377841391,-0.5631542159632118,0.40800529828337717,-0.09259589529838598,-2.0670481262723377,0.2775657390847781,2.587690407368339,-0.11566676142604633
58.56666666666667,0.03333333333333333,1757,1757,takeover,cartesian_freedrive,-0.9929280186558842,0.07736444603282724,-0.5653104477664561,0.4096715984906703,-0.09149009856458683,-2.062040613254738,0.2796075808613214,2.5838688940852177,-0.11812179047630013
58.6,0.03333333333333333,1758,1758,takeover,cartesian_freedrive,-0.9925912576394977,0.07744457846294728,-0.5674535310785319,0.4113536658060729,-0.09039690646234638,-2.057015843752991,0.28162992632738215,2.58003963163031,-0.12054790794060531
58.63333333333333,0.03333333333333333,1759,1759,takeover,cartesian_freedrive,-0.9922544966231113,0.077524710354475,-0.5695835129229476,0.41305154458603416,-0.0893162618381353,-2.0519736734998357,0.28363293227688935,2.576202484340197,-0.12294525123073419
58.666666666666664,0.03333333333333333,1760,1760,takeover,cartesian_freedrive,-0.9919177356067248,0.07760484251940666,-0.5717008012245391,0.41476523606173077,-0.08824768316795545,-2.046914050509656,0.28561686296876887,2.5723576625697917,-0.12531405522881925
58.7,0.03333333333333333,1761,1761,takeover,cartesian_freedrive,-0.9915809745903383,0.0776849749805063,-0.5738055648785408,0.41649476926532103,-0.08719098924741367,-2.0418368374803837,0.2875819066689458,2.5685051766405476,-0.1276545026340136
58.733333333333334,0.03333333333333333,1762,1762,takeover,cartesian_freedrive,-0.9912442135739519,0.07776510735917325,-0.5758980215710879,0.4182401829909121,-0.08614590082363797,-2.0367419349609874,0.28952824183514664,2.5646449769736037,-0.12996672655487967
58.766666666666666,0.03333333333333333,1763,1763,takeover,cartesian_freedrive,-0.9909074525575654,0.07784523956179866,-0.5779783845419526,0.4200015102889357,-0.08511215982393361,-2.031629235344377,0.2914560628180186,2.56077706839475,-0.13225089011521343
58.8,0.03333333333333333,1764,1764,takeover,cartesian_freedrive,-0.9905706915411789,0.07792537185663584,-0.5800468734991547,0.4217787753388073,-0.0840894954731205,-2.0264986343244904,0.29336559270552565,2.5569015292146027,-0.13450719493350582
58.833333333333336,0.03333333333333333,1765,1765,takeover,cartesian_freedrive,-0.9902339305247925,0.07800550418745111,-0.5821036887696999,0.4235720179138197,-0.08307769563125046,-2.021349991066852,0.2952570008363299,2.553018345658391,-0.13673579204614006
58.86666666666667,0.03333333333333333,1766,1766,takeover,cartesian_freedrive,-0.989897169508406,0.07808563613344568,-0.5841489727976316,0.42538128690031984,-0.08207656825365382,-2.0161831712892266,0.29713045380006387,2.5491274412564127,-0.138936814695981
58.9,0.03333333333333333,1767,1767,takeover,cartesian_freedrive,-0.9895604084920195,0.0781657683757098,-0.5861830495350582,0.4272065957026947,-0.08108570837657304,-2.010998117421698,0.2989862156750221,2.545229008737598,-0.14111048803423532
58.93333333333333,0.03333333333333333,1768,1768,takeover,cartesian_freedrive,-0.9892236474756331,0.07824590083026572,-0.5882061096065283,0.4290479912734329,-0.08010491333916542,-2.00579467910215,0.30082444467362424,2.5413230201221646,-0.14325694941245853
58.96666666666667,0.03333333333333333,1769,1769,takeover,cartesian_freedrive,-0.9892236474756331,0.07857512782123868,-0.5887302961304673,0.4293407018105963,-0.07981313143154892,-2.004522107381163,0.30138233431185774,2.5402931804376325,-0.1437870016687228
59.0,0.03333333333333333,1770,1770,takeover,cartesian_freedrive,-0.9892236474756331,0.07890464308440942,-0.589240652221625,0.42962303772915866,-0.07952722590722036,-2.0032747010541088,0.3019296907041256,2.5392807714678938,-0.14429976773918135
59.03333333333333,0.03333333333333333,1771,1771,takeover,cartesian_freedrive,-0.9892236474756331,0.07923415855196368,-0.5897501124170467,0.4299064613133304,-0.07924214749955495,-2.00202637812981,0.3024760282237792,2.538268138628182,-0.1448106895213733
59.06666666666667,0.03333333333333333,1772,1772,takeover,cartesian_freedrive,-0.9892236474756331,0.07956367408258533,-0.5902588082475395,0.4301911597305732,-0.07895781044278306,-2.0007768047824084,0.3030214132392082,2.537255160330938,-0.14531987048976291
59.1,0.03333333333333333,1773,1773,takeover,cartesian_freedrive,-0.9892236474756331,0.0795652810102427,-0.5902630067145984,0.430195604566434,-0.07895490546324098,-2.0007622612212232,0.3030260553505683,2.537245003036859,-0.14532338677919476
59.13333333333333,0.03333333333333333,1774,1774,takeover,cartesian_freedrive,-0.9892236474756331,0.07956649996079329,-0.5902650199127585,0.43019831596330854,-0.07895366825717405,-2.0007541044911252,0.3030282021658182,2.5372393061955094,-0.1453248399590269
59.166666666666664,0.03333333333333333,1775,1775,takeover,cartesian_freedrive,-0.9892236474756331,0.07956771845377565,-0.5902661730068215,0.43019928404044233,-0.07895265084377485,-2.0007498451215273,0.3030299163607901,2.53723618058607,-0.14532573594864465
59.2,0.03333333333333333,1776,1776,takeover,cartesian_freedrive,-0.9892236474756331,0.07956893694436187,-0.5902688330661177,0.4302014707604603,-0.07895110823415973,-2.0007417173961124,0.3030327702142407,2.5372298524982435,-0.14532807469682701
59.233333333333334,0.03333333333333333,1777,1777,takeover,cartesian_freedrive,-0.9892236474756331,0.07956893981602584,-0.5902698608666421,0.43020297228448806,-0.07895104329964742,-2.0007384167251336,0.30303307181515615,2.5372275758996334,-0.1453289949014529
59.266666666666666,0.03333333333333333,1778,1778,takeover,cartesian_freedrive,-0.9892236474756331,0.0795689412543317,-0.5902706628203345,0.43020444991856904,-0.07895105179822202,-2.0007354642073536,0.3030331983574806,2.5372257092458383,-0.14532966834210867
59.3,0.03333333333333333,1779,1779,takeover,cartesian_freedrive,-0.9892236474756331,0.07956894269093678,-0.5902712887110928,0.4302058631105776,-0.07895107624986186,-2.0007327979445217,0.3030332499808745,2.537224136601586,-0.1453301449359584
59.333333333333336,0.03333333333333333,1780,1780,takeover,cartesian_freedrive,-0.9892236474756331,0.07956894412752552,-0.5902717780591117,0.4302071920865349,-0.07895110353030846,-2.000730387079827,0.3030332598581304,2.5372227919072774,-0.14533047112949848
59.36666666666667,0.03333333333333333,1781,1781,takeover,cartesian_freedrive,-0.9892236474756331,0.0795689441310149,-0.5902721607781288,0.4302084316256795,-0.07895113506660559,-2.0007282102501076,0.30303323584857966,2.5372216327593904,-0.14533068399655993
59.4,0.03333333333333333,1782,1782,takeover,cartesian_freedrive,-0.9892236474756331,0.07956894413276033,-0.5902724610154864,0.43020957683870337,-0.07895116683592257,-2.00072624268837,0.30303319175184473,2.537220623412847,-0.1453308125250539
59.43333333333333,0.03333333333333333,1783,1783,takeover,cartesian_freedrive,-0.9892236474756331,0.07956894413451485,-0.5902726976144417,0.43021062840797536,-0.07895119810074486,-2.000724463337047,0.30303313500607,2.537219737303144,-0.1453308793803518
59.46666666666667,0.03333333333333333,1784,1784,takeover,cartesian_freedrive,-0.9892236474756331,0.07956894413625398,-0.5902728849951608,0.4302115899683044,-0.07895122843922502,-2.00072285392063,0.30303307050640294,2.5372189536781375,-0.1453309018221223
59.5,0.03333333333333333,1785,1785,takeover,cartesian_freedrive,-0.9892236474756331,0.07956894413629248,-0.5902730341886084,0.430212466474958,-0.07895125776884007,-2.0007213979433796,0.3030330016307091,2.5372182565766472,-0.14533089279038275
59.53333333333333,0.03333333333333333,1786,1786,takeover,cartesian_freedrive,-0.9892236474756331,0.07956894413632006,-0.5902731536327593,0.43021326346075617,-0.07895128603442707,-2.000720080430931,0.3030329308829975,2.537217633756007,-0.1453308619317118
59.56666666666667,0.03333333333333333,1787,1787,takeover,cartesian_freedrive,-0.9892236474756331,0.07956894413634108,-0.5902732497758213,0.43021398706050584,-0.07895131311027614,-2.0007188882202724,0.30303286006256697,2.5372170747818026,-0.14533081640147763
59.6,0.03333333333333333,1788,1788,takeover,cartesian_freedrive,-0.9892236474756331,0.07956894413635707,-0.5902733276039429,0.43021464310213703,-0.07895133897278481,-2.0007178091481563,0.3030327904552005,2.5372165716272876,-0.14533076148269747
59.63333333333333,0.03333333333333333,1789,1789,takeover,cartesian_freedrive,-0.9892236474756331,0.07956894413636725,-0.5902733909642931,0.4302152368586853,-0.0789513636110967,-2.000716831883567,0.3030327231113246,2.5372161189460862,-0.14533070112562466
59.666666666666664,0.03333333333333333,1790,1790,takeover,cartesian_freedrive,-0.9892236474756331,0.07956894413637494,-0.5902734427803047,0.4302157744924535,-0.07895138685531414,-2.000715947379079,0.30303265862242645,2.537215710064855,-0.1453306381356484
59.7,0.03333333333333333,1791,1791,takeover,cartesian_freedrive,-0.9892236474756331,0.07956894413638049,-0.5902734854033866,0.4302162608872424,-0.07895140872248393,-2.0007151465790165,0.3030325974174105,2.537215340490435,-0.14533057457730386
59.733333333333334,0.03333333333333333,1792,1792,takeover,cartesian_freedrive,-0.9892236474756331,0.07956894413638452,-0.5902735206429688,0.4302167010687976,-0.0789514292217491,-2.0007144217861472,0.30303253962674026,2.5372150054000264,-0.1453305118437366
59.766666666666666,0.03333333333333333,1793,1793,takeover,cartesian_freedrive,-0.9905706915411789,0.0796127910057583,-0.5851920628277701,0.42419020057680945,-0.07928051261103931,-2.0103545850193476,0.3021238859533138,2.545096491589296,-0.13833673494722143
59.8,0.03333333333333333,1794,1794,takeover,cartesian_freedrive,-0.9919177356067248,0.07965668802535994,-0.5800155132101777,0.4181255070467543,-0.07963980572538916,-2.0200473792948097,0.3011164643507028,2.5530171454957493,-0.13117337270218285
59.833333333333336,0.03333333333333333,1795,1795,takeover,cartesian_freedrive,-0.9932647796722707,0.0797005850716612,-0.5747879997899759,0.4121139672937735,-0.0800302003795164,-2.0296439977588903,0.3000114187195578,2.5608880419784175,-0.1238839985761439
59.86666666666667,0.03333333333333333,1796,1796,takeover,cartesian_freedrive,-0.9946118237378165,0.0797444821300739,-0.5695084688217931,0.40615608561043426,-0.08045349906348177,-2.039143900245406,0.29880513276227455,2.568708096852795,-0.1164657191791744
59.9,0.03333333333333333,1797,1797,takeover,cartesian_freedrive,-0.9959588678033624,0.07978837918144616,-0.5641755180982374,0.4002513557192034,-0.08091158657693105,-2.04854816645333,0.2974938839725847,2.5764770345980383,-0.10891533820836362
59.93333333333333,0.03333333333333333,1798,1798,takeover,cartesian_freedrive,-0.9973059118689083,0.07983227624789958,-0.5587877085366608,0.3943992833695216,-0.0814064095887729,-2.0578578438096944,0.29607381401803573,2.584194534123735,-0.10122955331987035
59.96666666666667,0.03333333333333333,1799,1799,takeover,cartesian_freedrive,-0.9986529559344541,0.07987617328433946,-0.5533435658555254,0.38859939556503015,-0.08194002048614198,-2.0670739274075407,0.29454092058323444,2.5918602184925943,-0.09340495271933366
60.0,0.03333333333333333,1800,1800,takeover,cartesian_freedrive,-1.0,0.07992007036253992,-0.5478415799150042,0.38285123858238435,-0.0825144731511374,-2.07619737150757,0.29289105912812174,2.5994736572861554,-0.08543801352309742
60.03333333333333,0.03333333333333333,1801,1801,takeover,cartesian_freedrive,-1.0,0.07992510265897451,-0.5450178996872992,0.3809862752113626,-0.08273862312396954,-2.0785976080757993,0.2922636807019022,2.601437746891293,-0.08044732667597396
60.06666666666667,0.03333333333333333,1802,1802,takeover,cartesian_freedrive,-1.0,0.07993008919920132,-0.5422111709781463,0.37918216218725553,-0.08296737738150745,-2.080894047599959,0.2916235855673065,2.603338116361735,-0.07545841108262989
60.1,0.03333333333333333,1803,1803,takeover,cartesian_freedrive,-1.0,0.07993507569654523,-0.5393960005996677,0.37738802389477377,-0.08320261677338517,-2.083172768755651,0.2909637840179872,2.605229292903262,-0.0704477793666813
60.13333333333333,0.03333333333333333,1804,1804,takeover,cartesian_freedrive,-1.0,0.07994006218195632,-0.5365722347648517,0.37560385151416376,-0.08344445510738017,-2.0854338372316503,0.2902840386394497,2.607111332979561,-0.06541515564895212
60.166666666666664,0.03333333333333333,1805,1805,takeover,cartesian_freedrive,-1.0,0.07994504865761148,-0.5337398500849618,0.3738296553631487,-0.0836929671065209,-2.0876772505113346,0.289584181789444,2.6089841685399784,-0.06036043371492955
60.2,0.03333333333333333,1806,1806,takeover,cartesian_freedrive,-1.0,0.07995003515991138,-0.5308988900922088,0.3720661325676703,-0.08394822238597408,-2.0899019443137985,0.2888639952923984,2.6108472763915618,-0.055283461393463136
60.233333333333334,0.03333333333333333,1807,1807,takeover,cartesian_freedrive,-1.0,0.07995502165535273,-0.5280492039524377,0.3703119159065228,-0.08421028327237776,-2.0921100538780526,0.2881234269850631,2.612701499756645,-0.05018424082421913
60.266666666666666,0.03333333333333333,1808,1808,takeover,cartesian_freedrive,-1.0,0.07996000815723167,-0.5251908348668205,0.36856768713755206,-0.0844792353781566,-2.094300531312352,0.2873622547067085,2.614546321118391,-0.04506261718477459
60.3,0.03333333333333333,1809,1809,takeover,cartesian_freedrive,-1.0,0.07996499464808238,-0.5223237638377842,0.3668334669763757,-0.08475516938824591,-2.0964733552394446,0.2865803123520072,2.616381659728065,-0.03991848804358575
60.333333333333336,0.03333333333333333,1810,1810,takeover,cartesian_freedrive,-1.0,0.07996998111434456,-0.5194479717826899,0.3651092641760944,-0.08503817378339713,-2.0986285227511594,0.2857774362942415,2.6182074429457183,-0.034751754217902456
60.36666666666667,0.03333333333333333,1811,1811,takeover,cartesian_freedrive,-1.0,0.07997496758913163,-0.5165634405358143,0.36339508739384074,-0.08532829389643225,-2.100766034063313,0.28495346569163993,2.6200235970401455,-0.02956231771715472
60.4,0.03333333333333333,1812,1812,takeover,cartesian_freedrive,-1.0,0.07997995408892661,-0.5136701527406407,0.3616909455739974,-0.08562559183855788,-2.102885886708999,0.2841082396074773,2.621830047132942,-0.02435008203576173
60.43333333333333,0.03333333333333333,1813,1813,takeover,cartesian_freedrive,-1.0,0.07998494059071626,-0.5107680916422772,0.3599968478922214,-0.08593016117958929,-2.1049880754122814,0.2832415971228622,2.6236267171233125,-0.01911495192256022
60.46666666666667,0.03333333333333333,1814,1814,takeover,cartesian_freedrive,-1.0,0.07998992708977021,-0.5078573498036091,0.35831350911922405,-0.08624207965066039,-2.1070715580159267,0.28235338049062136,2.625413122901447,-0.013856868799956864
60.5,0.03333333333333333,1815,1815,takeover,cartesian_freedrive,-1.0,0.07999491355688035,-0.504937698411439,0.3566395335293097,-0.08656144818028581,-2.1091383997314717,0.28144343628136215,2.6271900031443276,-0.00857568159618832
60.53333333333333,0.03333333333333333,1816,1816,takeover,cartesian_freedrive,-1.0,0.07999990005764365,-0.5020092282833213,0.3549756184589518,-0.08688828131185805,-2.1111875821669104,0.2805116039934352,2.6289568761680706,-0.003271324292504049
60.56666666666667,0.03333333333333333,1817,1817,takeover,cartesian_freedrive,-1.0,0.07999992343241563,-0.5019364688231929,0.354932903954911,-0.08689614815681773,-2.1112431342434355,0.280488088167842,2.6290032925891915,-0.003141831762849498
60.6,0.03333333333333333,1818,1818,takeover,cartesian_freedrive,-1.0,0.07999994124871851,-0.5018833143124687,0.3549008849111233,-0.08690194869339525,-2.1112831313839995,0.2804718801660211,2.6290368751583277,-0.003045259600362528
60.63333333333333,0.03333333333333333,1819,1819,takeover,cartesian_freedrive,-1.0,0.07999995263775622,-0.501829065571947,0.3548681962256086,-0.08690808493307074,-2.1113237101410878,0.28045470353501273,2.629070510301384,-0.0029469930045710126
60.666666666666664,0.03333333333333333,1820,1820,takeover,cartesian_freedrive,-1.0,0.07999996233221338,-0.5017745721250461,0.35483523404017575,-0.0869143023063936,-2.111364510075869,0.280437298026844,2.6291041140189737,-0.0028483388714144464
60.7,0.03333333333333333,1821,1821,takeover,cartesian_freedrive,-1.0,0.07999996186943936,-0.5017721261163727,0.35483271726787663,-0.0869149515976864,-2.1113673744680432,0.2804355762878465,2.6291050453232105,-0.002844569631059139
60.733333333333334,0.03333333333333333,1822,1822,takeover,cartesian_freedrive,-1.0,0.0799999615924621,-0.5017702502108391,0.3548305605443577,-0.0869154614881299,-2.1113697796948614,0.28043418769357065,2.629105704158523,-0.0028417282168969518
60.766666666666666,0.03333333333333333,1823,1823,takeover,cartesian_freedrive,-1.0,0.07999996131306825,-0.5017686390179874,0.3548286096979682,-0.08691589997066858,-2.1113719409117513,0.2804330096138672,2.629106275741943,-0.00283928321758139
60.8,0.03333333333333333,1824,1824,takeover,cartesian_freedrive,-1.0,0.07999996103410248,-0.5017672466671794,0.35482684943428655,-0.0869162777599875,-2.1113738872952355,0.2804320067802215,2.6291067845930076,-0.002837165778418637
60.833333333333336,0.03333333333333333,1825,1825,takeover,cartesian_freedrive,-1.0,0.07999996107433822,-0.5017660680478582,0.3548252895864513,-0.08691660371183857,-2.111375637473268,0.2804311021019778,2.6291071980205483,-0.002835451652792082
60.86666666666667,0.03333333333333333,1826,1826,takeover,cartesian_freedrive,-1.0,0.07999996111432721,-0.5017650853129856,0.3548238955843985,-0.08691688942219672,-2.1113771983196985,0.2804303280742511,2.6291075463272917,-0.0028340364727493595
60.9,0.03333333333333333,1827,1827,takeover,cartesian_freedrive,-1.0,0.07999996115329822,-0.5017642644064203,0.35482265123450335,-0.08691713548408982,-2.111378589290695,0.2804296747569512,2.629107844760771,-0.0028328623870159217
60.93333333333333,0.03333333333333333,1828,1828,takeover,cartesian_freedrive,-1.0,0.07999996119036992,-0.5017635770535205,0.3548215428959048,-0.08691734529319027,-2.1113798291764527,0.2804291259592422,2.6291081045286337,-0.0028318865113091834
60.96666666666667,0.03333333333333333,1829,1829,takeover,cartesian_freedrive,-1.0,0.07999996117368824,-0.5017630002846042,0.35482055788481226,-0.08691752336240015,-2.111380934849779,0.2804286660852386,2.6291083342438664,-0.002831074079795002
61.0,0.03333333333333333,1830,1830,takeover,cartesian_freedrive,-1.0,0.07999996115804964,-0.5017625154854274,0.35481968386100404,-0.08691767402182206,-2.11138192114565,0.28042828115857216,2.6291085398934815,-0.002830397453276181
61.03333333333333,0.03333333333333333,1831,1831,takeover,cartesian_freedrive,-1.0,0.07999996114114312,-0.5017621074670501,0.35481890927060655,-0.08691780093291523,-2.1113828012973492,0.2804279594877409,2.629108725714784,-0.002829833864563981
61.06666666666667,0.03333333333333333,1832,1832,takeover,cartesian_freedrive,-1.0,0.0799999611241784,-0.5017617637167326,0.3548182235058633,-0.08691790801932046,-2.111383586954943,0.2804276906332171,2.629108895175029,-0.0028293642445252737
61.1,0.03333333333333333,1833,1833,takeover,cartesian_freedrive,-1.0,0.07999996110499491,-0.5017614736400343,0.3548176167873263,-0.08691799791469208,-2.1113842884907763,0.2804274665475402,2.629109050498284,-0.002828972665174777
61.13333333333333,0.03333333333333333,1834,1834,takeover,cartesian_freedrive,-1.0,0.07999996108577104,-0.5017612286058134,0.35481708033944387,-0.08691807373409267,-2.1113849150903397,0.2804272794170347,2.629109193838905,-0.0028286460120031725
61.166666666666664,0.03333333333333333,1835,1835,takeover,cartesian_freedrive,-1.0,0.07999996106651155,-0.5017610212949909,0.3548166061749084,-0.08691813736881956,-2.1113854749574408,0.2804271234434921,2.6291093262710183,-0.0028283735570305557
61.2,0.03333333333333333,1836,1836,takeover,cartesian_freedrive,-1.0,0.07999996104722157,-0.5017608457313892,0.3548161870719137,-0.08691819013054275,-2.1113859753543465,0.2804269941865656,2.62910944819452,-0.002828146638476832
61.233333333333334,0.03333333333333333,1837,1837,takeover,cartesian_freedrive,-1.0,0.07999996108401464,-0.5017606974910191,0.3548158165012839,-0.08691823434250588,-2.11138642244832,0.2804268863188702,2.629109560483071,-0.002827959074791088
61.266666666666666,0.03333333333333333,1838,1838,takeover,cartesian_freedrive,-1.0,0.07999996112167379,-0.5017605724079878,0.35481548880902236,-0.08691827026318358,-2.1113868221073906,0.2804267979888303,2.6291096625868424,-0.002827804573306516
61.3,0.03333333333333333,1839,1839,takeover,cartesian_freedrive,-1.0,0.07999996115850731,-0.5017604671609007,0.3548151988963624,-0.08691830180170394,-2.1113871789548475,0.2804267235342337,2.629109758542792,-0.0028276764638594915
61.333333333333336,0.03333333333333333,1840,1840,takeover,cartesian_freedrive,-1.0,0.07999996119530489,-0.5017603780105027,0.3548149427273287,-0.0869183265093397,-2.1113874983968812,0.28042666342305955,2.629109845128022,-0.002827571373988586
61.36666666666667,0.03333333333333333,1841,1841,takeover,cartesian_freedrive,-1.0,0.07999996117816871,-0.5017603027096602,0.3548147160674066,-0.08691834770910711,-2.111387783848499,0.2804266138601467,2.6291099260512554,-0.002827483718348688
61.4,0.03333333333333333,1842,1842,takeover,cartesian_freedrive,-1.0,0.0799999611609471,-0.501760238647992,0.3548145158021482,-0.08691836432357386,-2.1113880394952553,0.2804265740310351,2.6291099995147356,-0.0028274114337925892
61.43333333333333,0.03333333333333333,1843,1843,takeover,cartesian_freedrive,-1.0,0.07999996114372904,-0.5017601843976426,0.3548143383838505,-0.08691837900517065,-2.1113882678306792,0.2804265406278484,2.6291100687052045,-0.00282735133355421
61.46666666666667,0.03333333333333333,1844,1844,takeover,cartesian_freedrive,-1.0,0.07999996112649355,-0.5017601380606074,0.35481418159027317,-0.0869183907087547,-2.1113884724506926,0.28042651357951187,2.629110131962963,-0.0028273017087924834
