participant_id,eval_case_id,repeat_index,policy_sampling_seed,realised_route,success,success_within_route,termination_reason,primary_failure,failure_labels,target_xy_error,final_cylinder_tilt_degrees,minimum_box_cylinder_xy_distance,checkpoint_sha256,config_sha256,paired_manifest_sha256,video_path
B01,0,0,20270807,indeterminate,0,0,policy_timeout,cylinder_topple,cylinder_toppled;policy_timeout;target_miss,4.354202,89.999999,0.301409,f76811147aa8f1495824dee3ec508abc7de242e286a156609453497d094eb2c2,a0f2aac96ab9a0e0e703110107fc57692540521520ef18296f5ac09bbefd6368,10dbbe16da06b4013899e350fece05687abc8c45471b584ac5a2473a0e486dad,/cephfs/volumes/hpc_data_prj/eng_demt_robot_learning/45908032-a3fa-4719-9989-cd8d04c08f7a/polymetics_demt/rebuttal_dataset/simulation_bimodal_group/policy_rollouts/B01/videos/case_00_repeat_0_execution_0.mp4
B01,0,1,20270808,indeterminate,0,0,policy_timeout,target_miss,policy_timeout;target_miss,2.398994,0.000331,0.301409,f76811147aa8f1495824dee3ec508abc7de242e286a156609453497d094eb2c2,a0f2aac96ab9a0e0e703110107fc57692540521520ef18296f5ac09bbefd6368,10dbbe16da06b4013899e350fece05687abc8c45471b584ac5a2473a0e486dad,/cephfs/volumes/hpc_data_prj/eng_demt_robot_learning/45908032-a3fa-4719-9989-cd8d04c08f7a/polymetics_demt/rebuttal_dataset/simulation_bimodal_group/policy_rollouts/B01/videos/case_00_repeat_1_execution_0.mp4
B01,1,0,20270817,R,1,1,success,success,,0.024495,5.7e-05,0.161545,f76811147aa8f1495824dee3ec508abc7de242e286a156609453497d094eb2c2,a0f2aac96ab9a0e0e703110107fc57692540521520ef18296f5ac09bbefd6368,10dbbe16da06b4013899e350fece05687abc8c45471b584ac5a2473a0e486dad,/cephfs/volumes/hpc_data_prj/eng_demt_robot_learning/45908032-a3fa-4719-9989-cd8d04c08f7a/polymetics_demt/rebuttal_dataset/simulation_bimodal_group/policy_rollouts/B01/videos/case_01_repeat_0_execution_0.mp4
B01,1,1,20270818,R,1,1,success,success,,0.037254,7e-05,0.136939,f76811147aa8f1495824dee3ec508abc7de242e286a156609453497d094eb2c2,a0f2aac96ab9a0e0e703110107fc57692540521520ef18296f5ac09bbefd6368,10dbbe16da06b4013899e350fece05687abc8c45471b584ac5a2473a0e486dad,/cephfs/volumes/hpc_data_prj/eng_demt_robot_learning/45908032-a3fa-4719-9989-cd8d04c08f7a/polymetics_demt/rebuttal_dataset/simulation_bimodal_group/policy_rollouts/B01/videos/case_01_repeat_1_execution_0.mp4
B01,2,0,20270827,indeterminate,0,0,policy_timeout,target_miss,policy_timeout;target_miss,4.131382,0.000367,0.279975,f76811147aa8f1495824dee3ec508abc7de242e286a156609453497d094eb2c2,a0f2aac96ab9a0e0e703110107fc57692540521520ef18296f5ac09bbefd6368,10dbbe16da06b4013899e350fece05687abc8c45471b584ac5a2473a0e486dad,/cephfs/volumes/hpc_data_prj/eng_demt_robot_learning/45908032-a3fa-4719-9989-cd8d04c08f7a/polymetics_demt/rebuttal_dataset/simulation_bimodal_group/policy_rollouts/B01/videos/case_02_repeat_0_execution_0.mp4
B01,2,1,20270828,indeterminate,0,0,policy_timeout,cylinder_topple,cylinder_toppled;policy_timeout;target_miss,6.424329,90.000011,0.279975,f76811147aa8f1495824dee3ec508abc7de242e286a156609453497d094eb2c2,a0f2aac96ab9a0e0e703110107fc57692540521520ef18296f5ac09bbefd6368,10dbbe16da06b4013899e350fece05687abc8c45471b584ac5a2473a0e486dad,/cephfs/volumes/hpc_data_prj/eng_demt_robot_learning/45908032-a3fa-4719-9989-cd8d04c08f7a/polymetics_demt/rebuttal_dataset/simulation_bimodal_group/policy_rollouts/B01/videos/case_02_repeat_1_execution_0.mp4
B01,3,0,20270837,R,0,0,policy_timeout,cylinder_topple,cylinder_toppled;policy_timeout;target_miss,0.490118,89.999971,0.137054,f76811147aa8f1495824dee3ec508abc7de242e286a156609453497d094eb2c2,a0f2aac96ab9a0e0e703110107fc57692540521520ef18296f5ac09bbefd6368,10dbbe16da06b4013899e350fece05687abc8c45471b584ac5a2473a0e486dad,/cephfs/volumes/hpc_data_prj/eng_demt_robot_learning/45908032-a3fa-4719-9989-cd8d04c08f7a/polymetics_demt/rebuttal_dataset/simulation_bimodal_group/policy_rollouts/B01/videos/case_03_repeat_0_execution_0.mp4
B01,3,1,20270838,R,0,0,policy_timeout,cylinder_topple,cylinder_toppled;policy_timeout;target_miss,0.517721,90.000054,0.165016,f76811147aa8f1495824dee3ec508abc7de242e286a156609453497d094eb2c2,a0f2aac96ab9a0e0e703110107fc57692540521520ef18296f5ac09bbefd6368,10dbbe16da06b4013899e350fece05687abc8c45471b584ac5a2473a0e486dad,/cephfs/volumes/hpc_data_prj/eng_demt_robot_learning/45908032-a3fa-4719-9989-cd8d04c08f7a/polymetics_demt/rebuttal_dataset/simulation_bimodal_group/policy_rollouts/B01/videos/case_03_repeat_1_execution_0.mp4
B01,4,0,20270847,R,0,0,policy_timeout,cylinder_topple,cylinder_toppled;policy_timeout,0.048662,90.000006,0.080682,f76811147aa8f1495824dee3ec508abc7de242e286a156609453497d094eb2c2,a0f2aac96ab9a0e0e703110107fc57692540521520ef18296f5ac09bbefd6368,10dbbe16da06b4013899e350fece05687abc8c45471b584ac5a2473a0e486dad,/cephfs/volumes/hpc_data_prj/eng_demt_robot_learning/45908032-a3fa-4719-9989-cd8d04c08f7a/polymetics_demt/rebuttal_dataset/simulation_bimodal_group/policy_rollouts/B01/videos/case_04_repeat_0_execution_0.mp4
B01,4,1,20270848,L,1,1,success,success,,0.030137,0.000334,0.176674,f76811147aa8f1495824dee3ec508abc7de242e286a156609453497d094eb2c2,a0f2aac96ab9a0e0e703110107fc57692540521520ef18296f5ac09bbefd6368,10dbbe16da06b4013899e350fece05687abc8c45471b584ac5a2473a0e486dad,/cephfs/volumes/hpc_data_prj/eng_demt_robot_learning/45908032-a3fa-4719-9989-cd8d04c08f7a/polymetics_demt/rebuttal_dataset/simulation_bimodal_group/policy_rollouts/B01/videos/case_04_repeat_1_execution_0.mp4
B01,5,0,20270857,indeterminate,0,0,policy_timeout,cylinder_topple,cylinder_toppled;policy_timeout;target_miss,0.469436,89.999933,0.249701,f76811147aa8f1495824dee3ec508abc7de242e286a156609453497d094eb2c2,a0f2aac96ab9a0e0e703110107fc57692540521520ef18296f5ac09bbefd6368,10dbbe16da06b4013899e350fece05687abc8c45471b584ac5a2473a0e486dad,/cephfs/volumes/hpc_data_prj/eng_demt_robot_learning/45908032-a3fa-4719-9989-cd8d04c08f7a/polymetics_demt/rebuttal_dataset/simulation_bimodal_group/policy_rollouts/B01/videos/case_05_repeat_0_execution_0.mp4
B01,5,1,20270858,indeterminate,0,0,policy_timeout,target_miss,policy_timeout;target_miss,0.455631,0.000423,0.310875,f76811147aa8f1495824dee3ec508abc7de242e286a156609453497d094eb2c2,a0f2aac96ab9a0e0e703110107fc57692540521520ef18296f5ac09bbefd6368,10dbbe16da06b4013899e350fece05687abc8c45471b584ac5a2473a0e486dad,/cephfs/volumes/hpc_data_prj/eng_demt_robot_learning/45908032-a3fa-4719-9989-cd8d04c08f7a/polymetics_demt/rebuttal_dataset/simulation_bimodal_group/policy_rollouts/B01/videos/case_05_repeat_1_execution_0.mp4
B01,6,0,20270867,R,0,0,policy_timeout,cylinder_topple,cylinder_toppled;policy_timeout;target_miss,0.135595,89.999922,0.141509,f76811147aa8f1495824dee3ec508abc7de242e286a156609453497d094eb2c2,a0f2aac96ab9a0e0e703110107fc57692540521520ef18296f5ac09bbefd6368,10dbbe16da06b4013899e350fece05687abc8c45471b584ac5a2473a0e486dad,/cephfs/volumes/hpc_data_prj/eng_demt_robot_learning/45908032-a3fa-4719-9989-cd8d04c08f7a/polymetics_demt/rebuttal_dataset/simulation_bimodal_group/policy_rollouts/B01/videos/case_06_repeat_0_execution_0.mp4
B01,6,1,20270868,L,0,0,policy_timeout,cylinder_topple,cylinder_toppled;policy_timeout,0.082458,90.000005,0.019757,f76811147aa8f1495824dee3ec508abc7de242e286a156609453497d094eb2c2,a0f2aac96ab9a0e0e703110107fc57692540521520ef18296f5ac09bbefd6368,10dbbe16da06b4013899e350fece05687abc8c45471b584ac5a2473a0e486dad,/cephfs/volumes/hpc_data_prj/eng_demt_robot_learning/45908032-a3fa-4719-9989-cd8d04c08f7a/polymetics_demt/rebuttal_dataset/simulation_bimodal_group/policy_rollouts/B01/videos/case_06_repeat_1_execution_0.mp4
B01,7,0,20270877,R,1,1,success,success,,0.075865,0.000352,0.138447,f76811147aa8f1495824dee3ec508abc7de242e286a156609453497d094eb2c2,a0f2aac96ab9a0e0e703110107fc57692540521520ef18296f5ac09bbefd6368,10dbbe16da06b4013899e350fece05687abc8c45471b584ac5a2473a0e486dad,/cephfs/volumes/hpc_data_prj/eng_demt_robot_learning/45908032-a3fa-4719-9989-cd8d04c08f7a/polymetics_demt/rebuttal_dataset/simulation_bimodal_group/policy_rollouts/B01/videos/case_07_repeat_0_execution_0.mp4
B01,7,1,20270878,R,0,0,policy_timeout,cylinder_topple,cylinder_toppled;policy_timeout;target_miss,0.513065,90.0,0.11754,f76811147aa8f1495824dee3ec508abc7de242e286a156609453497d094eb2c2,a0f2aac96ab9a0e0e703110107fc57692540521520ef18296f5ac09bbefd6368,10dbbe16da06b4013899e350fece05687abc8c45471b584ac5a2473a0e486dad,/cephfs/volumes/hpc_data_prj/eng_demt_robot_learning/45908032-a3fa-4719-9989-cd8d04c08f7a/polymetics_demt/rebuttal_dataset/simulation_bimodal_group/policy_rollouts/B01/videos/case_07_repeat_1_execution_0.mp4
B01,8,0,20270887,L,0,0,policy_timeout,cylinder_topple,cylinder_toppled;policy_timeout;target_miss,0.102067,89.999924,0.192657,f76811147aa8f1495824dee3ec508abc7de242e286a156609453497d094eb2c2,a0f2aac96ab9a0e0e703110107fc57692540521520ef18296f5ac09bbefd6368,10dbbe16da06b4013899e350fece05687abc8c45471b584ac5a2473a0e486dad,/cephfs/volumes/hpc_data_prj/eng_demt_robot_learning/45908032-a3fa-4719-9989-cd8d04c08f7a/polymetics_demt/rebuttal_dataset/simulation_bimodal_group/policy_rollouts/B01/videos/case_08_repeat_0_execution_0.mp4
B01,8,1,20270888,L,0,0,policy_timeout,target_miss,policy_timeout;target_miss,0.872411,0.00027,0.087167,f76811147aa8f1495824dee3ec508abc7de242e286a156609453497d094eb2c2,a0f2aac96ab9a0e0e703110107fc57692540521520ef18296f5ac09bbefd6368,10dbbe16da06b4013899e350fece05687abc8c45471b584ac5a2473a0e486dad,/cephfs/volumes/hpc_data_prj/eng_demt_robot_learning/45908032-a3fa-4719-9989-cd8d04c08f7a/polymetics_demt/rebuttal_dataset/simulation_bimodal_group/policy_rollouts/B01/videos/case_08_repeat_1_execution_0.mp4
B01,9,0,20270897,R,1,1,success,success,,0.032414,7.9e-05,0.145588,f76811147aa8f1495824dee3ec508abc7de242e286a156609453497d094eb2c2,a0f2aac96ab9a0e0e703110107fc57692540521520ef18296f5ac09bbefd6368,10dbbe16da06b4013899e350fece05687abc8c45471b584ac5a2473a0e486dad,/cephfs/volumes/hpc_data_prj/eng_demt_robot_learning/45908032-a3fa-4719-9989-cd8d04c08f7a/polymetics_demt/rebuttal_dataset/simulation_bimodal_group/policy_rollouts/B01/videos/case_09_repeat_0_execution_0.mp4
B01,9,1,20270898,R,1,1,success,success,,0.034269,0.0,0.188869,f76811147aa8f1495824dee3ec508abc7de242e286a156609453497d094eb2c2,a0f2aac96ab9a0e0e703110107fc57692540521520ef18296f5ac09bbefd6368,10dbbe16da06b4013899e350fece05687abc8c45471b584ac5a2473a0e486dad,/cephfs/volumes/hpc_data_prj/eng_demt_robot_learning/45908032-a3fa-4719-9989-cd8d04c08f7a/polymetics_demt/rebuttal_dataset/simulation_bimodal_group/policy_rollouts/B01/videos/case_09_repeat_1_execution_0.mp4
B02,0,0,20280807,indeterminate,0,0,policy_timeout,target_miss,policy_timeout;target_miss,0.523355,0.000299,0.301409,818d57a53613fc0050c4f33ef03bec7c34539a45e1b883e36106dd865b523c43,1c189a1f737fa403fec33f7fd18055b0fe1d1d3dafe225d10988ed8c187cd9ba,10dbbe16da06b4013899e350fece05687abc8c45471b584ac5a2473a0e486dad,/cephfs/volumes/hpc_data_prj/eng_demt_robot_learning/45908032-a3fa-4719-9989-cd8d04c08f7a/polymetics_demt/rebuttal_dataset/simulation_bimodal_group/policy_rollouts/B02/videos/case_00_repeat_0_execution_0.mp4
B02,0,1,20280808,indeterminate,0,0,policy_timeout,cylinder_topple,cylinder_toppled;policy_timeout,0.073749,89.999997,0.20884,818d57a53613fc0050c4f33ef03bec7c34539a45e1b883e36106dd865b523c43,1c189a1f737fa403fec33f7fd18055b0fe1d1d3dafe225d10988ed8c187cd9ba,10dbbe16da06b4013899e350fece05687abc8c45471b584ac5a2473a0e486dad,/cephfs/volumes/hpc_data_prj/eng_demt_robot_learning/45908032-a3fa-4719-9989-cd8d04c08f7a/polymetics_demt/rebuttal_dataset/simulation_bimodal_group/policy_rollouts/B02/videos/case_00_repeat_1_execution_0.mp4
B02,1,0,20280817,R,1,1,success,success,,0.006668,3.4e-05,0.156441,818d57a53613fc0050c4f33ef03bec7c34539a45e1b883e36106dd865b523c43,1c189a1f737fa403fec33f7fd18055b0fe1d1d3dafe225d10988ed8c187cd9ba,10dbbe16da06b4013899e350fece05687abc8c45471b584ac5a2473a0e486dad,/cephfs/volumes/hpc_data_prj/eng_demt_robot_learning/45908032-a3fa-4719-9989-cd8d04c08f7a/polymetics_demt/rebuttal_dataset/simulation_bimodal_group/policy_rollouts/B02/videos/case_01_repeat_0_execution_0.mp4
B02,1,1,20280818,R,1,1,success,success,,0.008493,1.5e-05,0.152095,818d57a53613fc0050c4f33ef03bec7c34539a45e1b883e36106dd865b523c43,1c189a1f737fa403fec33f7fd18055b0fe1d1d3dafe225d10988ed8c187cd9ba,10dbbe16da06b4013899e350fece05687abc8c45471b584ac5a2473a0e486dad,/cephfs/volumes/hpc_data_prj/eng_demt_robot_learning/45908032-a3fa-4719-9989-cd8d04c08f7a/polymetics_demt/rebuttal_dataset/simulation_bimodal_group/policy_rollouts/B02/videos/case_01_repeat_1_execution_0.mp4
B02,2,0,20280827,L,0,0,policy_timeout,target_miss,policy_timeout;target_miss,0.423521,0.000204,0.279975,818d57a53613fc0050c4f33ef03bec7c34539a45e1b883e36106dd865b523c43,1c189a1f737fa403fec33f7fd18055b0fe1d1d3dafe225d10988ed8c187cd9ba,10dbbe16da06b4013899e350fece05687abc8c45471b584ac5a2473a0e486dad,/cephfs/volumes/hpc_data_prj/eng_demt_robot_learning/45908032-a3fa-4719-9989-cd8d04c08f7a/polymetics_demt/rebuttal_dataset/simulation_bimodal_group/policy_rollouts/B02/videos/case_02_repeat_0_execution_0.mp4
B02,2,1,20280828,L,0,0,policy_timeout,target_miss,policy_timeout;target_miss,0.353099,0.000276,0.217912,818d57a53613fc0050c4f33ef03bec7c34539a45e1b883e36106dd865b523c43,1c189a1f737fa403fec33f7fd18055b0fe1d1d3dafe225d10988ed8c187cd9ba,10dbbe16da06b4013899e350fece05687abc8c45471b584ac5a2473a0e486dad,/cephfs/volumes/hpc_data_prj/eng_demt_robot_learning/45908032-a3fa-4719-9989-cd8d04c08f7a/polymetics_demt/rebuttal_dataset/simulation_bimodal_group/policy_rollouts/B02/videos/case_02_repeat_1_execution_0.mp4
B02,3,0,20280837,R,0,0,policy_timeout,cylinder_topple,cylinder_toppled;policy_timeout;target_miss,0.13014,89.999997,0.131466,818d57a53613fc0050c4f33ef03bec7c34539a45e1b883e36106dd865b523c43,1c189a1f737fa403fec33f7fd18055b0fe1d1d3dafe225d10988ed8c187cd9ba,10dbbe16da06b4013899e350fece05687abc8c45471b584ac5a2473a0e486dad,/cephfs/volumes/hpc_data_prj/eng_demt_robot_learning/45908032-a3fa-4719-9989-cd8d04c08f7a/polymetics_demt/rebuttal_dataset/simulation_bimodal_group/policy_rollouts/B02/videos/case_03_repeat_0_execution_0.mp4
B02,3,1,20280838,R,1,1,success,success,,0.072342,0.000327,0.153564,818d57a53613fc0050c4f33ef03bec7c34539a45e1b883e36106dd865b523c43,1c189a1f737fa403fec33f7fd18055b0fe1d1d3dafe225d10988ed8c187cd9ba,10dbbe16da06b4013899e350fece05687abc8c45471b584ac5a2473a0e486dad,/cephfs/volumes/hpc_data_prj/eng_demt_robot_learning/45908032-a3fa-4719-9989-cd8d04c08f7a/polymetics_demt/rebuttal_dataset/simulation_bimodal_group/policy_rollouts/B02/videos/case_03_repeat_1_execution_0.mp4
B02,4,0,20280847,R,0,0,policy_timeout,cylinder_topple,cylinder_toppled;policy_timeout;target_miss,0.282779,90.0,0.112109,818d57a53613fc0050c4f33ef03bec7c34539a45e1b883e36106dd865b523c43,1c189a1f737fa403fec33f7fd18055b0fe1d1d3dafe225d10988ed8c187cd9ba,10dbbe16da06b4013899e350fece05687abc8c45471b584ac5a2473a0e486dad,/cephfs/volumes/hpc_data_prj/eng_demt_robot_learning/45908032-a3fa-4719-9989-cd8d04c08f7a/polymetics_demt/rebuttal_dataset/simulation_bimodal_group/policy_rollouts/B02/videos/case_04_repeat_0_execution_0.mp4
B02,4,1,20280848,R,1,1,success,success,,0.014893,1.4e-05,0.179033,818d57a53613fc0050c4f33ef03bec7c34539a45e1b883e36106dd865b523c43,1c189a1f737fa403fec33f7fd18055b0fe1d1d3dafe225d10988ed8c187cd9ba,10dbbe16da06b4013899e350fece05687abc8c45471b584ac5a2473a0e486dad,/cephfs/volumes/hpc_data_prj/eng_demt_robot_learning/45908032-a3fa-4719-9989-cd8d04c08f7a/polymetics_demt/rebuttal_dataset/simulation_bimodal_group/policy_rollouts/B02/videos/case_04_repeat_1_execution_0.mp4
B02,5,0,20280857,indeterminate,0,0,policy_timeout,target_miss,policy_timeout;target_miss,6.650104,0.000334,0.369469,818d57a53613fc0050c4f33ef03bec7c34539a45e1b883e36106dd865b523c43,1c189a1f737fa403fec33f7fd18055b0fe1d1d3dafe225d10988ed8c187cd9ba,10dbbe16da06b4013899e350fece05687abc8c45471b584ac5a2473a0e486dad,/cephfs/volumes/hpc_data_prj/eng_demt_robot_learning/45908032-a3fa-4719-9989-cd8d04c08f7a/polymetics_demt/rebuttal_dataset/simulation_bimodal_group/policy_rollouts/B02/videos/case_05_repeat_0_execution_0.mp4
B02,5,1,20280858,R,0,0,policy_timeout,target_miss,policy_timeout;target_miss,2.499605,0.000327,0.369469,818d57a53613fc0050c4f33ef03bec7c34539a45e1b883e36106dd865b523c43,1c189a1f737fa403fec33f7fd18055b0fe1d1d3dafe225d10988ed8c187cd9ba,10dbbe16da06b4013899e350fece05687abc8c45471b584ac5a2473a0e486dad,/cephfs/volumes/hpc_data_prj/eng_demt_robot_learning/45908032-a3fa-4719-9989-cd8d04c08f7a/polymetics_demt/rebuttal_dataset/simulation_bimodal_group/policy_rollouts/B02/videos/case_05_repeat_1_execution_0.mp4
B02,6,0,20280867,R,1,1,success,success,,0.002441,0.000373,0.177975,818d57a53613fc0050c4f33ef03bec7c34539a45e1b883e36106dd865b523c43,1c189a1f737fa403fec33f7fd18055b0fe1d1d3dafe225d10988ed8c187cd9ba,10dbbe16da06b4013899e350fece05687abc8c45471b584ac5a2473a0e486dad,/cephfs/volumes/hpc_data_prj/eng_demt_robot_learning/45908032-a3fa-4719-9989-cd8d04c08f7a/polymetics_demt/rebuttal_dataset/simulation_bimodal_group/policy_rollouts/B02/videos/case_06_repeat_0_execution_0.mp4
B02,6,1,20280868,R,1,1,success,success,,0.003027,0.000304,0.1672,818d57a53613fc0050c4f33ef03bec7c34539a45e1b883e36106dd865b523c43,1c189a1f737fa403fec33f7fd18055b0fe1d1d3dafe225d10988ed8c187cd9ba,10dbbe16da06b4013899e350fece05687abc8c45471b584ac5a2473a0e486dad,/cephfs/volumes/hpc_data_prj/eng_demt_robot_learning/45908032-a3fa-4719-9989-cd8d04c08f7a/polymetics_demt/rebuttal_dataset/simulation_bimodal_group/policy_rollouts/B02/videos/case_06_repeat_1_execution_0.mp4
B02,7,0,20280877,R,1,1,success,success,,0.015404,0.000352,0.172768,818d57a53613fc0050c4f33ef03bec7c34539a45e1b883e36106dd865b523c43,1c189a1f737fa403fec33f7fd18055b0fe1d1d3dafe225d10988ed8c187cd9ba,10dbbe16da06b4013899e350fece05687abc8c45471b584ac5a2473a0e486dad,/cephfs/volumes/hpc_data_prj/eng_demt_robot_learning/45908032-a3fa-4719-9989-cd8d04c08f7a/polymetics_demt/rebuttal_dataset/simulation_bimodal_group/policy_rollouts/B02/videos/case_07_repeat_0_execution_0.mp4
B02,7,1,20280878,R,0,0,policy_timeout,cylinder_topple,cylinder_toppled;policy_timeout,0.055332,89.999989,0.136289,818d57a53613fc0050c4f33ef03bec7c34539a45e1b883e36106dd865b523c43,1c189a1f737fa403fec33f7fd18055b0fe1d1d3dafe225d10988ed8c187cd9ba,10dbbe16da06b4013899e350fece05687abc8c45471b584ac5a2473a0e486dad,/cephfs/volumes/hpc_data_prj/eng_demt_robot_learning/45908032-a3fa-4719-9989-cd8d04c08f7a/polymetics_demt/rebuttal_dataset/simulation_bimodal_group/policy_rollouts/B02/videos/case_07_repeat_1_execution_0.mp4
B02,8,0,20280887,R,1,1,success,success,,0.020602,7e-06,0.133516,818d57a53613fc0050c4f33ef03bec7c34539a45e1b883e36106dd865b523c43,1c189a1f737fa403fec33f7fd18055b0fe1d1d3dafe225d10988ed8c187cd9ba,10dbbe16da06b4013899e350fece05687abc8c45471b584ac5a2473a0e486dad,/cephfs/volumes/hpc_data_prj/eng_demt_robot_learning/45908032-a3fa-4719-9989-cd8d04c08f7a/polymetics_demt/rebuttal_dataset/simulation_bimodal_group/policy_rollouts/B02/videos/case_08_repeat_0_execution_0.mp4
B02,8,1,20280888,R,1,1,success,success,,0.01514,0.000229,0.13194,818d57a53613fc0050c4f33ef03bec7c34539a45e1b883e36106dd865b523c43,1c189a1f737fa403fec33f7fd18055b0fe1d1d3dafe225d10988ed8c187cd9ba,10dbbe16da06b4013899e350fece05687abc8c45471b584ac5a2473a0e486dad,/cephfs/volumes/hpc_data_prj/eng_demt_robot_learning/45908032-a3fa-4719-9989-cd8d04c08f7a/polymetics_demt/rebuttal_dataset/simulation_bimodal_group/policy_rollouts/B02/videos/case_08_repeat_1_execution_0.mp4
B02,9,0,20280897,R,1,1,success,success,,0.011866,6.1e-05,0.168991,818d57a53613fc0050c4f33ef03bec7c34539a45e1b883e36106dd865b523c43,1c189a1f737fa403fec33f7fd18055b0fe1d1d3dafe225d10988ed8c187cd9ba,10dbbe16da06b4013899e350fece05687abc8c45471b584ac5a2473a0e486dad,/cephfs/volumes/hpc_data_prj/eng_demt_robot_learning/45908032-a3fa-4719-9989-cd8d04c08f7a/polymetics_demt/rebuttal_dataset/simulation_bimodal_group/policy_rollouts/B02/videos/case_09_repeat_0_execution_0.mp4
B02,9,1,20280898,R,1,1,success,success,,0.009899,7.3e-05,0.156901,818d57a53613fc0050c4f33ef03bec7c34539a45e1b883e36106dd865b523c43,1c189a1f737fa403fec33f7fd18055b0fe1d1d3dafe225d10988ed8c187cd9ba,10dbbe16da06b4013899e350fece05687abc8c45471b584ac5a2473a0e486dad,/cephfs/volumes/hpc_data_prj/eng_demt_robot_learning/45908032-a3fa-4719-9989-cd8d04c08f7a/polymetics_demt/rebuttal_dataset/simulation_bimodal_group/policy_rollouts/B02/videos/case_09_repeat_1_execution_0.mp4
B03,0,0,20290807,indeterminate,0,0,policy_timeout,target_miss,policy_timeout;target_miss,2.123419,0.00033,0.301409,9232cf43864efe937e809de370f25a911208b475e169206c2671b613e1b14837,d848928d84ee2b806c4cb1f37544e75f96d54c2c39d91230dc7306dbb6bdca31,10dbbe16da06b4013899e350fece05687abc8c45471b584ac5a2473a0e486dad,/cephfs/volumes/hpc_data_prj/eng_demt_robot_learning/45908032-a3fa-4719-9989-cd8d04c08f7a/polymetics_demt/rebuttal_dataset/simulation_bimodal_group/policy_rollouts/B03/videos/case_00_repeat_0_execution_0.mp4
B03,0,1,20290808,indeterminate,0,0,policy_timeout,cylinder_topple,cylinder_toppled;policy_timeout;target_miss,1.545075,89.999999,0.301409,9232cf43864efe937e809de370f25a911208b475e169206c2671b613e1b14837,d848928d84ee2b806c4cb1f37544e75f96d54c2c39d91230dc7306dbb6bdca31,10dbbe16da06b4013899e350fece05687abc8c45471b584ac5a2473a0e486dad,/cephfs/volumes/hpc_data_prj/eng_demt_robot_learning/45908032-a3fa-4719-9989-cd8d04c08f7a/polymetics_demt/rebuttal_dataset/simulation_bimodal_group/policy_rollouts/B03/videos/case_00_repeat_1_execution_0.mp4
B03,1,0,20290817,R,0,0,policy_timeout,cylinder_topple,cylinder_toppled;policy_timeout,0.023534,90.0,0.203618,9232cf43864efe937e809de370f25a911208b475e169206c2671b613e1b14837,d848928d84ee2b806c4cb1f37544e75f96d54c2c39d91230dc7306dbb6bdca31,10dbbe16da06b4013899e350fece05687abc8c45471b584ac5a2473a0e486dad,/cephfs/volumes/hpc_data_prj/eng_demt_robot_learning/45908032-a3fa-4719-9989-cd8d04c08f7a/polymetics_demt/rebuttal_dataset/simulation_bimodal_group/policy_rollouts/B03/videos/case_01_repeat_0_execution_0.mp4
B03,1,1,20290818,R,1,1,success,success,,0.02328,3.6e-05,0.177426,9232cf43864efe937e809de370f25a911208b475e169206c2671b613e1b14837,d848928d84ee2b806c4cb1f37544e75f96d54c2c39d91230dc7306dbb6bdca31,10dbbe16da06b4013899e350fece05687abc8c45471b584ac5a2473a0e486dad,/cephfs/volumes/hpc_data_prj/eng_demt_robot_learning/45908032-a3fa-4719-9989-cd8d04c08f7a/polymetics_demt/rebuttal_dataset/simulation_bimodal_group/policy_rollouts/B03/videos/case_01_repeat_1_execution_0.mp4
B03,2,0,20290827,indeterminate,0,0,policy_timeout,cylinder_topple,cylinder_toppled;policy_timeout;target_miss,0.481975,90.0,0.229173,9232cf43864efe937e809de370f25a911208b475e169206c2671b613e1b14837,d848928d84ee2b806c4cb1f37544e75f96d54c2c39d91230dc7306dbb6bdca31,10dbbe16da06b4013899e350fece05687abc8c45471b584ac5a2473a0e486dad,/cephfs/volumes/hpc_data_prj/eng_demt_robot_learning/45908032-a3fa-4719-9989-cd8d04c08f7a/polymetics_demt/rebuttal_dataset/simulation_bimodal_group/policy_rollouts/B03/videos/case_02_repeat_0_execution_0.mp4
B03,2,1,20290828,indeterminate,0,0,policy_timeout,cylinder_topple,cylinder_toppled;policy_timeout;target_miss,0.476951,90.000001,0.230319,9232cf43864efe937e809de370f25a911208b475e169206c2671b613e1b14837,d848928d84ee2b806c4cb1f37544e75f96d54c2c39d91230dc7306dbb6bdca31,10dbbe16da06b4013899e350fece05687abc8c45471b584ac5a2473a0e486dad,/cephfs/volumes/hpc_data_prj/eng_demt_robot_learning/45908032-a3fa-4719-9989-cd8d04c08f7a/polymetics_demt/rebuttal_dataset/simulation_bimodal_group/policy_rollouts/B03/videos/case_02_repeat_1_execution_0.mp4
B03,3,0,20290837,R,1,1,success,success,,0.027738,1.3e-05,0.174327,9232cf43864efe937e809de370f25a911208b475e169206c2671b613e1b14837,d848928d84ee2b806c4cb1f37544e75f96d54c2c39d91230dc7306dbb6bdca31,10dbbe16da06b4013899e350fece05687abc8c45471b584ac5a2473a0e486dad,/cephfs/volumes/hpc_data_prj/eng_demt_robot_learning/45908032-a3fa-4719-9989-cd8d04c08f7a/polymetics_demt/rebuttal_dataset/simulation_bimodal_group/policy_rollouts/B03/videos/case_03_repeat_0_execution_0.mp4
B03,3,1,20290838,R,1,1,success,success,,0.012055,5.3e-05,0.197681,9232cf43864efe937e809de370f25a911208b475e169206c2671b613e1b14837,d848928d84ee2b806c4cb1f37544e75f96d54c2c39d91230dc7306dbb6bdca31,10dbbe16da06b4013899e350fece05687abc8c45471b584ac5a2473a0e486dad,/cephfs/volumes/hpc_data_prj/eng_demt_robot_learning/45908032-a3fa-4719-9989-cd8d04c08f7a/polymetics_demt/rebuttal_dataset/simulation_bimodal_group/policy_rollouts/B03/videos/case_03_repeat_1_execution_0.mp4
B03,4,0,20290847,R,0,0,policy_timeout,cylinder_topple,cylinder_toppled;policy_timeout,0.012654,89.999999,0.109979,9232cf43864efe937e809de370f25a911208b475e169206c2671b613e1b14837,d848928d84ee2b806c4cb1f37544e75f96d54c2c39d91230dc7306dbb6bdca31,10dbbe16da06b4013899e350fece05687abc8c45471b584ac5a2473a0e486dad,/cephfs/volumes/hpc_data_prj/eng_demt_robot_learning/45908032-a3fa-4719-9989-cd8d04c08f7a/polymetics_demt/rebuttal_dataset/simulation_bimodal_group/policy_rollouts/B03/videos/case_04_repeat_0_execution_0.mp4
B03,4,1,20290848,R,1,1,success,success,,0.010364,8e-06,0.108935,9232cf43864efe937e809de370f25a911208b475e169206c2671b613e1b14837,d848928d84ee2b806c4cb1f37544e75f96d54c2c39d91230dc7306dbb6bdca31,10dbbe16da06b4013899e350fece05687abc8c45471b584ac5a2473a0e486dad,/cephfs/volumes/hpc_data_prj/eng_demt_robot_learning/45908032-a3fa-4719-9989-cd8d04c08f7a/polymetics_demt/rebuttal_dataset/simulation_bimodal_group/policy_rollouts/B03/videos/case_04_repeat_1_execution_0.mp4
B03,5,0,20290857,L,0,0,policy_timeout,cylinder_topple,cylinder_toppled;policy_timeout,0.010648,90.0,0.09523,9232cf43864efe937e809de370f25a911208b475e169206c2671b613e1b14837,d848928d84ee2b806c4cb1f37544e75f96d54c2c39d91230dc7306dbb6bdca31,10dbbe16da06b4013899e350fece05687abc8c45471b584ac5a2473a0e486dad,/cephfs/volumes/hpc_data_prj/eng_demt_robot_learning/45908032-a3fa-4719-9989-cd8d04c08f7a/polymetics_demt/rebuttal_dataset/simulation_bimodal_group/policy_rollouts/B03/videos/case_05_repeat_0_execution_0.mp4
B03,5,1,20290858,R,0,0,policy_timeout,cylinder_topple,cylinder_toppled;policy_timeout;target_miss,7.934149,90.000002,0.369469,9232cf43864efe937e809de370f25a911208b475e169206c2671b613e1b14837,d848928d84ee2b806c4cb1f37544e75f96d54c2c39d91230dc7306dbb6bdca31,10dbbe16da06b4013899e350fece05687abc8c45471b584ac5a2473a0e486dad,/cephfs/volumes/hpc_data_prj/eng_demt_robot_learning/45908032-a3fa-4719-9989-cd8d04c08f7a/polymetics_demt/rebuttal_dataset/simulation_bimodal_group/policy_rollouts/B03/videos/case_05_repeat_1_execution_0.mp4
B03,6,0,20290867,R,1,1,success,success,,0.005838,0.0,0.187452,9232cf43864efe937e809de370f25a911208b475e169206c2671b613e1b14837,d848928d84ee2b806c4cb1f37544e75f96d54c2c39d91230dc7306dbb6bdca31,10dbbe16da06b4013899e350fece05687abc8c45471b584ac5a2473a0e486dad,/cephfs/volumes/hpc_data_prj/eng_demt_robot_learning/45908032-a3fa-4719-9989-cd8d04c08f7a/polymetics_demt/rebuttal_dataset/simulation_bimodal_group/policy_rollouts/B03/videos/case_06_repeat_0_execution_0.mp4
B03,6,1,20290868,R,1,1,success,success,,0.019291,1.5e-05,0.127119,9232cf43864efe937e809de370f25a911208b475e169206c2671b613e1b14837,d848928d84ee2b806c4cb1f37544e75f96d54c2c39d91230dc7306dbb6bdca31,10dbbe16da06b4013899e350fece05687abc8c45471b584ac5a2473a0e486dad,/cephfs/volumes/hpc_data_prj/eng_demt_robot_learning/45908032-a3fa-4719-9989-cd8d04c08f7a/polymetics_demt/rebuttal_dataset/simulation_bimodal_group/policy_rollouts/B03/videos/case_06_repeat_1_execution_0.mp4
B03,7,0,20290877,R,1,1,success,success,,0.043424,4.5e-05,0.201279,9232cf43864efe937e809de370f25a911208b475e169206c2671b613e1b14837,d848928d84ee2b806c4cb1f37544e75f96d54c2c39d91230dc7306dbb6bdca31,10dbbe16da06b4013899e350fece05687abc8c45471b584ac5a2473a0e486dad,/cephfs/volumes/hpc_data_prj/eng_demt_robot_learning/45908032-a3fa-4719-9989-cd8d04c08f7a/polymetics_demt/rebuttal_dataset/simulation_bimodal_group/policy_rollouts/B03/videos/case_07_repeat_0_execution_0.mp4
B03,7,1,20290878,R,1,1,success,success,,0.0087,4.5e-05,0.198519,9232cf43864efe937e809de370f25a911208b475e169206c2671b613e1b14837,d848928d84ee2b806c4cb1f37544e75f96d54c2c39d91230dc7306dbb6bdca31,10dbbe16da06b4013899e350fece05687abc8c45471b584ac5a2473a0e486dad,/cephfs/volumes/hpc_data_prj/eng_demt_robot_learning/45908032-a3fa-4719-9989-cd8d04c08f7a/polymetics_demt/rebuttal_dataset/simulation_bimodal_group/policy_rollouts/B03/videos/case_07_repeat_1_execution_0.mp4
B03,8,0,20290887,R,1,1,success,success,,0.05763,2.4e-05,0.179084,9232cf43864efe937e809de370f25a911208b475e169206c2671b613e1b14837,d848928d84ee2b806c4cb1f37544e75f96d54c2c39d91230dc7306dbb6bdca31,10dbbe16da06b4013899e350fece05687abc8c45471b584ac5a2473a0e486dad,/cephfs/volumes/hpc_data_prj/eng_demt_robot_learning/45908032-a3fa-4719-9989-cd8d04c08f7a/polymetics_demt/rebuttal_dataset/simulation_bimodal_group/policy_rollouts/B03/videos/case_08_repeat_0_execution_0.mp4
B03,8,1,20290888,R,1,1,success,success,,0.061013,3.8e-05,0.155403,9232cf43864efe937e809de370f25a911208b475e169206c2671b613e1b14837,d848928d84ee2b806c4cb1f37544e75f96d54c2c39d91230dc7306dbb6bdca31,10dbbe16da06b4013899e350fece05687abc8c45471b584ac5a2473a0e486dad,/cephfs/volumes/hpc_data_prj/eng_demt_robot_learning/45908032-a3fa-4719-9989-cd8d04c08f7a/polymetics_demt/rebuttal_dataset/simulation_bimodal_group/policy_rollouts/B03/videos/case_08_repeat_1_execution_0.mp4
B03,9,0,20290897,R,0,0,policy_timeout,cylinder_topple,cylinder_toppled;policy_timeout;target_miss,1.454426,89.999991,0.170177,9232cf43864efe937e809de370f25a911208b475e169206c2671b613e1b14837,d848928d84ee2b806c4cb1f37544e75f96d54c2c39d91230dc7306dbb6bdca31,10dbbe16da06b4013899e350fece05687abc8c45471b584ac5a2473a0e486dad,/cephfs/volumes/hpc_data_prj/eng_demt_robot_learning/45908032-a3fa-4719-9989-cd8d04c08f7a/polymetics_demt/rebuttal_dataset/simulation_bimodal_group/policy_rollouts/B03/videos/case_09_repeat_0_execution_0.mp4
B03,9,1,20290898,R,1,1,success,success,,0.02387,0.000334,0.164417,9232cf43864efe937e809de370f25a911208b475e169206c2671b613e1b14837,d848928d84ee2b806c4cb1f37544e75f96d54c2c39d91230dc7306dbb6bdca31,10dbbe16da06b4013899e350fece05687abc8c45471b584ac5a2473a0e486dad,/cephfs/volumes/hpc_data_prj/eng_demt_robot_learning/45908032-a3fa-4719-9989-cd8d04c08f7a/polymetics_demt/rebuttal_dataset/simulation_bimodal_group/policy_rollouts/B03/videos/case_09_repeat_1_execution_0.mp4
B04,0,0,20300807,R,0,0,policy_timeout,cylinder_topple,cylinder_toppled;policy_timeout;target_miss,0.307316,90.00001,0.114428,5b5997761178026bb15ab7f58320802fcf4153c8b996e3f0916e1e729f98c86d,c641b09d1367679730e8641623462bfa4adb1d0522e0a9c7d772f3591f010c35,10dbbe16da06b4013899e350fece05687abc8c45471b584ac5a2473a0e486dad,/cephfs/volumes/hpc_data_prj/eng_demt_robot_learning/45908032-a3fa-4719-9989-cd8d04c08f7a/polymetics_demt/rebuttal_dataset/simulation_bimodal_group/policy_rollouts/B04/videos/case_00_repeat_0_execution_0.mp4
B04,0,1,20300808,indeterminate,0,0,policy_timeout,cylinder_topple,cylinder_toppled;policy_timeout;target_miss,3.752143,90.000002,0.301409,5b5997761178026bb15ab7f58320802fcf4153c8b996e3f0916e1e729f98c86d,c641b09d1367679730e8641623462bfa4adb1d0522e0a9c7d772f3591f010c35,10dbbe16da06b4013899e350fece05687abc8c45471b584ac5a2473a0e486dad,/cephfs/volumes/hpc_data_prj/eng_demt_robot_learning/45908032-a3fa-4719-9989-cd8d04c08f7a/polymetics_demt/rebuttal_dataset/simulation_bimodal_group/policy_rollouts/B04/videos/case_00_repeat_1_execution_0.mp4
B04,1,0,20300817,R,0,0,policy_timeout,cylinder_topple,cylinder_toppled;policy_timeout,0.047094,90.0,0.17491,5b5997761178026bb15ab7f58320802fcf4153c8b996e3f0916e1e729f98c86d,c641b09d1367679730e8641623462bfa4adb1d0522e0a9c7d772f3591f010c35,10dbbe16da06b4013899e350fece05687abc8c45471b584ac5a2473a0e486dad,/cephfs/volumes/hpc_data_prj/eng_demt_robot_learning/45908032-a3fa-4719-9989-cd8d04c08f7a/polymetics_demt/rebuttal_dataset/simulation_bimodal_group/policy_rollouts/B04/videos/case_01_repeat_0_execution_0.mp4
B04,1,1,20300818,R,0,0,policy_timeout,target_miss,policy_timeout;target_miss,0.19952,6.8e-05,0.196209,5b5997761178026bb15ab7f58320802fcf4153c8b996e3f0916e1e729f98c86d,c641b09d1367679730e8641623462bfa4adb1d0522e0a9c7d772f3591f010c35,10dbbe16da06b4013899e350fece05687abc8c45471b584ac5a2473a0e486dad,/cephfs/volumes/hpc_data_prj/eng_demt_robot_learning/45908032-a3fa-4719-9989-cd8d04c08f7a/polymetics_demt/rebuttal_dataset/simulation_bimodal_group/policy_rollouts/B04/videos/case_01_repeat_1_execution_0.mp4
B04,2,0,20300827,indeterminate,0,0,policy_timeout,cylinder_topple,cylinder_toppled;policy_timeout;target_miss,2.527385,90.000002,0.279975,5b5997761178026bb15ab7f58320802fcf4153c8b996e3f0916e1e729f98c86d,c641b09d1367679730e8641623462bfa4adb1d0522e0a9c7d772f3591f010c35,10dbbe16da06b4013899e350fece05687abc8c45471b584ac5a2473a0e486dad,/cephfs/volumes/hpc_data_prj/eng_demt_robot_learning/45908032-a3fa-4719-9989-cd8d04c08f7a/polymetics_demt/rebuttal_dataset/simulation_bimodal_group/policy_rollouts/B04/videos/case_02_repeat_0_execution_0.mp4
B04,2,1,20300828,L,0,0,policy_timeout,target_miss,policy_timeout;target_miss,0.362378,7.1e-05,0.129512,5b5997761178026bb15ab7f58320802fcf4153c8b996e3f0916e1e729f98c86d,c641b09d1367679730e8641623462bfa4adb1d0522e0a9c7d772f3591f010c35,10dbbe16da06b4013899e350fece05687abc8c45471b584ac5a2473a0e486dad,/cephfs/volumes/hpc_data_prj/eng_demt_robot_learning/45908032-a3fa-4719-9989-cd8d04c08f7a/polymetics_demt/rebuttal_dataset/simulation_bimodal_group/policy_rollouts/B04/videos/case_02_repeat_1_execution_0.mp4
B04,3,0,20300837,R,0,0,policy_timeout,cylinder_topple,cylinder_toppled;policy_timeout;target_miss,1.239367,90.000005,0.174761,5b5997761178026bb15ab7f58320802fcf4153c8b996e3f0916e1e729f98c86d,c641b09d1367679730e8641623462bfa4adb1d0522e0a9c7d772f3591f010c35,10dbbe16da06b4013899e350fece05687abc8c45471b584ac5a2473a0e486dad,/cephfs/volumes/hpc_data_prj/eng_demt_robot_learning/45908032-a3fa-4719-9989-cd8d04c08f7a/polymetics_demt/rebuttal_dataset/simulation_bimodal_group/policy_rollouts/B04/videos/case_03_repeat_0_execution_0.mp4
B04,3,1,20300838,R,0,0,policy_timeout,target_miss,policy_timeout;target_miss,0.453419,0.000336,0.136371,5b5997761178026bb15ab7f58320802fcf4153c8b996e3f0916e1e729f98c86d,c641b09d1367679730e8641623462bfa4adb1d0522e0a9c7d772f3591f010c35,10dbbe16da06b4013899e350fece05687abc8c45471b584ac5a2473a0e486dad,/cephfs/volumes/hpc_data_prj/eng_demt_robot_learning/45908032-a3fa-4719-9989-cd8d04c08f7a/polymetics_demt/rebuttal_dataset/simulation_bimodal_group/policy_rollouts/B04/videos/case_03_repeat_1_execution_0.mp4
B04,4,0,20300847,R,1,1,success,success,,0.013717,3.5e-05,0.144334,5b5997761178026bb15ab7f58320802fcf4153c8b996e3f0916e1e729f98c86d,c641b09d1367679730e8641623462bfa4adb1d0522e0a9c7d772f3591f010c35,10dbbe16da06b4013899e350fece05687abc8c45471b584ac5a2473a0e486dad,/cephfs/volumes/hpc_data_prj/eng_demt_robot_learning/45908032-a3fa-4719-9989-cd8d04c08f7a/polymetics_demt/rebuttal_dataset/simulation_bimodal_group/policy_rollouts/B04/videos/case_04_repeat_0_execution_0.mp4
B04,4,1,20300848,R,0,0,policy_timeout,cylinder_topple,cylinder_toppled;policy_timeout;target_miss,0.218986,90.000014,0.095212,5b5997761178026bb15ab7f58320802fcf4153c8b996e3f0916e1e729f98c86d,c641b09d1367679730e8641623462bfa4adb1d0522e0a9c7d772f3591f010c35,10dbbe16da06b4013899e350fece05687abc8c45471b584ac5a2473a0e486dad,/cephfs/volumes/hpc_data_prj/eng_demt_robot_learning/45908032-a3fa-4719-9989-cd8d04c08f7a/polymetics_demt/rebuttal_dataset/simulation_bimodal_group/policy_rollouts/B04/videos/case_04_repeat_1_execution_0.mp4
B04,5,0,20300857,indeterminate,0,0,policy_timeout,target_miss,policy_timeout;target_miss,6.399751,0.000364,0.369469,5b5997761178026bb15ab7f58320802fcf4153c8b996e3f0916e1e729f98c86d,c641b09d1367679730e8641623462bfa4adb1d0522e0a9c7d772f3591f010c35,10dbbe16da06b4013899e350fece05687abc8c45471b584ac5a2473a0e486dad,/cephfs/volumes/hpc_data_prj/eng_demt_robot_learning/45908032-a3fa-4719-9989-cd8d04c08f7a/polymetics_demt/rebuttal_dataset/simulation_bimodal_group/policy_rollouts/B04/videos/case_05_repeat_0_execution_0.mp4
B04,5,1,20300858,indeterminate,0,0,policy_timeout,target_miss,policy_timeout;target_miss,0.602681,0.000388,0.252913,5b5997761178026bb15ab7f58320802fcf4153c8b996e3f0916e1e729f98c86d,c641b09d1367679730e8641623462bfa4adb1d0522e0a9c7d772f3591f010c35,10dbbe16da06b4013899e350fece05687abc8c45471b584ac5a2473a0e486dad,/cephfs/volumes/hpc_data_prj/eng_demt_robot_learning/45908032-a3fa-4719-9989-cd8d04c08f7a/polymetics_demt/rebuttal_dataset/simulation_bimodal_group/policy_rollouts/B04/videos/case_05_repeat_1_execution_0.mp4
B04,6,0,20300867,R,1,1,success,success,,0.021775,2.8e-05,0.110787,5b5997761178026bb15ab7f58320802fcf4153c8b996e3f0916e1e729f98c86d,c641b09d1367679730e8641623462bfa4adb1d0522e0a9c7d772f3591f010c35,10dbbe16da06b4013899e350fece05687abc8c45471b584ac5a2473a0e486dad,/cephfs/volumes/hpc_data_prj/eng_demt_robot_learning/45908032-a3fa-4719-9989-cd8d04c08f7a/polymetics_demt/rebuttal_dataset/simulation_bimodal_group/policy_rollouts/B04/videos/case_06_repeat_0_execution_0.mp4
B04,6,1,20300868,R,1,1,success,success,,0.008641,1.6e-05,0.126192,5b5997761178026bb15ab7f58320802fcf4153c8b996e3f0916e1e729f98c86d,c641b09d1367679730e8641623462bfa4adb1d0522e0a9c7d772f3591f010c35,10dbbe16da06b4013899e350fece05687abc8c45471b584ac5a2473a0e486dad,/cephfs/volumes/hpc_data_prj/eng_demt_robot_learning/45908032-a3fa-4719-9989-cd8d04c08f7a/polymetics_demt/rebuttal_dataset/simulation_bimodal_group/policy_rollouts/B04/videos/case_06_repeat_1_execution_0.mp4
B04,7,0,20300877,R,0,0,policy_timeout,cylinder_topple,cylinder_toppled;policy_timeout,0.016954,89.999993,0.179303,5b5997761178026bb15ab7f58320802fcf4153c8b996e3f0916e1e729f98c86d,c641b09d1367679730e8641623462bfa4adb1d0522e0a9c7d772f3591f010c35,10dbbe16da06b4013899e350fece05687abc8c45471b584ac5a2473a0e486dad,/cephfs/volumes/hpc_data_prj/eng_demt_robot_learning/45908032-a3fa-4719-9989-cd8d04c08f7a/polymetics_demt/rebuttal_dataset/simulation_bimodal_group/policy_rollouts/B04/videos/case_07_repeat_0_execution_0.mp4
B04,7,1,20300878,R,0,0,policy_timeout,target_miss,policy_timeout;target_miss,3.694921,0.000347,0.141119,5b5997761178026bb15ab7f58320802fcf4153c8b996e3f0916e1e729f98c86d,c641b09d1367679730e8641623462bfa4adb1d0522e0a9c7d772f3591f010c35,10dbbe16da06b4013899e350fece05687abc8c45471b584ac5a2473a0e486dad,/cephfs/volumes/hpc_data_prj/eng_demt_robot_learning/45908032-a3fa-4719-9989-cd8d04c08f7a/polymetics_demt/rebuttal_dataset/simulation_bimodal_group/policy_rollouts/B04/videos/case_07_repeat_1_execution_0.mp4
B04,8,0,20300887,R,1,1,success,success,,0.027391,0.0,0.147662,5b5997761178026bb15ab7f58320802fcf4153c8b996e3f0916e1e729f98c86d,c641b09d1367679730e8641623462bfa4adb1d0522e0a9c7d772f3591f010c35,10dbbe16da06b4013899e350fece05687abc8c45471b584ac5a2473a0e486dad,/cephfs/volumes/hpc_data_prj/eng_demt_robot_learning/45908032-a3fa-4719-9989-cd8d04c08f7a/polymetics_demt/rebuttal_dataset/simulation_bimodal_group/policy_rollouts/B04/videos/case_08_repeat_0_execution_0.mp4
B04,8,1,20300888,R,0,0,policy_timeout,cylinder_topple,cylinder_toppled;policy_timeout,0.088211,89.99999,0.158948,5b5997761178026bb15ab7f58320802fcf4153c8b996e3f0916e1e729f98c86d,c641b09d1367679730e8641623462bfa4adb1d0522e0a9c7d772f3591f010c35,10dbbe16da06b4013899e350fece05687abc8c45471b584ac5a2473a0e486dad,/cephfs/volumes/hpc_data_prj/eng_demt_robot_learning/45908032-a3fa-4719-9989-cd8d04c08f7a/polymetics_demt/rebuttal_dataset/simulation_bimodal_group/policy_rollouts/B04/videos/case_08_repeat_1_execution_0.mp4
B04,9,0,20300897,R,0,0,policy_timeout,target_miss,policy_timeout;target_miss,0.179644,7e-05,0.072972,5b5997761178026bb15ab7f58320802fcf4153c8b996e3f0916e1e729f98c86d,c641b09d1367679730e8641623462bfa4adb1d0522e0a9c7d772f3591f010c35,10dbbe16da06b4013899e350fece05687abc8c45471b584ac5a2473a0e486dad,/cephfs/volumes/hpc_data_prj/eng_demt_robot_learning/45908032-a3fa-4719-9989-cd8d04c08f7a/polymetics_demt/rebuttal_dataset/simulation_bimodal_group/policy_rollouts/B04/videos/case_09_repeat_0_execution_0.mp4
B04,9,1,20300898,R,1,1,success,success,,0.033071,7.6e-05,0.172489,5b5997761178026bb15ab7f58320802fcf4153c8b996e3f0916e1e729f98c86d,c641b09d1367679730e8641623462bfa4adb1d0522e0a9c7d772f3591f010c35,10dbbe16da06b4013899e350fece05687abc8c45471b584ac5a2473a0e486dad,/cephfs/volumes/hpc_data_prj/eng_demt_robot_learning/45908032-a3fa-4719-9989-cd8d04c08f7a/polymetics_demt/rebuttal_dataset/simulation_bimodal_group/policy_rollouts/B04/videos/case_09_repeat_1_execution_0.mp4
B05,0,0,20310807,indeterminate,0,0,policy_timeout,cylinder_topple,cylinder_toppled;policy_timeout;target_miss,1.477476,90.0,0.301409,80ea87e7f41b4c8cfb5b72d95d92c10bf7d041fff688954bc0e63c3f8db724fa,a2a2710df86f4066da81c895ac9f94214b9be41f5a021206722a25a10e69079a,10dbbe16da06b4013899e350fece05687abc8c45471b584ac5a2473a0e486dad,/cephfs/volumes/hpc_data_prj/eng_demt_robot_learning/45908032-a3fa-4719-9989-cd8d04c08f7a/polymetics_demt/rebuttal_dataset/simulation_bimodal_group/policy_rollouts/B05/videos/case_00_repeat_0_execution_0.mp4
B05,0,1,20310808,indeterminate,0,0,policy_timeout,cylinder_topple,cylinder_toppled;policy_timeout;target_miss,1.204702,89.999958,0.301409,80ea87e7f41b4c8cfb5b72d95d92c10bf7d041fff688954bc0e63c3f8db724fa,a2a2710df86f4066da81c895ac9f94214b9be41f5a021206722a25a10e69079a,10dbbe16da06b4013899e350fece05687abc8c45471b584ac5a2473a0e486dad,/cephfs/volumes/hpc_data_prj/eng_demt_robot_learning/45908032-a3fa-4719-9989-cd8d04c08f7a/polymetics_demt/rebuttal_dataset/simulation_bimodal_group/policy_rollouts/B05/videos/case_00_repeat_1_execution_0.mp4
B05,1,0,20310817,L,0,0,policy_timeout,target_miss,policy_timeout;target_miss,0.487141,0.000328,0.182581,80ea87e7f41b4c8cfb5b72d95d92c10bf7d041fff688954bc0e63c3f8db724fa,a2a2710df86f4066da81c895ac9f94214b9be41f5a021206722a25a10e69079a,10dbbe16da06b4013899e350fece05687abc8c45471b584ac5a2473a0e486dad,/cephfs/volumes/hpc_data_prj/eng_demt_robot_learning/45908032-a3fa-4719-9989-cd8d04c08f7a/polymetics_demt/rebuttal_dataset/simulation_bimodal_group/policy_rollouts/B05/videos/case_01_repeat_0_execution_0.mp4
B05,1,1,20310818,R,0,0,policy_timeout,cylinder_topple,cylinder_toppled;policy_timeout;target_miss,0.102201,89.999999,0.160396,80ea87e7f41b4c8cfb5b72d95d92c10bf7d041fff688954bc0e63c3f8db724fa,a2a2710df86f4066da81c895ac9f94214b9be41f5a021206722a25a10e69079a,10dbbe16da06b4013899e350fece05687abc8c45471b584ac5a2473a0e486dad,/cephfs/volumes/hpc_data_prj/eng_demt_robot_learning/45908032-a3fa-4719-9989-cd8d04c08f7a/polymetics_demt/rebuttal_dataset/simulation_bimodal_group/policy_rollouts/B05/videos/case_01_repeat_1_execution_0.mp4
B05,2,0,20310827,indeterminate,0,0,policy_timeout,cylinder_topple,cylinder_toppled;policy_timeout;target_miss,3.006254,89.999989,0.279975,80ea87e7f41b4c8cfb5b72d95d92c10bf7d041fff688954bc0e63c3f8db724fa,a2a2710df86f4066da81c895ac9f94214b9be41f5a021206722a25a10e69079a,10dbbe16da06b4013899e350fece05687abc8c45471b584ac5a2473a0e486dad,/cephfs/volumes/hpc_data_prj/eng_demt_robot_learning/45908032-a3fa-4719-9989-cd8d04c08f7a/polymetics_demt/rebuttal_dataset/simulation_bimodal_group/policy_rollouts/B05/videos/case_02_repeat_0_execution_0.mp4
B05,2,1,20310828,indeterminate,0,0,policy_timeout,target_miss,policy_timeout;target_miss,7.13478,4e-06,0.279975,80ea87e7f41b4c8cfb5b72d95d92c10bf7d041fff688954bc0e63c3f8db724fa,a2a2710df86f4066da81c895ac9f94214b9be41f5a021206722a25a10e69079a,10dbbe16da06b4013899e350fece05687abc8c45471b584ac5a2473a0e486dad,/cephfs/volumes/hpc_data_prj/eng_demt_robot_learning/45908032-a3fa-4719-9989-cd8d04c08f7a/polymetics_demt/rebuttal_dataset/simulation_bimodal_group/policy_rollouts/B05/videos/case_02_repeat_1_execution_0.mp4
B05,3,0,20310837,R,1,1,success,success,,0.09137,0.00034,0.148687,80ea87e7f41b4c8cfb5b72d95d92c10bf7d041fff688954bc0e63c3f8db724fa,a2a2710df86f4066da81c895ac9f94214b9be41f5a021206722a25a10e69079a,10dbbe16da06b4013899e350fece05687abc8c45471b584ac5a2473a0e486dad,/cephfs/volumes/hpc_data_prj/eng_demt_robot_learning/45908032-a3fa-4719-9989-cd8d04c08f7a/polymetics_demt/rebuttal_dataset/simulation_bimodal_group/policy_rollouts/B05/videos/case_03_repeat_0_execution_0.mp4
B05,3,1,20310838,R,0,0,policy_timeout,cylinder_topple,cylinder_toppled;policy_timeout,0.017466,90.0,0.158397,80ea87e7f41b4c8cfb5b72d95d92c10bf7d041fff688954bc0e63c3f8db724fa,a2a2710df86f4066da81c895ac9f94214b9be41f5a021206722a25a10e69079a,10dbbe16da06b4013899e350fece05687abc8c45471b584ac5a2473a0e486dad,/cephfs/volumes/hpc_data_prj/eng_demt_robot_learning/45908032-a3fa-4719-9989-cd8d04c08f7a/polymetics_demt/rebuttal_dataset/simulation_bimodal_group/policy_rollouts/B05/videos/case_03_repeat_1_execution_0.mp4
B05,4,0,20310847,L,1,1,success,success,,0.027593,7e-06,0.128185,80ea87e7f41b4c8cfb5b72d95d92c10bf7d041fff688954bc0e63c3f8db724fa,a2a2710df86f4066da81c895ac9f94214b9be41f5a021206722a25a10e69079a,10dbbe16da06b4013899e350fece05687abc8c45471b584ac5a2473a0e486dad,/cephfs/volumes/hpc_data_prj/eng_demt_robot_learning/45908032-a3fa-4719-9989-cd8d04c08f7a/polymetics_demt/rebuttal_dataset/simulation_bimodal_group/policy_rollouts/B05/videos/case_04_repeat_0_execution_0.mp4
B05,4,1,20310848,L,1,1,success,success,,0.012631,9e-06,0.136189,80ea87e7f41b4c8cfb5b72d95d92c10bf7d041fff688954bc0e63c3f8db724fa,a2a2710df86f4066da81c895ac9f94214b9be41f5a021206722a25a10e69079a,10dbbe16da06b4013899e350fece05687abc8c45471b584ac5a2473a0e486dad,/cephfs/volumes/hpc_data_prj/eng_demt_robot_learning/45908032-a3fa-4719-9989-cd8d04c08f7a/polymetics_demt/rebuttal_dataset/simulation_bimodal_group/policy_rollouts/B05/videos/case_04_repeat_1_execution_0.mp4
B05,5,0,20310857,R,0,0,policy_timeout,cylinder_topple,cylinder_toppled;policy_timeout,0.010368,89.99999,0.110078,80ea87e7f41b4c8cfb5b72d95d92c10bf7d041fff688954bc0e63c3f8db724fa,a2a2710df86f4066da81c895ac9f94214b9be41f5a021206722a25a10e69079a,10dbbe16da06b4013899e350fece05687abc8c45471b584ac5a2473a0e486dad,/cephfs/volumes/hpc_data_prj/eng_demt_robot_learning/45908032-a3fa-4719-9989-cd8d04c08f7a/polymetics_demt/rebuttal_dataset/simulation_bimodal_group/policy_rollouts/B05/videos/case_05_repeat_0_execution_0.mp4
B05,5,1,20310858,L,0,0,policy_timeout,cylinder_topple,cylinder_toppled;policy_timeout,0.062289,89.999982,0.038431,80ea87e7f41b4c8cfb5b72d95d92c10bf7d041fff688954bc0e63c3f8db724fa,a2a2710df86f4066da81c895ac9f94214b9be41f5a021206722a25a10e69079a,10dbbe16da06b4013899e350fece05687abc8c45471b584ac5a2473a0e486dad,/cephfs/volumes/hpc_data_prj/eng_demt_robot_learning/45908032-a3fa-4719-9989-cd8d04c08f7a/polymetics_demt/rebuttal_dataset/simulation_bimodal_group/policy_rollouts/B05/videos/case_05_repeat_1_execution_0.mp4
B05,6,0,20310867,L,0,0,policy_timeout,cylinder_topple,cylinder_toppled;policy_timeout;target_miss,2.581145,90.000006,0.05629,80ea87e7f41b4c8cfb5b72d95d92c10bf7d041fff688954bc0e63c3f8db724fa,a2a2710df86f4066da81c895ac9f94214b9be41f5a021206722a25a10e69079a,10dbbe16da06b4013899e350fece05687abc8c45471b584ac5a2473a0e486dad,/cephfs/volumes/hpc_data_prj/eng_demt_robot_learning/45908032-a3fa-4719-9989-cd8d04c08f7a/polymetics_demt/rebuttal_dataset/simulation_bimodal_group/policy_rollouts/B05/videos/case_06_repeat_0_execution_0.mp4
B05,6,1,20310868,R,1,1,success,success,,0.016134,1.8e-05,0.186089,80ea87e7f41b4c8cfb5b72d95d92c10bf7d041fff688954bc0e63c3f8db724fa,a2a2710df86f4066da81c895ac9f94214b9be41f5a021206722a25a10e69079a,10dbbe16da06b4013899e350fece05687abc8c45471b584ac5a2473a0e486dad,/cephfs/volumes/hpc_data_prj/eng_demt_robot_learning/45908032-a3fa-4719-9989-cd8d04c08f7a/polymetics_demt/rebuttal_dataset/simulation_bimodal_group/policy_rollouts/B05/videos/case_06_repeat_1_execution_0.mp4
B05,7,0,20310877,R,1,1,success,success,,0.013261,0.000259,0.183537,80ea87e7f41b4c8cfb5b72d95d92c10bf7d041fff688954bc0e63c3f8db724fa,a2a2710df86f4066da81c895ac9f94214b9be41f5a021206722a25a10e69079a,10dbbe16da06b4013899e350fece05687abc8c45471b584ac5a2473a0e486dad,/cephfs/volumes/hpc_data_prj/eng_demt_robot_learning/45908032-a3fa-4719-9989-cd8d04c08f7a/polymetics_demt/rebuttal_dataset/simulation_bimodal_group/policy_rollouts/B05/videos/case_07_repeat_0_execution_0.mp4
B05,7,1,20310878,R,0,0,policy_timeout,cylinder_topple,cylinder_toppled;policy_timeout,0.058127,89.999997,0.123531,80ea87e7f41b4c8cfb5b72d95d92c10bf7d041fff688954bc0e63c3f8db724fa,a2a2710df86f4066da81c895ac9f94214b9be41f5a021206722a25a10e69079a,10dbbe16da06b4013899e350fece05687abc8c45471b584ac5a2473a0e486dad,/cephfs/volumes/hpc_data_prj/eng_demt_robot_learning/45908032-a3fa-4719-9989-cd8d04c08f7a/polymetics_demt/rebuttal_dataset/simulation_bimodal_group/policy_rollouts/B05/videos/case_07_repeat_1_execution_0.mp4
B05,8,0,20310887,R,1,1,success,success,,0.017586,0.0,0.159463,80ea87e7f41b4c8cfb5b72d95d92c10bf7d041fff688954bc0e63c3f8db724fa,a2a2710df86f4066da81c895ac9f94214b9be41f5a021206722a25a10e69079a,10dbbe16da06b4013899e350fece05687abc8c45471b584ac5a2473a0e486dad,/cephfs/volumes/hpc_data_prj/eng_demt_robot_learning/45908032-a3fa-4719-9989-cd8d04c08f7a/polymetics_demt/rebuttal_dataset/simulation_bimodal_group/policy_rollouts/B05/videos/case_08_repeat_0_execution_0.mp4
B05,8,1,20310888,L,0,0,policy_timeout,cylinder_topple,cylinder_toppled;policy_timeout;target_miss,0.470856,90.000032,0.028814,80ea87e7f41b4c8cfb5b72d95d92c10bf7d041fff688954bc0e63c3f8db724fa,a2a2710df86f4066da81c895ac9f94214b9be41f5a021206722a25a10e69079a,10dbbe16da06b4013899e350fece05687abc8c45471b584ac5a2473a0e486dad,/cephfs/volumes/hpc_data_prj/eng_demt_robot_learning/45908032-a3fa-4719-9989-cd8d04c08f7a/polymetics_demt/rebuttal_dataset/simulation_bimodal_group/policy_rollouts/B05/videos/case_08_repeat_1_execution_0.mp4
B05,9,0,20310897,R,0,0,policy_timeout,cylinder_topple,cylinder_toppled;policy_timeout,0.013412,89.999967,0.188912,80ea87e7f41b4c8cfb5b72d95d92c10bf7d041fff688954bc0e63c3f8db724fa,a2a2710df86f4066da81c895ac9f94214b9be41f5a021206722a25a10e69079a,10dbbe16da06b4013899e350fece05687abc8c45471b584ac5a2473a0e486dad,/cephfs/volumes/hpc_data_prj/eng_demt_robot_learning/45908032-a3fa-4719-9989-cd8d04c08f7a/polymetics_demt/rebuttal_dataset/simulation_bimodal_group/policy_rollouts/B05/videos/case_09_repeat_0_execution_0.mp4
B05,9,1,20310898,L,0,0,policy_timeout,target_miss,policy_timeout;target_miss,0.755281,0.000258,0.173947,80ea87e7f41b4c8cfb5b72d95d92c10bf7d041fff688954bc0e63c3f8db724fa,a2a2710df86f4066da81c895ac9f94214b9be41f5a021206722a25a10e69079a,10dbbe16da06b4013899e350fece05687abc8c45471b584ac5a2473a0e486dad,/cephfs/volumes/hpc_data_prj/eng_demt_robot_learning/45908032-a3fa-4719-9989-cd8d04c08f7a/polymetics_demt/rebuttal_dataset/simulation_bimodal_group/policy_rollouts/B05/videos/case_09_repeat_1_execution_0.mp4
B06,0,0,20320807,indeterminate,0,0,policy_timeout,cylinder_topple,cylinder_toppled;policy_timeout;target_miss,2.146398,89.999998,0.301409,d1991df60b679490caa60d510fee41f26372c7de4e7b160e57179a3eccf8d900,6a3812ef09d9a2f7575288769fc3936b9246f0e5e5772fc36cda1002f7ebeb38,10dbbe16da06b4013899e350fece05687abc8c45471b584ac5a2473a0e486dad,/cephfs/volumes/hpc_data_prj/eng_demt_robot_learning/45908032-a3fa-4719-9989-cd8d04c08f7a/polymetics_demt/rebuttal_dataset/simulation_bimodal_group/policy_rollouts/B06/videos/case_00_repeat_0_execution_0.mp4
B06,0,1,20320808,L,0,0,policy_timeout,cylinder_topple,cylinder_toppled;policy_timeout;target_miss,0.132812,89.999991,0.105932,d1991df60b679490caa60d510fee41f26372c7de4e7b160e57179a3eccf8d900,6a3812ef09d9a2f7575288769fc3936b9246f0e5e5772fc36cda1002f7ebeb38,10dbbe16da06b4013899e350fece05687abc8c45471b584ac5a2473a0e486dad,/cephfs/volumes/hpc_data_prj/eng_demt_robot_learning/45908032-a3fa-4719-9989-cd8d04c08f7a/polymetics_demt/rebuttal_dataset/simulation_bimodal_group/policy_rollouts/B06/videos/case_00_repeat_1_execution_0.mp4
B06,1,0,20320817,R,0,0,policy_timeout,cylinder_topple,cylinder_toppled;policy_timeout;target_miss,0.804552,89.999992,0.105778,d1991df60b679490caa60d510fee41f26372c7de4e7b160e57179a3eccf8d900,6a3812ef09d9a2f7575288769fc3936b9246f0e5e5772fc36cda1002f7ebeb38,10dbbe16da06b4013899e350fece05687abc8c45471b584ac5a2473a0e486dad,/cephfs/volumes/hpc_data_prj/eng_demt_robot_learning/45908032-a3fa-4719-9989-cd8d04c08f7a/polymetics_demt/rebuttal_dataset/simulation_bimodal_group/policy_rollouts/B06/videos/case_01_repeat_0_execution_0.mp4
B06,1,1,20320818,R,1,1,success,success,,0.033034,0.0,0.139388,d1991df60b679490caa60d510fee41f26372c7de4e7b160e57179a3eccf8d900,6a3812ef09d9a2f7575288769fc3936b9246f0e5e5772fc36cda1002f7ebeb38,10dbbe16da06b4013899e350fece05687abc8c45471b584ac5a2473a0e486dad,/cephfs/volumes/hpc_data_prj/eng_demt_robot_learning/45908032-a3fa-4719-9989-cd8d04c08f7a/polymetics_demt/rebuttal_dataset/simulation_bimodal_group/policy_rollouts/B06/videos/case_01_repeat_1_execution_0.mp4
B06,2,0,20320827,indeterminate,0,0,policy_timeout,target_miss,policy_timeout;target_miss,2.730129,0.000198,0.279975,d1991df60b679490caa60d510fee41f26372c7de4e7b160e57179a3eccf8d900,6a3812ef09d9a2f7575288769fc3936b9246f0e5e5772fc36cda1002f7ebeb38,10dbbe16da06b4013899e350fece05687abc8c45471b584ac5a2473a0e486dad,/cephfs/volumes/hpc_data_prj/eng_demt_robot_learning/45908032-a3fa-4719-9989-cd8d04c08f7a/polymetics_demt/rebuttal_dataset/simulation_bimodal_group/policy_rollouts/B06/videos/case_02_repeat_0_execution_0.mp4
B06,2,1,20320828,indeterminate,0,0,policy_timeout,target_miss,policy_timeout;target_miss,4.27975,0.000353,0.279975,d1991df60b679490caa60d510fee41f26372c7de4e7b160e57179a3eccf8d900,6a3812ef09d9a2f7575288769fc3936b9246f0e5e5772fc36cda1002f7ebeb38,10dbbe16da06b4013899e350fece05687abc8c45471b584ac5a2473a0e486dad,/cephfs/volumes/hpc_data_prj/eng_demt_robot_learning/45908032-a3fa-4719-9989-cd8d04c08f7a/polymetics_demt/rebuttal_dataset/simulation_bimodal_group/policy_rollouts/B06/videos/case_02_repeat_1_execution_0.mp4
B06,3,0,20320837,R,0,0,policy_timeout,cylinder_topple,cylinder_toppled;policy_timeout;target_miss,0.879535,90.000003,0.110169,d1991df60b679490caa60d510fee41f26372c7de4e7b160e57179a3eccf8d900,6a3812ef09d9a2f7575288769fc3936b9246f0e5e5772fc36cda1002f7ebeb38,10dbbe16da06b4013899e350fece05687abc8c45471b584ac5a2473a0e486dad,/cephfs/volumes/hpc_data_prj/eng_demt_robot_learning/45908032-a3fa-4719-9989-cd8d04c08f7a/polymetics_demt/rebuttal_dataset/simulation_bimodal_group/policy_rollouts/B06/videos/case_03_repeat_0_execution_0.mp4
B06,3,1,20320838,R,0,0,policy_timeout,target_miss,policy_timeout;target_miss,0.420414,5.9e-05,0.147586,d1991df60b679490caa60d510fee41f26372c7de4e7b160e57179a3eccf8d900,6a3812ef09d9a2f7575288769fc3936b9246f0e5e5772fc36cda1002f7ebeb38,10dbbe16da06b4013899e350fece05687abc8c45471b584ac5a2473a0e486dad,/cephfs/volumes/hpc_data_prj/eng_demt_robot_learning/45908032-a3fa-4719-9989-cd8d04c08f7a/polymetics_demt/rebuttal_dataset/simulation_bimodal_group/policy_rollouts/B06/videos/case_03_repeat_1_execution_0.mp4
B06,4,0,20320847,L,1,1,success,success,,0.038364,1e-05,0.152981,d1991df60b679490caa60d510fee41f26372c7de4e7b160e57179a3eccf8d900,6a3812ef09d9a2f7575288769fc3936b9246f0e5e5772fc36cda1002f7ebeb38,10dbbe16da06b4013899e350fece05687abc8c45471b584ac5a2473a0e486dad,/cephfs/volumes/hpc_data_prj/eng_demt_robot_learning/45908032-a3fa-4719-9989-cd8d04c08f7a/polymetics_demt/rebuttal_dataset/simulation_bimodal_group/policy_rollouts/B06/videos/case_04_repeat_0_execution_0.mp4
B06,4,1,20320848,L,0,0,policy_timeout,cylinder_topple,cylinder_toppled;policy_timeout,0.042171,89.999974,0.025492,d1991df60b679490caa60d510fee41f26372c7de4e7b160e57179a3eccf8d900,6a3812ef09d9a2f7575288769fc3936b9246f0e5e5772fc36cda1002f7ebeb38,10dbbe16da06b4013899e350fece05687abc8c45471b584ac5a2473a0e486dad,/cephfs/volumes/hpc_data_prj/eng_demt_robot_learning/45908032-a3fa-4719-9989-cd8d04c08f7a/polymetics_demt/rebuttal_dataset/simulation_bimodal_group/policy_rollouts/B06/videos/case_04_repeat_1_execution_0.mp4
B06,5,0,20320857,indeterminate,0,0,policy_timeout,cylinder_topple,cylinder_toppled;policy_timeout;target_miss,0.651566,89.999999,0.369469,d1991df60b679490caa60d510fee41f26372c7de4e7b160e57179a3eccf8d900,6a3812ef09d9a2f7575288769fc3936b9246f0e5e5772fc36cda1002f7ebeb38,10dbbe16da06b4013899e350fece05687abc8c45471b584ac5a2473a0e486dad,/cephfs/volumes/hpc_data_prj/eng_demt_robot_learning/45908032-a3fa-4719-9989-cd8d04c08f7a/polymetics_demt/rebuttal_dataset/simulation_bimodal_group/policy_rollouts/B06/videos/case_05_repeat_0_execution_0.mp4
B06,5,1,20320858,indeterminate,0,0,policy_timeout,cylinder_topple,cylinder_toppled;policy_timeout;target_miss,6.273032,90.0,0.369469,d1991df60b679490caa60d510fee41f26372c7de4e7b160e57179a3eccf8d900,6a3812ef09d9a2f7575288769fc3936b9246f0e5e5772fc36cda1002f7ebeb38,10dbbe16da06b4013899e350fece05687abc8c45471b584ac5a2473a0e486dad,/cephfs/volumes/hpc_data_prj/eng_demt_robot_learning/45908032-a3fa-4719-9989-cd8d04c08f7a/polymetics_demt/rebuttal_dataset/simulation_bimodal_group/policy_rollouts/B06/videos/case_05_repeat_1_execution_0.mp4
B06,6,0,20320867,R,0,0,policy_timeout,cylinder_topple,cylinder_toppled;policy_timeout,0.034907,90.00001,0.083004,d1991df60b679490caa60d510fee41f26372c7de4e7b160e57179a3eccf8d900,6a3812ef09d9a2f7575288769fc3936b9246f0e5e5772fc36cda1002f7ebeb38,10dbbe16da06b4013899e350fece05687abc8c45471b584ac5a2473a0e486dad,/cephfs/volumes/hpc_data_prj/eng_demt_robot_learning/45908032-a3fa-4719-9989-cd8d04c08f7a/polymetics_demt/rebuttal_dataset/simulation_bimodal_group/policy_rollouts/B06/videos/case_06_repeat_0_execution_0.mp4
B06,6,1,20320868,L,1,1,success,success,,0.016944,4e-06,0.102794,d1991df60b679490caa60d510fee41f26372c7de4e7b160e57179a3eccf8d900,6a3812ef09d9a2f7575288769fc3936b9246f0e5e5772fc36cda1002f7ebeb38,10dbbe16da06b4013899e350fece05687abc8c45471b584ac5a2473a0e486dad,/cephfs/volumes/hpc_data_prj/eng_demt_robot_learning/45908032-a3fa-4719-9989-cd8d04c08f7a/polymetics_demt/rebuttal_dataset/simulation_bimodal_group/policy_rollouts/B06/videos/case_06_repeat_1_execution_0.mp4
B06,7,0,20320877,R,0,0,policy_timeout,cylinder_topple,cylinder_toppled;policy_timeout,0.031312,90.0,0.127301,d1991df60b679490caa60d510fee41f26372c7de4e7b160e57179a3eccf8d900,6a3812ef09d9a2f7575288769fc3936b9246f0e5e5772fc36cda1002f7ebeb38,10dbbe16da06b4013899e350fece05687abc8c45471b584ac5a2473a0e486dad,/cephfs/volumes/hpc_data_prj/eng_demt_robot_learning/45908032-a3fa-4719-9989-cd8d04c08f7a/polymetics_demt/rebuttal_dataset/simulation_bimodal_group/policy_rollouts/B06/videos/case_07_repeat_0_execution_0.mp4
B06,7,1,20320878,R,0,0,policy_timeout,cylinder_topple,cylinder_toppled;policy_timeout,0.01979,89.999998,0.154079,d1991df60b679490caa60d510fee41f26372c7de4e7b160e57179a3eccf8d900,6a3812ef09d9a2f7575288769fc3936b9246f0e5e5772fc36cda1002f7ebeb38,10dbbe16da06b4013899e350fece05687abc8c45471b584ac5a2473a0e486dad,/cephfs/volumes/hpc_data_prj/eng_demt_robot_learning/45908032-a3fa-4719-9989-cd8d04c08f7a/polymetics_demt/rebuttal_dataset/simulation_bimodal_group/policy_rollouts/B06/videos/case_07_repeat_1_execution_0.mp4
B06,8,0,20320887,R,0,0,policy_timeout,cylinder_topple,cylinder_toppled;policy_timeout;target_miss,0.169675,90.0,0.055953,d1991df60b679490caa60d510fee41f26372c7de4e7b160e57179a3eccf8d900,6a3812ef09d9a2f7575288769fc3936b9246f0e5e5772fc36cda1002f7ebeb38,10dbbe16da06b4013899e350fece05687abc8c45471b584ac5a2473a0e486dad,/cephfs/volumes/hpc_data_prj/eng_demt_robot_learning/45908032-a3fa-4719-9989-cd8d04c08f7a/polymetics_demt/rebuttal_dataset/simulation_bimodal_group/policy_rollouts/B06/videos/case_08_repeat_0_execution_0.mp4
B06,8,1,20320888,R,1,1,success,success,,0.024326,8.3e-05,0.161861,d1991df60b679490caa60d510fee41f26372c7de4e7b160e57179a3eccf8d900,6a3812ef09d9a2f7575288769fc3936b9246f0e5e5772fc36cda1002f7ebeb38,10dbbe16da06b4013899e350fece05687abc8c45471b584ac5a2473a0e486dad,/cephfs/volumes/hpc_data_prj/eng_demt_robot_learning/45908032-a3fa-4719-9989-cd8d04c08f7a/polymetics_demt/rebuttal_dataset/simulation_bimodal_group/policy_rollouts/B06/videos/case_08_repeat_1_execution_0.mp4
B06,9,0,20320897,R,0,0,policy_timeout,cylinder_topple,cylinder_toppled;policy_timeout,0.017528,90.000001,0.154277,d1991df60b679490caa60d510fee41f26372c7de4e7b160e57179a3eccf8d900,6a3812ef09d9a2f7575288769fc3936b9246f0e5e5772fc36cda1002f7ebeb38,10dbbe16da06b4013899e350fece05687abc8c45471b584ac5a2473a0e486dad,/cephfs/volumes/hpc_data_prj/eng_demt_robot_learning/45908032-a3fa-4719-9989-cd8d04c08f7a/polymetics_demt/rebuttal_dataset/simulation_bimodal_group/policy_rollouts/B06/videos/case_09_repeat_0_execution_0.mp4
B06,9,1,20320898,R,0,0,policy_timeout,cylinder_topple,cylinder_toppled;policy_timeout;target_miss,0.482132,89.999998,0.145184,d1991df60b679490caa60d510fee41f26372c7de4e7b160e57179a3eccf8d900,6a3812ef09d9a2f7575288769fc3936b9246f0e5e5772fc36cda1002f7ebeb38,10dbbe16da06b4013899e350fece05687abc8c45471b584ac5a2473a0e486dad,/cephfs/volumes/hpc_data_prj/eng_demt_robot_learning/45908032-a3fa-4719-9989-cd8d04c08f7a/polymetics_demt/rebuttal_dataset/simulation_bimodal_group/policy_rollouts/B06/videos/case_09_repeat_1_execution_0.mp4
B07,0,0,20330807,indeterminate,0,0,policy_timeout,target_miss,policy_timeout;target_miss,2.209719,0.000364,0.301409,30a0e9f76fb971a81bf52ab5cbed24f5753c1b41b77993d8cc5f5056b94e383d,e4d0ca43abb94296ddeb02dbdb4e4cad56e56d57ba240020b8eb6f0c86ec0121,10dbbe16da06b4013899e350fece05687abc8c45471b584ac5a2473a0e486dad,/cephfs/volumes/hpc_data_prj/eng_demt_robot_learning/45908032-a3fa-4719-9989-cd8d04c08f7a/polymetics_demt/rebuttal_dataset/simulation_bimodal_group/policy_rollouts/B07/videos/case_00_repeat_0_execution_0.mp4
B07,0,1,20330808,indeterminate,0,0,policy_timeout,target_miss,policy_timeout;target_miss,2.60889,0.000356,0.301409,30a0e9f76fb971a81bf52ab5cbed24f5753c1b41b77993d8cc5f5056b94e383d,e4d0ca43abb94296ddeb02dbdb4e4cad56e56d57ba240020b8eb6f0c86ec0121,10dbbe16da06b4013899e350fece05687abc8c45471b584ac5a2473a0e486dad,/cephfs/volumes/hpc_data_prj/eng_demt_robot_learning/45908032-a3fa-4719-9989-cd8d04c08f7a/polymetics_demt/rebuttal_dataset/simulation_bimodal_group/policy_rollouts/B07/videos/case_00_repeat_1_execution_0.mp4
B07,1,0,20330817,R,0,0,policy_timeout,cylinder_topple,cylinder_toppled;policy_timeout,0.054739,89.999888,0.07151,30a0e9f76fb971a81bf52ab5cbed24f5753c1b41b77993d8cc5f5056b94e383d,e4d0ca43abb94296ddeb02dbdb4e4cad56e56d57ba240020b8eb6f0c86ec0121,10dbbe16da06b4013899e350fece05687abc8c45471b584ac5a2473a0e486dad,/cephfs/volumes/hpc_data_prj/eng_demt_robot_learning/45908032-a3fa-4719-9989-cd8d04c08f7a/polymetics_demt/rebuttal_dataset/simulation_bimodal_group/policy_rollouts/B07/videos/case_01_repeat_0_execution_0.mp4
B07,1,1,20330818,R,0,0,policy_timeout,cylinder_topple,cylinder_toppled;policy_timeout,0.018675,90.0,0.064432,30a0e9f76fb971a81bf52ab5cbed24f5753c1b41b77993d8cc5f5056b94e383d,e4d0ca43abb94296ddeb02dbdb4e4cad56e56d57ba240020b8eb6f0c86ec0121,10dbbe16da06b4013899e350fece05687abc8c45471b584ac5a2473a0e486dad,/cephfs/volumes/hpc_data_prj/eng_demt_robot_learning/45908032-a3fa-4719-9989-cd8d04c08f7a/polymetics_demt/rebuttal_dataset/simulation_bimodal_group/policy_rollouts/B07/videos/case_01_repeat_1_execution_0.mp4
B07,2,0,20330827,indeterminate,0,0,policy_timeout,target_miss,policy_timeout;target_miss,5.607742,0.000325,0.279975,30a0e9f76fb971a81bf52ab5cbed24f5753c1b41b77993d8cc5f5056b94e383d,e4d0ca43abb94296ddeb02dbdb4e4cad56e56d57ba240020b8eb6f0c86ec0121,10dbbe16da06b4013899e350fece05687abc8c45471b584ac5a2473a0e486dad,/cephfs/volumes/hpc_data_prj/eng_demt_robot_learning/45908032-a3fa-4719-9989-cd8d04c08f7a/polymetics_demt/rebuttal_dataset/simulation_bimodal_group/policy_rollouts/B07/videos/case_02_repeat_0_execution_0.mp4
B07,2,1,20330828,indeterminate,0,0,policy_timeout,target_miss,policy_timeout;target_miss,5.163913,0.000271,0.279975,30a0e9f76fb971a81bf52ab5cbed24f5753c1b41b77993d8cc5f5056b94e383d,e4d0ca43abb94296ddeb02dbdb4e4cad56e56d57ba240020b8eb6f0c86ec0121,10dbbe16da06b4013899e350fece05687abc8c45471b584ac5a2473a0e486dad,/cephfs/volumes/hpc_data_prj/eng_demt_robot_learning/45908032-a3fa-4719-9989-cd8d04c08f7a/polymetics_demt/rebuttal_dataset/simulation_bimodal_group/policy_rollouts/B07/videos/case_02_repeat_1_execution_0.mp4
B07,3,0,20330837,L,0,0,policy_timeout,cylinder_topple,cylinder_toppled;policy_timeout,0.051769,89.999955,0.019647,30a0e9f76fb971a81bf52ab5cbed24f5753c1b41b77993d8cc5f5056b94e383d,e4d0ca43abb94296ddeb02dbdb4e4cad56e56d57ba240020b8eb6f0c86ec0121,10dbbe16da06b4013899e350fece05687abc8c45471b584ac5a2473a0e486dad,/cephfs/volumes/hpc_data_prj/eng_demt_robot_learning/45908032-a3fa-4719-9989-cd8d04c08f7a/polymetics_demt/rebuttal_dataset/simulation_bimodal_group/policy_rollouts/B07/videos/case_03_repeat_0_execution_0.mp4
B07,3,1,20330838,L,0,0,policy_timeout,cylinder_topple,cylinder_toppled;policy_timeout;target_miss,0.291785,89.999993,0.015059,30a0e9f76fb971a81bf52ab5cbed24f5753c1b41b77993d8cc5f5056b94e383d,e4d0ca43abb94296ddeb02dbdb4e4cad56e56d57ba240020b8eb6f0c86ec0121,10dbbe16da06b4013899e350fece05687abc8c45471b584ac5a2473a0e486dad,/cephfs/volumes/hpc_data_prj/eng_demt_robot_learning/45908032-a3fa-4719-9989-cd8d04c08f7a/polymetics_demt/rebuttal_dataset/simulation_bimodal_group/policy_rollouts/B07/videos/case_03_repeat_1_execution_0.mp4
B07,4,0,20330847,L,1,1,success,success,,0.056964,7e-06,0.157355,30a0e9f76fb971a81bf52ab5cbed24f5753c1b41b77993d8cc5f5056b94e383d,e4d0ca43abb94296ddeb02dbdb4e4cad56e56d57ba240020b8eb6f0c86ec0121,10dbbe16da06b4013899e350fece05687abc8c45471b584ac5a2473a0e486dad,/cephfs/volumes/hpc_data_prj/eng_demt_robot_learning/45908032-a3fa-4719-9989-cd8d04c08f7a/polymetics_demt/rebuttal_dataset/simulation_bimodal_group/policy_rollouts/B07/videos/case_04_repeat_0_execution_0.mp4
B07,4,1,20330848,L,1,1,success,success,,0.049493,0.000331,0.145557,30a0e9f76fb971a81bf52ab5cbed24f5753c1b41b77993d8cc5f5056b94e383d,e4d0ca43abb94296ddeb02dbdb4e4cad56e56d57ba240020b8eb6f0c86ec0121,10dbbe16da06b4013899e350fece05687abc8c45471b584ac5a2473a0e486dad,/cephfs/volumes/hpc_data_prj/eng_demt_robot_learning/45908032-a3fa-4719-9989-cd8d04c08f7a/polymetics_demt/rebuttal_dataset/simulation_bimodal_group/policy_rollouts/B07/videos/case_04_repeat_1_execution_0.mp4
B07,5,0,20330857,indeterminate,0,0,policy_timeout,cylinder_topple,cylinder_toppled;policy_timeout;target_miss,0.627897,90.0,0.369469,30a0e9f76fb971a81bf52ab5cbed24f5753c1b41b77993d8cc5f5056b94e383d,e4d0ca43abb94296ddeb02dbdb4e4cad56e56d57ba240020b8eb6f0c86ec0121,10dbbe16da06b4013899e350fece05687abc8c45471b584ac5a2473a0e486dad,/cephfs/volumes/hpc_data_prj/eng_demt_robot_learning/45908032-a3fa-4719-9989-cd8d04c08f7a/polymetics_demt/rebuttal_dataset/simulation_bimodal_group/policy_rollouts/B07/videos/case_05_repeat_0_execution_0.mp4
B07,5,1,20330858,L,1,1,success,success,,0.024083,9e-06,0.111523,30a0e9f76fb971a81bf52ab5cbed24f5753c1b41b77993d8cc5f5056b94e383d,e4d0ca43abb94296ddeb02dbdb4e4cad56e56d57ba240020b8eb6f0c86ec0121,10dbbe16da06b4013899e350fece05687abc8c45471b584ac5a2473a0e486dad,/cephfs/volumes/hpc_data_prj/eng_demt_robot_learning/45908032-a3fa-4719-9989-cd8d04c08f7a/polymetics_demt/rebuttal_dataset/simulation_bimodal_group/policy_rollouts/B07/videos/case_05_repeat_1_execution_0.mp4
B07,6,0,20330867,R,0,0,policy_timeout,target_miss,policy_timeout;target_miss,1.185909,0.000234,0.106961,30a0e9f76fb971a81bf52ab5cbed24f5753c1b41b77993d8cc5f5056b94e383d,e4d0ca43abb94296ddeb02dbdb4e4cad56e56d57ba240020b8eb6f0c86ec0121,10dbbe16da06b4013899e350fece05687abc8c45471b584ac5a2473a0e486dad,/cephfs/volumes/hpc_data_prj/eng_demt_robot_learning/45908032-a3fa-4719-9989-cd8d04c08f7a/polymetics_demt/rebuttal_dataset/simulation_bimodal_group/policy_rollouts/B07/videos/case_06_repeat_0_execution_0.mp4
B07,6,1,20330868,L,1,1,success,success,,0.042575,6e-06,0.184354,30a0e9f76fb971a81bf52ab5cbed24f5753c1b41b77993d8cc5f5056b94e383d,e4d0ca43abb94296ddeb02dbdb4e4cad56e56d57ba240020b8eb6f0c86ec0121,10dbbe16da06b4013899e350fece05687abc8c45471b584ac5a2473a0e486dad,/cephfs/volumes/hpc_data_prj/eng_demt_robot_learning/45908032-a3fa-4719-9989-cd8d04c08f7a/polymetics_demt/rebuttal_dataset/simulation_bimodal_group/policy_rollouts/B07/videos/case_06_repeat_1_execution_0.mp4
B07,7,0,20330877,R,0,0,policy_timeout,cylinder_topple,cylinder_toppled;policy_timeout,0.021697,90.0,0.046019,30a0e9f76fb971a81bf52ab5cbed24f5753c1b41b77993d8cc5f5056b94e383d,e4d0ca43abb94296ddeb02dbdb4e4cad56e56d57ba240020b8eb6f0c86ec0121,10dbbe16da06b4013899e350fece05687abc8c45471b584ac5a2473a0e486dad,/cephfs/volumes/hpc_data_prj/eng_demt_robot_learning/45908032-a3fa-4719-9989-cd8d04c08f7a/polymetics_demt/rebuttal_dataset/simulation_bimodal_group/policy_rollouts/B07/videos/case_07_repeat_0_execution_0.mp4
B07,7,1,20330878,R,0,0,policy_timeout,cylinder_topple,cylinder_toppled;policy_timeout,0.026445,90.000047,0.097541,30a0e9f76fb971a81bf52ab5cbed24f5753c1b41b77993d8cc5f5056b94e383d,e4d0ca43abb94296ddeb02dbdb4e4cad56e56d57ba240020b8eb6f0c86ec0121,10dbbe16da06b4013899e350fece05687abc8c45471b584ac5a2473a0e486dad,/cephfs/volumes/hpc_data_prj/eng_demt_robot_learning/45908032-a3fa-4719-9989-cd8d04c08f7a/polymetics_demt/rebuttal_dataset/simulation_bimodal_group/policy_rollouts/B07/videos/case_07_repeat_1_execution_0.mp4
B07,8,0,20330887,L,1,1,success,success,,0.042338,5e-06,0.150292,30a0e9f76fb971a81bf52ab5cbed24f5753c1b41b77993d8cc5f5056b94e383d,e4d0ca43abb94296ddeb02dbdb4e4cad56e56d57ba240020b8eb6f0c86ec0121,10dbbe16da06b4013899e350fece05687abc8c45471b584ac5a2473a0e486dad,/cephfs/volumes/hpc_data_prj/eng_demt_robot_learning/45908032-a3fa-4719-9989-cd8d04c08f7a/polymetics_demt/rebuttal_dataset/simulation_bimodal_group/policy_rollouts/B07/videos/case_08_repeat_0_execution_0.mp4
B07,8,1,20330888,L,1,1,success,success,,0.03564,1.1e-05,0.127222,30a0e9f76fb971a81bf52ab5cbed24f5753c1b41b77993d8cc5f5056b94e383d,e4d0ca43abb94296ddeb02dbdb4e4cad56e56d57ba240020b8eb6f0c86ec0121,10dbbe16da06b4013899e350fece05687abc8c45471b584ac5a2473a0e486dad,/cephfs/volumes/hpc_data_prj/eng_demt_robot_learning/45908032-a3fa-4719-9989-cd8d04c08f7a/polymetics_demt/rebuttal_dataset/simulation_bimodal_group/policy_rollouts/B07/videos/case_08_repeat_1_execution_0.mp4
B07,9,0,20330897,R,1,1,success,success,,0.027844,6.4e-05,0.163747,30a0e9f76fb971a81bf52ab5cbed24f5753c1b41b77993d8cc5f5056b94e383d,e4d0ca43abb94296ddeb02dbdb4e4cad56e56d57ba240020b8eb6f0c86ec0121,10dbbe16da06b4013899e350fece05687abc8c45471b584ac5a2473a0e486dad,/cephfs/volumes/hpc_data_prj/eng_demt_robot_learning/45908032-a3fa-4719-9989-cd8d04c08f7a/polymetics_demt/rebuttal_dataset/simulation_bimodal_group/policy_rollouts/B07/videos/case_09_repeat_0_execution_0.mp4
B07,9,1,20330898,R,0,0,policy_timeout,cylinder_topple,cylinder_toppled;policy_timeout,0.012803,90.0,0.124326,30a0e9f76fb971a81bf52ab5cbed24f5753c1b41b77993d8cc5f5056b94e383d,e4d0ca43abb94296ddeb02dbdb4e4cad56e56d57ba240020b8eb6f0c86ec0121,10dbbe16da06b4013899e350fece05687abc8c45471b584ac5a2473a0e486dad,/cephfs/volumes/hpc_data_prj/eng_demt_robot_learning/45908032-a3fa-4719-9989-cd8d04c08f7a/polymetics_demt/rebuttal_dataset/simulation_bimodal_group/policy_rollouts/B07/videos/case_09_repeat_1_execution_0.mp4
B08,0,0,20340807,indeterminate,0,0,policy_timeout,cylinder_topple,cylinder_toppled;policy_timeout;target_miss,0.703737,90.0,0.301409,775f1a38f30adb90e7268914a0a309670f3f0748b632a5ff46a96ca00a31486a,14d000c073843010ebf89cf3928ee1f63f05176693e02413196921b7769a1ebf,10dbbe16da06b4013899e350fece05687abc8c45471b584ac5a2473a0e486dad,/cephfs/volumes/hpc_data_prj/eng_demt_robot_learning/45908032-a3fa-4719-9989-cd8d04c08f7a/polymetics_demt/rebuttal_dataset/simulation_bimodal_group/policy_rollouts/B08/videos/case_00_repeat_0_execution_0.mp4
B08,0,1,20340808,L,0,0,policy_timeout,cylinder_topple,cylinder_toppled;policy_timeout;target_miss,0.298819,90.000056,0.10769,775f1a38f30adb90e7268914a0a309670f3f0748b632a5ff46a96ca00a31486a,14d000c073843010ebf89cf3928ee1f63f05176693e02413196921b7769a1ebf,10dbbe16da06b4013899e350fece05687abc8c45471b584ac5a2473a0e486dad,/cephfs/volumes/hpc_data_prj/eng_demt_robot_learning/45908032-a3fa-4719-9989-cd8d04c08f7a/polymetics_demt/rebuttal_dataset/simulation_bimodal_group/policy_rollouts/B08/videos/case_00_repeat_1_execution_0.mp4
B08,1,0,20340817,R,1,1,success,success,,0.071681,0.000332,0.163455,775f1a38f30adb90e7268914a0a309670f3f0748b632a5ff46a96ca00a31486a,14d000c073843010ebf89cf3928ee1f63f05176693e02413196921b7769a1ebf,10dbbe16da06b4013899e350fece05687abc8c45471b584ac5a2473a0e486dad,/cephfs/volumes/hpc_data_prj/eng_demt_robot_learning/45908032-a3fa-4719-9989-cd8d04c08f7a/polymetics_demt/rebuttal_dataset/simulation_bimodal_group/policy_rollouts/B08/videos/case_01_repeat_0_execution_0.mp4
B08,1,1,20340818,R,0,0,policy_timeout,cylinder_topple,cylinder_toppled;policy_timeout;target_miss,0.228522,90.0,0.03289,775f1a38f30adb90e7268914a0a309670f3f0748b632a5ff46a96ca00a31486a,14d000c073843010ebf89cf3928ee1f63f05176693e02413196921b7769a1ebf,10dbbe16da06b4013899e350fece05687abc8c45471b584ac5a2473a0e486dad,/cephfs/volumes/hpc_data_prj/eng_demt_robot_learning/45908032-a3fa-4719-9989-cd8d04c08f7a/polymetics_demt/rebuttal_dataset/simulation_bimodal_group/policy_rollouts/B08/videos/case_01_repeat_1_execution_0.mp4
B08,2,0,20340827,indeterminate,0,0,policy_timeout,target_miss,policy_timeout;target_miss,0.392187,0.00032,0.167727,775f1a38f30adb90e7268914a0a309670f3f0748b632a5ff46a96ca00a31486a,14d000c073843010ebf89cf3928ee1f63f05176693e02413196921b7769a1ebf,10dbbe16da06b4013899e350fece05687abc8c45471b584ac5a2473a0e486dad,/cephfs/volumes/hpc_data_prj/eng_demt_robot_learning/45908032-a3fa-4719-9989-cd8d04c08f7a/polymetics_demt/rebuttal_dataset/simulation_bimodal_group/policy_rollouts/B08/videos/case_02_repeat_0_execution_0.mp4
B08,2,1,20340828,L,0,0,policy_timeout,target_miss,policy_timeout;target_miss,0.304254,0.000376,0.097399,775f1a38f30adb90e7268914a0a309670f3f0748b632a5ff46a96ca00a31486a,14d000c073843010ebf89cf3928ee1f63f05176693e02413196921b7769a1ebf,10dbbe16da06b4013899e350fece05687abc8c45471b584ac5a2473a0e486dad,/cephfs/volumes/hpc_data_prj/eng_demt_robot_learning/45908032-a3fa-4719-9989-cd8d04c08f7a/polymetics_demt/rebuttal_dataset/simulation_bimodal_group/policy_rollouts/B08/videos/case_02_repeat_1_execution_0.mp4
B08,3,0,20340837,R,0,0,policy_timeout,cylinder_topple,cylinder_toppled;policy_timeout;target_miss,0.373934,90.000001,0.05691,775f1a38f30adb90e7268914a0a309670f3f0748b632a5ff46a96ca00a31486a,14d000c073843010ebf89cf3928ee1f63f05176693e02413196921b7769a1ebf,10dbbe16da06b4013899e350fece05687abc8c45471b584ac5a2473a0e486dad,/cephfs/volumes/hpc_data_prj/eng_demt_robot_learning/45908032-a3fa-4719-9989-cd8d04c08f7a/polymetics_demt/rebuttal_dataset/simulation_bimodal_group/policy_rollouts/B08/videos/case_03_repeat_0_execution_0.mp4
B08,3,1,20340838,R,1,1,success,success,,0.011517,4.7e-05,0.157755,775f1a38f30adb90e7268914a0a309670f3f0748b632a5ff46a96ca00a31486a,14d000c073843010ebf89cf3928ee1f63f05176693e02413196921b7769a1ebf,10dbbe16da06b4013899e350fece05687abc8c45471b584ac5a2473a0e486dad,/cephfs/volumes/hpc_data_prj/eng_demt_robot_learning/45908032-a3fa-4719-9989-cd8d04c08f7a/polymetics_demt/rebuttal_dataset/simulation_bimodal_group/policy_rollouts/B08/videos/case_03_repeat_1_execution_0.mp4
B08,4,0,20340847,R,1,1,success,success,,0.021407,3.4e-05,0.16048,775f1a38f30adb90e7268914a0a309670f3f0748b632a5ff46a96ca00a31486a,14d000c073843010ebf89cf3928ee1f63f05176693e02413196921b7769a1ebf,10dbbe16da06b4013899e350fece05687abc8c45471b584ac5a2473a0e486dad,/cephfs/volumes/hpc_data_prj/eng_demt_robot_learning/45908032-a3fa-4719-9989-cd8d04c08f7a/polymetics_demt/rebuttal_dataset/simulation_bimodal_group/policy_rollouts/B08/videos/case_04_repeat_0_execution_0.mp4
B08,4,1,20340848,L,0,0,policy_timeout,target_miss,policy_timeout;target_miss,0.185317,0.000373,0.144718,775f1a38f30adb90e7268914a0a309670f3f0748b632a5ff46a96ca00a31486a,14d000c073843010ebf89cf3928ee1f63f05176693e02413196921b7769a1ebf,10dbbe16da06b4013899e350fece05687abc8c45471b584ac5a2473a0e486dad,/cephfs/volumes/hpc_data_prj/eng_demt_robot_learning/45908032-a3fa-4719-9989-cd8d04c08f7a/polymetics_demt/rebuttal_dataset/simulation_bimodal_group/policy_rollouts/B08/videos/case_04_repeat_1_execution_0.mp4
B08,5,0,20340857,R,0,0,policy_timeout,cylinder_topple,cylinder_toppled;policy_timeout,0.022304,89.999999,0.078223,775f1a38f30adb90e7268914a0a309670f3f0748b632a5ff46a96ca00a31486a,14d000c073843010ebf89cf3928ee1f63f05176693e02413196921b7769a1ebf,10dbbe16da06b4013899e350fece05687abc8c45471b584ac5a2473a0e486dad,/cephfs/volumes/hpc_data_prj/eng_demt_robot_learning/45908032-a3fa-4719-9989-cd8d04c08f7a/polymetics_demt/rebuttal_dataset/simulation_bimodal_group/policy_rollouts/B08/videos/case_05_repeat_0_execution_0.mp4
B08,5,1,20340858,L,1,1,success,success,,0.012779,0.000238,0.179799,775f1a38f30adb90e7268914a0a309670f3f0748b632a5ff46a96ca00a31486a,14d000c073843010ebf89cf3928ee1f63f05176693e02413196921b7769a1ebf,10dbbe16da06b4013899e350fece05687abc8c45471b584ac5a2473a0e486dad,/cephfs/volumes/hpc_data_prj/eng_demt_robot_learning/45908032-a3fa-4719-9989-cd8d04c08f7a/polymetics_demt/rebuttal_dataset/simulation_bimodal_group/policy_rollouts/B08/videos/case_05_repeat_1_execution_0.mp4
B08,6,0,20340867,R,1,1,success,success,,0.010025,3.5e-05,0.140244,775f1a38f30adb90e7268914a0a309670f3f0748b632a5ff46a96ca00a31486a,14d000c073843010ebf89cf3928ee1f63f05176693e02413196921b7769a1ebf,10dbbe16da06b4013899e350fece05687abc8c45471b584ac5a2473a0e486dad,/cephfs/volumes/hpc_data_prj/eng_demt_robot_learning/45908032-a3fa-4719-9989-cd8d04c08f7a/polymetics_demt/rebuttal_dataset/simulation_bimodal_group/policy_rollouts/B08/videos/case_06_repeat_0_execution_0.mp4
B08,6,1,20340868,R,0,0,policy_timeout,cylinder_topple,cylinder_toppled;policy_timeout,0.028406,90.000069,0.076785,775f1a38f30adb90e7268914a0a309670f3f0748b632a5ff46a96ca00a31486a,14d000c073843010ebf89cf3928ee1f63f05176693e02413196921b7769a1ebf,10dbbe16da06b4013899e350fece05687abc8c45471b584ac5a2473a0e486dad,/cephfs/volumes/hpc_data_prj/eng_demt_robot_learning/45908032-a3fa-4719-9989-cd8d04c08f7a/polymetics_demt/rebuttal_dataset/simulation_bimodal_group/policy_rollouts/B08/videos/case_06_repeat_1_execution_0.mp4
B08,7,0,20340877,R,0,0,policy_timeout,cylinder_topple,cylinder_toppled;policy_timeout,0.014813,89.999994,0.143052,775f1a38f30adb90e7268914a0a309670f3f0748b632a5ff46a96ca00a31486a,14d000c073843010ebf89cf3928ee1f63f05176693e02413196921b7769a1ebf,10dbbe16da06b4013899e350fece05687abc8c45471b584ac5a2473a0e486dad,/cephfs/volumes/hpc_data_prj/eng_demt_robot_learning/45908032-a3fa-4719-9989-cd8d04c08f7a/polymetics_demt/rebuttal_dataset/simulation_bimodal_group/policy_rollouts/B08/videos/case_07_repeat_0_execution_0.mp4
B08,7,1,20340878,R,0,0,policy_timeout,cylinder_topple,cylinder_toppled;policy_timeout;target_miss,0.895956,90.0,0.159748,775f1a38f30adb90e7268914a0a309670f3f0748b632a5ff46a96ca00a31486a,14d000c073843010ebf89cf3928ee1f63f05176693e02413196921b7769a1ebf,10dbbe16da06b4013899e350fece05687abc8c45471b584ac5a2473a0e486dad,/cephfs/volumes/hpc_data_prj/eng_demt_robot_learning/45908032-a3fa-4719-9989-cd8d04c08f7a/polymetics_demt/rebuttal_dataset/simulation_bimodal_group/policy_rollouts/B08/videos/case_07_repeat_1_execution_0.mp4
B08,8,0,20340887,L,1,1,success,success,,0.06119,0.000365,0.149731,775f1a38f30adb90e7268914a0a309670f3f0748b632a5ff46a96ca00a31486a,14d000c073843010ebf89cf3928ee1f63f05176693e02413196921b7769a1ebf,10dbbe16da06b4013899e350fece05687abc8c45471b584ac5a2473a0e486dad,/cephfs/volumes/hpc_data_prj/eng_demt_robot_learning/45908032-a3fa-4719-9989-cd8d04c08f7a/polymetics_demt/rebuttal_dataset/simulation_bimodal_group/policy_rollouts/B08/videos/case_08_repeat_0_execution_0.mp4
B08,8,1,20340888,R,0,0,policy_timeout,cylinder_topple,cylinder_toppled;policy_timeout,0.013487,89.999924,0.166948,775f1a38f30adb90e7268914a0a309670f3f0748b632a5ff46a96ca00a31486a,14d000c073843010ebf89cf3928ee1f63f05176693e02413196921b7769a1ebf,10dbbe16da06b4013899e350fece05687abc8c45471b584ac5a2473a0e486dad,/cephfs/volumes/hpc_data_prj/eng_demt_robot_learning/45908032-a3fa-4719-9989-cd8d04c08f7a/polymetics_demt/rebuttal_dataset/simulation_bimodal_group/policy_rollouts/B08/videos/case_08_repeat_1_execution_0.mp4
B08,9,0,20340897,R,0,0,policy_timeout,target_miss,policy_timeout;target_miss,0.101327,0.000215,0.164411,775f1a38f30adb90e7268914a0a309670f3f0748b632a5ff46a96ca00a31486a,14d000c073843010ebf89cf3928ee1f63f05176693e02413196921b7769a1ebf,10dbbe16da06b4013899e350fece05687abc8c45471b584ac5a2473a0e486dad,/cephfs/volumes/hpc_data_prj/eng_demt_robot_learning/45908032-a3fa-4719-9989-cd8d04c08f7a/polymetics_demt/rebuttal_dataset/simulation_bimodal_group/policy_rollouts/B08/videos/case_09_repeat_0_execution_0.mp4
B08,9,1,20340898,R,0,0,policy_timeout,cylinder_topple,cylinder_toppled;policy_timeout,0.007806,90.0,0.166035,775f1a38f30adb90e7268914a0a309670f3f0748b632a5ff46a96ca00a31486a,14d000c073843010ebf89cf3928ee1f63f05176693e02413196921b7769a1ebf,10dbbe16da06b4013899e350fece05687abc8c45471b584ac5a2473a0e486dad,/cephfs/volumes/hpc_data_prj/eng_demt_robot_learning/45908032-a3fa-4719-9989-cd8d04c08f7a/polymetics_demt/rebuttal_dataset/simulation_bimodal_group/policy_rollouts/B08/videos/case_09_repeat_1_execution_0.mp4
B09,0,0,20350807,indeterminate,0,0,policy_timeout,target_miss,policy_timeout;target_miss,0.393628,5e-06,0.14146,a3f38bd36a1c8e5bcd1c79e3e07be99bc33d00e04b0aa900025673999f8fb51f,4fbd302352b2a98cda7436d139492631d3c0be25210d18097f16b61bf42e7ca6,10dbbe16da06b4013899e350fece05687abc8c45471b584ac5a2473a0e486dad,/cephfs/volumes/hpc_data_prj/eng_demt_robot_learning/45908032-a3fa-4719-9989-cd8d04c08f7a/polymetics_demt/rebuttal_dataset/simulation_bimodal_group/policy_rollouts/B09/videos/case_00_repeat_0_execution_0.mp4
B09,0,1,20350808,indeterminate,0,0,policy_timeout,target_miss,policy_timeout;target_miss,2.300672,0.000428,0.301409,a3f38bd36a1c8e5bcd1c79e3e07be99bc33d00e04b0aa900025673999f8fb51f,4fbd302352b2a98cda7436d139492631d3c0be25210d18097f16b61bf42e7ca6,10dbbe16da06b4013899e350fece05687abc8c45471b584ac5a2473a0e486dad,/cephfs/volumes/hpc_data_prj/eng_demt_robot_learning/45908032-a3fa-4719-9989-cd8d04c08f7a/polymetics_demt/rebuttal_dataset/simulation_bimodal_group/policy_rollouts/B09/videos/case_00_repeat_1_execution_0.mp4
B09,1,0,20350817,R,0,0,policy_timeout,target_miss,policy_timeout;target_miss,0.396192,7.8e-05,0.138582,a3f38bd36a1c8e5bcd1c79e3e07be99bc33d00e04b0aa900025673999f8fb51f,4fbd302352b2a98cda7436d139492631d3c0be25210d18097f16b61bf42e7ca6,10dbbe16da06b4013899e350fece05687abc8c45471b584ac5a2473a0e486dad,/cephfs/volumes/hpc_data_prj/eng_demt_robot_learning/45908032-a3fa-4719-9989-cd8d04c08f7a/polymetics_demt/rebuttal_dataset/simulation_bimodal_group/policy_rollouts/B09/videos/case_01_repeat_0_execution_0.mp4
B09,1,1,20350818,R,1,1,success,success,,0.007254,2.7e-05,0.145794,a3f38bd36a1c8e5bcd1c79e3e07be99bc33d00e04b0aa900025673999f8fb51f,4fbd302352b2a98cda7436d139492631d3c0be25210d18097f16b61bf42e7ca6,10dbbe16da06b4013899e350fece05687abc8c45471b584ac5a2473a0e486dad,/cephfs/volumes/hpc_data_prj/eng_demt_robot_learning/45908032-a3fa-4719-9989-cd8d04c08f7a/polymetics_demt/rebuttal_dataset/simulation_bimodal_group/policy_rollouts/B09/videos/case_01_repeat_1_execution_0.mp4
B09,2,0,20350827,indeterminate,0,0,policy_timeout,cylinder_topple,cylinder_toppled;policy_timeout;target_miss,0.229958,90.0,0.201297,a3f38bd36a1c8e5bcd1c79e3e07be99bc33d00e04b0aa900025673999f8fb51f,4fbd302352b2a98cda7436d139492631d3c0be25210d18097f16b61bf42e7ca6,10dbbe16da06b4013899e350fece05687abc8c45471b584ac5a2473a0e486dad,/cephfs/volumes/hpc_data_prj/eng_demt_robot_learning/45908032-a3fa-4719-9989-cd8d04c08f7a/polymetics_demt/rebuttal_dataset/simulation_bimodal_group/policy_rollouts/B09/videos/case_02_repeat_0_execution_0.mp4
B09,2,1,20350828,indeterminate,0,0,policy_timeout,target_miss,policy_timeout;target_miss,5.065167,2e-06,0.279975,a3f38bd36a1c8e5bcd1c79e3e07be99bc33d00e04b0aa900025673999f8fb51f,4fbd302352b2a98cda7436d139492631d3c0be25210d18097f16b61bf42e7ca6,10dbbe16da06b4013899e350fece05687abc8c45471b584ac5a2473a0e486dad,/cephfs/volumes/hpc_data_prj/eng_demt_robot_learning/45908032-a3fa-4719-9989-cd8d04c08f7a/polymetics_demt/rebuttal_dataset/simulation_bimodal_group/policy_rollouts/B09/videos/case_02_repeat_1_execution_0.mp4
B09,3,0,20350837,R,0,0,policy_timeout,cylinder_topple,cylinder_toppled;policy_timeout;target_miss,0.110901,89.999932,0.078339,a3f38bd36a1c8e5bcd1c79e3e07be99bc33d00e04b0aa900025673999f8fb51f,4fbd302352b2a98cda7436d139492631d3c0be25210d18097f16b61bf42e7ca6,10dbbe16da06b4013899e350fece05687abc8c45471b584ac5a2473a0e486dad,/cephfs/volumes/hpc_data_prj/eng_demt_robot_learning/45908032-a3fa-4719-9989-cd8d04c08f7a/polymetics_demt/rebuttal_dataset/simulation_bimodal_group/policy_rollouts/B09/videos/case_03_repeat_0_execution_0.mp4
B09,3,1,20350838,L,0,0,policy_timeout,cylinder_topple,cylinder_toppled;policy_timeout;target_miss,0.137407,89.999999,0.048803,a3f38bd36a1c8e5bcd1c79e3e07be99bc33d00e04b0aa900025673999f8fb51f,4fbd302352b2a98cda7436d139492631d3c0be25210d18097f16b61bf42e7ca6,10dbbe16da06b4013899e350fece05687abc8c45471b584ac5a2473a0e486dad,/cephfs/volumes/hpc_data_prj/eng_demt_robot_learning/45908032-a3fa-4719-9989-cd8d04c08f7a/polymetics_demt/rebuttal_dataset/simulation_bimodal_group/policy_rollouts/B09/videos/case_03_repeat_1_execution_0.mp4
B09,4,0,20350847,L,1,1,success,success,,0.015535,1.1e-05,0.171357,a3f38bd36a1c8e5bcd1c79e3e07be99bc33d00e04b0aa900025673999f8fb51f,4fbd302352b2a98cda7436d139492631d3c0be25210d18097f16b61bf42e7ca6,10dbbe16da06b4013899e350fece05687abc8c45471b584ac5a2473a0e486dad,/cephfs/volumes/hpc_data_prj/eng_demt_robot_learning/45908032-a3fa-4719-9989-cd8d04c08f7a/polymetics_demt/rebuttal_dataset/simulation_bimodal_group/policy_rollouts/B09/videos/case_04_repeat_0_execution_0.mp4
B09,4,1,20350848,L,1,1,success,success,,0.031397,1.3e-05,0.193898,a3f38bd36a1c8e5bcd1c79e3e07be99bc33d00e04b0aa900025673999f8fb51f,4fbd302352b2a98cda7436d139492631d3c0be25210d18097f16b61bf42e7ca6,10dbbe16da06b4013899e350fece05687abc8c45471b584ac5a2473a0e486dad,/cephfs/volumes/hpc_data_prj/eng_demt_robot_learning/45908032-a3fa-4719-9989-cd8d04c08f7a/polymetics_demt/rebuttal_dataset/simulation_bimodal_group/policy_rollouts/B09/videos/case_04_repeat_1_execution_0.mp4
B09,5,0,20350857,R,0,0,policy_timeout,cylinder_topple,cylinder_toppled;policy_timeout,0.049689,89.999989,0.020879,a3f38bd36a1c8e5bcd1c79e3e07be99bc33d00e04b0aa900025673999f8fb51f,4fbd302352b2a98cda7436d139492631d3c0be25210d18097f16b61bf42e7ca6,10dbbe16da06b4013899e350fece05687abc8c45471b584ac5a2473a0e486dad,/cephfs/volumes/hpc_data_prj/eng_demt_robot_learning/45908032-a3fa-4719-9989-cd8d04c08f7a/polymetics_demt/rebuttal_dataset/simulation_bimodal_group/policy_rollouts/B09/videos/case_05_repeat_0_execution_0.mp4
B09,5,1,20350858,L,1,1,success,success,,0.013065,0.0,0.146213,a3f38bd36a1c8e5bcd1c79e3e07be99bc33d00e04b0aa900025673999f8fb51f,4fbd302352b2a98cda7436d139492631d3c0be25210d18097f16b61bf42e7ca6,10dbbe16da06b4013899e350fece05687abc8c45471b584ac5a2473a0e486dad,/cephfs/volumes/hpc_data_prj/eng_demt_robot_learning/45908032-a3fa-4719-9989-cd8d04c08f7a/polymetics_demt/rebuttal_dataset/simulation_bimodal_group/policy_rollouts/B09/videos/case_05_repeat_1_execution_0.mp4
B09,6,0,20350867,R,1,1,success,success,,0.014948,4.8e-05,0.190451,a3f38bd36a1c8e5bcd1c79e3e07be99bc33d00e04b0aa900025673999f8fb51f,4fbd302352b2a98cda7436d139492631d3c0be25210d18097f16b61bf42e7ca6,10dbbe16da06b4013899e350fece05687abc8c45471b584ac5a2473a0e486dad,/cephfs/volumes/hpc_data_prj/eng_demt_robot_learning/45908032-a3fa-4719-9989-cd8d04c08f7a/polymetics_demt/rebuttal_dataset/simulation_bimodal_group/policy_rollouts/B09/videos/case_06_repeat_0_execution_0.mp4
B09,6,1,20350868,R,1,1,success,success,,0.011178,3.2e-05,0.184378,a3f38bd36a1c8e5bcd1c79e3e07be99bc33d00e04b0aa900025673999f8fb51f,4fbd302352b2a98cda7436d139492631d3c0be25210d18097f16b61bf42e7ca6,10dbbe16da06b4013899e350fece05687abc8c45471b584ac5a2473a0e486dad,/cephfs/volumes/hpc_data_prj/eng_demt_robot_learning/45908032-a3fa-4719-9989-cd8d04c08f7a/polymetics_demt/rebuttal_dataset/simulation_bimodal_group/policy_rollouts/B09/videos/case_06_repeat_1_execution_0.mp4
B09,7,0,20350877,R,1,1,success,success,,0.034304,0.000348,0.15578,a3f38bd36a1c8e5bcd1c79e3e07be99bc33d00e04b0aa900025673999f8fb51f,4fbd302352b2a98cda7436d139492631d3c0be25210d18097f16b61bf42e7ca6,10dbbe16da06b4013899e350fece05687abc8c45471b584ac5a2473a0e486dad,/cephfs/volumes/hpc_data_prj/eng_demt_robot_learning/45908032-a3fa-4719-9989-cd8d04c08f7a/polymetics_demt/rebuttal_dataset/simulation_bimodal_group/policy_rollouts/B09/videos/case_07_repeat_0_execution_0.mp4
B09,7,1,20350878,R,0,0,policy_timeout,cylinder_topple,cylinder_toppled;policy_timeout,0.065678,90.000025,0.08707,a3f38bd36a1c8e5bcd1c79e3e07be99bc33d00e04b0aa900025673999f8fb51f,4fbd302352b2a98cda7436d139492631d3c0be25210d18097f16b61bf42e7ca6,10dbbe16da06b4013899e350fece05687abc8c45471b584ac5a2473a0e486dad,/cephfs/volumes/hpc_data_prj/eng_demt_robot_learning/45908032-a3fa-4719-9989-cd8d04c08f7a/polymetics_demt/rebuttal_dataset/simulation_bimodal_group/policy_rollouts/B09/videos/case_07_repeat_1_execution_0.mp4
B09,8,0,20350887,R,1,1,success,success,,0.036227,3.4e-05,0.150667,a3f38bd36a1c8e5bcd1c79e3e07be99bc33d00e04b0aa900025673999f8fb51f,4fbd302352b2a98cda7436d139492631d3c0be25210d18097f16b61bf42e7ca6,10dbbe16da06b4013899e350fece05687abc8c45471b584ac5a2473a0e486dad,/cephfs/volumes/hpc_data_prj/eng_demt_robot_learning/45908032-a3fa-4719-9989-cd8d04c08f7a/polymetics_demt/rebuttal_dataset/simulation_bimodal_group/policy_rollouts/B09/videos/case_08_repeat_0_execution_0.mp4
B09,8,1,20350888,L,1,1,success,success,,0.041839,0.0,0.198245,a3f38bd36a1c8e5bcd1c79e3e07be99bc33d00e04b0aa900025673999f8fb51f,4fbd302352b2a98cda7436d139492631d3c0be25210d18097f16b61bf42e7ca6,10dbbe16da06b4013899e350fece05687abc8c45471b584ac5a2473a0e486dad,/cephfs/volumes/hpc_data_prj/eng_demt_robot_learning/45908032-a3fa-4719-9989-cd8d04c08f7a/polymetics_demt/rebuttal_dataset/simulation_bimodal_group/policy_rollouts/B09/videos/case_08_repeat_1_execution_0.mp4
B09,9,0,20350897,R,1,1,success,success,,0.011294,2.3e-05,0.150574,a3f38bd36a1c8e5bcd1c79e3e07be99bc33d00e04b0aa900025673999f8fb51f,4fbd302352b2a98cda7436d139492631d3c0be25210d18097f16b61bf42e7ca6,10dbbe16da06b4013899e350fece05687abc8c45471b584ac5a2473a0e486dad,/cephfs/volumes/hpc_data_prj/eng_demt_robot_learning/45908032-a3fa-4719-9989-cd8d04c08f7a/polymetics_demt/rebuttal_dataset/simulation_bimodal_group/policy_rollouts/B09/videos/case_09_repeat_0_execution_0.mp4
B09,9,1,20350898,R,1,1,success,success,,0.025064,0.000375,0.153682,a3f38bd36a1c8e5bcd1c79e3e07be99bc33d00e04b0aa900025673999f8fb51f,4fbd302352b2a98cda7436d139492631d3c0be25210d18097f16b61bf42e7ca6,10dbbe16da06b4013899e350fece05687abc8c45471b584ac5a2473a0e486dad,/cephfs/volumes/hpc_data_prj/eng_demt_robot_learning/45908032-a3fa-4719-9989-cd8d04c08f7a/polymetics_demt/rebuttal_dataset/simulation_bimodal_group/policy_rollouts/B09/videos/case_09_repeat_1_execution_0.mp4
B10,0,0,20360807,R,0,0,policy_timeout,target_miss,policy_timeout;target_miss,0.31813,4e-06,0.07602,991ed7e0de4cf16ea05e76e6ef14c2fb9dc0436f8d7c196aeaa3bf3dfe34c154,87a77cd61a1ebaae66144c8810da65e3c675198052da84bbdd2c9ebbf079f4cb,10dbbe16da06b4013899e350fece05687abc8c45471b584ac5a2473a0e486dad,/cephfs/volumes/hpc_data_prj/eng_demt_robot_learning/45908032-a3fa-4719-9989-cd8d04c08f7a/polymetics_demt/rebuttal_dataset/simulation_bimodal_group/policy_rollouts/B10/videos/case_00_repeat_0_execution_0.mp4
B10,0,1,20360808,indeterminate,0,0,policy_timeout,cylinder_topple,cylinder_toppled;policy_timeout;target_miss,0.566848,90.000001,0.301409,991ed7e0de4cf16ea05e76e6ef14c2fb9dc0436f8d7c196aeaa3bf3dfe34c154,87a77cd61a1ebaae66144c8810da65e3c675198052da84bbdd2c9ebbf079f4cb,10dbbe16da06b4013899e350fece05687abc8c45471b584ac5a2473a0e486dad,/cephfs/volumes/hpc_data_prj/eng_demt_robot_learning/45908032-a3fa-4719-9989-cd8d04c08f7a/polymetics_demt/rebuttal_dataset/simulation_bimodal_group/policy_rollouts/B10/videos/case_00_repeat_1_execution_0.mp4
B10,1,0,20360817,R,0,0,policy_timeout,cylinder_topple,cylinder_toppled;policy_timeout;target_miss,0.293324,90.000002,0.03762,991ed7e0de4cf16ea05e76e6ef14c2fb9dc0436f8d7c196aeaa3bf3dfe34c154,87a77cd61a1ebaae66144c8810da65e3c675198052da84bbdd2c9ebbf079f4cb,10dbbe16da06b4013899e350fece05687abc8c45471b584ac5a2473a0e486dad,/cephfs/volumes/hpc_data_prj/eng_demt_robot_learning/45908032-a3fa-4719-9989-cd8d04c08f7a/polymetics_demt/rebuttal_dataset/simulation_bimodal_group/policy_rollouts/B10/videos/case_01_repeat_0_execution_0.mp4
B10,1,1,20360818,R,0,0,policy_timeout,cylinder_topple,cylinder_toppled;policy_timeout,0.048761,90.0,0.024303,991ed7e0de4cf16ea05e76e6ef14c2fb9dc0436f8d7c196aeaa3bf3dfe34c154,87a77cd61a1ebaae66144c8810da65e3c675198052da84bbdd2c9ebbf079f4cb,10dbbe16da06b4013899e350fece05687abc8c45471b584ac5a2473a0e486dad,/cephfs/volumes/hpc_data_prj/eng_demt_robot_learning/45908032-a3fa-4719-9989-cd8d04c08f7a/polymetics_demt/rebuttal_dataset/simulation_bimodal_group/policy_rollouts/B10/videos/case_01_repeat_1_execution_0.mp4
B10,2,0,20360827,indeterminate,0,0,policy_timeout,cylinder_topple,cylinder_toppled;policy_timeout;target_miss,3.120146,89.999928,0.279975,991ed7e0de4cf16ea05e76e6ef14c2fb9dc0436f8d7c196aeaa3bf3dfe34c154,87a77cd61a1ebaae66144c8810da65e3c675198052da84bbdd2c9ebbf079f4cb,10dbbe16da06b4013899e350fece05687abc8c45471b584ac5a2473a0e486dad,/cephfs/volumes/hpc_data_prj/eng_demt_robot_learning/45908032-a3fa-4719-9989-cd8d04c08f7a/polymetics_demt/rebuttal_dataset/simulation_bimodal_group/policy_rollouts/B10/videos/case_02_repeat_0_execution_0.mp4
B10,2,1,20360828,indeterminate,0,0,policy_timeout,cylinder_topple,cylinder_toppled;policy_timeout;target_miss,0.189485,90.0,0.248792,991ed7e0de4cf16ea05e76e6ef14c2fb9dc0436f8d7c196aeaa3bf3dfe34c154,87a77cd61a1ebaae66144c8810da65e3c675198052da84bbdd2c9ebbf079f4cb,10dbbe16da06b4013899e350fece05687abc8c45471b584ac5a2473a0e486dad,/cephfs/volumes/hpc_data_prj/eng_demt_robot_learning/45908032-a3fa-4719-9989-cd8d04c08f7a/polymetics_demt/rebuttal_dataset/simulation_bimodal_group/policy_rollouts/B10/videos/case_02_repeat_1_execution_0.mp4
B10,3,0,20360837,L,0,0,policy_timeout,cylinder_topple,cylinder_toppled;policy_timeout,0.029617,90.0,0.076681,991ed7e0de4cf16ea05e76e6ef14c2fb9dc0436f8d7c196aeaa3bf3dfe34c154,87a77cd61a1ebaae66144c8810da65e3c675198052da84bbdd2c9ebbf079f4cb,10dbbe16da06b4013899e350fece05687abc8c45471b584ac5a2473a0e486dad,/cephfs/volumes/hpc_data_prj/eng_demt_robot_learning/45908032-a3fa-4719-9989-cd8d04c08f7a/polymetics_demt/rebuttal_dataset/simulation_bimodal_group/policy_rollouts/B10/videos/case_03_repeat_0_execution_0.mp4
B10,3,1,20360838,L,0,0,policy_timeout,cylinder_topple,cylinder_toppled;policy_timeout,0.040718,90.0,0.021648,991ed7e0de4cf16ea05e76e6ef14c2fb9dc0436f8d7c196aeaa3bf3dfe34c154,87a77cd61a1ebaae66144c8810da65e3c675198052da84bbdd2c9ebbf079f4cb,10dbbe16da06b4013899e350fece05687abc8c45471b584ac5a2473a0e486dad,/cephfs/volumes/hpc_data_prj/eng_demt_robot_learning/45908032-a3fa-4719-9989-cd8d04c08f7a/polymetics_demt/rebuttal_dataset/simulation_bimodal_group/policy_rollouts/B10/videos/case_03_repeat_1_execution_0.mp4
B10,4,0,20360847,L,0,0,policy_timeout,cylinder_topple,cylinder_toppled;policy_timeout,0.0056,89.999998,0.016749,991ed7e0de4cf16ea05e76e6ef14c2fb9dc0436f8d7c196aeaa3bf3dfe34c154,87a77cd61a1ebaae66144c8810da65e3c675198052da84bbdd2c9ebbf079f4cb,10dbbe16da06b4013899e350fece05687abc8c45471b584ac5a2473a0e486dad,/cephfs/volumes/hpc_data_prj/eng_demt_robot_learning/45908032-a3fa-4719-9989-cd8d04c08f7a/polymetics_demt/rebuttal_dataset/simulation_bimodal_group/policy_rollouts/B10/videos/case_04_repeat_0_execution_0.mp4
B10,4,1,20360848,R,1,1,success,success,,0.006517,1.6e-05,0.125827,991ed7e0de4cf16ea05e76e6ef14c2fb9dc0436f8d7c196aeaa3bf3dfe34c154,87a77cd61a1ebaae66144c8810da65e3c675198052da84bbdd2c9ebbf079f4cb,10dbbe16da06b4013899e350fece05687abc8c45471b584ac5a2473a0e486dad,/cephfs/volumes/hpc_data_prj/eng_demt_robot_learning/45908032-a3fa-4719-9989-cd8d04c08f7a/polymetics_demt/rebuttal_dataset/simulation_bimodal_group/policy_rollouts/B10/videos/case_04_repeat_1_execution_0.mp4
B10,5,0,20360857,L,0,0,policy_timeout,target_miss,policy_timeout;target_miss,0.276166,4e-06,0.118308,991ed7e0de4cf16ea05e76e6ef14c2fb9dc0436f8d7c196aeaa3bf3dfe34c154,87a77cd61a1ebaae66144c8810da65e3c675198052da84bbdd2c9ebbf079f4cb,10dbbe16da06b4013899e350fece05687abc8c45471b584ac5a2473a0e486dad,/cephfs/volumes/hpc_data_prj/eng_demt_robot_learning/45908032-a3fa-4719-9989-cd8d04c08f7a/polymetics_demt/rebuttal_dataset/simulation_bimodal_group/policy_rollouts/B10/videos/case_05_repeat_0_execution_0.mp4
B10,5,1,20360858,indeterminate,0,0,policy_timeout,target_miss,policy_timeout;target_miss,0.54703,5e-06,0.369469,991ed7e0de4cf16ea05e76e6ef14c2fb9dc0436f8d7c196aeaa3bf3dfe34c154,87a77cd61a1ebaae66144c8810da65e3c675198052da84bbdd2c9ebbf079f4cb,10dbbe16da06b4013899e350fece05687abc8c45471b584ac5a2473a0e486dad,/cephfs/volumes/hpc_data_prj/eng_demt_robot_learning/45908032-a3fa-4719-9989-cd8d04c08f7a/polymetics_demt/rebuttal_dataset/simulation_bimodal_group/policy_rollouts/B10/videos/case_05_repeat_1_execution_0.mp4
B10,6,0,20360867,L,1,1,success,success,,0.020823,1e-05,0.109264,991ed7e0de4cf16ea05e76e6ef14c2fb9dc0436f8d7c196aeaa3bf3dfe34c154,87a77cd61a1ebaae66144c8810da65e3c675198052da84bbdd2c9ebbf079f4cb,10dbbe16da06b4013899e350fece05687abc8c45471b584ac5a2473a0e486dad,/cephfs/volumes/hpc_data_prj/eng_demt_robot_learning/45908032-a3fa-4719-9989-cd8d04c08f7a/polymetics_demt/rebuttal_dataset/simulation_bimodal_group/policy_rollouts/B10/videos/case_06_repeat_0_execution_0.mp4
B10,6,1,20360868,R,1,1,success,success,,0.015405,2e-05,0.108148,991ed7e0de4cf16ea05e76e6ef14c2fb9dc0436f8d7c196aeaa3bf3dfe34c154,87a77cd61a1ebaae66144c8810da65e3c675198052da84bbdd2c9ebbf079f4cb,10dbbe16da06b4013899e350fece05687abc8c45471b584ac5a2473a0e486dad,/cephfs/volumes/hpc_data_prj/eng_demt_robot_learning/45908032-a3fa-4719-9989-cd8d04c08f7a/polymetics_demt/rebuttal_dataset/simulation_bimodal_group/policy_rollouts/B10/videos/case_06_repeat_1_execution_0.mp4
B10,7,0,20360877,R,0,0,policy_timeout,cylinder_topple,cylinder_toppled;policy_timeout,0.027892,90.0,0.083065,991ed7e0de4cf16ea05e76e6ef14c2fb9dc0436f8d7c196aeaa3bf3dfe34c154,87a77cd61a1ebaae66144c8810da65e3c675198052da84bbdd2c9ebbf079f4cb,10dbbe16da06b4013899e350fece05687abc8c45471b584ac5a2473a0e486dad,/cephfs/volumes/hpc_data_prj/eng_demt_robot_learning/45908032-a3fa-4719-9989-cd8d04c08f7a/polymetics_demt/rebuttal_dataset/simulation_bimodal_group/policy_rollouts/B10/videos/case_07_repeat_0_execution_0.mp4
B10,7,1,20360878,R,0,0,policy_timeout,cylinder_topple,cylinder_toppled;policy_timeout,0.065948,90.000076,0.071211,991ed7e0de4cf16ea05e76e6ef14c2fb9dc0436f8d7c196aeaa3bf3dfe34c154,87a77cd61a1ebaae66144c8810da65e3c675198052da84bbdd2c9ebbf079f4cb,10dbbe16da06b4013899e350fece05687abc8c45471b584ac5a2473a0e486dad,/cephfs/volumes/hpc_data_prj/eng_demt_robot_learning/45908032-a3fa-4719-9989-cd8d04c08f7a/polymetics_demt/rebuttal_dataset/simulation_bimodal_group/policy_rollouts/B10/videos/case_07_repeat_1_execution_0.mp4
B10,8,0,20360887,L,1,1,success,success,,0.04786,2e-06,0.149766,991ed7e0de4cf16ea05e76e6ef14c2fb9dc0436f8d7c196aeaa3bf3dfe34c154,87a77cd61a1ebaae66144c8810da65e3c675198052da84bbdd2c9ebbf079f4cb,10dbbe16da06b4013899e350fece05687abc8c45471b584ac5a2473a0e486dad,/cephfs/volumes/hpc_data_prj/eng_demt_robot_learning/45908032-a3fa-4719-9989-cd8d04c08f7a/polymetics_demt/rebuttal_dataset/simulation_bimodal_group/policy_rollouts/B10/videos/case_08_repeat_0_execution_0.mp4
B10,8,1,20360888,L,1,1,success,success,,0.04781,5e-06,0.152941,991ed7e0de4cf16ea05e76e6ef14c2fb9dc0436f8d7c196aeaa3bf3dfe34c154,87a77cd61a1ebaae66144c8810da65e3c675198052da84bbdd2c9ebbf079f4cb,10dbbe16da06b4013899e350fece05687abc8c45471b584ac5a2473a0e486dad,/cephfs/volumes/hpc_data_prj/eng_demt_robot_learning/45908032-a3fa-4719-9989-cd8d04c08f7a/polymetics_demt/rebuttal_dataset/simulation_bimodal_group/policy_rollouts/B10/videos/case_08_repeat_1_execution_0.mp4
B10,9,0,20360897,R,1,1,success,success,,0.010689,0.0,0.167583,991ed7e0de4cf16ea05e76e6ef14c2fb9dc0436f8d7c196aeaa3bf3dfe34c154,87a77cd61a1ebaae66144c8810da65e3c675198052da84bbdd2c9ebbf079f4cb,10dbbe16da06b4013899e350fece05687abc8c45471b584ac5a2473a0e486dad,/cephfs/volumes/hpc_data_prj/eng_demt_robot_learning/45908032-a3fa-4719-9989-cd8d04c08f7a/polymetics_demt/rebuttal_dataset/simulation_bimodal_group/policy_rollouts/B10/videos/case_09_repeat_0_execution_0.mp4
B10,9,1,20360898,R,0,0,policy_timeout,cylinder_topple,cylinder_toppled;policy_timeout,0.026089,90.0,0.171859,991ed7e0de4cf16ea05e76e6ef14c2fb9dc0436f8d7c196aeaa3bf3dfe34c154,87a77cd61a1ebaae66144c8810da65e3c675198052da84bbdd2c9ebbf079f4cb,10dbbe16da06b4013899e350fece05687abc8c45471b584ac5a2473a0e486dad,/cephfs/volumes/hpc_data_prj/eng_demt_robot_learning/45908032-a3fa-4719-9989-cd8d04c08f7a/polymetics_demt/rebuttal_dataset/simulation_bimodal_group/policy_rollouts/B10/videos/case_09_repeat_1_execution_0.mp4
