t,dt,step,state_seq,control_mode,drive_mode,gripper_cmd,gripper_width,q0,q1,q2,q3,q4,q5,q6
0.0,0.0,0,0,takeover,cartesian_freedrive,-1.0,0.07999993803781141,0.1492737828796396,0.6075009414475847,0.06956231949304928,-1.6398848844203466,-0.11229834923241507,2.4144929254793355,1.0659676295737035
0.03333333333333333,0.03333333333333333,1,1,takeover,cartesian_freedrive,-1.0,0.079999963638624,0.14912496637953382,0.6039703027417628,0.06993920879747693,-1.63781703139473,-0.1117421096059042,2.4088994075299,1.0654514107316453
0.06666666666666667,0.03333333333333333,2,2,takeover,cartesian_freedrive,-1.0,0.0799999656050878,0.14895317448201997,0.5999096141879627,0.07037186419825561,-1.6354390896582205,-0.11110331676376657,2.402463597281361,1.0648587494723132
0.1,0.03333333333333334,3,3,takeover,cartesian_freedrive,-1.0,0.07999996081556125,0.1487809741308293,0.5958464889296106,0.07080516415345361,-1.6330594322605871,-0.11046455110625804,2.396023220268415,1.0642660340539483
0.13333333333333333,0.033333333333333326,4,4,takeover,cartesian_freedrive,-1.0,0.0799999543736137,0.14860877905344397,0.5917833430413518,0.0712384964916824,-1.6306797387737058,-0.1098257645408996,2.3895828790053693,1.0636732892257568
0.16666666666666666,0.033333333333333326,5,5,takeover,cartesian_freedrive,-1.0,0.07999995466386994,0.14843675393287703,0.587720139578273,0.07167157120715792,-1.6283001919496307,-0.10918675090176687,2.383142781794254,1.0630803847092367
0.2,0.033333333333333354,6,6,takeover,cartesian_freedrive,-1.0,0.07999995383921987,0.14826477166417285,0.5836569197459321,0.07210460223924578,-1.625920672338649,-0.10854767600699206,2.3767027600361907,1.062487433295026
0.23333333333333334,0.033333333333333326,7,7,takeover,cartesian_freedrive,-1.0,0.07999994937379265,0.14809254228706126,0.579593775054629,0.07253797494613941,-1.6235409814016724,-0.10790890708479614,2.3702624178776657,1.061894699959709
0.26666666666666666,0.033333333333333326,8,8,takeover,cartesian_freedrive,-1.0,0.07999994977779351,0.14792053771802421,0.5755305469493666,0.07297103723463637,-1.6211614486951242,-0.10726982788892715,2.3638224488587336,1.0613017358912211
0.3,0.033333333333333326,9,9,takeover,cartesian_freedrive,-1.0,0.07999995099900442,0.147748560123923,0.5714673102256161,0.07340406295298339,-1.6187819562418428,-0.10663071185416328,2.3573825098042596,1.0607087511371345
0.3333333333333333,0.033333333333333326,10,10,takeover,cartesian_freedrive,-1.0,0.07999995114135539,0.14757657433836086,0.5674040754004237,0.07383710025868935,-1.6164024386572704,-0.1059916068888015,2.350942569942741,1.0601157687198077
0.36666666666666664,0.033333333333333326,11,11,takeover,cartesian_freedrive,-1.0,0.07999997418568364,0.14761303422784233,0.5674760023000985,0.07383407149517374,-1.6155961003875283,-0.1059364385626582,2.3502074613674693,1.0600742864208845
0.4,0.03333333333333338,12,12,takeover,cartesian_freedrive,-1.0,0.07999997493919778,0.14781469567064093,0.5706658138512924,0.07350749942472193,-1.6157670433982079,-0.10630546833924187,2.353565629707137,1.060435862645716
0.43333333333333335,0.033333333333333326,13,13,takeover,cartesian_freedrive,-1.0,0.07999997411087104,0.14801729580849343,0.5738705201635217,0.07317949566209009,-1.6159388052117345,-0.10667622077859287,2.3569394650772564,1.0607991339829355
0.4666666666666667,0.033333333333333326,14,14,takeover,cartesian_freedrive,-1.0,0.0799999730720528,0.14821990188369005,0.5770752975785572,0.07285144705669319,-1.6161105794771193,-0.10704697935911653,2.360313375821268,1.0611624135384425
0.5,0.033333333333333326,15,15,takeover,cartesian_freedrive,-1.0,0.0799999731482311,0.14842250441715468,0.5802800769034219,0.07252345478867248,-1.616282330533192,-0.10741774436882429,2.3636872871218424,1.0615256929437373
0.5333333333333333,0.033333333333333326,16,16,takeover,cartesian_freedrive,-1.0,0.07999997327502723,0.14862510670887466,0.5834848563222801,0.07219547391640228,-1.6164540803541252,-0.10778850961863648,2.3670611984129395,1.061888972344748
0.5666666666666667,0.033333333333333326,17,17,takeover,cartesian_freedrive,-1.0,0.0799999719156098,0.14882771319112875,0.5866896339002653,0.07186742865730199,-1.6166258579769521,-0.10815926706219699,2.37043510947275,1.062252251969618
0.6,0.033333333333333326,18,18,takeover,cartesian_freedrive,-1.0,0.07999997074197286,0.149030319060556,0.5898944117384892,0.07153939832452287,-1.6167976319792499,-0.10853002538161272,2.3738090205548,1.0626155315641057
0.6333333333333333,0.033333333333333326,19,19,takeover,cartesian_freedrive,-1.0,0.07999997036159885,0.14923292282138992,0.593099190536665,0.07121138555947198,-1.6169693912283656,-0.10890078804880608,2.3771829317918343,1.0629788110335938
0.6666666666666666,0.033333333333333326,20,20,takeover,cartesian_freedrive,-1.0,0.07999996976295928,0.14943552707314742,0.5963039690957095,0.07088337860276436,-1.617141154478558,-0.10927154937901178,2.3805568429589505,1.0633420905444497
0.7,0.033333333333333326,21,21,takeover,cartesian_freedrive,-1.0,0.0799999681768736,0.14963813434629225,0.5995087463082228,0.07055533567479268,-1.6173129387336573,-0.10964230452541598,2.3839307539364287,1.0637053702228862
0.7333333333333333,0.033333333333333326,22,22,takeover,cartesian_freedrive,-1.0,0.0799999682746485,0.14984073682920881,0.602713525674179,0.07022734314053233,-1.6174846895472257,-0.1100130695213856,2.387304665242661,1.0640686496224339
0.7666666666666667,0.03333333333333344,23,23,takeover,cartesian_freedrive,-1.0,0.079999968382472,0.15004333924888,0.605918305070414,0.06989935123114438,-1.617656439878759,-0.11038383466376471,2.3906785765533307,1.0644319290176347
0.8,0.033333333333333326,24,24,takeover,cartesian_freedrive,-1.0,0.07999996672881396,0.15024594634726404,0.6091230823995027,0.06957129469072908,-1.617828222541846,-0.1107545903571135,2.394052487582388,1.06479520867396
0.8333333333333334,0.033333333333333326,25,25,takeover,cartesian_freedrive,-1.0,0.07999996497899287,0.1504485532364449,0.612327859776714,0.06924326929106839,-1.6180000053153882,-0.11112534557446657,2.397426398538957,1.065158488345909
0.8666666666666667,0.033333333333333326,26,26,takeover,cartesian_freedrive,-1.0,0.07999996479019478,0.15065115671767743,0.6155326387101764,0.06891526381279724,-1.618171763220596,-0.1114961084132762,2.400800309782147,1.065521767800129
0.9,0.033333333333333326,27,27,takeover,cartesian_freedrive,-1.0,0.07999996487870265,0.1508537592503366,0.6187374180681309,0.06858726963276623,-1.6183435144211313,-0.11186687324597754,2.4041742210871826,1.065885047199243
0.9333333333333333,0.033333333333333326,28,28,takeover,cartesian_freedrive,-1.0,0.07999996317188321,0.15105636613170456,0.6219421954983059,0.06825922148667057,-1.618515296463686,-0.11223762883629737,2.4075481321135546,1.0662483268467278
0.9666666666666667,0.033333333333333326,29,29,takeover,cartesian_freedrive,-1.0,0.07999996233477788,0.15125897193226429,0.6251469733533618,0.0679312164612104,-1.618687072582867,-0.1126083856239585,2.4109220432129774,1.0666116064009947
1.0,0.033333333333333326,30,30,takeover,cartesian_freedrive,-1.0,0.07999996244756186,0.15146157439601973,0.6283517527497899,0.06760322383714724,-1.6188588234265593,-0.11297915050027306,2.4142959545226463,1.0669748857934267
1.0333333333333334,0.03333333333333344,31,31,takeover,cartesian_freedrive,-1.0,0.07999996166256107,0.151664179197341,0.6315565311177789,0.06727519937225064,-1.619030590888593,-0.11334991038564374,2.417669865686676,1.067338165319292
1.0666666666666667,0.033333333333333215,32,32,takeover,cartesian_freedrive,-1.0,0.07999996047068356,0.15186678492976935,0.6347613090713954,0.06694716727889313,-1.6192023653401597,-0.11372066806013909,2.4210437767803543,1.0677014449008007
1.1,0.03333333333333344,33,33,takeover,cartesian_freedrive,-1.0,0.07999995812010272,0.15206939313404633,0.6379660859069128,0.06661912703880467,-1.6193741587937798,-0.1140914196228994,2.4244176876406525,1.0680647246479846
1.1333333333333333,0.033333333333333215,34,34,takeover,cartesian_freedrive,-1.0,0.0799999581718811,0.15227199581815393,0.6411708652141059,0.06629113621772925,-1.6195459115767359,-0.11446218378534,2.427791598918413,1.0684280040565743
1.1666666666666667,0.03333333333333344,35,35,takeover,cartesian_freedrive,-1.0,0.079999957194968,0.15247460083950876,0.6443756434981381,0.0659631116963322,-1.6197176812033733,-0.11483294281912328,2.431165510060378,1.0687912835943898
1.2,0.033333333333333215,36,36,takeover,cartesian_freedrive,-1.0,0.07999995625049405,0.15267720562146936,0.6475804218880457,0.06563509333668949,-1.6198894493208673,-0.1152037022423098,2.4345394212092772,1.0691545631196888
1.2333333333333334,0.03333333333333344,37,37,takeover,cartesian_freedrive,-1.0,0.07999995566432422,0.15287981004738382,0.6507852004395023,0.06530707914165544,-1.6200612148898648,-0.1155744624281418,2.4379133323817612,1.069517842623473
1.2666666666666666,0.033333333333333215,38,38,takeover,cartesian_freedrive,-1.0,0.0799999552512754,0.15308241409596834,0.6539899791358361,0.06497908184618181,-1.6202329784564764,-0.11594522294156277,2.441287243622646,1.0698811220657005
1.3,0.03333333333333344,39,39,takeover,cartesian_freedrive,-1.0,0.07999995449788896,0.1532850179853923,0.6571947579470521,0.06465107177152303,-1.6204047398601218,-0.11631598453258502,2.4446611547543733,1.070244401585203
1.3333333333333333,0.033333333333333215,40,40,takeover,cartesian_freedrive,-1.0,0.07999995128012921,0.15348762571028174,0.6603995350936628,0.0643230203428275,-1.6205765296399601,-0.11668673741091563,2.448035065431681,1.0706076814446395
1.3666666666666667,0.03333333333333344,41,41,takeover,cartesian_freedrive,-1.0,0.0799999530242714,0.15369022785281444,0.6636043146260435,0.06399502877743284,-1.6207482791843917,-0.11705750205473932,2.45140897711976,1.0709709605945352
1.4,0.033333333333333215,42,42,takeover,cartesian_freedrive,-1.0,0.0799999506408999,0.15389283534315107,0.6668090918507805,0.0636669937886894,-1.6209200686005403,-0.11742825451143901,2.4547828879666436,1.0713342403293846
1.4333333333333333,0.03333333333333344,43,43,takeover,cartesian_freedrive,-1.0,0.0799999499122125,0.15409544021416294,0.6700138702063401,0.0633389901803756,-1.621091838959472,-0.11779901265098938,2.458156799172956,1.071697519798981
1.4666666666666666,0.033333333333333215,44,44,takeover,cartesian_freedrive,-1.0,0.07999995008786157,0.15429804252651794,0.6732186497237002,0.06301099677501286,-1.6212635889241118,-0.11816977764142408,2.461530710496276,1.072060799171012
1.5,0.03333333333333344,45,45,takeover,cartesian_freedrive,-1.0,0.07999995031725919,0.1545006445887313,0.6764234293535355,0.06268300569264039,-1.6214353369101964,-0.11854054327837561,2.4649046218378667,1.0724240785273949
1.5333333333333334,0.03333333333333344,46,46,takeover,cartesian_freedrive,-1.0,0.07999994925296969,0.15470324986347836,0.6796282075774835,0.06235498183221391,-1.6216071096189983,-0.11891130094122754,2.4682785329521377,1.0727873580717584
1.5666666666666667,0.033333333333333215,47,47,takeover,cartesian_freedrive,-1.0,0.07999994830380085,0.15490585473247365,0.6828329859861801,0.062026961058253796,-1.6217788792767875,-0.11928205956222263,2.471652444097981,1.0731506375904032
1.6,0.03333333333333344,48,48,takeover,cartesian_freedrive,-1.0,0.07999994312523494,0.1551083095277651,0.6860378229758917,0.06169918238515109,-1.6219505122215725,-0.11965304500782116,2.475026094591559,1.0735140802205823
1.6333333333333333,0.033333333333333215,49,49,takeover,cartesian_freedrive,-1.0,0.07999994300069693,0.15531090152861216,0.6892426065764944,0.06137120604363677,-1.6221222514241151,-0.1200238260504507,2.478399988105521,1.07387737069508
1.6666666666666667,0.03333333333333344,50,50,takeover,cartesian_freedrive,-1.0,0.07999994319244935,0.1555135045167503,0.6924473859277887,0.061043213237389725,-1.6222939996014665,-0.1203945906732099,2.4817739006857678,1.074240649219453
1.7,0.033333333333333215,51,51,takeover,cartesian_freedrive,-1.0,0.07999994338876804,0.15571610757697038,0.6956521652554317,0.060715220194182316,-1.6224657478017628,-0.12076535521657658,2.4851478133725418,1.0746039276653765
1.7333333333333334,0.03333333333333344,52,52,takeover,cartesian_freedrive,-1.0,0.07999994147066004,0.1559187154005083,0.6988569425167419,0.060387182829241555,-1.622637533647337,-0.12113610731453475,2.4885217257277983,1.0749672063701718
1.7666666666666666,0.033333333333333215,53,53,takeover,cartesian_freedrive,-1.0,0.07999994165326739,0.15612131863761883,0.7020617217834726,0.06005918828146572,-1.6228092830108363,-0.1215068714169358,2.4918956384368185,1.0753304847790428
1.8,0.03333333333333344,54,54,takeover,cartesian_freedrive,-1.0,0.07999994242894637,0.1563239236073812,0.7052665013355921,0.05973121843339714,-1.6229810226624863,-0.1218776365549823,2.4952695522741473,1.0756937616003321
1.8333333333333333,0.033333333333333215,55,55,takeover,cartesian_freedrive,-1.0,0.07999994264755533,0.15652652666532324,0.7084712806734563,0.05940322508772579,-1.6231527705717408,-0.12224840117696656,2.498643465013622,1.07605703999
1.8666666666666667,0.03333333333333344,56,56,takeover,cartesian_freedrive,-1.0,0.07999994286799741,0.156729129724922,0.7116760600058966,0.059075231377755694,-1.6233245185410528,-0.12261916579577757,2.502017377756225,1.0764203183752135
1.9,0.033333333333333215,57,57,takeover,cartesian_freedrive,-1.0,0.07999994309235794,0.1569317328023369,0.7148808393349506,0.058747237506895485,-1.6234962664943868,-0.12298993041736642,2.505391290511818,1.0767835967423256
1.9333333333333333,0.03333333333333344,58,58,takeover,cartesian_freedrive,-1.0,0.07999994289360325,0.15713432455213178,0.7180856309920505,0.05841923997043139,-1.6236680143416182,-0.12336072801586445,2.5087651385541796,1.0771469085089629
1.9666666666666666,0.033333333333333215,59,59,takeover,cartesian_freedrive,-1.0,0.07999994310088712,0.1573369272485004,0.721290410720036,0.05809124573264377,-1.6238397622512428,-0.12373149376116968,2.512139049242417,1.0775101880174374
2.0,0.03333333333333344,60,60,takeover,cartesian_freedrive,-1.0,0.07999994396620355,0.1575395322800867,0.7244951902495593,0.05776327567456546,-1.6240115000174968,-0.12410225945326782,2.515512963589473,1.0778734646455217
2.033333333333333,0.033333333333333215,61,61,takeover,cartesian_freedrive,-1.0,0.07999994308367084,0.1577421375125065,0.7276999686136157,0.05743526092894281,-1.6241832652898438,-0.12447301813161685,2.518886876526677,1.078236743036743
2.066666666666667,0.03333333333333366,62,62,takeover,cartesian_freedrive,-1.0,0.0799999424858423,0.15794474284460042,0.7309047469436247,0.05710724544572242,-1.624355031317785,-0.12484377651518734,2.522260789475773,1.0786000214097358
2.1,0.033333333333333215,63,63,takeover,cartesian_freedrive,-1.0,0.0799999427196282,0.15814734594787958,0.7341095262175217,0.05677925069229038,-1.6245267791446714,-0.1252145410982105,2.52563470258473,1.0789632996538205
2.1333333333333333,0.033333333333333215,64,64,takeover,cartesian_freedrive,-1.0,0.07999994295805068,0.15834994905788338,0.7373143054921808,0.05645125587210293,-1.624698526873243,-0.12558530571452828,2.52900861570687,1.0793265778795642
2.1666666666666665,0.033333333333333215,65,65,takeover,cartesian_freedrive,-1.0,0.07999994320015763,0.1585525521855882,0.7405190847630183,0.05612326089133531,-1.6248702745907873,-0.12595607033462247,2.532382528841459,1.07968985608772
2.2,0.03333333333333366,66,66,takeover,cartesian_freedrive,-1.0,0.07999994375305367,0.15875514514806113,0.7437238797706185,0.05579528745702342,-1.6250420099264167,-0.12632687707037044,2.5357563626286286,1.0800531744492199
2.2333333333333334,0.033333333333333215,67,67,takeover,cartesian_freedrive,-1.0,0.07999994398053437,0.15895774806623741,0.7469286592635033,0.05546729233450376,-1.6252137574548007,-0.1266976424039984,2.539130274661449,1.0804164533420901
2.2666666666666666,0.033333333333333215,68,68,takeover,cartesian_freedrive,-1.0,0.07999994420857684,0.15916035119167582,0.7501334384611527,0.055139296654137596,-1.6253855052045378,-0.1270684069611366,2.5425041881750734,1.080779731473862
2.3,0.033333333333333215,69,69,takeover,cartesian_freedrive,-1.0,0.07999994444025711,0.1593629543370984,0.7533382176532035,0.0548113008120966,-1.6255572529481672,-0.12743917151584933,2.5458781017089716,1.081143009582371
2.3333333333333335,0.03333333333333366,70,70,takeover,cartesian_freedrive,-1.0,0.07999994326164464,0.15956556034082237,0.7565429956636303,0.0544832779033799,-1.6257290247799572,-0.12780992766609972,2.5492520150536775,1.081506287823998
2.3666666666666667,0.033333333333333215,71,71,takeover,cartesian_freedrive,1.0,0.07799996872114452,0.15964110255094127,0.7577595309518879,0.05436036811298636,-1.625793336145187,-0.1279529130629491,2.550528609469756,1.0816460839867357
2.4,0.033333333333333215,72,72,takeover,cartesian_freedrive,1.0,0.075333340092404,0.15964159524686347,0.7577672230165982,0.054359610418858645,-1.62579373334226,-0.12795382689189425,2.550536637200806,1.081646981073475
2.433333333333333,0.033333333333333215,73,73,takeover,cartesian_freedrive,1.0,0.07266671140305433,0.15964159858078653,0.7577672598621147,0.05435960677203409,-1.6257937353661955,-0.1279538307029594,2.550536676219082,1.08164698544153
2.466666666666667,0.03333333333333366,74,74,takeover,cartesian_freedrive,1.0,0.06999939940018055,0.15964308075085282,0.7577665493902824,0.05435974991472307,-1.625793945138354,-0.12795155870862868,2.550540200995604,1.0816448405437833
2.5,0.033333333333333215,75,75,takeover,cartesian_freedrive,1.0,0.06733319509984009,0.15964292835094232,0.7577665260989997,0.054359545701884025,-1.6257938304030475,-0.12795156631889024,2.5505404329147803,1.0816448078423342
2.533333333333333,0.033333333333333215,76,76,takeover,cartesian_freedrive,1.0,0.06466654983198779,0.15964295994277106,0.7577665152177986,0.05435968194899372,-1.6257938399988403,-0.1279515103073399,2.5505405533713574,1.0816448428592038
2.566666666666667,0.03333333333333366,77,77,takeover,cartesian_freedrive,1.0,0.06199923271573195,0.15964295892815492,0.7577665138823703,0.05435969220551711,-1.6257938099426745,-0.12795153175806004,2.5505405393325975,1.0816448452657228
2.6,0.033333333333333215,78,78,takeover,cartesian_freedrive,1.0,0.05933180542292565,0.15964295355495925,0.7577665120480056,0.054359859983239646,-1.6257938469360602,-0.12795145865990487,2.5505405105105634,1.081644958815516
2.6333333333333333,0.033333333333333215,79,79,takeover,cartesian_freedrive,1.0,0.05666473719922373,0.15964294464730291,0.7577665173981014,0.05435989192316057,-1.6257937888874214,-0.1279514597006221,2.550540559406503,1.0816450537759268
2.6666666666666665,0.033333333333333215,80,80,takeover,cartesian_freedrive,1.0,0.053997604311026334,0.15964291553857765,0.7577665201165417,0.054360307351615435,-1.625793663736804,-0.12795136991863332,2.5505406145057936,1.0816455246452321
2.7,0.03333333333333366,81,81,takeover,cartesian_freedrive,1.0,0.05133048828264089,0.15964292448109257,0.7577665173425696,0.05436019204521438,-1.625793674995906,-0.1279514118510564,2.5505406009764098,1.0816453432568522
2.7333333333333334,0.033333333333333215,82,82,takeover,cartesian_freedrive,1.0,0.04866325897833042,0.1596429260511909,0.7577665157633411,0.054360131554013424,-1.6257936859914779,-0.127951445847603,2.550540580378038,1.0816451857835025
2.7666666666666666,0.033333333333333215,83,83,takeover,cartesian_freedrive,1.0,0.04599631205507365,0.15964291806713504,0.7577665167707108,0.05436023125913215,-1.6257936553144592,-0.12795138199001332,2.5505406049281723,1.0816455297357135
2.8,0.033333333333333215,84,84,takeover,cartesian_freedrive,1.0,0.04332935416325724,0.15964293766567808,0.7577665142751909,0.05435994940124049,-1.625793706726407,-0.12795148557084476,2.5505405666213963,1.0816451044863138
2.8333333333333335,0.03333333333333366,85,85,takeover,cartesian_freedrive,1.0,0.04066265708550431,0.15964294441654026,0.7577665125604004,0.0543597711524646,-1.6257936744021044,-0.12795159164092915,2.5505405839364963,1.0816447845632506
2.8666666666666667,0.033333333333333215,86,86,takeover,cartesian_freedrive,1.0,0.037995973900856156,0.1596429427966161,0.7577665127954472,0.054359767503695144,-1.6257936499252272,-0.12795161364597482,2.550540592234792,1.0816447418842152
2.9,0.033333333333333215,87,87,takeover,cartesian_freedrive,1.0,0.0353293030128522,0.15964294049872668,0.7577665131230035,0.05435977617104113,-1.6257936244906661,-0.12795162493523207,2.5505406026975033,1.0816447502969806
2.933333333333333,0.033333333333333215,88,88,takeover,cartesian_freedrive,1.0,0.0326626410289555,0.1596429380848689,0.7577665134621543,0.05435978706136896,-1.6257935988357217,-0.12795163453849392,2.550540613558202,1.0816447666521518
2.966666666666667,0.03333333333333366,89,89,takeover,cartesian_freedrive,1.0,0.029995985353156486,0.15964293561365256,0.7577665138139273,0.05435979932269916,-1.6257935731629354,-0.12795164358559882,2.5505406246048614,1.0816447845380575
3.0,0.033333333333333215,90,90,takeover,cartesian_freedrive,1.0,0.02732933416710781,0.15964293315944325,0.7577665141321055,0.05435981232058654,-1.6257935479058399,-0.12795165210607157,2.550540635271355,1.0816448036757038
3.033333333333333,0.033333333333333215,91,91,takeover,cartesian_freedrive,1.0,0.024662686281313146,0.15964293064631419,0.7577665145058674,0.05435982578032959,-1.6257935222218054,-0.1279516607758062,2.5505406466679132,1.0816448218914592
3.066666666666667,0.03333333333333366,92,92,takeover,cartesian_freedrive,1.0,0.0219960407842272,0.15964292814234937,0.7577665148466334,0.05435983974311328,-1.6257934968813048,-0.12795166895089305,2.5505406577105494,1.0816448414193005
3.1,0.033333333333333215,93,93,takeover,cartesian_freedrive,1.0,0.019329397505493437,0.15964292564534743,0.7577665151901088,0.0543598537530051,-1.6257934715208966,-0.12795167705088106,2.550540668906101,1.0816448611711378
3.1333333333333333,0.033333333333333215,94,94,takeover,cartesian_freedrive,1.0,0.016662755709844143,0.1596429231141765,0.7577665155383984,0.05435986802239589,-1.6257934462035868,-0.12795168488394396,2.550540680206186,1.0816448809951307
3.1666666666666665,0.033333333333333215,95,95,takeover,cartesian_freedrive,1.0,0.013996115279331641,0.15964292071916636,0.7577665157689673,0.05435988247551967,-1.625793421765618,-0.1279516918641069,2.550540690244156,1.0816449054852
3.2,0.03333333333333366,96,96,takeover,cartesian_freedrive,1.0,0.011329500179115557,0.15964292514549341,0.7577665170798868,0.05435968291828117,-1.6257933638121858,-0.12795175195262382,2.5505407440134666,1.0816449137392425
3.2333333333333334,0.033333333333333215,97,97,takeover,cartesian_freedrive,1.0,0.009405018376383262,0.15964290154662752,0.7577665202017162,0.05435970864664357,-1.6257932275301854,-0.1279517826055553,2.55054080111915,1.0816449034933275
3.2666666666666666,0.033333333333333215,98,98,takeover,cartesian_freedrive,1.0,0.00867619654277688,0.1596428947746809,0.7577665217682186,0.054359727041426886,-1.6257931618961052,-0.12795180600369527,2.5505408373626066,1.081644935629499
3.3,0.033333333333333215,99,99,takeover,cartesian_freedrive,1.0,0.008406769320471425,0.15964288765866652,0.7577665233278835,0.054359740009009255,-1.6257930867420018,-0.1279518393365299,2.550540875821893,1.0816449498287417
3.3333333333333335,0.03333333333333366,100,100,takeover,cartesian_freedrive,1.0,0.008307183545357182,0.1596428799618571,0.75776652489104,0.05435975498803209,-1.6257930049275209,-0.12795187568147026,2.5505409160834707,1.0816449675486006
3.3666666666666667,0.033333333333333215,101,101,takeover,cartesian_freedrive,1.0,0.00826950400375575,0.15955782244529174,0.7560331061481963,0.05451781802986156,-1.6252696618886675,-0.1277167427759642,2.5482884899051323,1.0814165669342397
3.4,0.033333333333333215,102,102,takeover,cartesian_freedrive,1.0,0.008254186784765404,0.1594210982869962,0.7532467527028095,0.05477179559376772,-1.6244284655691277,-0.1273387912136104,2.544667835572478,1.0810494036650695
3.433333333333333,0.033333333333333215,103,103,takeover,cartesian_freedrive,1.0,0.008247245895281082,0.1592840495804937,0.7504537374889351,0.05502641118644799,-1.6235852557215646,-0.1269599369508186,2.541038525359609,1.0806813599864984
3.466666666666667,0.03333333333333366,104,104,takeover,cartesian_freedrive,1.0,0.008243422560349966,0.15914699931273107,0.7476606902115497,0.05528102984510131,-1.6227420361836686,-0.1265810783483882,2.5374091734827866,1.0803133120775963
3.5,0.033333333333333215,105,105,takeover,cartesian_freedrive,1.0,0.008240772351975336,0.15900994903770707,0.744867642779802,0.055535648514191294,-1.6218988165999966,-0.12620221972344328,2.533779821405869,1.0799452641669265
3.533333333333333,0.033333333333333215,106,106,takeover,cartesian_freedrive,1.0,0.008238576696948711,0.15887289876288063,0.742074595347269,0.055790267178302676,-1.6210555970170097,-0.12582336109630576,2.53015046932861,1.079577216275718
3.566666666666667,0.03333333333333366,107,107,takeover,cartesian_freedrive,1.0,0.008236570196939106,0.15873584848829275,0.739281547914687,0.05604488583676391,-1.6202123774349628,-0.12544450246697048,2.526521117252012,1.0792091684042375
3.6,0.033333333333333215,108,108,takeover,cartesian_freedrive,1.0,0.008234654981826621,0.15859879821395256,0.7364885004820568,0.056299504489021546,-1.6193691578538838,-0.12506564383539592,2.5228917651760887,1.0788411205525028
3.6333333333333333,0.033333333333333215,109,109,takeover,cartesian_freedrive,1.0,0.008232795112036102,0.1584617479398684,0.7336954530493761,0.05655412313452953,-1.6185259382737982,-0.12468678520154203,2.519262413100855,1.0784730727205085
3.6666666666666665,0.033333333333333215,110,110,takeover,cartesian_freedrive,1.0,0.00823097754127591,0.158324697666048,0.7309024056166422,0.05680874177272829,-1.6176827186947316,-0.12430792656536162,2.515633061026329,1.0781050249082538
3.7,0.03333333333333366,111,111,takeover,cartesian_freedrive,1.0,0.008229197685272516,0.15818764739249877,0.7281093581838523,0.05706336040303478,-1.6168394991167094,-0.12392906792680275,2.51200370895253,1.0777369771157423
3.7333333333333334,0.033333333333333215,112,112,takeover,cartesian_freedrive,1.0,0.00822745408682618,0.15805059711922786,0.7253163107510034,0.05731797902483724,-1.6159962795397569,-0.12355020928581092,2.508374356879478,1.0773689293429793
3.7666666666666666,0.033333333333333215,113,113,takeover,cartesian_freedrive,1.0,0.008225746443585478,0.15791354684624265,0.7225232633180934,0.05757259763749257,-1.615153059963902,-0.12317135064233106,2.504745004807194,1.0770008815899712
3.8,0.033333333333333215,114,114,takeover,cartesian_freedrive,1.0,0.008224074878947682,0.15777649657355092,0.7197302158851187,0.057827216240324386,-1.6143098403891714,-0.12279249199630796,2.5011156527356984,1.0766328338567228
3.8333333333333335,0.03333333333333366,115,115,takeover,cartesian_freedrive,1.0,0.008222439672516756,0.1576394463011604,0.7169371684520766,0.058081834832621776,-1.613466620815595,-0.12241363334768694,2.4974863006650128,1.0762647861432377
3.8666666666666667,0.033333333333333215,116,116,takeover,cartesian_freedrive,1.0,0.008220841160450122,0.15750239602907942,0.714144121018964,0.05833645341363812,-1.6126234012432006,-0.1220347746964139,2.493856948595155,1.0758967384495177
3.9,0.033333333333333215,117,117,takeover,cartesian_freedrive,1.0,0.008219279698609597,0.1573653457573168,0.7113510735857778,0.05859107198258994,-1.6117801816720194,-0.12165591604243524,2.4902275965261436,1.0755286907755623
3.933333333333333,0.033333333333333215,118,118,takeover,cartesian_freedrive,1.0,0.0082177556488474,0.15722829548588202,0.7085580261525137,0.05884569053838433,-1.610936962102095,-0.12127705738571036,2.4865982444579915,1.0751606431212655
3.966666666666667,0.03333333333333366,119,119,takeover,cartesian_freedrive,1.0,0.00821626937404109,0.15709124521478476,0.7057649787191689,0.05910030908021055,-1.6100937425334578,-0.12089819872618197,2.4829688923907187,1.0747925954866602
4.0,0.033333333333333215,120,120,takeover,cartesian_freedrive,1.0,0.008214821236241886,0.15695419494403764,0.7029719312857382,0.059354927606478536,-1.6092505229661753,-0.12051934006380971,2.4793395403243284,1.0744245478716046
4.033333333333333,0.033333333333333215,121,121,takeover,cartesian_freedrive,1.0,0.008213411595038038,0.1568171446736615,0.7001788838522125,0.05960954611320502,-1.6084073034004276,-0.12014048139861341,2.4757101882587853,1.0740565002753575
4.066666666666666,0.033333333333333215,122,122,takeover,cartesian_freedrive,1.0,0.008212040809359906,0.15668009440366037,0.6973858364185921,0.05986416460210209,-1.607564083836121,-0.11976162273044853,2.472080836194161,1.073688452698732
4.1,0.033333333333333215,123,123,takeover,cartesian_freedrive,1.0,0.008210709236512197,0.1565430441340446,0.6945927889848743,0.06011878307269188,-1.6067208642732662,-0.11938276405924216,2.4684514841304837,1.0733204051419052
4.133333333333334,0.0333333333333341,124,124,takeover,cartesian_freedrive,1.0,0.008209417231504108,0.1564059938648262,0.6917997415510552,0.06037340152395682,-1.6058776447118959,-0.11900390538494589,2.46482213206777,1.0729523576048552
4.166666666666667,0.033333333333333215,125,125,takeover,cartesian_freedrive,1.0,0.008208165147056818,0.1562689435960147,0.6890066941171322,0.06062801995523456,-1.6050344251520234,-0.11862504670752812,2.461192780006037,1.072584310087496
4.2,0.033333333333333215,126,126,takeover,cartesian_freedrive,1.0,0.008206953333305596,0.15613189332760208,0.686213646683112,0.06088263836890234,-1.6041912055934986,-0.1182461880270609,2.457563427945322,1.072216262589472
4.233333333333333,0.033333333333333215,127,127,takeover,cartesian_freedrive,1.0,0.00820578213848383,0.15599484305961017,0.6834205992489852,0.061137256762374,-1.6033479860364375,-0.1178673293434321,2.4539340758856327,1.0718482151109825
4.266666666666667,0.033333333333333215,128,128,takeover,cartesian_freedrive,1.0,0.008204651910029871,0.15585779279206813,0.6806275518147418,0.06139187513230647,-1.6025047664809942,-0.1174884706565113,2.450304723826969,1.071480167652307
4.3,0.033333333333333215,129,129,takeover,cartesian_freedrive,1.0,0.00820356299293265,0.1557207425249918,0.6778345043803766,0.06164649347736517,-1.601661546927212,-0.11710961196624826,2.4466753717693477,1.0711121202134364
4.333333333333333,0.033333333333333215,130,130,takeover,cartesian_freedrive,1.0,0.008202515729894774,0.15558369225839766,0.6750414569458849,0.06190111179619771,-1.6008183273751335,-0.11673075327259437,2.4430460197127815,1.0707440727943534
4.366666666666666,0.033333333333333215,131,131,takeover,cartesian_freedrive,1.0,0.00820151046144773,0.155446641992303,0.6722484095112621,0.06215573008740378,-1.5999751078248012,-0.11635189457550144,2.439416667657284,1.070376025395037
4.4,0.0333333333333341,132,132,takeover,cartesian_freedrive,1.0,0.008200547525985818,0.15530959172672573,0.6694553620765029,0.06241034834953462,-1.5991318882762593,-0.11597303587492189,2.4357873156028713,1.0700079780154643
4.433333333333334,0.033333333333333215,133,133,takeover,cartesian_freedrive,1.0,0.008199627259770303,0.1551725414616849,0.6666623146416029,0.06266496658109279,-1.5982886687295514,-0.1155941771708085,2.432157963549555,1.0696399306556086
4.466666666666667,0.033333333333333215,134,134,takeover,cartesian_freedrive,1.0,0.008198749996922501,0.15503549119720017,0.6638692672065561,0.06291958478053178,-1.5974454491847225,-0.11521531846311447,2.42852861149735,1.0692718833154395
4.5,0.033333333333333215,135,135,takeover,cartesian_freedrive,1.0,0.008197914972225002,0.1548984066061958,0.6610762223039947,0.0631742032905978,-1.596602228390385,-0.1148364848431549,2.424899250100086,1.0689038553774455
4.533333333333333,0.033333333333333215,136,136,takeover,cartesian_freedrive,1.0,0.00819712109366645,0.15476125834078608,0.6582831822449369,0.06342882106518107,-1.595759005196226,-0.11445769830492539,2.42126987082278,1.0685358636883726
4.566666666666666,0.033333333333333215,137,137,takeover,cartesian_freedrive,1.0,0.008197809200299725,0.15462392017112203,0.6554901573263836,0.06368343365600818,-1.5949157750804175,-0.11407905764527697,2.417640431664248,1.0681679836562543
4.6,0.033333333333333215,138,138,takeover,cartesian_freedrive,1.0,0.00819613487455935,0.15448667245770328,0.6526971244732629,0.06393789791749752,-1.5940725573082921,-0.11370034669283871,2.4140110218230606,1.0678000534994396
4.633333333333334,0.0333333333333341,139,139,takeover,cartesian_freedrive,1.0,0.008194961119354376,0.15434970861272546,0.6499040657187278,0.06419128728000165,-1.593229416931258,-0.1133214170324338,2.4103816867931442,1.0674319772741667
4.666666666666667,0.033333333333333215,140,140,takeover,cartesian_freedrive,1.0,0.00819388957811906,0.1542132037528413,0.6471109723922123,0.06444478326073916,-1.5923862853103883,-0.11294214415347352,2.406752481352449,1.067063632111222
4.7,0.033333333333333215,141,141,takeover,cartesian_freedrive,1.0,0.008193102502389462,0.15407616962051351,0.6443179235706116,0.06469931149639345,-1.591543070996421,-0.11256327061649647,2.403123133741008,1.0666955768273907
4.733333333333333,0.033333333333333215,142,142,takeover,cartesian_freedrive,1.0,0.00819245711752987,0.153939121067225,0.6415248756759987,0.06495389400360425,-1.5906998529492071,-0.11218441500528209,2.399493781337622,1.06632753215124
4.766666666666667,0.033333333333333215,143,143,takeover,cartesian_freedrive,1.0,0.008191866925984883,0.15380207209966706,0.6387318279842735,0.06520849019655334,-1.5898566336326176,-0.1118055600590314,2.39586442901485,1.065959486007981
4.8,0.033333333333333215,144,144,takeover,cartesian_freedrive,1.0,0.00819138012793399,0.153665023162037,0.6359387802213115,0.06546307636198652,-1.589013415101386,-0.11142670417205112,2.3922350766879426,1.06559144032388
4.833333333333333,0.033333333333333215,145,145,takeover,cartesian_freedrive,1.0,0.008190985363411393,0.15352797118385425,0.6331457333195306,0.06571772491701462,-1.5881701918639828,-0.1110478413721347,2.388605725435347,1.0652233908188136
4.866666666666666,0.033333333333333215,146,146,takeover,cartesian_freedrive,1.0,0.008190693010184448,0.1533909201768097,0.630352686186208,0.06597236921917984,-1.587326968967478,-0.11066898189668178,2.3849763738586915,1.0648553425871632
4.9,0.0333333333333341,147,147,takeover,cartesian_freedrive,1.0,0.008190459440623934,0.15325386953633274,0.6275596389419905,0.06622699996449344,-1.58648374704602,-0.11029012286872386,2.3813470221461697,1.0644872947293191
4.933333333333334,0.033333333333333215,148,148,takeover,cartesian_freedrive,1.0,0.008190160120464167,0.15311682233581464,0.6247665908736438,0.06648161899824077,-1.5856405262036875,-0.10991127621566299,2.3777176692493915,1.064119251418722
4.966666666666667,0.033333333333333215,149,149,takeover,cartesian_freedrive,1.0,0.008189909454266075,0.15297977283848738,0.6219735432688565,0.06673620189698834,-1.5847973076419235,-0.1095324183553215,2.374088317113983,1.063751204699058
5.0,0.033333333333333215,150,150,takeover,cartesian_freedrive,1.0,0.008189736734896829,0.15284272327067444,0.6191804956807281,0.06699078358784281,-1.5839540891211095,-0.10915356013949992,2.3704589650069168,1.0633831578692672
5.033333333333333,0.033333333333333215,151,151,takeover,cartesian_freedrive,1.0,0.00818969300334962,0.15270567013271277,0.6163874491209199,0.067245419655408,-1.5831108664793527,-0.10877469253582059,2.366829614108009,1.0630151055636514
5.066666666666666,0.033333333333333215,152,152,takeover,cartesian_freedrive,1.0,0.008189867165326764,0.15256861558204432,0.613594402945893,0.06750009928392757,-1.5822676408964398,-0.10839582245427462,2.363200263574631,1.0626470501911696
5.1,0.033333333333333215,153,153,takeover,cartesian_freedrive,1.0,0.008190101465822571,0.15243156291573942,0.6108013562057466,0.06775473339411675,-1.581424418328815,-0.1080169563438307,2.3595709123149575,1.062278997996097
5.133333333333334,0.0333333333333341,154,154,takeover,cartesian_freedrive,1.0,0.008190301762799421,0.1522945119480731,0.6080083090101486,0.06800934562918284,-1.5805811979581006,-0.10763809376205438,2.355941560827082,1.0619109511123817
5.166666666666667,0.033333333333333215,155,155,takeover,cartesian_freedrive,1.0,0.00819039195537494,0.15215745617259957,0.605215261783369,0.06826401824371979,-1.5797379748430798,-0.10725924934839681,2.352312206676873,1.061542913089926
5.2,0.033333333333333215,156,156,takeover,cartesian_freedrive,1.0,0.00819050737720616,0.15202030008741985,0.6024222225347612,0.06851883728538027,-1.5788947400930329,-0.10688047498885689,2.3486828288523256,1.0611749280582488
5.233333333333333,0.033333333333333215,157,157,takeover,cartesian_freedrive,1.0,0.008190710569090721,0.151883249562311,0.5996291754863883,0.06877357639630695,-1.578051511903255,-0.1065016207599424,2.3450534770556297,1.0608068823175234
5.266666666666667,0.033333333333333215,158,158,takeover,cartesian_freedrive,1.0,0.008191061327292543,0.15174619460089298,0.5968361290499121,0.06902828001052061,-1.5772082858369287,-0.10612275812693724,2.3414241259804776,1.0604388347430815
5.3,0.033333333333333215,159,159,takeover,cartesian_freedrive,1.0,0.008191308314030843,0.15160906374714134,0.5940430875263701,0.0692830764199976,-1.5763650539969218,-0.10574397306225028,2.3377947538892125,1.0600708382860544
5.333333333333333,0.033333333333333215,160,160,takeover,cartesian_freedrive,1.0,0.00819161761566975,0.15147201650420153,0.5912500398823607,0.06953769172225216,-1.5755218334915644,-0.1053651136041395,2.334165402797026,1.059702791747977
5.366666666666666,0.033333333333333215,161,161,takeover,cartesian_freedrive,1.0,0.00819207176682472,0.15133502177167257,0.5884569884582784,0.06979217017319221,-1.574678621662484,-0.1049862017981808,2.330536065153721,1.0593347128624357
5.4,0.0333333333333341,162,162,takeover,cartesian_freedrive,1.0,0.008192581533127286,0.15119810939298642,0.5856639303758832,0.07004645276457051,-1.5738354223952806,-0.10460723286631972,2.3269067454630665,1.0589665900902068
5.433333333333334,0.033333333333333215,163,163,takeover,cartesian_freedrive,1.0,0.008193150448722715,0.1510610602567373,0.5828708828068917,0.07030100681953981,-1.5729922042439597,-0.10422837180440518,2.3232773935485302,1.058598545421767
5.466666666666667,0.033333333333333215,164,164,takeover,cartesian_freedrive,1.0,0.008193740172527874,0.1509240106404368,0.5800778352627125,0.07055563128800647,-1.5721489826952544,-0.10384951565167558,2.3196480415847023,1.0582305012883289
5.5,0.033333333333333215,165,165,takeover,cartesian_freedrive,1.0,0.00819438657401706,0.1507869606127296,0.5772847877936397,0.07081018689878456,-1.5713057645077397,-0.10347065363856695,2.316018689680909,1.057862456909048
5.533333333333333,0.033333333333333215,166,166,takeover,cartesian_freedrive,1.0,0.008195091786865059,0.15064991054836646,0.5744917403637002,0.07106476762142179,-1.5704625451783683,-0.10309179293139165,2.312389337816097,1.0574944124794015
5.566666666666666,0.033333333333333215,167,167,takeover,cartesian_freedrive,1.0,0.008195831192625474,0.15051286091214147,0.5716986927980375,0.07131935228778188,-1.5696193264271017,-0.10271293353547743,2.3087599858352754,1.0571263680489935
5.6,0.033333333333333215,168,168,takeover,cartesian_freedrive,1.0,0.008196611883763173,0.15037581109391782,0.5689056453140189,0.0715739350994387,-1.5687761072259907,-0.10233407377276134,2.3051306339071265,1.0567583236169806
5.633333333333334,0.0333333333333341,169,169,takeover,cartesian_freedrive,1.0,0.008197442863804513,0.15023876146017254,0.5661125978077075,0.0718285164511529,-1.5679328880104229,-0.10195521489616101,2.3015012819346463,1.0563902792512847
5.666666666666667,0.033333333333333215,170,170,takeover,cartesian_freedrive,1.0,0.008198325094529007,0.1501017100001486,0.5633195508894296,0.07208325866006805,-1.5670896605421847,-0.10157635878650606,2.297871930552237,1.0560222351261541
5.7,0.033333333333333215,171,171,takeover,cartesian_freedrive,1.0,0.008199270527511775,0.14996466000454797,0.5605265034664947,0.07233787001511816,-1.56624644000693,-0.10119750007936286,2.2942425787034595,1.0556541904525385
5.733333333333333,0.033333333333333215,172,172,takeover,cartesian_freedrive,1.0,0.008200260478454457,0.1498275903240488,0.5577334579004504,0.07259271361641413,-1.56540320900098,-0.10081865854923698,2.2906132236559222,1.0552861562544962
5.766666666666667,0.033333333333333215,173,173,takeover,cartesian_freedrive,1.0,0.008201299356420706,0.14969038706009832,0.5549404212191974,0.07284762354739262,-1.564559970877395,-0.10043991962730685,2.286983839179393,1.0549181997918966
5.8,0.033333333333333215,174,174,takeover,cartesian_freedrive,1.0,0.008202379961210449,0.14955349886877797,0.5521473631573857,0.07310222750414369,-1.5637167564347891,-0.1000609369834638,2.2833545234619206,1.054550060081442
5.833333333333333,0.033333333333333215,175,175,takeover,cartesian_freedrive,1.0,0.00820353648982356,0.1494164301531743,0.5493543177972512,0.07335716742738681,-1.5628735210005198,-0.09968209493202965,2.279725169406733,1.0541820243677147
5.866666666666666,0.033333333333333215,176,176,takeover,cartesian_freedrive,1.0,0.008204751848851109,0.14927922230139032,0.5465612812238875,0.07361209724229902,-1.5620302828255481,-0.09930335880390904,2.2760957851041574,1.053814070019415
5.9,0.0333333333333341,177,177,takeover,cartesian_freedrive,1.0,0.008206014962508525,0.14914234164135864,0.5437682227704013,0.07386666413066532,-1.5611870707788997,-0.09892437080489075,2.272466469579021,1.0534459267736866
5.933333333333334,0.033333333333333215,178,178,takeover,cartesian_freedrive,1.0,0.008207309690127028,0.14900529470013468,0.5409751753216204,0.07412135995464735,-1.5603438480642122,-0.09854551022612244,2.268837118740104,1.0530778805253054
5.966666666666667,0.033333333333333215,179,179,takeover,cartesian_freedrive,1.0,0.008208681095778393,0.14886821920395946,0.5381821301914023,0.07437626804614461,-1.5595006152129005,-0.09816667228038513,2.265207763123745,1.0527098490622444
6.0,0.033333333333333215,180,180,takeover,cartesian_freedrive,1.0,0.008210114169709772,0.14873098149191757,0.5353890953318359,0.07463126858890642,-1.5586573746497288,-0.09778795789799281,2.2615783743274696,1.052341911222354
6.033333333333333,0.033333333333333215,181,181,takeover,cartesian_freedrive,1.0,0.008211597667581895,0.14859412840524847,0.5325960355475936,0.07488585975389134,-1.5578141618654264,-0.0974089494320488,2.2579490632182413,1.0519737527200705
6.066666666666666,0.033333333333333215,182,182,takeover,cartesian_freedrive,1.0,0.008213146977359993,0.14845688759284736,0.5298030007262542,0.07514086783881016,-1.5569709216126622,-0.09703023651844367,2.2543196746193934,1.0516058163515394
6.1,0.033333333333333215,183,183,takeover,cartesian_freedrive,1.0,0.008214734068782144,0.14832002302252228,0.5270099419073762,0.07539550268344887,-1.5561277067586166,-0.09665123773773847,2.2506903604720856,1.05123766505716
6.133333333333334,0.0333333333333341,184,184,takeover,cartesian_freedrive,1.0,0.008216378769649918,0.14818298468792993,0.5242168937208224,0.07565011249588628,-1.5552844877368848,-0.09627236980369962,2.2470610109057807,1.050869613738214
6.166666666666667,0.033333333333333215,185,185,takeover,cartesian_freedrive,1.0,0.008218080096787189,0.1480459346565099,0.5214238462514743,0.07590472283534172,-1.5544412683543314,-0.09589351070383358,2.2434316589682224,1.0505015694687811
6.2,0.033333333333333215,186,186,takeover,cartesian_freedrive,1.0,0.008219842944290744,0.1479088842962485,0.5186307988597061,0.07615935028369977,-1.5535980482226133,-0.09551465160525233,2.2398023070901085,1.0501335252134958
6.233333333333333,0.033333333333333215,187,187,takeover,cartesian_freedrive,1.0,0.008221673751384441,0.14777183452890616,0.5158377513113438,0.07641393891689824,-1.5527548296519729,-0.09513579260624072,2.236172955071701,1.049765480708728
6.266666666666667,0.033333333333333215,188,188,takeover,cartesian_freedrive,1.0,0.008223537899523434,0.1476347845663293,0.5130447038157053,0.07666854156090219,-1.5519116105415869,-0.09475693357828444,2.232543603093968,1.0493974366507628
6.3,0.033333333333333215,189,189,takeover,cartesian_freedrive,1.0,0.008225463338300343,0.1474977343527421,0.5102516563858596,0.076923160018476,-1.551068390787102,-0.09437807450034044,2.2289142511817546,1.049029392484904
6.333333333333333,0.033333333333333215,190,190,takeover,cartesian_freedrive,1.0,0.008227480645508546,0.14736068131623356,0.5074586096672583,0.07717795911198749,-1.5502251643274236,-0.09399921456255626,2.2252848999332633,1.0486613484907485
6.366666666666666,0.033333333333333215,191,191,takeover,cartesian_freedrive,1.0,0.008229507342656655,0.14722363464850352,0.5046655613412978,0.07743235575208986,-1.5493819528812027,-0.09362035687820901,2.221655547194595,1.0482933038654827
6.4,0.0333333333333341,192,192,takeover,cartesian_freedrive,1.0,0.008231602521772814,0.14708658461837512,0.5018725138661984,0.07768696310251945,-1.5485387335457328,-0.09324149786326562,2.2180261952441915,1.0479252597252338
6.433333333333334,0.033333333333333215,193,193,takeover,cartesian_freedrive,1.0,0.008233826185199472,0.14694952935419894,0.49907946767977307,0.07794190166235951,-1.547695502286206,-0.09286263716590837,2.2143968444866116,1.0475572153999237
6.466666666666667,0.033333333333333215,194,194,takeover,cartesian_freedrive,1.0,0.008236082708318415,0.1468124791209499,0.496286420245686,0.07819652042766136,-1.5468522826514044,-0.09248377804125024,2.2107674925742633,1.0471891710631616
6.5,0.033333333333333215,195,195,takeover,cartesian_freedrive,1.0,0.008238377323455587,0.1466754289908135,0.4934933727870431,0.07845113296532753,-1.546009063240036,-0.09210491894345535,2.2071381406361024,1.046821126906863
6.533333333333333,0.033333333333333215,196,196,takeover,cartesian_freedrive,1.0,0.008240723420851142,0.14653837886436571,0.4907003253279876,0.07870574530044287,-1.5451658438302416,-0.0917260598467832,2.203508788698554,1.046453082760495
6.566666666666666,0.033333333333333215,197,197,takeover,cartesian_freedrive,1.0,0.008243125992992798,0.14640132874113937,0.487907277868643,0.07896035745904317,-1.5443226244208266,-0.09134720075117266,2.1998794367617847,1.0460850386219434
6.6,0.033333333333333215,198,198,takeover,cartesian_freedrive,1.0,0.00824558699132458,0.1462642786211759,0.4851142304090114,0.0792149694384216,-1.5434794050117036,-0.09096834165665409,2.196250084825802,1.0457169944910467
6.633333333333334,0.0333333333333341,199,199,takeover,cartesian_freedrive,0.9998808444751399,0.008256031660025353,0.14576786555964036,0.4835986482560675,0.07928991680033527,-1.5425132612658585,-0.09058932195850967,2.1937992546832183,1.0449071161602885
6.666666666666667,0.033333333333333215,200,200,takeover,cartesian_freedrive,0.9997616889502798,0.008250994152768592,0.14529276660679782,0.4838692906984259,0.07919571374868707,-1.5419973263342006,-0.09042462878246993,2.1935841534643794,1.044235861235146
6.7,0.033333333333333215,201,201,takeover,cartesian_freedrive,0.9996425334254199,0.00824912586101126,0.14481728713553296,0.48414167989275597,0.07909957052432874,-1.5414784786411055,-0.09025988837523799,2.193367686140292,1.0435642123152196
6.733333333333333,0.033333333333333215,202,202,takeover,cartesian_freedrive,0.9995233779005598,0.00824843574994838,0.14434190030023122,0.4844149896561687,0.07900349723669982,-1.5409581307315459,-0.09009524054430049,2.1931505566746456,1.042892770638576
6.766666666666667,0.033333333333333215,203,203,takeover,cartesian_freedrive,0.9994042223756997,0.008248180861116018,0.14386660869891882,0.48468920539846133,0.07890749130218513,-1.5404363087649187,-0.08993068430018472,2.192932776569011,1.0422215383904516
6.8,0.033333333333333215,204,204,takeover,cartesian_freedrive,0.9992850668508396,0.008248086973118303,0.1433914126768581,0.48496432746995655,0.07881157152342369,-1.5399130116048163,-0.08976622137051565,2.192714346883889,1.0415505178574043
6.833333333333333,0.033333333333333215,205,205,takeover,cartesian_freedrive,0.9991659113259795,0.008253170112547403,0.14291628816481386,0.4852403554553206,0.07871654904361873,-1.5393883059393503,-0.08960184560283656,2.1924952500630956,1.0408797102397127
6.866666666666666,0.033333333333333215,206,206,takeover,cartesian_freedrive,0.9990467558011195,0.008253036410866325,0.14244129754443777,0.4855172919710428,0.07861728180740261,-1.5388621978470562,-0.08943758061449163,2.192275444209426,1.0402091333718686
6.9,0.0333333333333341,207,207,takeover,cartesian_freedrive,0.9989276002762594,0.008250076268443938,0.14196641481076394,0.4857951334408541,0.07852083220356416,-1.5383344926145157,-0.08927338231088625,2.1920550592985077,1.0395387388455084
6.933333333333334,0.033333333333333215,208,208,takeover,cartesian_freedrive,0.9988084447513993,0.008248984236720202,0.1414915996130649,0.486073887838529,0.07842520983372228,-1.537805273666737,-0.08910929288014904,2.1918340222285444,1.0388685667284443
6.966666666666667,0.033333333333333215,209,209,takeover,cartesian_freedrive,0.9986892892265392,0.008248580497643166,0.14101688037288582,0.4863535517349423,0.07832967338480679,-1.5372745757179567,-0.08894529617258988,2.1916123308850652,1.0381986079463597
7.0,0.033333333333333215,210,210,takeover,cartesian_freedrive,0.9985701337016791,0.0082484312560489,0.14054225675937523,0.48663412601699263,0.07823421859850918,-1.5367423934513897,-0.08878139334809901,2.1913899847970546,1.0375288631218902
7.033333333333333,0.033333333333333215,211,211,takeover,cartesian_freedrive,0.9984509781768192,0.008248376090394974,0.14006772919728389,0.48691561178193277,0.07813884263663731,-1.5362087258814732,-0.08861758435692448,2.1911669829525047,1.0368593327654996
7.066666666666666,0.033333333333333215,212,212,takeover,cartesian_freedrive,0.9983318226519591,0.008248355706709388,0.1395932974765492,0.48719800942533,0.07804354564381698,-1.535673571412018,-0.08845386936144443,2.190943324596316,1.0361900171782013
7.1,0.033333333333333215,213,213,takeover,cartesian_freedrive,0.998212667127099,0.008248347864852519,0.13911896206102708,0.4874813196652024,0.07794830234655178,-1.5351369291033792,-0.08829024849051673,2.190719009102099,1.035520917055449
7.133333333333334,0.0333333333333341,214,214,takeover,cartesian_freedrive,0.9980935116022389,0.008248345042920604,0.13864472240663941,0.4877655432578726,0.07785316284994516,-1.5345987954474556,-0.08812672297316167,2.190494036273192,1.034852033560469
7.166666666666667,0.033333333333333215,215,215,takeover,cartesian_freedrive,0.9979743560773788,0.008248343981982334,0.13817057912339126,0.4880506811780524,0.07775810285837956,-1.5340591705948683,-0.08796329203070465,2.1902684047136045,1.034183366634991
7.2,0.033333333333333215,216,216,takeover,cartesian_freedrive,0.9978552005525189,0.008248343476107787,0.1376965318258383,0.4883367338918157,0.07766311491368783,-1.5335180527350907,-0.0877999554272478,2.19004211302127,1.0335149160034756
7.233333333333333,0.033333333333333215,217,217,takeover,cartesian_freedrive,0.9977360450276588,0.008248343296034823,0.1372225809771442,0.48862370245162434,0.07756821390097239,-1.5329754399788624,-0.08763671417756026,2.189815161295285,1.0328466832760943
7.266666666666667,0.033333333333333215,218,218,takeover,cartesian_freedrive,0.9976168895027987,0.008248343274112353,0.13674872643776156,0.48891158716288896,0.0774733950466892,-1.5324313306251154,-0.08747356868913816,2.1895875490937584,1.0321786690204546
7.3,0.033333333333333215,219,219,takeover,cartesian_freedrive,0.9974977339779386,0.008248343247908116,0.13627496822998428,0.4892003890986344,0.0773786547650079,-1.5318857231803396,-0.08731051849202599,2.1893592746858177,1.0315108730397669
7.333333333333333,0.033333333333333215,220,220,takeover,cartesian_freedrive,0.9973785784530785,0.00824834322754221,0.13580130666750026,0.4894901089310065,0.07728399488961395,-1.5313386163867084,-0.08714756413451231,2.1891303379233746,1.0308432964077963
7.366666666666666,0.033333333333333215,221,221,takeover,cartesian_freedrive,0.9972594229282185,0.008248343192676547,0.13532774190161456,0.48978074733077587,0.07718941475458843,-1.5307900087122708,-0.0869847060728599,2.1889007383680346,1.0301759399348231
7.4,0.0333333333333341,222,222,takeover,cartesian_freedrive,0.9971402674033584,0.008248343191607766,0.134854273362057,0.4900723051917892,0.07709491650935461,-1.5302398979104717,-0.08682194348655976,2.1886704736512055,1.029508802638529
7.433333333333334,0.033333333333333215,223,223,takeover,cartesian_freedrive,0.9970211118784983,0.008248343196472968,0.1343809018439545,0.4903647831843012,0.07700049900356697,-1.529688282994765,-0.08665927769251149,2.1884395446897096,1.028841886689896
7.466666666666667,0.033333333333333215,224,224,takeover,cartesian_freedrive,0.9969019563536382,0.008248343182633453,0.13390762719494706,0.49065818230692204,0.07690616235886992,-1.529135162059458,-0.086496708352215,2.1882079497850997,1.0281751918574742
7.5,0.033333333333333215,225,225,takeover,cartesian_freedrive,0.9967828008287781,0.008248343184227873,0.13343444950408898,0.49095250304621446,0.07681190736238726,-1.5285805336584641,-0.08633423590395752,2.1879756886555453,1.027508718977097
7.533333333333333,0.033333333333333215,226,226,takeover,cartesian_freedrive,0.9966636453039182,0.008248343037899772,0.13296136870427055,0.491247746255679,0.07671772471681747,-1.5280243961993336,-0.08617186001165532,2.18774275972319,1.0268424678771901
7.566666666666666,0.033333333333333215,227,227,takeover,cartesian_freedrive,0.9965444897790581,0.008248342964842609,0.13248838476634905,0.49154391285361215,0.0766236301852077,-1.5274667470946008,-0.08600958138169928,2.187509162516223,1.0261764394243251
7.6,0.033333333333333215,228,228,takeover,cartesian_freedrive,0.996425334254198,0.0082486056724394,0.13201550280473592,0.49184100221025384,0.07652959557393361,-1.5269075884747931,-0.08584741938011443,2.187274896135937,1.0255106445813325
7.633333333333334,0.0333333333333341,229,229,takeover,cartesian_freedrive,0.9963061787293379,0.008255979518967371,0.13154265233437526,0.49213902031878765,0.0764361793140863,-1.526346856852579,-0.08568534849646148,2.18703998487628,1.0248451030622563
7.666666666666667,0.033333333333333215,230,230,takeover,cartesian_freedrive,0.9961870232044778,0.008250916663103444,0.13106994206005185,0.4924379787487947,0.07634510799580238,-1.5257844956743256,-0.08552339262416508,2.1868043701574,1.0241797425009895
7.7,0.033333333333333215,231,231,takeover,cartesian_freedrive,0.9960678676796179,0.008249048102082733,0.13059736584630854,0.49273784518733427,0.07625133205416544,-1.5252207928326902,-0.08536148983143614,2.1865680944761396,1.0235145993816153
7.733333333333333,0.033333333333333215,232,232,takeover,cartesian_freedrive,0.9959487121547578,0.008248357738930033,0.13012486927383385,0.49303863982022905,0.07615764679110118,-1.5246555696854889,-0.0851996988898697,2.1863311441578097,1.0228496923505714
7.766666666666667,0.033333333333333215,233,233,takeover,cartesian_freedrive,0.9958295566298977,0.008248103131655624,0.12965247009618985,0.49334036252163604,0.07606405378500551,-1.5240888258682526,-0.08503800634673479,2.1860935207809007,1.0221850111975352
7.8,0.033333333333333215,234,234,takeover,cartesian_freedrive,0.9957104011050376,0.00824800907849929,0.12918016836553725,0.4936430143030603,0.0759705337191249,-1.5235205585341987,-0.08487641214382362,2.185855222922776,1.0215205560028042
7.833333333333333,0.033333333333333215,235,235,takeover,cartesian_freedrive,0.9955912455801774,0.008247974468399531,0.12870796477136956,0.4939465957823233,0.07587709346428997,-1.5229507692609754,-0.08471491606542297,2.1856162501735765,1.0208563275764575
7.866666666666666,0.033333333333333215,236,236,takeover,cartesian_freedrive,0.9954720900553176,0.008253506857853414,0.1282357741257052,0.49425110329478605,0.07578147190883475,-1.5223796320935516,-0.08455357671215703,2.185376552486831,1.0201923864812656
7.9,0.0333333333333341,237,237,takeover,cartesian_freedrive,0.9953529345304574,0.008250157237054129,0.12776387641045142,0.4945565386001509,0.0756879359354905,-1.5218067772199897,-0.0843922009300928,2.1851362597584463,1.0195285316709666
7.933333333333334,0.033333333333333215,238,238,takeover,cartesian_freedrive,0.9952337790055973,0.008248751339824655,0.12729196386515917,0.49486291524863885,0.07559474722656223,-1.5212323910641325,-0.08423100619841944,2.184895258566147,1.0188649889385315
7.966666666666667,0.033333333333333215,239,239,takeover,cartesian_freedrive,0.9951146234807372,0.0082481892400555,0.12682016616912303,0.49517022361464946,0.07550161867438616,-1.5206564799079285,-0.08406989744190065,2.1846535808434613,1.0182016663332087
8.0,0.033333333333333215,240,240,takeover,cartesian_freedrive,0.9949954679558771,0.008247818059268087,0.12634845298681624,0.4954784673844475,0.0754084750203062,-1.520079039559812,-0.08390889951323245,2.1844112168936074,1.0175385856579378
8.033333333333333,0.033333333333333215,241,241,takeover,cartesian_freedrive,0.9948763124310172,0.008247553417909422,0.12587684955646306,0.495787646887634,0.07531537537496488,-1.5195000740228106,-0.08374799460819818,2.184168162982323,1.0168757354791322
8.066666666666666,0.033333333333333215,242,242,takeover,cartesian_freedrive,0.9947571569061571,0.008247583638330462,0.1254053102863941,0.4960977664024895,0.07522230108535807,-1.5189195782315508,-0.08358722166768268,2.1839244061480154,1.016213133599286
8.1,0.033333333333333215,243,243,takeover,cartesian_freedrive,0.994638001381297,0.00824794807656164,0.12493391311771233,0.4964088037279882,0.07512934473564976,-1.5183375474775849,-0.08342648826211645,2.1836800580649713,1.0155507032214222
8.133333333333333,0.033333333333333215,244,244,takeover,cartesian_freedrive,0.9945188458564369,0.008248196233612682,0.12446258950572835,0.4967207923506073,0.07503666251360049,-1.5177539369981408,-0.08326589654678333,2.183434973893436,1.014888535566112
8.166666666666666,0.033333333333333215,245,245,takeover,cartesian_freedrive,0.9943996903315768,0.008248287759360701,0.12399136635465924,0.49703371810523767,0.07494406967979324,-1.5171688011320295,-0.08310540006078584,2.183189205798427,1.01422660313624
8.2,0.033333333333333215,246,246,takeover,cartesian_freedrive,0.9942805348067169,0.00824832155880889,0.12352024163864014,0.49734758300283005,0.07485156199234447,-1.516582120491787,-0.08294500464031197,2.1829427533123935,1.0135649029392322
8.233333333333333,0.033333333333333215,247,247,takeover,cartesian_freedrive,0.9941613792818568,0.008248333952303203,0.1230492157803322,0.49766238803781143,0.07475913146907474,-1.5159938942062567,-0.08278471030820854,2.182695615532011,1.0129034356034512
8.266666666666667,0.03333333333333499,248,248,takeover,cartesian_freedrive,0.9940422237569967,0.00824833864384743,0.12257828860010708,0.49797813397721546,0.07466680123823582,-1.5154041199203028,-0.08262451762268783,2.1824477919157994,1.0122422018891344
8.3,0.033333333333333215,249,249,takeover,cartesian_freedrive,0.9939230682321366,0.008248340373225282,0.12210746004131075,0.49829482154722227,0.07457455534207252,-1.5148127959416144,-0.08246442634433318,2.182199280991146,1.0115812017357575
8.333333333333334,0.033333333333333215,250,250,takeover,cartesian_freedrive,0.9938039127072764,0.008248340968168259,0.1216367306035165,0.4986124519940111,0.07448239413066217,-1.5142199214060912,-0.08230443643109935,2.181950081733666,1.010920435720405
8.366666666666667,0.033333333333333215,251,251,takeover,cartesian_freedrive,0.9936847571824166,0.00824834099702983,0.12116610024799367,0.4989310258980093,0.07439031292259736,-1.513625493855595,-0.0821445484974402,2.181700193763993,1.010259904681741
8.4,0.033333333333333215,252,252,takeover,cartesian_freedrive,0.9935656016575564,0.008248341051076058,0.12069556883928714,0.4992505443192849,0.07429832436959993,-1.5130295101584612,-0.08198476310345974,2.181449616249275,1.0095996091369082
8.433333333333334,0.033333333333333215,253,253,takeover,cartesian_freedrive,0.9934464461326963,0.00824834095441355,0.12022513666440686,0.49957100841597063,0.07420642090174345,-1.5124319706553873,-0.08182507900762936,2.181198346794403,1.008939548496102
8.466666666666667,0.033333333333333215,254,254,takeover,cartesian_freedrive,0.9933272906078362,0.008248340930330824,0.11975480376815073,0.49989241858814143,0.07411460675316511,-1.511832871213178,-0.08166549845609514,2.18094638691418,1.008279725066256
8.5,0.033333333333333215,255,255,takeover,cartesian_freedrive,0.9932081350829761,0.008248340896265463,0.11928457008526168,0.500214776202002,0.0740228782543456,-1.511232211163195,-0.08150601994496827,2.180693733407127,1.0076201376655236
8.533333333333333,0.033333333333333215,256,256,takeover,cartesian_freedrive,0.9930889795581161,0.008248340736775097,0.11881443604730656,0.5005380819386561,0.07393123483734584,-1.5106299890925152,-0.0813466443229583,2.1804403865716306,1.0069607877198519
8.566666666666666,0.033333333333333215,257,257,takeover,cartesian_freedrive,0.9929698240332561,0.008248340650313171,0.11834440139861557,0.500862336860848,0.07383967806315263,-1.5100262012395076,-0.08118737208387394,2.1801863452767525,1.0063016755662795
8.6,0.033333333333333215,258,258,takeover,cartesian_freedrive,0.992850668508396,0.008248340627112294,0.1178744664302041,0.5011875419427074,0.07374821244877132,-1.5094208471372608,-0.08102820298143439,2.179931608368527,1.0056428015323278
8.633333333333333,0.033333333333333215,259,259,takeover,cartesian_freedrive,0.9927315129835359,0.00824834052318096,0.11740463114857555,0.501513697755443,0.07365683293724416,-1.5088139247280798,-0.08086913747750177,2.1796761753558287,1.0049841663911343
8.666666666666666,0.033333333333333215,260,260,takeover,cartesian_freedrive,0.9926123574586758,0.008248340432290138,0.11693489567749589,0.5018408057649348,0.07356553996328917,-1.5082054314348925,-0.08071017557861097,2.179420044648708,1.0043257702952026
8.7,0.033333333333333215,261,261,takeover,cartesian_freedrive,0.9924932019338158,0.00824834048024663,0.11646526000093675,0.5021688667382724,0.0734743398600594,-1.507595365678786,-0.08055131734281903,2.1791632152953038,1.0036676135386389
8.733333333333333,0.033333333333333215,262,262,takeover,cartesian_freedrive,0.9923740464089558,0.008248340347688395,0.11599572430645094,0.5024978814638292,0.07338322294180398,-1.5069837256143788,-0.08039256317700812,2.1789056866557917,1.0030096970332096
8.766666666666667,0.03333333333333499,263,263,takeover,cartesian_freedrive,0.9922548908840957,0.008248340326575086,0.1155262886620816,0.5028278511644888,0.0732921951277253,-1.5063705085307817,-0.0802339133890282,2.1786474577111035,1.0023520211607737
8.8,0.033333333333333215,264,264,takeover,cartesian_freedrive,0.9921357353592356,0.008248340306422765,0.11505695319757123,0.5031587768233112,0.07320125770058256,-1.5057557128598713,-0.08007536805508661,2.1783885273744885,1.0016945864012292
8.833333333333334,0.033333333333333215,265,265,takeover,cartesian_freedrive,0.9920165798343754,0.008248340347713136,0.11458771797458198,0.5034906591088771,0.07311040960691359,-1.505139336775526,-0.07991692749944089,2.178128895062162,1.0010373933521086
8.866666666666667,0.033333333333333215,266,266,takeover,cartesian_freedrive,0.9918974243095156,0.008248340192742468,0.11411858317627008,0.5038234992687244,0.07301964733901112,-1.5045213790378253,-0.07975859131512926,2.177868558952262,1.0003804420808278
8.9,0.033333333333333215,267,267,takeover,cartesian_freedrive,0.9917782687846554,0.008248340193642019,0.11364954865446134,0.5041572981929101,0.07292897707624701,-1.5039018356311245,-0.07960036055837688,2.177607518858642,0.9997237334784996
8.933333333333334,0.033333333333333215,268,268,takeover,cartesian_freedrive,0.9916591132597953,0.008248340221349244,0.1131806148161724,0.5044920570535967,0.07283839584997975,-1.503280705731916,-0.07944223505387828,2.1773457735555266,0.999067268047186
8.966666666666667,0.033333333333333215,269,269,takeover,cartesian_freedrive,0.9915399577349352,0.008248340058334342,0.11271178146959979,0.5048277764196735,0.07274789976155223,-1.502657987256707,-0.07928421496262664,2.177083321998622,0.9984110460920441
9.0,0.033333333333333215,270,270,takeover,cartesian_freedrive,0.9914208022100751,0.008248339983254922,0.11224304885090236,0.505164457876165,0.07265749386342202,-1.502033677942771,-0.07912630020887386,2.176820162613462,0.9977550677217336
9.033333333333333,0.033333333333333215,271,271,takeover,cartesian_freedrive,0.9913016466852151,0.008248340019466869,0.11177441697153542,0.5055021020592673,0.0725671813394362,-1.5014077754934834,-0.078968491471213,2.1765562951743034,0.9970993339477789
9.066666666666666,0.033333333333333215,272,272,takeover,cartesian_freedrive,0.9911824911603551,0.008248339473962774,0.11130588622087197,0.505840710047492,0.072476947166594,-1.5007802795409921,-0.0788107882153382,2.1762917180095567,0.996443844884308
9.1,0.033333333333333215,273,273,takeover,cartesian_freedrive,0.991063335635495,0.008248339113739536,0.11083745649660229,0.5061802828292808,0.07238680386074611,-1.5001511858191627,-0.07865319171310278,2.176026431171365,0.9957886017018315
9.133333333333333,0.033333333333333215,274,274,takeover,cartesian_freedrive,0.9909441801106349,0.008248338940309775,0.11036912765220433,0.5065208215442587,0.07229675167261845,-1.499520492036946,-0.07849570168395098,2.1757604327447266,0.9951336042096326
9.166666666666666,0.033333333333333215,275,275,takeover,cartesian_freedrive,0.9908250245857748,0.008248338763625768,0.10990090007777606,0.5068623273577296,0.07220678778033403,-1.4988881974937163,-0.07833831788747453,2.17549372142746,0.9944788527754065
9.2,0.033333333333333215,276,276,takeover,cartesian_freedrive,0.9907058690609148,0.008248338600808385,0.10943277381518951,0.5072048009503208,0.07211691183486349,-1.4982542992326602,-0.07818104126085089,2.17522629724401,0.9938243485694926
9.233333333333333,0.033333333333333215,277,277,takeover,cartesian_freedrive,0.9905867135360548,0.008248337803070296,0.10896474912185898,0.5075482435698047,0.07202712003117585,-1.4976187969825066,-0.07802387101033596,2.1749581580388977,0.9931700913489951
9.266666666666667,0.03333333333333499,278,278,takeover,cartesian_freedrive,0.9904675580111947,0.008248337653779164,0.1084968253849075,0.5078926563644408,0.07193744190040624,-1.4969816845660495,-0.07786680865570704,2.1746893035438544,0.9925160819997624
9.3,0.033333333333333215,279,279,takeover,cartesian_freedrive,0.9903484024863346,0.008248337093825848,0.10802900348238761,0.5082380403105093,0.07184784833626656,-1.4963429635340604,-0.07770985333525005,2.174419732286258,0.9918623209064681
9.333333333333334,0.033333333333333215,280,280,takeover,cartesian_freedrive,0.9902292469614744,0.008248336679000004,0.10756128345055675,0.5085843964427534,0.07175833078271875,-1.495702629911727,-0.07755300595773526,2.1741494438939593,0.9912088088265923
9.366666666666667,0.033333333333333215,281,281,takeover,cartesian_freedrive,0.9901100914366145,0.008248336631585976,0.10709366480781037,0.5089317262710301,0.07166892420249892,-1.4950606812995866,-0.0773962659402957,2.173878435640942,0.9905555452036208
9.4,0.033333333333333215,282,282,takeover,cartesian_freedrive,0.9899909359117544,0.008248336106190055,0.10662614807237882,0.509280030006571,0.07157960563690711,-1.4944171169547371,-0.077239634043642,2.1736067081631623,0.989902531603443
9.433333333333334,0.033333333333333215,283,283,takeover,cartesian_freedrive,0.9898717803868943,0.008248335858307337,0.10615873325146219,0.509629309371708,0.07149037576589726,-1.4937719328373127,-0.07708311051269508,2.1733342597596286,0.9892497680973802
9.466666666666667,0.033333333333333215,284,284,takeover,cartesian_freedrive,0.9897526248620342,0.008248335153353775,0.10569142074669677,0.5099795653202092,0.07140122469643732,-1.4931251291067578,-0.07692669477695945,2.1730610889133746,0.9885972548666779
9.5,0.033333333333333215,285,285,takeover,cartesian_freedrive,0.9896334693371741,0.008248335010886901,0.10522421007388832,0.5103307989596538,0.07131218477092262,-1.4924767001677102,-0.07677038843761834,2.172787195656646,0.9879449931239944
9.533333333333333,0.033333333333333215,286,286,takeover,cartesian_freedrive,0.9895143138123141,0.008248334929118643,0.10475710166261347,0.5106830113805894,0.07122323635570062,-1.4918266463211667,-0.0766141904756914,2.1725125777809597,0.9872929825607822
9.566666666666666,0.033333333333333215,287,287,takeover,cartesian_freedrive,0.9893951582874541,0.008248334404288508,0.10429009575111521,0.5110362036167744,0.0711343779367537,-1.4911749650685766,-0.07645810161306653,2.172237235000444,0.9866412243293525
9.6,0.033333333333333215,288,288,takeover,cartesian_freedrive,0.989276002762594,0.00824833404913367,0.10382319233165492,0.5113903769305672,0.07104559588824585,-1.4905216535449062,-0.07630212160386261,2.1719611653433772,0.9859897180580507
9.633333333333333,0.033333333333333215,289,289,takeover,cartesian_freedrive,0.9891568472377339,0.008248334039501726,0.10335639115660253,0.5117455324603328,0.07095692577850632,-1.4898667084485815,-0.07614625132636624,2.171684368315814,0.9853384648115466
9.666666666666666,0.033333333333333215,290,290,takeover,cartesian_freedrive,0.9890376917128738,0.008248334091140123,0.10288969270967872,0.5121016712477202,0.07086834828818477,-1.4892101286761659,-0.07599049071172628,2.1714068429112547,0.9846874651089297
9.7,0.033333333333333215,291,291,takeover,cartesian_freedrive,0.9889185361880138,0.008248333690101767,0.10242309710109179,0.5124587945299522,0.07077985918920547,-1.4885519126133202,-0.07583483942752864,2.171128587250107,0.9840367189680223
9.733333333333333,0.033333333333333215,292,292,takeover,cartesian_freedrive,0.9887993806631538,0.008248333408676192,0.10195660434332562,0.5128169033967718,0.07069146188830981,-1.4878920568344143,-0.07567929818440162,2.170849600784788,0.9833862271368401
9.766666666666667,0.03333333333333499,293,293,takeover,cartesian_freedrive,0.9886802251382937,0.008248333352884399,0.10149021444974157,0.5131759988020024,0.07060316325053219,-1.4872305587994052,-0.0755238674678159,2.17056988286545,0.9827359903272473
9.8,0.033333333333333215,294,294,takeover,cartesian_freedrive,0.9885610696134336,0.00824833288488191,0.10102392774399019,0.5135360822656873,0.07051495588250008,-1.4865674173327448,-0.07536854675682297,2.170289431360407,0.9820860085684484
9.833333333333334,0.033333333333333215,295,295,takeover,cartesian_freedrive,0.9884419140885734,0.008248330830284669,0.10055774415405104,0.5138971547865454,0.07042684018573606,-1.4859026300192244,-0.07521333605913937,2.1700082448919438,0.9814362820288753
9.866666666666667,0.033333333333333215,296,296,takeover,cartesian_freedrive,0.9883227585637135,0.00824833014151101,0.10009166367454116,0.5142592173862102,0.07033882251798425,-1.4852361920844506,-0.07505823696830784,2.16972632394579,0.9807868120973412
9.9,0.033333333333333215,297,297,takeover,cartesian_freedrive,0.9882036030388534,0.008248329931387762,0.09962568656986517,0.5146222716060016,0.0702508988511523,-1.4845681027658264,-0.07490324862120047,2.1694436659675578,0.9801375985285794
9.933333333333334,0.033333333333333215,298,298,takeover,cartesian_freedrive,0.9880844475139933,0.008248329262135819,0.0991598131203021,0.5149863183095877,0.07016305906275887,-1.4838983609626857,-0.07474837100141406,2.169160269948958,0.9794886419013146
9.966666666666667,0.033333333333333215,299,299,takeover,cartesian_freedrive,0.9879652919891332,0.008248329108313253,0.09869404306985166,0.5153513589809824,0.07007532364859459,-1.4832269617236904,-0.07459360506850213,2.168876135135686,0.9788399427786784
10.0,0.033333333333333215,300,300,takeover,cartesian_freedrive,0.9878461364642731,0.00824832726509981,0.09822837687152543,0.515717394542695,0.06998768047537872,-1.4825539051854584,-0.07443895034753008,2.1685912601553334,0.978191501645264
10.033333333333333,0.033333333333333215,301,301,takeover,cartesian_freedrive,0.9877269809394131,0.008248326657292724,0.09776281422002969,0.516084426377684,0.06990013393958115,-1.4818791859529763,-0.0742844077046839,2.168305643905482,0.9775433188431782
10.066666666666666,0.033333333333333215,302,302,takeover,cartesian_freedrive,0.987607825414553,0.008248324174540335,0.09729735582724075,0.5164524555606556,0.06981267643166188,-1.481202805722054,-0.07412997631620984,2.168019284871947,0.9768953948592155
10.1,0.033333333333333215,303,303,takeover,cartesian_freedrive,0.987488669889693,0.008248323269311481,0.09683200107852587,0.5168214835348581,0.06972531490443422,-1.480524757080745,-0.07397565747283419,2.167732182025062,0.9762477299637728
10.133333333333333,0.033333333333333215,304,304,takeover,cartesian_freedrive,0.9873695143648329,0.008248323021411652,0.09636675061205346,0.5171915115311743,0.0696380536410062,-1.479845039950885,-0.07382145121456635,2.167444334788919,0.9756003252050518
10.166666666666666,0.033333333333333215,305,305,takeover,cartesian_freedrive,0.9872503588399728,0.008248321017788902,0.09590160434364549,0.5175625404610619,0.06955088208842482,-1.4791636531727723,-0.07366735678052394,2.167155740724619,0.9749531802265659
10.2,0.033333333333333215,306,306,takeover,cartesian_freedrive,0.9871312033151128,0.008248319931522393,0.09543656236693203,0.5179345719176188,0.06946380662137042,-1.478480591629652,-0.07351337550499912,2.166866399667937,0.9743062960857181
10.233333333333333,0.033333333333333215,307,307,takeover,cartesian_freedrive,0.9870120477902528,0.00824831782096998,0.09497162486662315,0.5183076070110181,0.06937682784880743,-1.4777958546045216,-0.07335950687467009,2.1665763098598525,0.9736596729558229
10.266666666666667,0.03333333333333499,308,308,takeover,cartesian_freedrive,0.9868928922653927,0.008248317115649745,0.09450679164549626,0.518681647045759,0.06928994697368862,-1.4771094376640523,-0.07320575146867983,2.166285470035257,0.9730133110973013
10.3,0.033333333333333215,309,309,takeover,cartesian_freedrive,0.9867737367405326,0.008248316863349557,0.09404206330031653,0.5190566934287298,0.0692031578239343,-1.4764213394952714,-0.073052109518889,2.165993879461022,0.9723672115372607
10.333333333333334,0.033333333333333215,310,310,takeover,cartesian_freedrive,0.9866545812156724,0.008248315022595551,0.0935774397440995,0.5194327470568711,0.06911646544466588,-1.4757315588213789,-0.0728985806516896,2.165701536402158,0.9717213742682655
10.366666666666667,0.033333333333333215,311,311,takeover,cartesian_freedrive,0.9865354256908125,0.008248313911472502,0.09311292098637396,0.5198098094926233,0.06902986995387028,-1.4750400910192902,-0.07274516564190382,2.165408439859986,0.97107579987881
10.4,0.033333333333333215,312,312,takeover,cartesian_freedrive,0.9864162701659523,0.008248313480680398,0.09264850722952815,0.5201878820164983,0.0689433634847441,-1.4743469334800712,-0.07259186466732483,2.1651145886406353,0.970430488828851
10.433333333333334,0.033333333333333215,313,313,takeover,cartesian_freedrive,0.9862971146410923,0.008248311554771428,0.09218419871422381,0.520566965879788,0.06885695106444911,-1.473652085407407,-0.07243867740559508,2.1648199811337396,0.9697854414787613
10.466666666666667,0.033333333333333215,314,314,takeover,cartesian_freedrive,0.9861779591162322,0.008248310774399862,0.09171999522065143,0.5209470624031577,0.0687706363985664,-1.472955542051601,-0.07228560456721715,2.1645246162388796,0.9691406581975869
10.5,0.033333333333333215,315,315,takeover,cartesian_freedrive,0.9860588035913721,0.008248310276070488,0.09125589731611493,0.5213281730580809,0.06868440517047719,-1.472257302165792,-0.07213264600907658,2.164228492602818,0.9684961395463688
10.533333333333333,0.033333333333333215,316,316,takeover,cartesian_freedrive,0.9859396480665121,0.008248309620206258,0.09079190483624652,0.5217102989489291,0.06859827329571815,-1.4715573627575371,-0.0719798021836259,2.16393160926337,0.9678518860853176
10.566666666666666,0.033333333333333215,317,317,takeover,cartesian_freedrive,0.985820492541652,0.008248299682080027,0.09032801785995617,0.5220934412244126,0.06851225586281517,-1.470855722559566,-0.07182707286113647,2.1636339648964293,0.9672078985611477
10.6,0.033333333333333215,318,318,takeover,cartesian_freedrive,0.985701337016792,0.008248295987940682,0.08986423627241809,0.5224776018964271,0.06842633785530337,-1.4701523747986096,-0.07167445908773538,2.163335557726901,0.9665641765074926
10.633333333333333,0.033333333333333215,319,319,takeover,cartesian_freedrive,0.9855821814919319,0.008248294533677312,0.08940056067064421,0.5228627819493755,0.06834049699427663,-1.4694473195250526,-0.07152196034920918,2.163036386534889,0.9659207206952785
10.666666666666666,0.033333333333333215,320,320,takeover,cartesian_freedrive,0.9854630259670718,0.00824829247694618,0.08893699068715644,0.5232489826106272,0.06825477255100346,-1.4687405540247567,-0.07136957687111972,2.1627364499698603,0.9652775315633452
10.7,0.033333333333333215,321,321,takeover,cartesian_freedrive,0.9853438704422117,0.008248283718644235,0.08847352681248769,0.5236362050566522,0.06816914248012414,-1.4680320758252756,-0.07121730909618618,2.162435747618873,0.9646346103015446
10.733333333333333,0.033333333333333215,322,322,takeover,cartesian_freedrive,0.9852247149173518,0.008248280028635778,0.0880101691959979,0.5240244512286221,0.06808359911014025,-1.467321881204391,-0.07106515715623325,2.1621342771878798,0.9639919562986756
10.766666666666667,0.03333333333333499,323,323,takeover,cartesian_freedrive,0.9851055593924916,0.008248270640715772,0.08754691775503197,0.5244137221169805,0.06799815983658423,-1.4666099682296632,-0.07091312107307006,2.1618320377036264,0.9633495708009967
10.8,0.033333333333333215,324,324,takeover,cartesian_freedrive,0.9849864038676316,0.008248265746291795,0.08708377242309534,0.5248040193929906,0.06791282593855387,-1.4658963322972203,-0.07076120152452926,2.1615290276172914,0.9627074534915797
10.833333333333334,0.033333333333333215,325,325,takeover,cartesian_freedrive,0.9848672483427714,0.008248263837250393,0.08662073380377575,0.5251953442954124,0.06782757680593084,-1.4651809724043598,-0.07060939830665897,2.161225245872711,0.9620656051959108
10.866666666666667,0.033333333333333215,326,326,takeover,cartesian_freedrive,0.9847480928179115,0.008248255278983431,0.08615780176066926,0.5255876982373084,0.0677424320962831,-1.464463886023938,-0.07045771138668518,2.1609206907664245,0.9614240265634867
10.9,0.033333333333333215,327,327,takeover,cartesian_freedrive,0.9846289372930512,0.008248252216512108,0.08569497608585233,0.5259810825474708,0.06765739397807569,-1.4637450672875594,-0.07030614207981117,2.160615361796764,0.9607827178468277
10.933333333333334,0.033333333333333215,328,328,takeover,cartesian_freedrive,0.9845097817681914,0.008248241352653948,0.0852322575345817,0.5263754986271456,0.0675724467949639,-1.4630245185454993,-0.070154688751212,2.160309256234859,0.9601416793377623
10.966666666666667,0.033333333333333215,329,329,takeover,cartesian_freedrive,0.9843906262433312,0.008248237505384958,0.0847696457003233,0.5267709485655246,0.06748760560639863,-1.4623022311128864,-0.07000335334878088,2.160002373462122,0.9595009113679881
11.0,0.033333333333333215,330,330,takeover,cartesian_freedrive,0.9842714707184712,0.008248236162636249,0.08430714076039113,0.5271674330119632,0.06740286324636649,-1.461578204395811,-0.06985213553834403,2.159694712357505,0.9588604146626724
11.033333333333333,0.033333333333333215,331,331,takeover,cartesian_freedrive,0.9841523151936111,0.008248227935787146,0.0838447432654377,0.5275649536128152,0.0673182101905758,-1.4608524379537504,-0.06970103463872869,2.159386270796874,0.9582201895741645
11.066666666666666,0.033333333333333215,332,332,takeover,cartesian_freedrive,0.984033159668751,0.00824822500642184,0.08338245290537198,0.5279635120798729,0.06723366566010601,-1.4601249251621378,-0.06955005220729055,2.1590770483113984,0.9575802365704894
11.1,0.033333333333333215,333,333,takeover,cartesian_freedrive,0.983914004143891,0.008248222568535697,0.08292026993557608,0.5283631096445985,0.06714921936885077,-1.4593956652474465,-0.06939918749918715,2.1587670426707217,0.9569405558406148
11.133333333333333,0.033333333333333215,334,334,takeover,cartesian_freedrive,0.9837948486190309,0.00824821371294373,0.08245819468579117,0.52876374790157,0.0670648672214106,-1.4586646562959316,-0.06924844040249321,2.1584562522812134,0.9563011479748179
11.166666666666666,0.033333333333333215,335,335,takeover,cartesian_freedrive,0.9836756930941708,0.008248210446348991,0.08199622684338635,0.5291654281902861,0.0669806155432962,-1.4579318916951638,-0.0690978124286848,2.1581446768450814,0.9556620134709052
11.2,0.033333333333333215,336,336,takeover,cartesian_freedrive,0.9835565375693107,0.008248173788627002,0.08153436618437546,0.5295681523619669,0.06689647477421826,-1.4571973668166134,-0.0689473031822238,2.157832314454756,0.9550231535916714
11.233333333333333,0.033333333333333215,337,337,takeover,cartesian_freedrive,0.9834373820444507,0.008248152361847762,0.0810726131722411,0.5299719220652771,0.06681242911013797,-1.4564610788592627,-0.06879691391394477,2.157519163505449,0.9543845670881196
11.266666666666667,0.03333333333333499,338,338,takeover,cartesian_freedrive,0.9833182265195906,0.008248269895681223,0.08061095883395293,0.5303767446683815,0.06672848984103232,-1.455722942572897,-0.06864666256122248,2.157205225017193,0.9537462516976312
11.3,0.033333333333333215,339,339,takeover,cartesian_freedrive,0.9831990709947307,0.00824831346474553,0.08014942069601981,0.5307826102543759,0.0666446460236293,-1.454983114038677,-0.0684965139246331,2.156890492964324,0.9531082144803755
11.333333333333334,0.033333333333333215,340,340,takeover,cartesian_freedrive,0.9830799154698704,0.008250463837984466,0.07968799290069076,0.5311895240895707,0.0665608859466839,-1.4542415346026467,-0.06834648134539696,2.1565749672213492,0.9524704531257827
11.366666666666667,0.033333333333333215,341,341,takeover,cartesian_freedrive,0.9829607599450105,0.008248863403618054,0.0792266847185856,0.5315974890696065,0.0664777263937155,-1.4534983146325255,-0.06819655253880873,2.156258599011827,0.9518329806138862
11.4,0.033333333333333215,342,342,takeover,cartesian_freedrive,0.9828416044201502,0.00824798570829529,0.07876545771992867,0.5320064970017305,0.06639440896236169,-1.452753219464044,-0.06804675276670268,2.155941522962565,0.9511957675340678
11.433333333333334,0.033333333333333215,343,343,takeover,cartesian_freedrive,0.9827224488952904,0.008247661088340994,0.07830435568080757,0.532416569112903,0.06631095177112163,-1.4520063189339623,-0.0678970783354717,2.155623609610388,0.9505588346099121
11.466666666666667,0.033333333333333215,344,344,takeover,cartesian_freedrive,0.9826032933704302,0.008247541457187084,0.077843362203719,0.532827697518999,0.06622759934476907,-1.4512576350569169,-0.06774752436586308,2.155304896951824,0.9499221786835209
11.5,0.033333333333333215,345,345,takeover,cartesian_freedrive,0.9824841378455702,0.008247497775685082,0.077382477632415,0.5332398834531354,0.06614435028152142,-1.450507167337871,-0.06759809062394337,2.1549853838659243,0.9492858002207069
11.533333333333333,0.033333333333333215,346,346,takeover,cartesian_freedrive,0.9823649823207101,0.008247480685773197,0.07692170217994715,0.5336531284371844,0.06606119889219302,-1.4497549124400917,-0.0674487774861395,2.1546650692381615,0.9486496999237771
11.566666666666666,0.033333333333333215,347,347,takeover,cartesian_freedrive,0.98224582679585,0.008247474519977597,0.07646103577570931,0.534067434356258,0.06597814813353979,-1.4490008662008007,-0.06729958503325281,2.1543439507888005,0.9480138776998487
11.6,0.033333333333333215,348,348,takeover,cartesian_freedrive,0.98212667127099,0.008247499352632671,0.07600047863908502,0.5344828026482212,0.06589520542977581,-1.4482450260050403,-0.06715051378148837,2.154022027737219,0.9473783342774266
11.633333333333333,0.033333333333333215,349,349,takeover,cartesian_freedrive,0.9820075157461299,0.008247510114155459,0.07554003085794449,0.5348992348516873,0.06581236362785181,-1.4474873884616304,-0.0670015636271322,2.15369929836397,0.9467430702751473
11.666666666666666,0.033333333333333215,350,350,takeover,cartesian_freedrive,0.9818883602212698,0.008247520164951993,0.07507969372263794,0.5353167321937695,0.06572960742126004,-1.4467279600410954,-0.06685273255011277,2.1533757598922096,0.9461080854600146
11.7,0.033333333333333215,351,351,takeover,cartesian_freedrive,0.9817692046964097,0.008247524285322298,0.07461946533561743,0.5357352973570758,0.06564695375680571,-1.4459667193121915,-0.06670402482514731,2.1530514124302265,0.9454733808134703
11.733333333333333,0.033333333333333215,352,352,takeover,cartesian_freedrive,0.9816500491715497,0.008247526011419818,0.07415934661113228,0.5361549315457392,0.06556441703474311,-1.4452036714580068,-0.06655543894797931,2.152726253961285,0.9448389566420486
11.766666666666667,0.03333333333333499,353,353,takeover,cartesian_freedrive,0.9815308936466896,0.008247526795700117,0.07369933768720989,0.5365756363751474,0.06548198196184599,-1.4444388126757473,-0.06640697501979927,2.1524002826128914,0.9442048132300225
11.8,0.033333333333333215,354,354,takeover,cartesian_freedrive,0.9814117381218297,0.008247527568389524,0.07323945250262097,0.5369974130228001,0.06539962822981331,-1.4436721376283923,-0.06625862166180627,2.1520734993759882,0.9435709424508488
11.833333333333334,0.033333333333333215,355,355,takeover,cartesian_freedrive,0.9812925825969694,0.008247527534039192,0.07277966504423523,0.537420263452611,0.06531736959614709,-1.4429036568186648,-0.06611040033921192,2.1517458976158523,0.9429373619543556
11.866666666666667,0.033333333333333215,356,356,takeover,cartesian_freedrive,0.9811734270721095,0.00824752754060426,0.07231998739150611,0.5378441899998612,0.06523522441322332,-1.4421333525720212,-0.06596230205031102,2.1514174779970525,0.9423040633146645
11.9,0.033333333333333215,357,357,takeover,cartesian_freedrive,0.9810542715472492,0.008247527752216575,0.07186041943675554,0.5382691942604643,0.06515319755766165,-1.4413612192756002,-0.06581432760885039,2.151088239578734,0.9416710471803147
11.933333333333334,0.033333333333333215,358,358,takeover,cartesian_freedrive,0.9809351160223894,0.00824752802336744,0.07140096210860933,0.5386952776963205,0.06507127146884534,-1.4405872580867016,-0.065666476412173,2.150758180929969,0.9410383141842779
11.966666666666667,0.033333333333333215,359,359,takeover,cartesian_freedrive,0.9808159604975292,0.008247529815289109,0.07094161600461084,0.5391224418217856,0.06498943164455873,-1.4398114704810123,-0.06551874709757281,2.1504272989373545,0.9404058640430177
12.0,0.033333333333333215,360,360,takeover,cartesian_freedrive,0.9806968049726692,0.008247530615870063,0.07048238028915309,0.5395506886760617,0.06490770782791881,-1.4390338453384437,-0.0653711420084829,2.150095593616187,0.9397736978799724
12.033333333333333,0.033333333333333215,361,361,takeover,cartesian_freedrive,0.9805776494478091,0.008247537205434986,0.0700232554094697,0.5399800198652677,0.06482609066600559,-1.438254382178417,-0.06522366048687153,2.1497630625443978,0.9391418156468424
12.066666666666666,0.033333333333333215,362,362,takeover,cartesian_freedrive,0.980458493922949,0.008247559973187026,0.06956424184404837,0.5404104372555518,0.0647445678695102,-1.437473078183276,-0.06507630267248887,2.1494297043079884,0.9385102179991495
12.1,0.033333333333333215,363,363,takeover,cartesian_freedrive,0.980339338398089,0.008247513542826143,0.0691053333988236,0.5408419336530337,0.0646632808911218,-1.4366900701915037,-0.06492905045831854,2.1490955103775096,0.9378789334573686
12.133333333333333,0.033333333333333215,364,364,takeover,cartesian_freedrive,0.9802201828732289,0.008249445090968976,0.06864656661746439,0.5412745221971079,0.0645822359042044,-1.4359051612656035,-0.06478189069008046,2.1487604946862633,0.9372479288152555
12.166666666666666,0.033333333333333215,365,365,takeover,cartesian_freedrive,0.9801010273483688,0.008248623472526728,0.06818783098906143,0.5417082384422895,0.0645007508112384,-1.435117897354935,-0.06463502667445235,2.1484246519776615,0.9366171431742223
12.2,0.033333333333333215,366,366,takeover,cartesian_freedrive,0.9799818718235087,0.00824809673924221,0.06772926410993206,0.5421430231335609,0.06441959752924506,-1.4343291699089633,-0.064488172436623,2.1480879522434724,0.9359866913040843
12.233333333333333,0.033333333333333215,367,367,takeover,cartesian_freedrive,0.9798627162986487,0.008247823910903148,0.0672708409729199,0.5425789120566934,0.06433838156655419,-1.4335386531897019,-0.06434143133523053,2.147750344597679,0.9353565333672809
12.266666666666667,0.03333333333333499,368,368,takeover,cartesian_freedrive,0.9797435607737885,0.008247885263640013,0.06681245433838474,0.5430158936073878,0.06425712461622833,-1.4327462659740666,-0.06419487129073553,2.1474119293236567,0.934726693605099
12.3,0.033333333333333215,369,369,takeover,cartesian_freedrive,0.9796244052489287,0.00824797219387828,0.06635423871647177,0.5434539402673055,0.06417625225039665,-1.431952021586657,-0.06404833529814695,2.147072828922074,0.9340970660134174
12.333333333333334,0.033333333333333215,370,370,takeover,cartesian_freedrive,0.9795052497240684,0.008248004375984861,0.06589611935143223,0.5438931117493135,0.06409554999212673,-1.4311558611612059,-0.06390197345707518,2.1467327908895735,0.9334677580366779
12.366666666666667,0.033333333333333215,371,371,takeover,cartesian_freedrive,0.9793860941992085,0.008248016083320632,0.06543811253758264,0.5443333855482044,0.0640149388190321,-1.430357828405344,-0.06375573717238571,2.146391910152784,0.932838738382474
12.4,0.033333333333333215,372,372,takeover,cartesian_freedrive,0.9792669386743482,0.008248014924222684,0.06498020350584889,0.544774770998246,0.06393448017996048,-1.4295579017851168,-0.06360964895691418,2.146050158107727,0.9322100214562342
12.433333333333334,0.033333333333333215,373,373,takeover,cartesian_freedrive,0.9791477831494884,0.00824801424468696,0.06452242187798707,0.5452172557469038,0.06385407918205918,-1.4287561111183693,-0.06346366411070793,2.1457075861646433,0.931581579093922
12.466666666666667,0.033333333333333215,374,374,takeover,cartesian_freedrive,0.9790286276246282,0.008248008535367996,0.06406473960207651,0.5456608552408775,0.0637738130862674,-1.4279524203282572,-0.06331782595706566,2.1453641414368163,0.9309534390913996
12.5,0.033333333333333215,375,375,takeover,cartesian_freedrive,0.9789094720997682,0.00824801155881967,0.06360718328288997,0.5461055584372217,0.06369363650133443,-1.4271468541531362,-0.06317209394369946,2.145019871769917,0.9303255756306101
12.533333333333333,0.033333333333333215,376,376,takeover,cartesian_freedrive,0.9787903165749081,0.008248012422429493,0.06314974055550844,0.5465513738099517,0.06361355038449083,-1.426339397827645,-0.06302648772951192,2.1446747503518258,0.9296980021311839
12.566666666666666,0.033333333333333215,377,377,takeover,cartesian_freedrive,0.978671161050048,0.008248007689716017,0.06269239847157143,0.5469983090526755,0.06353361028421756,-1.4255300308623473,-0.06288102764655272,2.144328752910332,0.9290707314088317
12.6,0.033333333333333215,378,378,takeover,cartesian_freedrive,0.978552005525188,0.008248012546907721,0.06223518154316687,0.5474463545083704,0.06345375796054699,-1.4247187752289814,-0.06273567560835017,2.1439819225075447,0.9284437389891312
12.633333333333333,0.033333333333333215,379,379,takeover,cartesian_freedrive,0.9784328500003279,0.008248020931701433,0.06177807843959653,0.5478955178333786,0.063374002658996,-1.423905616328046,-0.06259045067329878,2.143634235831625,0.9278170380916086
12.666666666666666,0.033333333333333215,380,380,takeover,cartesian_freedrive,0.9783136944754678,0.0082480265441489,0.06132107776485618,0.5483458067913912,0.06329437340644513,-1.4230905372114584,-0.06244537068172733,2.1432856686576636,0.9271906399906019
12.7,0.033333333333333215,381,381,takeover,cartesian_freedrive,0.9781945389506077,0.008248028694460901,0.060864182875224146,0.5487972213399265,0.06321486443501703,-1.4222735388950172,-0.06230042988983474,2.1429362265802903,0.9265645411220369
12.733333333333333,0.033333333333333215,382,382,takeover,cartesian_freedrive,0.9780753834257477,0.00824804487232496,0.060407423055137875,0.5492497492528452,0.06313542246473876,-1.4214546472767893,-0.0621555836931943,2.142585962846621,0.9259387134926665
12.766666666666667,0.03333333333333499,383,383,takeover,cartesian_freedrive,0.9779562279008875,0.008248039829740234,0.05995076596413358,0.5497034092626012,0.06305611042804454,-1.4206338248847528,-0.062010883481643665,2.142234809804165,0.9253131908672745
12.8,0.033333333333333215,384,384,takeover,cartesian_freedrive,0.9778370723760277,0.008248038060092258,0.05949423275174003,0.5501581925016145,0.06297688760617004,-1.4198110883990231,-0.06186629655285064,2.1418828096248124,0.9246879518875774
12.833333333333334,0.033333333333333215,385,385,takeover,cartesian_freedrive,0.9777179168511674,0.0082480334073732,0.059037806993822196,0.5506141087920021,0.06289777636749228,-1.4189864188817056,-0.061721848155933644,2.1415299291189744,0.9240630130774075
12.866666666666667,0.033333333333333215,386,386,takeover,cartesian_freedrive,0.9775987613263075,0.008248005524314372,0.0585814935712071,0.5510711593288327,0.06281877087049857,-1.418159814709822,-0.06157753285512014,2.141176169623925,0.9234383719342186
12.9,0.033333333333333215,387,387,takeover,cartesian_freedrive,0.9774796058014472,0.008247995344748267,0.05812530398018401,0.5515293387883506,0.06273986472589002,-1.4173312833620335,-0.061433331137805317,2.140821558749799,0.9228140146106902
12.933333333333334,0.033333333333333215,388,388,takeover,cartesian_freedrive,0.9773604502765874,0.008247991575053243,0.057669229414033144,0.551988654514137,0.06266106162798406,-1.416500812890552,-0.06128925804924284,2.1404660739522554,0.9221899519275898
12.966666666666667,0.033333333333333215,389,389,takeover,cartesian_freedrive,0.9772412947517272,0.008247987335479117,0.05721326326378165,0.5524491117641155,0.06258237645737107,-1.415668392384665,-0.06114532380988104,2.1401097016401813,0.9215661905088917
13.0,0.033333333333333215,390,390,takeover,cartesian_freedrive,0.9771221392268672,0.008247970854313802,0.05675741821176022,0.5529107069574606,0.06250378233368818,-1.4148340297979434,-0.06100151027183514,2.139752459881095,0.920942719688804
13.033333333333333,0.033333333333333215,391,391,takeover,cartesian_freedrive,0.9770029837020071,0.008247964801014088,0.0563016890678078,0.5533734443184973,0.06242529673451579,-1.413997714783102,-0.06085782484775909,2.139394341087952,0.9203195433060979
13.066666666666666,0.033333333333333215,392,392,takeover,cartesian_freedrive,0.976883828177147,0.008247962654836837,0.05584607534254272,0.5538373264022324,0.062346920786641315,-1.4131594437235007,-0.060714268961164025,2.13903534038468,0.9196966630361327
13.1,0.033333333333333215,393,393,takeover,cartesian_freedrive,0.976764672652287,0.00824796195962344,0.05539057719429898,0.5543023553262357,0.06226865126865457,-1.4123192119744712,-0.060570842965197574,2.1386754560169745,0.919074079419192
13.133333333333333,0.033333333333333215,394,394,takeover,cartesian_freedrive,0.9766455171274269,0.008247961714550651,0.05493519482529879,0.5547685335408924,0.062190482922395235,-1.4114770152218952,-0.06042754679048277,2.138314685206463,0.9184517925762404
13.166666666666666,0.033333333333333215,395,395,takeover,cartesian_freedrive,0.9765263616025668,0.008247944349198089,0.054479921895342925,0.5552358661991366,0.06211243483218841,-1.4106328439153328,-0.060284391465247555,2.137953014021113,0.9178298104717122
13.2,0.033333333333333215,396,396,takeover,cartesian_freedrive,0.9764072060777067,0.00824793795816943,0.054024771585675674,0.5557043490989987,0.06203448201028077,-1.4097867048620039,-0.06014135610944235,2.137590465941412,0.9172081189364473
13.233333333333333,0.033333333333333215,397,397,takeover,cartesian_freedrive,0.9762880505528467,0.008247934405252705,0.05356973750865213,0.5561739877430855,0.06195663832143594,-1.4089385881021694,-0.05999845116762502,2.137227025709181,0.9165867253104728
13.266666666666667,0.03333333333333499,398,398,takeover,cartesian_freedrive,0.9761688950279865,0.008247933192616921,0.05311481969671461,0.5566447841935197,0.061878902242561,-1.408088489037034,-0.05985567714018355,2.1368626915907973,0.9159656301451458
13.3,0.033333333333333215,399,399,takeover,cartesian_freedrive,0.9760497395031267,0.008247932757030677,0.05266001859244023,0.5571167408675507,0.061801268096777974,-1.4072364035638445,-0.059713034247135616,2.1364974618529127,0.9153448340784557
13.333333333333334,0.033333333333333215,400,400,takeover,cartesian_freedrive,0.9759305839782664,0.008247915668856902,0.05220532807146581,0.5575898633142119,0.06172375425310567,-1.4063823215868012,-0.05957053214724865,2.1361313209763733,0.9147243436011168
13.366666666666667,0.033333333333333215,401,401,takeover,cartesian_freedrive,0.9758114284534065,0.008247909440498871,0.05175076040711322,0.5580641471568195,0.06164633936118946,-1.4055262498699244,-0.05942815176945797,2.135764292445829,0.9141041461113233
13.4,0.033333333333333215,402,402,takeover,cartesian_freedrive,0.9756922729285462,0.00824790694453417,0.051296309864603026,0.5585395980917419,0.06156903109793153,-1.404668178483542,-0.05928590289980862,2.135396361625883,0.9134842485775879
13.433333333333334,0.033333333333333215,403,403,takeover,cartesian_freedrive,0.9755731174036864,0.008247923211580563,0.05084197713402611,0.559016217185235,0.061491826473014606,-1.4038081025213593,-0.05914378354266037,2.1350275322610575,0.9128646487390026
13.466666666666667,0.033333333333333215,404,404,takeover,cartesian_freedrive,0.9754539618788262,0.00824796251707555,0.050387763244620076,0.5594940064341762,0.06141470646823319,-1.4029460203933126,-0.05900179346385694,2.1346578017419175,0.9122453472373971
13.5,0.033333333333333215,405,405,takeover,cartesian_freedrive,0.9753348063539662,0.008247979217785903,0.049933665334009114,0.5599729715652051,0.061337705722970426,-1.402081924411605,-0.05885993909470663,2.1342871536552854,0.9116263504042255
13.533333333333333,0.033333333333333215,406,406,takeover,cartesian_freedrive,0.9752156508291061,0.008248030451811803,0.04947968152878008,0.5604531135153608,0.06126082320980835,-1.40121580408247,-0.05871822118141051,2.1339155954636078,0.911007655703606
13.566666666666666,0.033333333333333215,407,407,takeover,cartesian_freedrive,0.975096495304246,0.008248049327034138,0.04902581868071693,0.5609344343922086,0.06118404206276903,-1.4003476658502263,-0.05857663341873211,2.1335431215643648,0.9103892636152915
13.6,0.033333333333333215,408,408,takeover,cartesian_freedrive,0.9749773397793859,0.008248071442328397,0.04857207483879208,0.56141693539168,0.061107350048648396,-1.3994775029207642,-0.0584351763425848,2.133169735767766,0.9097711719304884
13.633333333333333,0.033333333333333215,409,409,takeover,cartesian_freedrive,0.9748581842545259,0.008248094815159007,0.04811844854774848,0.5619006202311567,0.06103078632891538,-1.3986053055570216,-0.05829385265920463,2.1327954316929523,0.9091533826566842
13.666666666666666,0.033333333333333215,410,410,takeover,cartesian_freedrive,0.9747390287296658,0.0082481056602407,0.04766494000278573,0.562385491493206,0.06095434103261838,-1.397731070846703,-0.058152663604599156,2.1324202061340207,0.9085358976046354
13.7,0.033333333333333215,411,411,takeover,cartesian_freedrive,0.9746198732048057,0.008248109620144932,0.04721155006582507,0.56287155114642,0.060877995244594856,-1.396854795499134,-0.05801160829419325,2.132044058340724,0.9079187163961187
13.733333333333333,0.033333333333333215,412,412,takeover,cartesian_freedrive,0.9745007176799457,0.008248125888552537,0.04675827900092535,0.5633588010600242,0.060801766487443225,-1.395976473387166,-0.05787068540705057,2.13166698894611,0.9073018373422257
13.766666666666667,0.03333333333333499,413,413,takeover,cartesian_freedrive,0.9743815621550855,0.008248145131893269,0.04630512213904724,0.5638472470137696,0.06072564977766854,-1.3950960952749452,-0.05772990388688726,2.1312889837371545,0.906685267031041
13.8,0.033333333333333215,414,414,takeover,cartesian_freedrive,0.9742624066302257,0.008248166440366796,0.04585208897059076,0.5643368860186597,0.06064963002633898,-1.3942136669540217,-0.057589248872236536,2.1309100588839103,0.9060689964607266
13.833333333333334,0.033333333333333215,415,415,takeover,cartesian_freedrive,0.9741432511053654,0.008248174125351029,0.04539917458165949,0.5648277239524854,0.06057372638425252,-1.3933291782273896,-0.05744872900143035,2.13053020065462,0.9054530315677646
13.866666666666667,0.033333333333333215,416,416,takeover,cartesian_freedrive,0.9740240955805055,0.008248177264427281,0.044946379470153175,0.565319762753969,0.06049793187901391,-1.3924426233905374,-0.057308343618820215,2.1301494094227107,0.9048373717129389
13.9,0.033333333333333215,417,417,takeover,cartesian_freedrive,0.9739049400556452,0.00824817971388084,0.04449370388179059,0.5658130048428563,0.060422239533250634,-1.3915539980523164,-0.05716809303174439,2.1297676827698577,0.9042220174653554
13.933333333333334,0.033333333333333215,418,418,takeover,cartesian_freedrive,0.9737857845307853,0.008248182006247808,0.04404114792514158,0.5663074527242801,0.060346659678115616,-1.3906632970912334,-0.057027977440754274,2.1293850187346828,0.9036069691328904
13.966666666666667,0.033333333333333215,419,419,takeover,cartesian_freedrive,0.9736666290059252,0.00824819671228861,0.04358871218926543,0.566803108656942,0.060271191840800105,-1.3897705161528946,-0.056887995851822956,2.129001416522038,0.9029922259436047
14.0,0.033333333333333215,420,420,takeover,cartesian_freedrive,0.9735474734810652,0.008248200873943528,0.043136391927993824,0.5672999784538933,0.06019583072652102,-1.3888756455020617,-0.05674815708595677,2.128616860513269,0.902377794266458
14.033333333333333,0.033333333333333215,421,421,takeover,cartesian_freedrive,0.9734283179562051,0.0082482031660503,0.042684192199045824,0.5677980613193988,0.060120589557229716,-1.3879786842605955,-0.05660845295469255,2.1282313621611606,0.9017636688728947
14.066666666666666,0.033333333333333215,422,422,takeover,cartesian_freedrive,0.973309162431345,0.008248204088790477,0.0422321168766301,0.568297358563435,0.0600454491254928,-1.387079632370204,-0.05646887822035887,2.1278449237108377,0.9011498469378351
14.1,0.033333333333333215,423,423,takeover,cartesian_freedrive,0.9731900069064849,0.008248201963982522,0.04178015805356412,0.5687978768572913,0.059970420750004354,-1.3861784755163868,-0.05632944594071047,2.1274575270681746,0.900536336658791
14.133333333333333,0.033333333333333215,424,424,takeover,cartesian_freedrive,0.9730708513816249,0.00824820118697203,0.041328323978373396,0.569299614826728,0.05989549330151004,-1.3852752170129223,-0.05619014327381341,2.127069186220188,0.8999231303265623
14.166666666666666,0.033333333333333215,425,425,takeover,cartesian_freedrive,0.9729516958567648,0.00824820093529733,0.04087661071391934,0.5698025769570652,0.05982068117989412,-1.3843698474754271,-0.05605097680528922,2.1266798909200095,0.8993102321463974
14.2,0.033333333333333215,426,426,takeover,cartesian_freedrive,0.9728325403319047,0.008248200915005324,0.040425018558616924,0.5703067660492587,0.059745978792858444,-1.3834623617168817,-0.055911946897141906,2.126289639022647,0.898697642711637
14.233333333333333,0.033333333333333215,427,427,takeover,cartesian_freedrive,0.9727133848070447,0.008248200997941452,0.03997354757955211,0.5708121847334028,0.059671386340206196,-1.3825527543353153,-0.05577305365588124,2.1258984277299384,0.898085362210817
14.266666666666667,0.03333333333333499,428,428,takeover,cartesian_freedrive,0.9725942292821845,0.008248200971654693,0.03952219820080604,0.5713188359424056,0.05959689524241339,-1.3816410209316647,-0.055634297005689524,2.1255062541145695,0.8974733908670329
14.3,0.033333333333333215,429,429,takeover,cartesian_freedrive,0.9724750737573247,0.008248200283788129,0.03907096706832031,0.5718267238690894,0.05952252738798785,-1.3807271517368436,-0.055495682828464496,2.125113111021914,0.8968617326080026
14.333333333333334,0.033333333333333215,430,430,takeover,cartesian_freedrive,0.9723559182324644,0.008248199610939413,0.0386198592951982,0.5723358498583895,0.05944824269049784,-1.379811125941607,-0.05535720448731628,2.1247190072538573,0.8962503809703883
14.366666666666667,0.033333333333333215,431,431,takeover,cartesian_freedrive,0.9722367627076045,0.00824822515782511,0.0381689029450749,0.5728461982262912,0.059374009778808474,-1.378892988153816,-0.055218811579676466,2.1243240056605983,0.8956393066100379
14.4,0.033333333333333215,432,432,takeover,cartesian_freedrive,0.9721176071827442,0.008248294534328748,0.037718116134711696,0.5733577473222482,0.059299722169619984,-1.377972687196123,-0.055080455118363014,2.123928230551609,0.8950284685048129
14.433333333333334,0.033333333333333215,433,433,takeover,cartesian_freedrive,0.9719984516578843,0.008249689542313204,0.037267374807788224,0.5738706029630595,0.05922574760115167,-1.3770502195067966,-0.0549423893719398,2.12353121351604,0.8944180489549753
14.466666666666667,0.033333333333333215,434,434,takeover,cartesian_freedrive,0.9718792961330242,0.008248776545334556,0.03681673738800995,0.5743847256932724,0.059152088221543386,-1.376125680553773,-0.05480450009650121,2.123133110136381,0.8938079809018087
14.5,0.033333333333333215,435,435,takeover,cartesian_freedrive,0.9717601406081642,0.008248418009459586,0.036366271193614526,0.574900051660672,0.05907879025537427,-1.3751990811356094,-0.054666634341123885,2.1227342117447483,0.8931981536768534
14.533333333333333,0.033333333333333215,436,436,takeover,cartesian_freedrive,0.9716409850833041,0.008248278658786832,0.03591591738979199,0.5754166607290625,0.05900527984397989,-1.3742702314077486,-0.054528959577550586,2.1223342300878727,0.8925886658017352
14.566666666666666,0.033333333333333215,437,437,takeover,cartesian_freedrive,0.971521829558444,0.008248227498098195,0.0354656691431183,0.5759345316980197,0.05893178490831937,-1.3733391114554208,-0.05439144614055019,2.121933279653544,0.8919794955485972
14.6,0.033333333333333215,438,438,takeover,cartesian_freedrive,0.9714026740335839,0.008248208563221358,0.035015542287689,0.5764536613589738,0.058858409809407174,-1.3724058136073995,-0.05425406996072527,2.1215313502877184,0.8913706371826011
14.633333333333333,0.033333333333333215,439,439,takeover,cartesian_freedrive,0.9712835185087239,0.008248205415124915,0.034565542066726226,0.5769740565575474,0.05878513855516578,-1.3714703238903887,-0.05411683261079006,2.1211284243043242,0.890762091352104
14.666666666666666,0.033333333333333215,440,440,takeover,cartesian_freedrive,0.9711643629838638,0.008248204075783774,0.03411566254235838,0.5774957168187829,0.0587119768446691,-1.3705326460457883,-0.05397973482069032,2.1207245121718596,0.890153859651451
14.7,0.033333333333333215,441,441,takeover,cartesian_freedrive,0.9710452074590037,0.00824820748104304,0.03366591008326857,0.5780186488408724,0.05863892540310622,-1.3695927641335486,-0.053842775989106834,2.1203195967573016,0.8895459406939817
14.733333333333333,0.033333333333333215,442,442,takeover,cartesian_freedrive,0.9709260519341436,0.008248216381703942,0.03321627912656287,0.5785428502071198,0.058565954136776364,-1.3686506957674607,-0.05370595472391499,2.1199136937672525,0.8889383364827573
14.766666666666667,0.03333333333333499,443,443,takeover,cartesian_freedrive,0.9708068964092835,0.008248219926680357,0.032766772777565116,0.5790683294443515,0.05849313086645837,-1.3677064023462295,-0.0535692756200846,2.119506785302816,0.8883310466564207
14.8,0.033333333333333215,444,444,takeover,cartesian_freedrive,0.9706877408844236,0.008248223362187794,0.03231739013762374,0.5795950866288453,0.05842041210666764,-1.3667598962997698,-0.05343273575110366,2.1190988766928047,0.8877240713306924
14.833333333333334,0.033333333333333215,445,445,takeover,cartesian_freedrive,0.9705685853595635,0.008248224725035967,0.03186813319262176,0.580123126884994,0.058347810962586164,-1.3658111637233927,-0.05329633697102457,2.1186899575348166,0.8871174112874849
14.866666666666667,0.033333333333333215,446,446,takeover,cartesian_freedrive,0.9704494298347034,0.008248225281968505,0.03141899958599863,0.5806524514091453,0.05827532890795952,-1.3648602053876373,-0.053160078498872526,2.1182800330543357,0.8865110667406542
14.9,0.033333333333333215,447,447,takeover,cartesian_freedrive,0.9703302743098433,0.008248227502623497,0.030969991887284647,0.5811830628877054,0.05820293531957245,-1.363907026348612,-0.05302395867565104,2.1178690974411376,0.8859050382207135
14.933333333333334,0.033333333333333215,448,448,takeover,cartesian_freedrive,0.9702111187849833,0.00824823020481007,0.03052111032509274,0.5817149685763471,0.05813066637648395,-1.3629515876271068,-0.05288798226590146,2.1174571407574456,0.885299325154666
14.966666666666667,0.033333333333333215,449,449,takeover,cartesian_freedrive,0.9700919632601233,0.008248237020169597,0.030072351929022578,0.5822481675496337,0.058058499640774607,-1.3619939032685764,-0.052752147642065025,2.1170441726540243,0.8846939290855945
15.0,0.033333333333333215,450,450,takeover,cartesian_freedrive,0.9699728077352632,0.00824824346635063,0.02962371921926258,0.5827826640436097,0.05798645290549441,-1.3610339689412003,-0.05261645391388568,2.1166301838819277,0.8840888498178309
15.033333333333333,0.033333333333333215,451,451,takeover,cartesian_freedrive,0.9698536522104031,0.008248247514784637,0.02917521442757511,0.5833184631436834,0.0579145143540618,-1.3600717731472156,-0.05248090155359596,2.116215165366505,0.8834840872155022
15.066666666666666,0.033333333333333215,452,452,takeover,cartesian_freedrive,0.969734496685543,0.008248256687604937,0.02872683082604204,0.5838555631569238,0.05784268266668737,-1.3591073214576699,-0.052345491140868214,2.115799133167205,0.8828796431056314
15.1,0.033333333333333215,453,453,takeover,cartesian_freedrive,0.9696153411606829,0.008248263895269498,0.028278577220174274,0.5843939728903557,0.05777097480477554,-1.3581405916824425,-0.052210222104966064,2.1153820633874543,0.8822755157003542
15.133333333333333,0.033333333333333215,454,454,takeover,cartesian_freedrive,0.9694961856358228,0.008248268233333286,0.027830450693472657,0.5849336944778252,0.057699378323283826,-1.3571715819732355,-0.05207509598068962,2.1149639574940524,0.8816717066848484
15.166666666666666,0.033333333333333215,455,455,takeover,cartesian_freedrive,0.9693770301109628,0.008248271510441193,0.027382450642381664,0.5854747302898952,0.057627894411475714,-1.3562002885386575,-0.051940112498147104,2.1145448170388996,0.8810682164109502
15.2,0.033333333333333215,456,456,takeover,cartesian_freedrive,0.9692578745861027,0.008248276871851905,0.026934575888625543,0.5860170828810793,0.05755651681209194,-1.355226707028871,-0.05180527189513961,2.1141246400354468,0.880465045094831
15.233333333333333,0.033333333333333215,457,457,takeover,cartesian_freedrive,0.9691387190612427,0.00824828266072012,0.026486827528315517,0.5865607555183111,0.05748525674697199,-1.3542508295874744,-0.051670573790293724,2.11370342549166,0.879862192848321
15.266666666666667,0.03333333333333499,458,458,takeover,cartesian_freedrive,0.9690195635363826,0.008248288724452112,0.026039629412286443,0.5871057324651491,0.05741352830011454,-1.3532726646041793,-0.05153564376137653,2.1132811793487587,0.8792594689926773
15.3,0.033333333333333215,459,459,takeover,cartesian_freedrive,0.9689004080115226,0.008248296291048472,0.025597037445310805,0.5876518197768081,0.05733585361518301,-1.3522923478161244,-0.051396867575262406,2.1128580684629754,0.8786550354313702
15.333333333333334,0.033333333333333215,460,460,takeover,cartesian_freedrive,0.9687812524866625,0.008248300499360671,0.025164476563252196,0.5881988167433604,0.057244872278894444,-1.3513099630566916,-0.05124941987049415,2.112434241086361,0.8780464541112841
15.366666666666667,0.033333333333333215,461,461,takeover,cartesian_freedrive,0.9686620969618024,0.008248303864046489,0.02474746587030597,0.5887465392397382,0.05713314437471976,-1.3503255394323428,-0.05108837277644596,2.1120098416679873,0.8774312431115703
15.4,0.033333333333333215,462,462,takeover,cartesian_freedrive,0.9685429414369423,0.008248309446599364,0.02435149559434308,0.5892948075126596,0.05699320111001357,-1.3493391204868066,-0.05090880202865047,2.1115850061893795,0.8768069307590219
15.433333333333334,0.033333333333333215,463,463,takeover,cartesian_freedrive,0.9684237859120822,0.00824831450878032,0.023982022295169575,0.5898434445940467,0.056817589594050984,-1.3483507588289285,-0.050705790749169644,2.1111598649068,0.8761710560320461
15.466666666666667,0.033333333333333215,464,464,takeover,cartesian_freedrive,0.9683046303872221,0.00824831767340968,0.02364446103165074,0.5903922821604605,0.0565989548329422,-1.3473604486629014,-0.05047444022701191,2.110734545976845,0.8755211675698713
15.5,0.033333333333333215,465,465,takeover,cartesian_freedrive,0.9681854748623622,0.00824832022617772,0.023344195066598523,0.5909411498119784,0.05632987791458624,-1.3463682744903827,-0.05020984909081686,2.1103091772282854,0.87485482701408
15.533333333333333,0.033333333333333215,466,466,takeover,cartesian_freedrive,0.9680663193375021,0.008248325291492262,0.023086556331855374,0.5914898932090505,0.05600313399975791,-1.3453742171051832,-0.04990714894569224,2.1098838761167795,0.8741696094140656
15.566666666666666,0.033333333333333215,467,467,takeover,cartesian_freedrive,0.967947163812642,0.008248328977922064,0.022876840416864167,0.5920383611763639,0.0556113714428916,-1.344378331770315,-0.049561475755964354,2.1094587540232115,0.873463104835363
15.6,0.033333333333333215,468,468,takeover,cartesian_freedrive,0.9678280082877819,0.008248331946660636,0.0227202904186622,0.5925864160565327,0.05514742609352201,-1.3433806374212343,-0.04916799295815399,2.1090339146043418,0.8727329199278525
15.633333333333333,0.033333333333333215,469,469,takeover,cartesian_freedrive,0.9677088527629218,0.008248333235300888,0.022622100731783713,0.5931339322126421,0.05460408197883109,-1.3423811680588005,-0.04872188386304648,2.1086094540023077,0.871976678763453
15.666666666666666,0.033333333333333215,470,470,takeover,cartesian_freedrive,0.9675896972380618,0.008248333830733765,0.022587401922073938,0.5936807988814766,0.05397424829204525,-1.3413799385526484,-0.04821836736280614,2.108185465838376,0.8711920279751305
15.7,0.033333333333333215,471,471,takeover,cartesian_freedrive,0.9674705417132017,0.008248334157382147,0.022621274897640462,0.5942269260448043,0.05325085278216598,-1.3403769768390952,-0.04765268847818258,2.107762015998047,0.8703766341070445
15.733333333333333,0.033333333333333215,472,472,takeover,cartesian_freedrive,0.9673513861883417,0.008248338518372348,0.022728724121897886,0.5947722410352942,0.052426920791045245,-1.339372303288849,-0.04702013520264062,2.107339175484379,0.8695281912380681
15.766666666666667,0.03333333333333499,473,473,takeover,cartesian_freedrive,0.9672322306634816,0.008248345382757398,0.022914686577974987,0.5953167014532282,0.051495640076438656,-1.338365895238968,-0.04631604243864622,2.1069169857060266,0.8686444188414789
15.8,0.033333333333333215,474,474,takeover,cartesian_freedrive,0.9671130751386215,0.008248348335314485,0.02318402848999452,0.5958602879568199,0.05045012274472031,-1.3373577810462427,-0.04553578487340329,2.106495469838775,0.8677230672382665
15.833333333333334,0.033333333333333215,475,475,takeover,cartesian_freedrive,0.9669939196137615,0.008248350655485426,0.023541521958183247,0.5964030107339138,0.049283713048319626,-1.3363479538508403,-0.04467479973448329,2.106074648002015,0.8667619209064656
15.866666666666667,0.033333333333333215,476,476,takeover,cartesian_freedrive,0.9668747640889014,0.008248353944326336,0.023991860343799604,0.5969449146619599,0.04798974968629507,-1.3353364226508595,-0.04372857723132648,2.105654507260737,0.865758798336375
15.9,0.033333333333333215,477,477,takeover,cartesian_freedrive,0.9667556085640413,0.008248358055657021,0.024539635338211237,0.5974860840520694,0.046561806255463564,-1.3343231612890907,-0.04269268147470734,2.1052350127453914,0.8647115579044259
15.933333333333334,0.033333333333333215,478,478,takeover,cartesian_freedrive,0.9666364530391812,0.00824836082315765,0.025189335383676584,0.5980266427991554,0.044993516694835076,-1.3333081432527751,-0.04156274976792008,2.104816107837596,0.8636181009526508
15.966666666666667,0.033333333333333215,479,479,takeover,cartesian_freedrive,0.9665172975143211,0.008248363211712496,0.025945344263680885,0.5985667606940667,0.04327863678714691,-1.3322913378743844,-0.04033449649370475,2.104397700896249,0.8624763726835826
16.0,0.033333333333333215,480,480,takeover,cartesian_freedrive,0.9663981419894612,0.008248367603970973,0.026811920570021103,0.5991066482478155,0.04141105128427956,-1.3312727464942766,-0.03900372149954623,2.103979690882565,0.8612843702770755
16.033333333333335,0.03333333333333499,481,481,takeover,cartesian_freedrive,0.9662789864646011,0.008248371766890816,0.027793202459276512,0.5996465801188829,0.03938492346404657,-1.3302522726981327,-0.037566328632419925,2.1035619191681185,0.8600401401471932
16.066666666666666,0.03333333333333144,482,482,takeover,cartesian_freedrive,0.966159830939741,0.008248377370188084,0.02889319014549568,0.6001868831720214,0.03719443217284666,-1.3292298075034918,-0.03601832610547504,2.1031442079263045,0.8587417858867812
16.1,0.03333333333333499,483,483,takeover,cartesian_freedrive,0.9660406754148809,0.008248385881519802,0.03011558379290686,0.600728158618333,0.03483493832829354,-1.3282050976574309,-0.0343562497669869,2.102725435575756,0.857387743003357
16.133333333333333,0.03333333333333144,484,484,takeover,cartesian_freedrive,0.9659215198900208,0.0082484008470471,0.03146446927438353,0.6012702546587356,0.03230143025919037,-1.3271788204390222,-0.03257518895151811,2.102307731676816,0.8559755536409669
16.166666666666668,0.03333333333333499,485,485,takeover,cartesian_freedrive,0.9658023643651608,0.008249834008256787,0.03294304025822012,0.6018143260058454,0.029583062369043452,-1.3261500931839498,-0.030672738219634864,2.1018882154879406,0.8545042575926748
16.2,0.03333333333333144,486,486,takeover,cartesian_freedrive,0.9656832088403007,0.008248915497102004,0.03455511540594796,0.6023603427357203,0.02668048387489968,-1.325119077666842,-0.028644123040493474,2.101469149704138,0.8529713920544613
16.233333333333334,0.03333333333333499,487,487,takeover,cartesian_freedrive,0.9655640533154407,0.0082485520807411,0.03630333268192297,0.6029095717688344,0.023588124729950307,-1.3240858289295812,-0.026487302779454946,2.101047373376382,0.8513763477025375
16.266666666666666,0.03333333333333144,488,488,takeover,cartesian_freedrive,0.9654448977905806,0.008248421075159815,0.03819108211160649,0.6034623709571858,0.02030152621882614,-1.3230500900086584,-0.02419821832460422,2.1006241185370986,0.8497170557501257
16.3,0.03333333333333499,489,489,takeover,cartesian_freedrive,0.9653257422657205,0.008248374398818533,0.04022109614058034,0.6040196201682012,0.016815997828103158,-1.322011704431988,-0.021773992969990538,2.1001985657331694,0.8479922525048079
16.333333333333332,0.03333333333333144,490,490,takeover,cartesian_freedrive,0.9652065867408605,0.008248358552520721,0.04239598767944296,0.6045821997960094,0.01312754388376913,-1.3209705074608211,-0.0192117205172403,2.099770188417741,0.8462006311008785
16.366666666666667,0.03333333333333499,491,491,takeover,cartesian_freedrive,0.9650874312160004,0.008248355374063713,0.04471816480005799,0.6051510644509389,0.009232428293730556,-1.3199263371350498,-0.01650864654938876,2.0993384303627143,0.8443409649328274
16.4,0.03333333333333144,492,492,takeover,cartesian_freedrive,0.9649682756911403,0.00824835551088925,0.04718980189623713,0.6057272552367142,0.005127200246037679,-1.318879005753008,-0.013662208772835967,2.098902665775092,0.8424121306833727
16.433333333333334,0.03333333333333499,493,493,takeover,cartesian_freedrive,0.9648491201662802,0.008248356908142053,0.04981285012032756,0.6063118892165155,0.0008086529353183151,-1.3178283325464146,-0.010670009799052586,2.098462238269367,0.8404130923650829
16.466666666666665,0.03333333333333144,494,494,takeover,cartesian_freedrive,0.9647299646414201,0.00824835939774039,0.05258900109086704,0.6069061746401486,-0.003725817147687793,-1.3167740522382931,-0.007529865921689597,2.098016423346087,0.8383429246092803
16.5,0.03333333333333499,495,495,takeover,cartesian_freedrive,0.9646108091165602,0.008248363269521242,0.055519710590319724,0.6075113930722145,-0.008478815221664665,-1.3157159590467908,-0.004239764259973207,2.0975644621172522,0.8362007964038048
16.533333333333335,0.03333333333333499,496,496,takeover,cartesian_freedrive,0.9644916535917001,0.008248366590737277,0.05860616211408105,0.6081289137602559,-0.013452500438656865,-1.3146538014788673,-0.0007979105569968496,2.097105527957832,0.8339859926191562
16.566666666666666,0.03333333333333144,497,497,takeover,cartesian_freedrive,0.96437249806684,0.008248368412094427,0.061849277505032725,0.6087601813476428,-0.018648805097647003,-1.3135873484777172,0.0027972967735806534,2.0966387562238107,0.8316979019614661
16.6,0.03333333333333499,498,498,takeover,cartesian_freedrive,0.9642533425419799,0.00824837230025892,0.06524969040165128,0.6094067247287721,-0.024068992969343374,-1.3125162681933307,0.006547233628760393,2.096163234764698,0.8293360280233947
16.633333333333333,0.03333333333333144,499,499,takeover,cartesian_freedrive,0.9641341870171198,0.008248375775428512,0.06880774962206256,0.6100701473147492,-0.029714230179455937,-1.3114402890761152,0.010453061500063695,2.0956779892725548,0.8268999948401263
16.666666666666668,0.03333333333333499,500,500,takeover,cartesian_freedrive,0.9640150314922598,0.008248379309313712,0.07252351406861274,0.6107521231290414,-0.035585287123459555,-1.3103591236207373,0.014515729563268432,2.0951820129369776,0.8243895385742791
16.7,0.03333333333333144,501,501,takeover,cartesian_freedrive,0.9638958759673997,0.008248382566797233,0.0763967323434959,0.6114544008334517,-0.04168251303486389,-1.3092724428216425,0.018735947824918563,2.094674242755719,0.8218045228605766
16.733333333333334,0.03333333333333499,502,502,takeover,cartesian_freedrive,0.9637767204425397,0.008248386734857257,0.0804268455016024,0.6121787936351244,-0.048005745834677205,-1.3081798908417477,0.02311420172733183,2.094153582759121,0.8191449301914461
16.766666666666666,0.03333333333333144,503,503,takeover,cartesian_freedrive,0.9636575649176796,0.008248390848222962,0.08461297811682734,0.6129271754133154,-0.05455462787092725,-1.3070811470690573,0.02765074248292116,2.093618885994758,0.8164108730427118
16.8,0.03333333333333499,504,504,takeover,cartesian_freedrive,0.9635384093928195,0.008248397897135325,0.08895393457945905,0.6137014736226469,-0.06132832180591793,-1.3059758690243537,0.03234559021949626,2.093068981019605,0.8136025869879467
16.833333333333332,0.03333333333333144,505,505,takeover,cartesian_freedrive,0.9634192538679595,0.0082484048161531,0.0934481896365849,0.6145036728992913,-0.06832547908860563,-1.3048636502104014,0.03719851576095461,2.0925026465521697,0.8107204381448592
16.866666666666667,0.03333333333333499,506,506,takeover,cartesian_freedrive,0.9633000983430994,0.00824841073335947,0.0980938783343776,0.6153357926443994,-0.07554447740656299,-1.3037441657207014,0.04220904969199265,2.0919186392619915,0.8077649306337774
16.9,0.03333333333333144,507,507,takeover,cartesian_freedrive,0.9631809428182393,0.008248415546743673,0.10288881407312067,0.6161998977698537,-0.08298318694007539,-1.3026169856698768,0.047376482722890176,2.0913156792941114,0.8047366901660482
16.933333333333334,0.03333333333333499,508,508,takeover,cartesian_freedrive,0.9630617872933792,0.008248422572229314,0.1078304763244767,0.6170980729280544,-0.09063909544136435,-1.3014817448520346,0.05269987634874191,2.0906924798589888,0.8016364703718698
16.966666666666665,0.03333333333333144,509,509,takeover,cartesian_freedrive,0.9629426317685191,0.008248429254973103,0.11291594954421423,0.6180324263098368,-0.09850924545973175,-1.3003380562835132,0.058177980358792895,2.0900477182110913,0.7984651996221013
17.0,0.03333333333333499,510,510,takeover,cartesian_freedrive,0.9628234762436592,0.008248433342918336,0.11814206401739047,0.6190050767015854,-0.10659026764959019,-1.2991855185003542,0.06380939434338444,2.089380074575438,0.7952238772054214
17.033333333333335,0.03333333333333499,511,511,takeover,cartesian_freedrive,0.9627043207187991,0.008248438932319272,0.12350524912025426,0.6200181473812801,-0.11487835907677094,-1.2980237242938106,0.06959239991088347,2.088688201696686,0.7919136818545407
17.066666666666666,0.03333333333333144,512,512,takeover,cartesian_freedrive,0.962585165193939,0.008248445755504858,0.1290016115219472,0.6210737494168498,-0.12336927797485951,-1.2968522708444845,0.07552505328777966,2.087970766703282,0.7885359126250697
17.1,0.03333333333333499,513,513,takeover,cartesian_freedrive,0.9624660096690789,0.008248449452578865,0.13462692952543662,0.6221739761716014,-0.13205842033387016,-1.2956707983536575,0.08160517321985021,2.087226425242786,0.7850919998967862
17.133333333333333,0.03333333333333144,514,514,takeover,cartesian_freedrive,0.9623468541442188,0.008248457365584539,0.14037660712387018,0.6233209211723132,-0.14094068939802104,-1.2944784181511138,0.08783022233285563,2.0864538676208806,0.7815835321953789
17.166666666666668,0.03333333333333499,515,515,takeover,cartesian_freedrive,0.9622276986193588,0.00824867070190288,0.14624573598343985,0.6245164584696036,-0.15001099754258246,-1.2932756567108374,0.09419765384807306,2.085652147567927,0.7780121803798913
17.2,0.03333333333333144,516,516,takeover,cartesian_freedrive,0.9621085430944987,0.008253175274643268,0.15222910271269932,0.6257627898856272,-0.1592618418457566,-1.2920621163710138,0.10070442875352631,2.084818961643596,0.7743798996125211
17.233333333333334,0.03333333333333499,517,517,takeover,cartesian_freedrive,0.9619893875696387,0.008250307400098744,0.15832148510504424,0.6270617372758301,-0.16868521275573473,-1.2908361040301057,0.10734768970599726,2.0839538411354863,0.7706883095689767
17.266666666666666,0.03333333333333144,518,518,takeover,cartesian_freedrive,0.9618702320447786,0.00824924249597368,0.16451665378933358,0.6284150830806028,-0.17828124740872062,-1.2895986442934346,0.11412356238280749,2.0830554192864152,0.7669398825326379
17.3,0.03333333333333499,519,519,takeover,cartesian_freedrive,0.9617510765199185,0.008248850624666477,0.17080867961530227,0.6298246121221105,-0.18803913377771495,-1.2883489404433737,0.1210286277915217,2.0821224440835167,0.7631366723412695
17.333333333333332,0.03333333333333144,520,520,takeover,cartesian_freedrive,0.9616319209950585,0.008248706318877948,0.1771908667258325,0.6312919447702724,-0.197951058703282,-1.2870866521788749,0.12805866229625618,2.081153802640743,0.7592812261082463
17.366666666666667,0.03333333333333499,521,521,takeover,cartesian_freedrive,0.9615127654701984,0.008248654333020971,0.183656950564752,0.6328186643707848,-0.20800964802259242,-1.2858114760348451,0.1352099767746313,2.080148327902193,0.7553757386008411
17.4,0.03333333333333144,522,522,takeover,cartesian_freedrive,0.9613936099453383,0.00824863298437726,0.19019955628932675,0.6344061046208331,-0.21820646828636636,-1.2845231953813327,0.1424777204634597,2.0791051711309247,0.7514230966425979
17.433333333333334,0.03333333333333499,523,523,takeover,cartesian_freedrive,0.9612744544204782,0.008248628096455055,0.19681194309205607,0.6360556282367643,-0.22853307742595175,-1.2832214670012807,0.14985774268602464,2.078023169146279,0.7474257323059906
17.466666666666665,0.03333333333333144,524,524,takeover,cartesian_freedrive,0.9611552988956181,0.008248628814876067,0.203486501221595,0.6377683192481622,-0.23898071275391466,-1.2819061091200052,0.15734497099037534,2.0769015602905827,0.743386616430086
17.5,0.03333333333333499,525,525,takeover,cartesian_freedrive,0.9610361433707582,0.00825024655952683,0.2102158397618905,0.6395451247382723,-0.24953972999939159,-1.2805768677403895,0.16493461238763696,2.075739723195333,0.7393085087907947
17.533333333333335,0.03333333333333499,526,526,takeover,cartesian_freedrive,0.9609169878458981,0.008251512215953511,0.21699191143837196,0.6413873318274578,-0.2602027845603862,-1.2792339959447008,0.17262084716319323,2.074534809027153,0.7351949428143648
17.566666666666666,0.03333333333333144,527,527,takeover,cartesian_freedrive,0.960797832321038,0.008249676907680175,0.22380680878418516,0.6432943367234925,-0.27095959728211344,-1.2778768121297785,0.18039861923226863,2.0732914321819558,0.7310484104660069
17.6,0.03333333333333499,528,528,takeover,cartesian_freedrive,0.9606786767961779,0.00824895570338376,0.2306527597497673,0.6452678931814186,-0.28179852311853626,-1.276505019986882,0.18826213338814562,2.0720037601424806,0.7268725530262349
17.633333333333333,0.03333333333333144,529,529,takeover,cartesian_freedrive,0.9605595212713178,0.008248695320667548,0.23752125402639584,0.6473076563969202,-0.29270994462330574,-1.2751188755141296,0.19620532173073513,2.0706736246924566,0.7226706766255566
17.666666666666668,0.03333333333333499,530,530,takeover,cartesian_freedrive,0.9604403657464577,0.008248600546934748,0.24440441721974232,0.6494136355331782,-0.3036847146301927,-1.2737186676125052,0.20422257756816603,2.0693009693678386,0.7184458874376113
17.7,0.03333333333333144,531,531,takeover,cartesian_freedrive,0.9603212102215977,0.008248567042862701,0.2512935790970905,0.6515858084246147,-0.31471188897156455,-1.2723039771573155,0.2123070924612769,2.067884970562621,0.7142020079743456
17.733333333333334,0.03333333333333499,532,532,takeover,cartesian_freedrive,0.9602020546967377,0.008248564397650072,0.2581806069019645,0.6538236668327554,-0.32578120710868247,-1.2708751172155526,0.22045274338133877,2.0664261100029786,0.7099423641078751
17.766666666666666,0.03333333333333144,533,533,takeover,cartesian_freedrive,0.9600828991718776,0.008248580891107837,0.26505696241183124,0.6561265927284475,-0.3368816613053976,-1.2694321305329583,0.228652681124225,2.0649244253065606,0.7056707057162157
17.8,0.03333333333333499,534,534,takeover,cartesian_freedrive,0.9599637436470175,0.008248600411306005,0.2719143590892242,0.6584938016418751,-0.34800281996710614,-1.267975094442997,0.23690015100263326,2.0633799691098247,0.7013906826314186
17.833333333333332,0.03333333333333144,535,535,takeover,cartesian_freedrive,0.9598445881221574,0.008248615908057156,0.2787445226153056,0.6609242309494436,-0.3591338476038576,-1.2665041337197278,0.2451882340309575,2.061793102480227,0.6971059895720134
17.866666666666667,0.03333333333333499,536,536,takeover,cartesian_freedrive,0.9597254325972974,0.008248628969321043,0.2855391888894789,0.6634165448024987,-0.370263861665547,-1.2650195097554016,0.2535098142973548,2.0601644424207035,0.692820392682173
17.9,0.03333333333333144,537,537,takeover,cartesian_freedrive,0.9596062770724373,0.008248639903744352,0.29229021610450673,0.6659691993572624,-0.38138202701286383,-1.2635215018346961,0.26185766679771505,2.0584946712441567,0.6885376778839474
17.933333333333334,0.03333333333333499,538,538,takeover,cartesian_freedrive,0.9594871215475772,0.00824864692660087,0.29898957219248057,0.6685804275211257,-0.3924775340562893,-1.2620104166986965,0.2702244278174195,2.0567845814164953,0.68426166565159
17.966666666666665,0.03333333333333144,539,539,takeover,cartesian_freedrive,0.9593679660227171,0.00824865660300202,0.30562940948390876,0.6712482210016963,-0.40353961164829094,-1.260486594291342,0.2786026754087228,2.055035180362246,0.6799961536710538
18.0,0.03333333333333499,540,540,takeover,cartesian_freedrive,0.9592488104978572,0.00824866757861513,0.31220205445690336,0.6739703576844972,-0.41455755730241134,-1.258950412319214,0.28698489772037294,2.053247579159744,0.6757449443324924
18.033333333333335,0.03333333333333499,541,541,takeover,cartesian_freedrive,0.9591296549729971,0.008248676835369145,0.3187001121745698,0.6767443615987896,-0.42552105944388546,-1.2574023674305477,0.2953636122393337,2.0514232087469924,0.6715117557745385
18.066666666666666,0.03333333333333144,542,542,takeover,cartesian_freedrive,0.959010499448137,0.008248688537143613,0.3251161915508863,0.679567634992577,-0.4364193447566027,-1.2558428502784373,0.30373100183663126,2.049563178072095,0.6673004895503646
18.1,0.03333333333333499,543,543,takeover,cartesian_freedrive,0.9588913439232769,0.008248703408488718,0.33144344233109835,0.6824372516402701,-0.44724246952071217,-1.2542724251702912,0.31207958286049026,2.0476693842384144,0.6631147385914012
18.133333333333333,0.03333333333333144,544,544,takeover,cartesian_freedrive,0.9587721883984168,0.008248718931628998,0.3376751215823407,0.6853500820233327,-0.45798034447527886,-1.2526915965158718,0.32040163392994253,2.0457438098239655,0.6589581836921174
18.166666666666668,0.03333333333333499,545,545,takeover,cartesian_freedrive,0.9586530328735567,0.008255740601715836,0.34380464616012446,0.6883031826133232,-0.46862348915009516,-1.2511011439714996,0.32868933887691765,2.0437870652548034,0.6548346663558261
18.2,0.03333333333333144,546,546,takeover,cartesian_freedrive,0.9585338773486967,0.008251366722145864,0.34982611767956323,0.6912929705817472,-0.4791600256213161,-1.2495010271645894,0.33693535928134055,2.0418019536172394,0.6507474410794445
18.233333333333334,0.03333333333333499,547,547,takeover,cartesian_freedrive,0.9584147218238367,0.008249751869565811,0.35573369657679554,0.6943159250823868,-0.48958409756892185,-1.2478926933794672,0.3451319855633804,2.039790388534503,0.6467001195422656
18.266666666666666,0.03333333333333144,548,548,takeover,cartesian_freedrive,0.9582955662989766,0.008249159492182575,0.3615219700898532,0.6973683497225225,-0.4998852397852075,-1.2462764790582326,0.35327178575152923,2.037754592999696,0.6426960115487866
18.3,0.03333333333333499,549,549,takeover,cartesian_freedrive,0.9581764107741165,0.008248947415837952,0.36718587887388315,0.7004464396813608,-0.5100547839930405,-1.2446530488913363,0.36134738823660695,2.0356968487254714,0.6387383663315149
18.333333333333332,0.03333333333333144,550,550,takeover,cartesian_freedrive,0.9580572552492564,0.008248876271550626,0.3727207393562282,0.7035462891531059,-0.5200844290219985,-1.2430231120486894,0.3693515572896936,2.0336195241013235,0.63483031105717
18.366666666666667,0.03333333333333499,551,551,takeover,cartesian_freedrive,0.9579380997243964,0.008248858254589039,0.3781222337986073,0.7066639054670872,-0.5299662050751657,-1.2413873796438133,0.3772771852234648,2.0315250722952993,0.6309748563691931
18.4,0.03333333333333144,552,552,takeover,cartesian_freedrive,0.9578189441995363,0.00825305394450961,0.3833864085197265,0.7097953273575555,-0.539693043164575,-1.2397466509816821,0.3851173257584041,2.0294156594264066,0.6271749330624616
18.433333333333334,0.03333333333333499,553,553,takeover,cartesian_freedrive,0.9576997886746762,0.008250388552487218,0.38850979953709774,0.7129365030251954,-0.5492576592728287,-1.2381015532520179,0.3928653101081301,2.0272937612550583,0.623433185475892
18.466666666666665,0.03333333333333144,554,554,takeover,cartesian_freedrive,0.9575806331498161,0.008249413566693203,0.39348922192289826,0.71608293848685,-0.5586521776875297,-1.236452928327467,0.40051456898066334,2.025163239670199,0.619752141919159
18.5,0.03333333333333499,555,555,takeover,cartesian_freedrive,0.9574614776249561,0.008249061135666917,0.39832194551475053,0.7192307393422209,-0.5678711606760889,-1.234801323288818,0.4080588034520552,2.023025980148541,0.6161342638790241
18.533333333333335,0.03333333333333499,556,556,takeover,cartesian_freedrive,0.9573423221000961,0.008248938278793444,0.40300560099619054,0.7223758054682792,-0.5769086690099469,-1.2331475791653301,0.41549199507241125,2.0208845825722856,0.6125817973125209
18.566666666666666,0.03333333333333144,557,557,takeover,cartesian_freedrive,0.957223166575236,0.008248899825145898,0.40753815013894706,0.7255140500879456,-0.5857592773945245,-1.2314924163920464,0.4228082814118578,2.018741711845804,0.6090968732405146
18.6,0.03333333333333499,558,558,takeover,cartesian_freedrive,0.9571040110503759,0.008248892088479625,0.41191808973146243,0.7286414551338382,-0.5944180910920482,-1.2298365382440342,0.43000230728007355,2.0166000946713902,0.6056813078201573
18.633333333333333,0.03333333333333144,559,559,takeover,cartesian_freedrive,0.9569848555255158,0.008248899542318573,0.4161443268178156,0.7317540591008656,-0.6028806734295743,-1.228180698329058,0.43706908286359814,2.0144625217557377,0.602336695029552
18.666666666666668,0.03333333333333499,560,560,takeover,cartesian_freedrive,0.9568657000006557,0.008248908021220799,0.42021571140621644,0.734848061549138,-0.6111428342199745,-1.2265254549510922,0.4440033533372741,2.0123312007445864,0.5990648509688161
18.7,0.03333333333333144,561,561,takeover,cartesian_freedrive,0.9567465444757957,0.008248920418217703,0.4241320760233527,0.7379196958426495,-0.6192011057747542,-1.2248715277746867,0.4508010792927611,2.0102090300359494,0.5958668069615943
18.733333333333334,0.03333333333333499,562,562,takeover,cartesian_freedrive,0.9566273889509357,0.008248932836606139,0.4278930469725676,0.7409653348884369,-0.6270524050743768,-1.2232195298816888,0.45745777249773895,2.008098386348145,0.5927439303396824
18.766666666666666,0.03333333333333144,563,563,takeover,cartesian_freedrive,0.9565082334260756,0.00824894815817535,0.43149895158283147,0.7439815282900234,-0.6346941004408247,-1.2215700671842158,0.4639698653291068,2.006001740960879,0.5896970516293715
18.8,0.03333333333333499,564,564,takeover,cartesian_freedrive,0.9563890779012155,0.008248961201869751,0.43495017312064704,0.7469648695316226,-0.6421239853391487,-1.2199238924693876,0.47033374839489867,2.0039216407680502,0.5867270433611267
18.833333333333332,0.03333333333333144,565,565,takeover,cartesian_freedrive,0.9562699223763554,0.008248976439036649,0.43824768960853505,0.7499124413337608,-0.6493406623561784,-1.2182811687492006,0.4765466667761831,2.0018597622046297,0.5838343891101828
18.866666666666667,0.03333333333333499,566,566,takeover,cartesian_freedrive,0.9561507668514954,0.00824899330006515,0.44139233750437906,0.752821025843484,-0.6563423379042899,-1.2166427238059145,0.48260554185744736,1.9998188570119113,0.5810196839014917
18.9,0.03333333333333144,567,567,takeover,cartesian_freedrive,0.9560316113266353,0.008249010326017325,0.4443856885793282,0.7556880778645486,-0.6631288115663083,-1.2150087623181085,0.4885084316962021,1.9978004209961293,0.5782830244508979
18.933333333333334,0.03333333333333499,568,568,takeover,cartesian_freedrive,0.9559124558017752,0.008249027612333265,0.44722925569339905,0.7585108870655592,-0.6696994035579644,-1.2133799417878368,0.49425327157884,1.9958067158755606,0.5756245368366509
18.966666666666665,0.03333333333333144,569,569,takeover,cartesian_freedrive,0.9557933002769151,0.00824904326046692,0.4499248063100292,0.761287093573917,-0.6760541095335548,-1.2117565986038832,0.49983841468523915,1.9938394419428795,0.5730442033888676
19.0,0.03333333333333499,570,570,takeover,cartesian_freedrive,0.9556741447520551,0.008249039425138301,0.4524748639302596,0.7640145208539281,-0.6821960841825161,-1.2101386942729393,0.5052630306142112,1.9919008924392498,0.5705414691777335
19.033333333333335,0.03333333333333499,571,571,takeover,cartesian_freedrive,0.9555549892271951,0.00825681831239748,0.4548808906897562,0.7666913734185543,-0.6881199512785562,-1.208527071665292,0.5105259787288372,1.9899910387905246,0.5681164081673672
19.066666666666666,0.03333333333333144,572,572,takeover,cartesian_freedrive,0.955435833702335,0.008251998418843885,0.45714596954024694,0.769315946037353,-0.6938295082336952,-1.2069214149315015,0.5156274516175834,1.9881119299982963,0.5657679515458526
19.1,0.03333333333333499,573,573,takeover,cartesian_freedrive,0.9553166781774749,0.008250226612669949,0.4592724064987391,0.7718865735491999,-0.699329554869594,-1.2053228757178895,0.520566622283408,1.9862651242708445,0.5634958483574316
19.133333333333333,0.03333333333333144,574,574,takeover,cartesian_freedrive,0.9551975226526148,0.008249581311348559,0.4612628242690953,0.7744019291752106,-0.704620071462808,-1.2037311690689654,0.5253436557948841,1.9844516618359787,0.5612993365786896
19.166666666666668,0.03333333333333499,575,575,takeover,cartesian_freedrive,0.9550783671277547,0.0082493548589063,0.4631202501405977,0.7768609827986379,-0.7097031272417054,-1.2021464554297359,0.5299594179006846,1.9826724315445041,0.5591773341565245
19.2,0.03333333333333144,576,576,takeover,cartesian_freedrive,0.9549592116028947,0.00824927984552077,0.4648477938000685,0.7792629206990429,-0.7145814691256842,-1.200568854400041,0.5344150106269899,1.9809281540217796,0.5571286946481202
19.233333333333334,0.03333333333333499,577,577,takeover,cartesian_freedrive,0.9548400560780347,0.00825417975160056,0.4664486484475829,0.7816071407718389,-0.7192593215741783,-1.1989989745615934,0.5387117923091825,1.9792193800015663,0.5551522197269727
19.266666666666666,0.03333333333333144,578,578,takeover,cartesian_freedrive,0.9547209005531746,0.008251036047409534,0.4679256471058168,0.7838929826123842,-0.7237386392594114,-1.197436595362744,0.542850613575411,1.9775469468793536,0.5532469572747083
19.3,0.03333333333333499,579,579,takeover,cartesian_freedrive,0.9546017450283145,0.008249893058126796,0.46928243486865345,0.7861202430624097,-0.7280211102696309,-1.1958810345061945,0.5468340304315827,1.9759113373825132,0.5514111493044812
19.333333333333332,0.03333333333333144,580,580,takeover,cartesian_freedrive,0.9544825895034544,0.008249479540051712,0.4705222963767786,0.7882889605452409,-0.7321122631029681,-1.1943326434735297,0.5506639631569878,1.974312441599613,0.5496434869864454
19.366666666666667,0.03333333333333499,581,581,takeover,cartesian_freedrive,0.9543634339785944,0.008249336837700712,0.471648535607857,0.7903991561252333,-0.736015651855262,-1.1927915267616864,0.5543426062425297,1.9727505452607486,0.5479425235897534
19.4,0.03333333333333144,582,582,takeover,cartesian_freedrive,0.9542442784537343,0.008249293699370839,0.472664584448973,0.7924511036817516,-0.7397353522693301,-1.19125761982792,0.5578725302559621,1.9712256551197687,0.5463066787919184
19.433333333333334,0.03333333333333499,583,583,takeover,cartesian_freedrive,0.9541251229288742,0.008249287365367015,0.47357385731134183,0.7944452197668342,-0.7432755744209467,-1.1897308278627976,0.5612564421285828,1.969737681190194,0.5447343555901769
19.466666666666665,0.03333333333333144,584,584,takeover,cartesian_freedrive,0.9540059674040141,0.008249294944281189,0.4743798472921334,0.7963820997765189,-0.7466407819642734,-1.1882110194956526,0.5644973540713732,1.9682863974435088,0.5432238477315073
19.5,0.03333333333333499,585,585,takeover,cartesian_freedrive,0.9538868118791541,0.008249307060336386,0.47508595106589885,0.7982624591338493,-0.7498353799858862,-1.186698035146709,0.5675983037537525,1.9668714412402664,0.5417734999249718
19.533333333333335,0.03333333333333499,586,586,takeover,cartesian_freedrive,0.9537676563542941,0.008249321657109041,0.4756957779007171,0.8000871251560783,-0.7528642464695962,-1.1851918927234735,0.5705628017255197,1.9654926095319512,0.5403814067774722
19.566666666666666,0.03333333333333144,587,587,takeover,cartesian_freedrive,0.953648500829434,0.008249336449647935,0.47621263710138856,0.8018571228626192,-0.7557319984580111,-1.183692192090775,0.5733941012435895,1.9641491210653412,0.539045931020726
19.6,0.03333333333333499,588,588,takeover,cartesian_freedrive,0.9535293453045739,0.008249350719282813,0.47663996028099065,0.8035735415374291,-0.758443500242572,-1.1821987123211624,0.576095778987503,1.9628403772110194,0.5377652646434266
19.633333333333333,0.03333333333333144,589,589,takeover,cartesian_freedrive,0.9534101897797138,0.008249365260248734,0.47698120531565075,0.8052374968407259,-0.7610036955336017,-1.1807114371065996,0.5786715747812984,1.961565965379135,0.5365375186512491
19.666666666666668,0.03333333333333499,590,590,takeover,cartesian_freedrive,0.9532910342548537,0.008249380017757931,0.477239706436926,0.8068502892497276,-0.7634175552008199,-1.1792300540783278,0.5811252258685674,1.9603250427230177,0.5353608961617424
19.7,0.03333333333333144,591,591,takeover,cartesian_freedrive,0.9531718787299936,0.0082493949063122,0.47741876407973577,0.8084132713732026,-0.7656900537388139,-1.177754309253872,0.5834605495681965,1.9591167873062274,0.5342335858043393
19.733333333333334,0.03333333333333499,592,592,takeover,cartesian_freedrive,0.9530527232051337,0.008249409492236279,0.477521652723992,0.8099278572238009,-0.76782622719848,-1.1762839589673342,0.5856814496116202,1.9579403644102706,0.5331537565226931
19.766666666666666,0.03333333333333144,593,593,takeover,cartesian_freedrive,0.9529335676802736,0.00824942422743743,0.4775515835835582,0.8113955200015914,-0.7698310787593482,-1.174818738723436,0.5877918613769302,1.956794878351494,0.5321195935753235
19.8,0.03333333333333499,594,594,takeover,cartesian_freedrive,0.9528144121554135,0.008249437940002574,0.4775117459642975,0.8128178679074306,-0.7717097924911339,-1.1733582677000862,0.5897958473720514,1.9556791736247146,0.5311292722595505
19.833333333333332,0.03333333333333144,595,595,takeover,cartesian_freedrive,0.9526952566305534,0.008249443206170146,0.4774050372140865,0.8141962526322459,-0.773467577482089,-1.171902493734775,0.5916968923820805,1.9545927574661708,0.5301812130384019
19.866666666666667,0.03333333333333499,596,596,takeover,cartesian_freedrive,0.9525761011056934,0.008249412473299784,0.4772352298942519,0.8155324383652951,-0.7751109014396188,-1.1704508930627573,0.5935001155059636,1.9535348859969512,0.5292729732563791
19.9,0.03333333333333144,597,597,takeover,cartesian_freedrive,0.9524569455808333,0.00825742920895612,0.4770040343958867,0.8168278746251241,-0.776636706427538,-1.1690031195868835,0.595208283024522,1.9525034530950414,0.5284036780924706
19.933333333333334,0.03333333333333499,598,598,takeover,cartesian_freedrive,0.9523377900559732,0.008252492094586728,0.4767150416330995,0.8180843577952003,-0.7780568738743391,-1.1675587702019612,0.5968257811016061,1.9514979627909383,0.5275712361374383
19.966666666666665,0.03333333333333144,599,599,takeover,cartesian_freedrive,0.9522186345311131,0.008250667560810544,0.47637112173015367,0.8193035221640083,-0.7793776486738391,-1.1661185388047381,0.5983565687556851,1.9505174239938623,0.5267739846356784
20.0,0.03333333333333499,600,600,takeover,cartesian_freedrive,0.9520994790062531,0.00825000154881049,0.4759748584456857,0.8204869364832482,-0.7806012933373601,-1.1646815033902298,0.5998044287907168,1.9495607749277342,0.5260103122730211
20.033333333333335,0.03333333333333499,601,601,takeover,cartesian_freedrive,0.951980323481393,0.008249764867457607,0.47552890292674455,0.8216362330355762,-0.7817322737339912,-1.1632473582405731,0.6011731958747027,1.948626942126843,0.525278603839777
20.066666666666666,0.03333333333333144,602,602,takeover,cartesian_freedrive,0.951861167956533,0.008255744731487817,0.4750358173447469,0.8227530062005448,-0.7827751154740961,-1.1618157005671337,0.6024666416256773,1.9477149316434206,0.5245773182149567
20.1,0.03333333333333499,603,603,takeover,cartesian_freedrive,0.9517420124316729,0.008253530439619386,0.4744980117872006,0.8238389122617199,-0.7837347929725563,-1.1603875231092533,0.6036882847964374,1.9468233942324955,0.5239049567620953
20.133333333333333,0.03333333333333144,604,604,takeover,cartesian_freedrive,0.9516228569068128,0.008251037008534252,0.47391807231471506,0.8248956162243927,-0.784617400268756,-1.1589607401816968,0.604841816190282,1.9459514330384908,0.5232600274953836
20.166666666666668,0.03333333333333499,605,605,takeover,cartesian_freedrive,0.9515037013819527,0.00825013393410393,0.4732981216465066,0.8259243561739366,-0.7854216924918079,-1.1575354862939027,0.6059308378667545,1.9450984484906435,0.5226410105850442
20.2,0.03333333333333144,606,606,takeover,cartesian_freedrive,0.9513845458570926,0.008249808820565478,0.4726404515906108,0.8269268108799493,-0.7861548019115602,-1.1561117185594931,0.6069586648037015,1.9442631446368084,0.5220465976886731
20.233333333333334,0.03333333333333499,607,607,takeover,cartesian_freedrive,0.9512653903322327,0.008249697457084312,0.47194715196140324,0.8279044766380925,-0.7868205390475724,-1.1546891165671007,0.6079285562393509,1.9434444294358146,0.5214755033400033
20.266666666666666,0.03333333333333144,608,608,takeover,cartesian_freedrive,0.9511462348073726,0.008249665106470391,0.47122035428299014,0.8288587350944073,-0.7874227078797378,-1.1532676575836216,0.6088438252093477,1.9426415669268473,0.5209263531340257
20.3,0.03333333333333499,609,609,takeover,cartesian_freedrive,0.9510270792825125,0.008249662768212615,0.4704620386882081,0.8297909868013347,-0.7879649998308189,-1.1518470728729613,0.6097075959117474,1.9418536216220923,0.5203979014170826
20.333333333333332,0.03333333333333144,610,610,takeover,cartesian_freedrive,0.9509079237576524,0.008249670669996545,0.46967398580307695,0.8307026198709713,-0.7884508410405924,-1.1504269655943404,0.6105227261809922,1.9410794864887806,0.5198890719008077
20.366666666666667,0.03333333333333499,611,611,takeover,cartesian_freedrive,0.9507887682327923,0.008249682411822622,0.4688580467475668,0.8315949194319919,-0.7888836503714489,-1.1490071841156315,0.6112921738080221,1.940318388514077,0.5193986733351377
20.4,0.03333333333333144,612,612,takeover,cartesian_freedrive,0.9506696127079323,0.008249695712358897,0.46801593981403566,0.8324691424448414,-0.7892666671322505,-1.1475875058348772,0.612018716458743,1.9395694838653887,0.5189256176931795
20.433333333333334,0.03333333333333499,613,613,takeover,cartesian_freedrive,0.9505504571830722,0.008249709460617139,0.4671493029438665,0.833326498226849,-0.789603010901971,-1.1461677228200349,0.6127050198610312,1.9388319588765135,0.5184688659100639
20.466666666666665,0.03333333333333144,614,614,takeover,cartesian_freedrive,0.9504313016582121,0.008249723609055088,0.46625970113281234,0.8341681450138623,-0.7898956510599555,-1.1447476287731393,0.6133536468665183,1.9381050438711696,0.518027419767565
20.5,0.03333333333333499,615,615,takeover,cartesian_freedrive,0.9503121461333521,0.00824973763614071,0.4653486003773025,0.8349951975714932,-0.7901474221504315,-1.1433270263346869,0.6139670187995427,1.9373879635816913,0.5176003512903439
20.533333333333335,0.03333333333333499,616,616,takeover,cartesian_freedrive,0.950192990608492,0.00824975166010221,0.4644174119710817,0.8358087155425872,-0.7903610298514331,-1.1419057274538598,0.6145474745758996,1.936680012274763,0.5171867569113985
20.566666666666666,0.03333333333333144,617,617,takeover,cartesian_freedrive,0.950073835083632,0.00824976575282698,0.4634674658524968,0.8366097110216141,-0.7905390438731206,-1.1404835512160485,0.6150972327327557,1.9359805042139289,0.5167857865189964
20.6,0.03333333333333499,618,618,takeover,cartesian_freedrive,0.9499546795587719,0.00824977982597655,0.46250002010197755,0.8373991473051374,-0.7906839111932603,-1.1390603260300978,0.6156184026013283,1.9352887858879477,0.5163966350174662
20.633333333333333,0.03333333333333144,619,619,takeover,cartesian_freedrive,0.9498355240339118,0.008249775974619143,0.4615165201755632,0.8381778783766692,-0.7908001527144164,-1.1376358633747647,0.6161130872793469,1.9346047999746345,0.5160183931014694
20.666666666666668,0.03333333333333499,620,620,takeover,cartesian_freedrive,0.9497163685090517,0.008253200184058266,0.4605176550882044,0.8389469377556541,-0.790887479093143,-1.1362106024150993,0.6165829886186034,1.9339268400616387,0.5156506352260093
20.7,0.03333333333333144,621,621,takeover,cartesian_freedrive,0.9495972129841916,0.008251115325348172,0.45950420426816435,0.8397068326933587,-0.7909394944903934,-1.1347820393961219,0.6170299087501049,1.9332547337208004,0.5152926071841395
20.733333333333334,0.03333333333333499,622,622,takeover,cartesian_freedrive,0.9494780574593317,0.008250352187849981,0.4584779721206097,0.8404587096166721,-0.7909735523316557,-1.1333529664608446,0.6174557172826061,1.9325882642713443,0.514943531474073
20.766666666666666,0.03333333333333144,623,623,takeover,cartesian_freedrive,0.9493589019344716,0.008250078429302674,0.45743952029773577,0.8412031306219329,-0.7909849936847482,-1.1319221838238924,0.6178618991330863,1.9319267979548165,0.5146028932631709
20.8,0.03333333333333499,624,624,takeover,cartesian_freedrive,0.9492397464096115,0.008249986086008885,0.45638972260539007,0.8419407859688227,-0.7909753913142051,-1.1304894805947487,0.6182499728021447,1.931269854802682,0.514270121881872
20.833333333333332,0.03333333333333144,625,625,takeover,cartesian_freedrive,0.9491205908847514,0.008249960957584304,0.4553293938662448,0.8426723206307405,-0.7909463639772932,-1.1290547358533332,0.6186213476534558,1.9306169932861716,0.5139446924229563
20.866666666666667,0.03333333333333499,626,626,takeover,cartesian_freedrive,0.9490014353598913,0.008249960625041339,0.4542592953531871,0.8433983393777539,-0.7908994328998933,-1.1276178355529416,0.6189773449225151,1.9299677991446516,0.5136261144591333
20.9,0.03333333333333144,627,627,takeover,cartesian_freedrive,0.9488822798350313,0.008249970035344162,0.4531801377078811,0.8441194086945611,-0.7908360247264149,-1.1261786615854787,0.6193192014061686,1.9293218846912819,0.5133139301428272
20.933333333333334,0.03333333333333499,628,628,takeover,cartesian_freedrive,0.9487631243101712,0.008249982975852844,0.452092578618473,0.8448360552671267,-0.7907574312338002,-1.1247371368966084,0.6196480719133975,1.9286788857926127,0.5130077143228643
20.966666666666665,0.03333333333333144,629,629,takeover,cartesian_freedrive,0.9486439687853111,0.008249997945155234,0.450997250470804,0.8455487549760892,-0.7906649627790381,-1.1232931924405083,0.6199650408681625,1.9280385348738056,0.512707055017824
21.0,0.03333333333333499,630,630,takeover,cartesian_freedrive,0.9485248132604511,0.008250012936697498,0.44989469217193223,0.8462580043423727,-0.7905596976538236,-1.1218466668954297,0.6202710990768909,1.9274003758300111,0.512411614960201
21.033333333333335,0.03333333333333499,631,631,takeover,cartesian_freedrive,0.948405657735591,0.008250028105459429,0.44878544996688097,0.8469642096452098,-0.7904427301242773,-1.1203975017862833,0.6205671887251638,1.9267641930901112,0.5121210353124396
21.066666666666666,0.03333333333333144,632,632,takeover,cartesian_freedrive,0.948286502210731,0.008250042770097908,0.44767000835658965,0.847667771886072,-0.790315100870039,-1.118945630542308,0.6208541694386392,1.9261296971931423,0.5118350071488291
21.1,0.03333333333333499,633,633,takeover,cartesian_freedrive,0.9481673466858709,0.008250057218747773,0.4465488198936051,0.8483690552428769,-0.7901776963750939,-1.1174909747218493,0.6211328464925618,1.9254966432271152,0.5115532364874439
21.133333333333333,0.03333333333333144,634,634,takeover,cartesian_freedrive,0.9480481911610108,0.008250070733993843,0.4454222886233393,0.8490684170716003,-0.7900313680592008,-1.1160334183036782,0.6214039556982095,1.9248647364801692,0.5112754683273674
21.166666666666668,0.03333333333333499,635,635,takeover,cartesian_freedrive,0.9479290356361507,0.008250085016017638,0.4442908205389754,0.8497661353160224,-0.7898768890875378,-1.114572983769675,0.6216681948553336,1.9242338806038688,0.5110014294228662
21.2,0.03333333333333144,636,636,takeover,cartesian_freedrive,0.9478098801112906,0.008250099611358471,0.4431547558144141,0.8504625168380248,-0.7897149948860592,-1.1131095714076542,0.6219261892779931,1.923603816025476,0.5107309064562632
21.233333333333334,0.03333333333333499,637,637,takeover,cartesian_freedrive,0.9476907245864307,0.008250114103286547,0.442014417260853,0.8511578282116529,-0.7895463522136676,-1.1116431204869668,0.6221785207384203,1.9229743583070251,0.5104636914448595
21.266666666666666,0.03333333333333144,638,638,takeover,cartesian_freedrive,0.9475715690615706,0.00825012893254688,0.44087009963482854,0.8518523139728419,-0.7893715584174743,-1.110173572086396,0.6224257234973684,1.9223453378648356,0.5101995941829974
21.3,0.03333333333333499,639,639,takeover,cartesian_freedrive,0.9474524135367105,0.00825156070237838,0.4397220871643847,0.8525461778119554,-0.7891907595095472,-1.1087005371720293,0.6226683164981054,1.9217166772684993,0.5099384139776224
21.333333333333332,0.03333333333333144,640,640,takeover,cartesian_freedrive,0.9473332580118504,0.008250807986465457,0.43857060531627107,0.8532396747432922,-0.78900537277172,-1.107224685339718,0.6229067022673094,1.921088065484461,0.509680038902862
21.366666666666667,0.03333333333333499,641,641,takeover,cartesian_freedrive,0.9472141024869903,0.008250416043164297,0.4374158662129398,0.8539329704426468,-0.7888154082205509,-1.1057456158781493,0.6231412813456808,1.9204594299526114,0.509424326728878
21.4,0.03333333333333144,642,642,takeover,cartesian_freedrive,0.9470949469621303,0.008250278825890094,0.4362581036909029,0.8546262239947334,-0.7886212973006141,-1.1042633336726055,0.6233724718827836,1.919830713092641,0.5091711141394919
21.433333333333334,0.03333333333333499,643,643,takeover,cartesian_freedrive,0.9469757914372702,0.008250234534422161,0.4350974917293347,0.855319598119471,-0.788423442480338,-1.1027778245016748,0.6236005995096762,1.9192017790394122,0.5089202932246976
21.466666666666665,0.03333333333333144,644,644,takeover,cartesian_freedrive,0.9468566359124101,0.008250224606081949,0.43393419873209704,0.8560132451902733,-0.7882221992982354,-1.101288884749138,0.6238259705540526,1.9185725177831676,0.5086717595954487
21.5,0.03333333333333499,645,645,takeover,cartesian_freedrive,0.9467374803875501,0.008250225098730834,0.43276838085320224,0.8567072941962063,-0.7880179896905788,-1.0997965797248916,0.6240488708774335,1.9179428451737606,0.5084254134292148
21.533333333333335,0.03333333333333499,646,646,takeover,cartesian_freedrive,0.94661832486269,0.008250229447979988,0.4316001919692582,0.8574018415618488,-0.7878110656396837,-1.0983009603858673,0.6242695744831355,1.9173127508235546,0.5081811456861824
21.566666666666666,0.03333333333333144,647,647,takeover,cartesian_freedrive,0.94649916933783,0.00825023587406467,0.4304296442194246,0.8580970893049074,-0.787601480148948,-1.096801480707303,0.6244882017101356,1.9166818132332477,0.507938995681546
21.6,0.03333333333333499,648,648,takeover,cartesian_freedrive,0.9463800138129699,0.008250250841607071,0.4292570489251209,0.8587929626021477,-0.7873893488454738,-1.0952987522175932,0.6247051968446425,1.9160505914888548,0.5076986620281396
21.633333333333333,0.03333333333333144,649,649,takeover,cartesian_freedrive,0.9462608582881098,0.008250266274066715,0.4280823433567398,0.8594896845414243,-0.7871751011576376,-1.093792427769163,0.6249205580831828,1.9154185229058986,0.5074602687055184
21.666666666666668,0.03333333333333499,650,650,takeover,cartesian_freedrive,0.9461417027632497,0.008250281979695266,0.42690566512580214,0.8601872999274229,-0.7869589593612349,-1.092282565021408,0.6251345067205453,1.9147856957210476,0.5072237077376883
21.7,0.03333333333333144,651,651,takeover,cartesian_freedrive,0.9460225472383896,0.008250297257416406,0.42572709447037727,0.8608858823778687,-0.7867411113213676,-1.090769124767985,0.6253471961791692,1.9141520602084112,0.5069889288255247
21.733333333333334,0.03333333333333499,652,652,takeover,cartesian_freedrive,0.9459033917135297,0.00825031238316154,0.4245467012342882,0.8615854975281203,-0.7865217130944704,-1.0892520920541675,0.6255587639293186,1.9135175698955353,0.5067558878388558
21.766666666666666,0.03333333333333144,653,653,takeover,cartesian_freedrive,0.9457842361886696,0.008250327687212388,0.42336454527661077,0.8622862032320704,-0.7863008630433574,-1.0877314557855866,0.6257693330227149,1.912882182173071,0.506524546105998
21.8,0.03333333333333499,654,654,takeover,cartesian_freedrive,0.9456650806638095,0.008250342746196602,0.4221806836974858,0.862988054810413,-0.7860787214153275,-1.0862071838088334,0.6259790138529358,1.9122458599961836,0.506294868943627
21.833333333333332,0.03333333333333144,655,655,takeover,cartesian_freedrive,0.9455459251389494,0.008250357755633254,0.4209951645974356,0.8636911006054543,-0.7858553918037161,-1.0846792547359994,0.6261879047628409,1.9116085691266056,0.5060668262663885
21.866666666666667,0.03333333333333499,656,656,takeover,cartesian_freedrive,0.9454267696140893,0.008250372866144478,0.41980803060099464,0.8643953845299137,-0.7856309737853135,-1.0831476478397246,0.6263960934803988,1.9109702787274139,0.5058403917744726
21.9,0.03333333333333144,657,657,takeover,cartesian_freedrive,0.9453076140892293,0.008250388205816986,0.4186193187330479,0.8651009460999728,-0.7854055486758619,-1.0816123392878298,0.6266036579988554,1.9103309609751105,0.5056155426049216
21.933333333333334,0.03333333333333499,658,658,takeover,cartesian_freedrive,0.9451884585643692,0.008250403326261924,0.4174290620783555,0.8658078214382228,-0.7851792102395698,-1.0800733166481333,0.626810667751221,1.9096905906475548,0.5053922591057388
21.966666666666665,0.03333333333333144,659,659,takeover,cartesian_freedrive,0.9450693030395091,0.008250419425138787,0.4162373156602316,0.8665160234269574,-0.7849520421689673,-1.0785306015097993,0.6270172117175074,1.90904922319331,0.5051704960002081
22.0,0.03333333333333499,660,660,takeover,cartesian_freedrive,0.9449501475146491,0.008250434986662577,0.41504404956122537,0.8672256196317056,-0.7847240603605873,-1.0769840876484578,0.6272232891303626,1.9084066824363357,0.5049502953928289
22.033333333333335,0.03333333333333499,661,661,takeover,cartesian_freedrive,0.944830991989789,0.008250450355000723,0.41384931309621614,0.867936618841364,-0.7844953624907913,-1.0754337824963878,0.6274289758304059,1.9077630275505775,0.504731616689657
22.066666666666666,0.03333333333333144,662,662,takeover,cartesian_freedrive,0.944711836464929,0.008250465554101027,0.412653120802929,0.8686490424445249,-0.7842659552282548,-1.0738797041761718,0.6276343131782594,1.9071182404565796,0.5045144506908952
22.1,0.03333333333333499,663,663,takeover,cartesian_freedrive,0.9445926809400689,0.008250480769034473,0.4114554891175465,0.8693629133773662,-0.7840358986827797,-1.072321817075014,0.6278393387938168,1.9064723066007316,0.5042987886319414
22.133333333333333,0.03333333333333144,664,664,takeover,cartesian_freedrive,0.9444735254152088,0.008250495962393078,0.41025643056421457,0.8700782514742178,-0.783805232436194,-1.0707601055468035,0.6280440852629344,1.9058252120584656,0.5040846238823189
22.166666666666668,0.03333333333333499,665,665,takeover,cartesian_freedrive,0.9443543698903487,0.008250511402562765,0.40905595505132775,0.8707950745681803,-0.7835739810057779,-1.0691945497984447,0.6282485810205691,1.9051769441535238,0.5038719512150813
22.2,0.03333333333333144,666,666,takeover,cartesian_freedrive,0.9442352143654886,0.00825052669561269,0.40785407123982526,0.8715133993377426,-0.7833421833425513,-1.0676251379642598,0.6284528509484509,1.9045274912993442,0.5036607667749744
22.233333333333334,0.03333333333333499,667,667,takeover,cartesian_freedrive,0.9441160588406287,0.008250542276405835,0.40665078516440045,0.8722332405423842,-0.7831098529682373,-1.0660518507501544,0.6286569165957983,1.9038768429041868,0.5034510677535529
22.266666666666666,0.03333333333333144,668,668,takeover,cartesian_freedrive,0.9439969033157686,0.008250557643315566,0.4054461022094021,0.8729546122827309,-0.7828770204253177,-1.06447467355115,0.6288607967479637,1.9032249892910056,0.5032428524090617
22.3,0.03333333333333499,669,669,takeover,cartesian_freedrive,0.9438777477909085,0.008250573076196054,0.4042400256674464,0.8736775270857361,-0.7826436975815796,-1.062893589552378,0.6290645075443945,1.902571921499696,0.5030361198689169
22.333333333333332,0.03333333333333144,670,670,takeover,cartesian_freedrive,0.9437585922660484,0.008250588438143733,0.40303255914712643,0.8744019977445634,-0.7824099205932473,-1.0613085707599692,0.6292680630756059,1.9019176318844997,0.5028308698847527
22.366666666666667,0.03333333333333499,671,671,takeover,cartesian_freedrive,0.9436394367411883,0.008250603883346221,0.4018237052899129,0.8751280308825742,-0.7821756623388223,-1.059719625865143,0.6294714792455834,1.901262121345731,0.5026270994028643
22.4,0.03333333333333144,672,672,takeover,cartesian_freedrive,0.9435202812163282,0.00825061923009317,0.40061345815575994,0.8758556421057424,-0.7819409541387983,-1.0581267275980335,0.629674757815613,1.9006053640105967,0.5024248175531668
22.433333333333334,0.03333333333333499,673,673,takeover,cartesian_freedrive,0.9434011256914682,0.008250634010485775,0.3994017967771373,0.8765848576250419,-0.7817057858431397,-1.0565297949045862,0.6298778872762266,1.899947291646315,0.5022240477268954
22.466666666666665,0.03333333333333144,674,674,takeover,cartesian_freedrive,0.9432819701666081,0.008250649102821443,0.39818876819628324,0.8773156487019816,-0.7814702022113,-1.054928942300603,0.6300809235207974,1.8992880397426661,0.5020247411831618
22.5,0.03333333333333499,675,675,takeover,cartesian_freedrive,0.9431628146417481,0.008250664550134106,0.3969743465559227,0.8780480422368591,-0.7812341877864334,-1.0533240901672076,0.6302838484142363,1.8986275322897885,0.5018269258882455
22.533333333333335,0.03333333333333499,676,676,takeover,cartesian_freedrive,0.943043659116888,0.00825067977097204,0.39575853185082815,0.8787820482374977,-0.7809977950747358,-1.051715210677526,0.6304866672508747,1.8979657643499281,0.5016306046867587
22.566666666666666,0.03333333333333144,677,677,takeover,cartesian_freedrive,0.942924503592028,0.008250695594076016,0.3945413167988998,0.8795176708548724,-0.7807609383422979,-1.0501023008318213,0.6306893833717515,1.897302729350066,0.5014357814329079
22.6,0.03333333333333499,678,678,takeover,cartesian_freedrive,0.9428053480671679,0.008250711131821367,0.3933227002615415,0.8802549187031022,-0.7805236704600548,-1.0484853579837128,0.6308920003529191,1.8966384225015516,0.5012424597339986
22.633333333333333,0.03333333333333144,679,679,takeover,cartesian_freedrive,0.9427602650523125,0.008253855087305164,0.39151916041810564,0.8814365600827536,-0.7801108429290184,-1.0466731284198638,0.6313207798644154,1.8962281979061393,0.5006275465878145
22.666666666666668,0.03333333333333499,680,680,takeover,cartesian_freedrive,0.9427151820374571,0.008252506013984726,0.3896167645798781,0.8826945288521265,-0.7796666484733266,-1.04481344543528,0.6317831645788288,1.8958517533450114,0.49995189241760535
22.7,0.03333333333333144,681,681,takeover,cartesian_freedrive,0.9426700990226018,0.008251538299649778,0.3877097046339493,0.8839566752146907,-0.7792195961487074,-1.0429429280316944,0.6322429939788676,1.8954721732869846,0.49928043832056385
22.733333333333334,0.03333333333333499,682,682,takeover,cartesian_freedrive,0.9426250160077463,0.008251117101821524,0.3857995422539728,0.8852219155735579,-0.7787703750122645,-1.0410634424609984,0.6327003574129924,1.895090005783216,0.4986130760388303
22.766666666666666,0.03333333333333144,683,683,takeover,cartesian_freedrive,0.9425799329928909,0.008250965043275028,0.3838863835484721,0.8864903378984131,-0.7783191988846923,-1.0391749343721786,0.6331554184082459,1.8947051519374973,0.49794977144034597
22.8,0.03333333333333499,684,684,takeover,cartesian_freedrive,0.9425348499780356,0.008258415062097442,0.38197031977063484,0.8877620359979909,-0.7778660300691944,-1.0372771869348674,0.6336083970755569,1.8943175459057027,0.49729046937575555
22.833333333333332,0.03333333333333144,685,685,takeover,cartesian_freedrive,0.9424897669631801,0.008260880888540895,0.38005143704957534,0.8890371082474521,-0.7774115806606321,-1.0353704614146868,0.6340594112227971,1.8939271178902353,0.4966351347749354
22.866666666666667,0.03333333333333499,686,686,takeover,cartesian_freedrive,0.9424446839483248,0.008261795365204924,0.37812979968117666,0.8903156280952967,-0.7769558022295555,-1.0334545704278646,0.6345086270164318,1.893533817464464,0.49598373124153655
22.9,0.03333333333333144,687,687,takeover,cartesian_freedrive,0.9423996009334694,0.008262152440378414,0.37620546293351625,0.8915976646154732,-0.7764988241741908,-1.0315294454421555,0.6349561678720608,1.8931375960880468,0.4953362322632494
22.933333333333334,0.03333333333333499,688,688,takeover,cartesian_freedrive,0.9423545179186141,0.008262300894384567,0.3742784730914396,0.8928832795883469,-0.7760407891016853,-1.0295950331821557,0.6354021367209373,1.8927384112358647,0.4946926181187429
22.966666666666665,0.03333333333333144,689,689,takeover,cartesian_freedrive,0.9423094349037586,0.008262370670632822,0.37234886586434185,0.8941725259090546,-0.7755817795286678,-1.0276513045527647,0.6358466201528895,1.8923362241918098,0.49405287468270714
23.0,0.03333333333333499,690,690,takeover,cartesian_freedrive,0.9422643518889031,0.008262410775126582,0.37041667128091305,0.8954654523126322,-0.7751218938480868,-1.0256982009502298,0.6362896905519572,1.8919310017703082,0.4934169923849644
23.033333333333335,0.03333333333333499,691,691,takeover,cartesian_freedrive,0.9422192688740478,0.008262439695758697,0.3684819124090355,0.8967621017744767,-0.7746612105904029,-1.0237356776370925,0.6367314076148847,1.891522714108329,0.4927849660408768
23.066666666666666,0.03333333333333144,692,692,takeover,cartesian_freedrive,0.9421741858591924,0.008262464268228518,0.36654460659141463,0.8980625127006147,-0.7741997927699781,-1.0217636885225931,0.6371718201433301,1.8911113346018158,0.492156794076148
23.1,0.03333333333333499,693,693,takeover,cartesian_freedrive,0.942129102844337,0.008262486920240383,0.36460476742429515,0.8993667205487678,-0.7737377125476063,-1.0197821785704217,0.6376109679715731,1.8906968399533015,0.49153247778221226
23.133333333333333,0.03333333333333144,694,694,takeover,cartesian_freedrive,0.9420840198294816,0.008262508913246239,0.36266240134187405,0.9006747546853997,-0.7732749794364617,-1.0177911263120492,0.638048881583275,1.8902792078126966,0.4909120219637287
23.166666666666668,0.03333333333333499,695,695,takeover,cartesian_freedrive,0.9420389368146262,0.008262530594067254,0.3607175142107202,0.9019866443156286,-0.7728116459917755,-1.0157904765407815,0.6384855857730558,1.8898584193920849,0.4902954328569159
23.2,0.03333333333333144,696,696,takeover,cartesian_freedrive,0.941993853799771,0.008262552213141539,0.358770107958782,0.9033024153390926,-0.7723477421083953,-1.0137801866020533,0.6389210990095442,1.8894344572141657,0.48968271893453313
23.233333333333334,0.03333333333333499,697,697,takeover,cartesian_freedrive,0.9419487707849155,0.008262573603394318,0.3568201821692374,0.9046220917222366,-0.7718832960295897,-1.0117602146985714,0.6393554347243284,1.8890073053256187,0.4890738903063237
23.266666666666666,0.03333333333333144,698,698,takeover,cartesian_freedrive,0.9419036877700602,0.008262594814474424,0.35486773403218225,0.9059456954473121,-0.7714183217381038,-1.0097305152013998,0.6397886021911158,1.8885769491543307,0.48846895833167975
23.3,0.03333333333333499,699,699,takeover,cartesian_freedrive,0.9418586047552047,0.008262615711021229,0.3529127607419463,0.9072732487161967,-0.770952872892958,-1.0076910336611458,0.640220607105908,1.8881433760088817,0.48786793551981167
23.333333333333332,0.03333333333333144,700,700,takeover,cartesian_freedrive,0.9418135217403493,0.008262636759326696,0.35095525312243414,0.9086047676435453,-0.770486892169284,-1.0056417609302417,0.6406514510558072,1.8877065717065833,0.4872708360465374
23.366666666666667,0.03333333333333499,701,701,takeover,cartesian_freedrive,0.941768438725494,0.008262657552398635,0.34899520575863807,0.909940272124069,-0.7700204236972732,-1.0035826387449043,0.641081134382612,1.8872665254601817,0.4866776739605717
23.4,0.03333333333333144,702,702,takeover,cartesian_freedrive,0.9417233557106386,0.008262677955750742,0.34703261126524015,0.9112797802624565,-0.7695534867684041,-1.0015136136999252,0.6415096551434649,1.8868232268210374,0.4860884640676409
23.433333333333334,0.03333333333333499,703,703,takeover,cartesian_freedrive,0.9416782726957832,0.008262698425015702,0.345067459248469,0.912623307038303,-0.7690860588062235,-0.9994346690241833,0.6419370083565763,1.8863766645690976,0.4855032224196531
23.466666666666665,0.03333333333333144,704,704,takeover,cartesian_freedrive,0.9416331896809278,0.008262718702381443,0.3430997411049834,0.9139708693788668,-0.7686181585478369,-0.9973457439665561,0.6423631887813275,1.885926829712794,0.48492196469079984
23.5,0.03333333333333499,705,705,takeover,cartesian_freedrive,0.9415881066660723,0.008262738706071875,0.341129446563582,0.9153224821042121,-0.7681497836698011,-0.9952468133589522,0.6427881892998099,1.8854737126601682,0.48434470735175106
23.533333333333335,0.03333333333333499,706,706,takeover,cartesian_freedrive,0.941543023651217,0.008262759351218717,0.3391565909928118,0.9166781458880282,-0.7676809588072946,-0.9931378822521677,0.6432120335605791,1.8850173620324442,0.4837714395224192
23.566666666666666,0.03333333333333144,707,707,takeover,cartesian_freedrive,0.9414979406363616,0.008262779280085671,0.3371811125445943,0.9180379033997388,-0.7672116423607795,-0.9910188110311791,0.6436346485056706,1.8845576559185797,0.48320223298673504
23.6,0.03333333333333499,708,708,takeover,cartesian_freedrive,0.9414528576215062,0.00826279865823735,0.33520302676077074,0.9194017555934793,-0.7667418753595453,-0.9888895992530108,0.6440560564963628,1.8840946431238823,0.4826370772136822
23.633333333333333,0.03333333333333144,709,709,takeover,cartesian_freedrive,0.9415369360236326,0.008258722720498808,0.3338506210411022,0.9201444025773377,-0.7664915461519229,-0.9873848078349581,0.6442687070532437,1.8835513283044147,0.4822593810547008
23.666666666666668,0.03333333333333499,710,710,takeover,cartesian_freedrive,0.9416210144257591,0.008254225831010108,0.3326043106733426,0.9207832472198807,-0.7662780340634144,-0.9859927720819488,0.6444490904139288,1.8830019908212154,0.48190784390011265
23.7,0.03333333333333144,711,711,takeover,cartesian_freedrive,0.9417050928278854,0.00825257545426258,0.33135953540616875,0.9214221605814786,-0.7660657702742719,-0.9846008708224926,0.6446305583355139,1.8824524734088899,0.48155669212181784
23.733333333333334,0.03333333333333499,712,712,takeover,cartesian_freedrive,0.9417891712300118,0.008251977350634517,0.33011401461585743,0.9220631319306603,-0.7658543515487968,-0.9832050415425588,0.6448130629611899,1.8819014420941333,0.4812066064631318
23.766666666666666,0.03333333333333144,713,713,takeover,cartesian_freedrive,0.9418732496321383,0.008251767993361499,0.3288675657166559,0.9227061131594254,-0.7656434885936747,-0.9818051947790751,0.6449963407579254,1.8813489247783912,0.48085769614594925
23.8,0.03333333333333499,714,714,takeover,cartesian_freedrive,0.9419573280342648,0.008251702263667119,0.32762008422632616,0.923351024480585,-0.7654328969309291,-0.9804013825326336,0.6451801810022229,1.8807949765914398,0.4805100297428997
23.833333333333332,0.03333333333333144,715,715,takeover,cartesian_freedrive,0.9420414064363911,0.008251689707669003,0.32637149300203117,0.9239978074486346,-0.7652224168873103,-0.9789935827451625,0.6453644220188217,1.8802396431381503,0.48016366021069734
23.866666666666667,0.03333333333333499,716,716,takeover,cartesian_freedrive,0.9421254848385174,0.008251696766739383,0.32512173150791435,0.9246464166527778,-0.7650119108719167,-0.9775817967352797,0.645548938293608,1.8796829586499741,0.47981862928770885
23.9,0.03333333333333144,717,717,takeover,cartesian_freedrive,0.9422095632406438,0.00825171113098424,0.32387075305174284,0.9252968185418811,-0.7648012775891869,-0.9761659982980689,0.645733633224298,1.8791249499361973,0.4794749698391416
23.933333333333334,0.03333333333333499,718,718,takeover,cartesian_freedrive,0.9422936416427703,0.008251728112978664,0.3226185200975572,0.9259489856524968,-0.7645904154664263,-0.9747462299401561,0.6459184309014608,1.8785656354457358,0.4791327082255384
23.966666666666665,0.03333333333333144,719,719,takeover,cartesian_freedrive,0.9423777200448966,0.00825174605928613,0.32136500476363644,0.9266028996472286,-0.7643792739316116,-0.9733224702742824,0.64610327365565,1.8780050308261749,0.4787918653472915
24.0,0.03333333333333499,720,720,takeover,cartesian_freedrive,0.9424617984470232,0.008251764303399769,0.32011018480607545,0.9272585464148531,-0.7641678042718543,-0.9718947136724433,0.6462881164902592,1.8774431473872943,0.47845245814455895
24.033333333333335,0.03333333333333499,721,721,takeover,cartesian_freedrive,0.9425458768491495,0.00825178262710848,0.3188540426656604,0.9279159156106724,-0.7639559669880526,-0.9704629533659112,0.6464729243958831,1.8768799937016858,0.4781145004739745
24.066666666666666,0.03333333333333144,722,722,takeover,cartesian_freedrive,0.9426299552512759,0.008251801110141396,0.3175965652232787,0.928575001011387,-0.7637437486518254,-0.9690271564102098,0.6466576706628038,1.8763155770616173,0.4777780037925823
24.1,0.03333333333333499,723,723,takeover,cartesian_freedrive,0.9427140336534023,0.008251809155656726,0.3163377734282141,0.9292358379476052,-0.7635322885822365,-0.9675871560306073,0.6468423140931869,1.875749920308437,0.4774429918543965
24.133333333333333,0.03333333333333144,724,724,takeover,cartesian_freedrive,0.9427981120555288,0.008253677416106237,0.31507773033277336,0.929898400273085,-0.7633211436833931,-0.966143226074105,0.6470270084586444,1.8751830837067738,0.4771093766781115
24.166666666666668,0.03333333333333499,725,725,takeover,cartesian_freedrive,0.9428821904576552,0.008252898685687102,0.31381617332909956,0.9305625937072985,-0.7631072786899786,-0.9646953564339995,0.6472114523672877,1.8746148974439945,0.4767773167468387
24.2,0.03333333333333144,726,726,takeover,cartesian_freedrive,0.9429662688597815,0.00825222545729434,0.31255322990915685,0.9312284737529495,-0.7628925218019156,-0.9632434793977993,0.6473957643320947,1.8740454553319827,0.4764467494664753
24.233333333333334,0.03333333333333499,727,727,takeover,cartesian_freedrive,0.943050347261908,0.008252001499889208,0.3112888394947684,0.931896063927203,-0.7626772740274604,-0.9617876288635707,0.6475798039323081,1.8734746823891069,0.4761177623700088
24.266666666666666,0.03333333333333144,728,728,takeover,cartesian_freedrive,0.9431344256640344,0.008251943365709669,0.31002316047628825,0.9325653386809728,-0.7624614174374936,-0.9603278672935956,0.6477638778364222,1.8729027509326497,0.4757901735892269
24.3,0.03333333333333499,729,729,takeover,cartesian_freedrive,0.9432185040661608,0.008251949822546251,0.3087560801651001,0.9332363126445449,-0.7622447939368131,-0.9588638344501111,0.6479477879433062,1.87232956128313,0.4754641058307856
24.333333333333332,0.03333333333333144,730,730,takeover,cartesian_freedrive,0.9433025824682872,0.008251979248046444,0.30748764033669845,0.9339089755850585,-0.7620277465466971,-0.9573956181478488,0.6481315678076284,1.8717551963849373,0.47513952622391126
24.366666666666667,0.03333333333333499,731,731,takeover,cartesian_freedrive,0.9433866608704136,0.008252003150143572,0.306217809845836,0.9345833849545935,-0.7618110475442674,-0.9559233921353678,0.6483151398490509,1.871179527325868,0.47481650232607336
24.4,0.03333333333333144,732,732,takeover,cartesian_freedrive,0.94347073927254,0.008252022588595788,0.3049465995623088,0.9352595059194231,-0.761594123687959,-0.9544471716394674,0.6484985466087632,1.8706026144469867,0.47449500036163095
24.433333333333334,0.03333333333333499,733,733,takeover,cartesian_freedrive,0.9435548176746664,0.00825204139226217,0.3036739954965891,0.9359373293107803,-0.7613766672019885,-0.9529668888977424,0.6486817808770442,1.8700244576742597,0.4741750251279868
24.466666666666665,0.03333333333333144,734,734,takeover,cartesian_freedrive,0.9436388960767929,0.008252059886470124,0.3023999967702975,0.9366168570935408,-0.7611587045781866,-0.9514825240340784,0.6488648385792907,1.8694450584805906,0.4738565805212589
24.5,0.03333333333333499,735,735,takeover,cartesian_freedrive,0.9437229744789193,0.008252077630348284,0.3011246035537529,0.9372980919155626,-0.7609402857553882,-0.9499940622012386,0.6490477160186491,1.8688644185448444,0.4735396703147837
24.533333333333335,0.03333333333333499,736,736,takeover,cartesian_freedrive,0.9438070528810456,0.008252095652023624,0.2998478098227758,0.9379810297470228,-0.7607212964258389,-0.9485015204542048,0.6492304068408278,1.8682825372900307,0.4732242987917354
24.566666666666666,0.03333333333333144,737,737,takeover,cartesian_freedrive,0.943891131283172,0.008252113426910549,0.2985696163518739,0.938665673403086,-0.76050179423843,-0.9470048827738188,0.6494129075572145,1.8676994166939116,0.47291046950888677
24.6,0.03333333333333499,738,738,takeover,cartesian_freedrive,0.9439752096852985,0.008252131087629185,0.29729002145895,0.9393520229219898,-0.7602817699528985,-0.9455041450581383,0.6495952136045083,1.8671150578703029,0.4725981862120269
24.633333333333333,0.03333333333333144,739,739,takeover,cartesian_freedrive,0.94392605169519,0.00825692405804421,0.2971009739458667,0.9387234957395683,-0.7604146881202613,-0.947622346716172,0.6497500989128516,1.8682111296744381,0.47104873895508925
24.666666666666668,0.03333333333333499,740,740,takeover,cartesian_freedrive,0.9438768937050814,0.008254796412837363,0.29710708863653307,0.9378600313088329,-0.7606055734991919,-0.9503688377643424,0.6498931077085209,1.86959768235242,0.4692939422222145
24.7,0.03333333333333144,741,741,takeover,cartesian_freedrive,0.943827735714973,0.008253325768245421,0.2971063812091238,0.9369986090686545,-0.760789884679681,-0.9531074581024253,0.6500328822731161,1.870983195312932,0.4675411088454355
24.733333333333334,0.03333333333333499,742,742,takeover,cartesian_freedrive,0.9437785777248645,0.008252640309944086,0.29709188455488583,0.9361473511107674,-0.7609667179338399,-0.9558200650200208,0.6501713664351297,1.8723596322374096,0.46579406052739813
24.766666666666666,0.03333333333333144,743,743,takeover,cartesian_freedrive,0.943729419734756,0.00825239982724434,0.29706399734022876,0.9353066355886428,-0.7611372126885323,-0.9585065774752093,0.6503095277180218,1.8737267389673085,0.46405251598430797
24.8,0.03333333333333499,744,744,takeover,cartesian_freedrive,0.9436802617446475,0.008252384473406963,0.2970231708431317,0.9344765691686036,-0.761302126386266,-0.9611672876282603,0.6504480330767407,1.8750844551161128,0.4623161974936455
24.833333333333332,0.03333333333333144,745,745,takeover,cartesian_freedrive,0.9436311037545388,0.00825233155942996,0.29696977291972554,0.9336571882055777,-0.7614619360348304,-0.963802473044609,0.6505873625520032,1.876432771445307,0.4605848797067269
24.866666666666667,0.03333333333333499,746,746,takeover,cartesian_freedrive,0.9435819457644306,0.008264469876314356,0.2969041207322098,0.9328484943124984,-0.7616172111498989,-0.9664123236460144,0.6507278874572903,1.8777717140935863,0.4588583775264221
24.9,0.03333333333333144,747,747,takeover,cartesian_freedrive,0.9435327877743218,0.008267944873063607,0.2968264718247107,0.9320504428338185,-0.7617683139825532,-0.9689974712592289,0.650869802887952,1.8791013290553145,0.45713653749329575
24.933333333333334,0.03333333333333499,748,748,takeover,cartesian_freedrive,0.9434836297842135,0.008269217604505899,0.2967370511412371,0.931262971750741,-0.7619153864246656,-0.9715580975249917,0.6510133058254705,1.8804216807011083,0.4554192289398733
24.966666666666665,0.03333333333333144,749,749,takeover,cartesian_freedrive,0.9434344717941049,0.008269703792724892,0.2966360610078526,0.9304860069768555,-0.7620586752349661,-0.9740944764134148,0.6511585204389305,1.8817328461987872,0.45370633715856695
25.0,0.03333333333333499,750,750,takeover,cartesian_freedrive,0.9433853138039965,0.008269896577437012,0.2965236810346778,0.9297194609511773,-0.7621983209932491,-0.97660691468254,0.6513055315083209,1.883034908506262,0.4519977608260692
25.033333333333335,0.03333333333333499,751,751,takeover,cartesian_freedrive,0.943336155813888,0.00826997894912577,0.29640007616393643,0.9289632400387374,-0.762334442346422,-0.9790957102212146,0.6514543980984292,1.8843279549433438,0.4502934078882161
25.066666666666666,0.03333333333333144,752,752,takeover,cartesian_freedrive,0.9432869978237794,0.008270019218113656,0.2962653795903693,0.9282172623896434,-0.7624671243320091,-0.9815611065324598,0.6516051399664022,1.885612019622271,0.4485932155233102
25.1,0.03333333333333499,753,753,takeover,cartesian_freedrive,0.9432378398336709,0.008270044933725523,0.29611977233044545,0.9274813955719776,-0.7625964601520266,-0.9840034769826497,0.6517578179051322,1.8868873067550398,0.4468970641011588
25.133333333333333,0.03333333333333144,754,754,takeover,cartesian_freedrive,0.9431886818435624,0.008270064987418725,0.2959633715730829,0.9267555554343485,-0.7627225098959044,-0.9864230526515301,0.6519124302890047,1.8881538513881122,0.4452049005126647
25.166666666666668,0.03333333333333499,755,755,takeover,cartesian_freedrive,0.9431395238534539,0.008270082707531075,0.29579630683700975,0.9260396417667397,-0.7628453313867628,-0.9888201028789574,0.6520689855718665,1.8894117440586822,0.44351665520825034
25.2,0.03333333333333144,756,756,takeover,cartesian_freedrive,0.9430903658633454,0.008270099335553494,0.2956187025388936,0.9253335551595387,-0.7629649759289837,-0.9911948906655419,0.6522274873406922,1.8906610745960637,0.4418322617538524
25.233333333333334,0.03333333333333499,757,757,takeover,cartesian_freedrive,0.943041207873237,0.008270115333687891,0.2954306786443314,0.9246371975529851,-0.7630814898725738,-0.9935476726614719,0.6523879356269575,1.8919019314375654,0.4401516564684131
25.266666666666666,0.03333333333333144,758,758,takeover,cartesian_freedrive,0.9429920498831285,0.008270130128527646,0.29523235162440853,0.9239504727153033,-0.7631949172932434,-0.995878699569717,0.6525503288803413,1.893134401202611,0.438474777669042
25.3,0.03333333333333499,759,759,takeover,cartesian_freedrive,0.9429428918930199,0.008270144518353324,0.29502383322503123,0.9232732855469323,-0.7633052951454443,-0.9981882151110041,0.6527146608471579,1.894358569616004,0.43680156704221856
25.333333333333332,0.03333333333333144,760,760,takeover,cartesian_freedrive,0.9428937339029114,0.00827015901554059,0.29480523319194074,0.9226055434878206,-0.7634126614864056,-1.0004764578495995,0.6528809268073958,1.8955745198544078,0.43513196701846674
25.366666666666667,0.03333333333333499,761,761,takeover,cartesian_freedrive,0.9428445759128029,0.008270173292742123,0.2945766579444318,0.9219471557692521,-0.7635170526707848,-1.0027436613410134,0.6530491200535272,1.896782333535553,0.4334659222693126
25.4,0.03333333333333144,762,762,takeover,cartesian_freedrive,0.9427954179226944,0.008270187405670839,0.29433821061235466,0.9212980330175544,-0.7636184908259495,-1.0049900593176926,0.6532192331891977,1.897982090301256,0.4318033791231801
25.433333333333334,0.03333333333333499,763,763,takeover,cartesian_freedrive,0.9427462599325859,0.008270201113133943,0.29408999326794216,0.9206580895055304,-0.7637170284048354,-1.0072158569151695,0.6533912586121233,1.8991738688075999,0.4301442852804884
25.466666666666665,0.03333333333333144,764,764,takeover,cartesian_freedrive,0.9426971019424774,0.008270214433619144,0.2938321039559015,0.9200272398143532,-0.763812686562194,-1.009421278944733,0.6535651878101854,1.9003577450669737,0.428488590269236
25.5,0.03333333333333499,765,765,takeover,cartesian_freedrive,0.942647943952369,0.008270227379957902,0.29356463887440987,0.9194054009816454,-0.7639054949859145,-1.0116065365257851,0.6537410121427093,1.9015337937121348,0.4268362449219916
25.533333333333335,0.03333333333333499,766,766,takeover,cartesian_freedrive,0.9425987859622604,0.008270239144756053,0.2932876924055776,0.9187924922182935,-0.7639954841438793,-1.0137718361305625,0.6539187237369114,1.9027020873458633,0.42518720101106605
25.566666666666666,0.03333333333333144,767,767,takeover,cartesian_freedrive,0.9425496279721519,0.008270250535402522,0.2930013553746741,0.9181884338157009,-0.7640826786727426,-1.0159173783108186,0.6540983114129691,1.903862697810043,0.4235414129919845
25.6,0.03333333333333499,768,768,takeover,cartesian_freedrive,0.9425004699820434,0.008270262072396157,0.292705717863768,0.9175931486061804,-0.764167106936793,-1.0180433599391097,0.6542797669119831,1.9050156944838765,0.42189883524398986
25.633333333333333,0.03333333333333144,769,769,takeover,cartesian_freedrive,0.9425046284038887,0.008263364005605723,0.29351527173856634,0.9160112999276592,-0.7645857589806889,-1.0215549810905329,0.6541813584543972,1.9063759064187045,0.4204365109321235
25.666666666666668,0.03333333333333499,770,770,takeover,cartesian_freedrive,0.9425087868257341,0.008256576290341964,0.2944970227592721,0.9142772974758523,-0.7650583779183103,-1.0252772629466609,0.6540409332354329,1.9077675516350454,0.41900306156517814
25.7,0.03333333333333144,771,771,takeover,cartesian_freedrive,0.9425129452475794,0.00825406881620706,0.2954722681096963,0.912550969161729,-0.7655310352212135,-1.0289805592168109,0.6539020897937995,1.9091521285584994,0.4175740297231325
25.733333333333334,0.03333333333333499,772,772,takeover,cartesian_freedrive,0.9425171036694246,0.008253142268820731,0.29643877730856605,0.9108339151808543,-0.7660033471254023,-1.0326616193744833,0.6537643965803057,1.9105285953408226,0.4161499838860353
25.766666666666666,0.03333333333333144,773,773,takeover,cartesian_freedrive,0.94252126209127,0.00825279960818157,0.297396448665931,0.9091258729628361,-0.7664748871196141,-1.036320744393937,0.6536274359429147,1.9118971635933737,0.4147309813376641
25.8,0.03333333333333499,774,774,takeover,cartesian_freedrive,0.9425254205131154,0.008252672785677284,0.29834538630274804,0.9074266122324085,-0.766945537174047,-1.0399584191787774,0.6534911442541795,1.9132581243033788,0.4133168999048159
25.833333333333332,0.03333333333333144,775,775,takeover,cartesian_freedrive,0.9425295789349606,0.008252626182194243,0.29928557286290286,0.9057359635326453,-0.7674150872764736,-1.0435747962102095,0.6533552674385261,1.9146115620674313,0.4119077724233976
25.866666666666667,0.03333333333333499,776,776,takeover,cartesian_freedrive,0.9425337373568061,0.0082526093608813,0.3002170282526201,0.904053796213557,-0.76788336300694,-1.0471700966451618,0.6532196552564145,1.915957501737425,0.4105036001334686
25.9,0.03333333333333144,777,777,takeover,cartesian_freedrive,0.9425378957786513,0.0082526031415333,0.30113997325711994,0.9023799263127843,-0.7683505634943316,-1.0507448747699797,0.6530844461480727,1.9172963027144594,0.409104175203206
25.933333333333334,0.03333333333333499,778,778,takeover,cartesian_freedrive,0.9425420542004967,0.008252601336731034,0.3020543940948488,0.900714245415225,-0.7688164971821302,-1.0542992592660703,0.6529494373598859,1.9186279422104064,0.40770954707380413
25.966666666666665,0.03333333333333144,779,779,takeover,cartesian_freedrive,0.9425462126223421,0.008252600532660997,0.3029603391304831,0.8990566673201866,-0.7692811124020549,-1.0578334223451231,0.6528145530848782,1.9199523976255284,0.40631970298158204
26.0,0.03333333333333499,780,780,takeover,cartesian_freedrive,0.9425503710441873,0.008252600393985534,0.30385795998989024,0.8974070686380672,-0.7697445068038189,-1.061347664975858,0.6526798594823292,1.9212698471996932,0.40493451948169695
26.033333333333335,0.03333333333333499,781,781,takeover,cartesian_freedrive,0.9425545294660327,0.008252600178390718,0.3047473554485931,0.8957653439347143,-0.7702066923862041,-1.0648422710636698,0.6525453525485031,1.9225803772748242,0.4035539288916717
26.066666666666666,0.03333333333333144,782,782,takeover,cartesian_freedrive,0.942558687887878,0.008252585647700442,0.3056287409896559,0.894131481171413,-0.7706697273651278,-1.0683167641757838,0.6524110505657273,1.9238841148851054,0.4021778594368297
26.1,0.03333333333333499,783,783,takeover,cartesian_freedrive,0.9425628463097233,0.008260790216920685,0.3065018341064246,0.892505099174689,-0.7711264970244692,-1.0717728692270019,0.6522768876271064,1.9251810243730274,0.4008062767023374
26.133333333333333,0.03333333333333144,784,784,takeover,cartesian_freedrive,0.9425670047315686,0.008255691119429,0.3073670088256992,0.8908863329233818,-0.7715823493741868,-1.0752092289592086,0.6521428996614385,1.926471248949993,0.39943907790354977
26.166666666666668,0.03333333333333499,785,785,takeover,cartesian_freedrive,0.9425711631534139,0.008253798049297205,0.30822448588792584,0.8892751194419547,-0.7720399182461766,-1.078627748723936,0.652009148775561,1.9277549230510076,0.3980761945492142
26.2,0.03333333333333144,786,786,takeover,cartesian_freedrive,0.9425753215752593,0.008253097505998706,0.3090742251629514,0.8876713000539569,-0.7724964284389086,-1.0820278396025527,0.6518755947988045,1.9290320800978633,0.3967175754434502
26.233333333333334,0.03333333333333499,787,787,takeover,cartesian_freedrive,0.9425794799971046,0.00825283881713888,0.309916330150561,0.886074773749141,-0.7729518802076458,-1.0854097488151195,0.6517422533590249,1.93030283358787,0.3953631437111465
26.266666666666666,0.03333333333333144,788,788,takeover,cartesian_freedrive,0.9425836384189499,0.008255929166200233,0.3107508601451319,0.8844854848449597,-0.7734063079620637,-1.0887735728053225,0.651609099752798,1.931567142946885,0.39401287871542623
26.3,0.03333333333333499,789,789,takeover,cartesian_freedrive,0.9425877968407953,0.008256649201075737,0.3115779260196352,0.8829033705435346,-0.7738623374540682,-1.0921210331034552,0.6514760095977365,1.9328250758992533,0.3926667888383758
26.333333333333332,0.03333333333333144,790,790,takeover,cartesian_freedrive,0.9425919552626406,0.008254092888438484,0.3123977280414617,0.881328261287141,-0.7743157372745804,-1.0954497705477397,0.6513433677274769,1.934076990508305,0.39132453118963295
26.366666666666667,0.03333333333333499,791,791,takeover,cartesian_freedrive,0.9425961136844859,0.008253147053591701,0.3132100724447358,0.879760101583586,-0.7747671139586091,-1.0987609385390449,0.6512107501435908,1.9353225846019344,0.3899863773598801
26.4,0.03333333333333144,792,792,takeover,cartesian_freedrive,0.9426002721063312,0.008252795985635745,0.31401526635966953,0.8781988047179726,-0.7752176032338862,-1.102055071017559,0.6510784345525445,1.936562180248213,0.3886520651511366
26.433333333333334,0.03333333333333499,793,793,takeover,cartesian_freedrive,0.9426044305281767,0.008252664793753348,0.314813334610828,0.8766443028091216,-0.7756671533863498,-1.1053322864677693,0.650946333130152,1.9377957609374015,0.3873216023126356
26.466666666666665,0.03333333333333144,794,794,takeover,cartesian_freedrive,0.942608588950022,0.008252615122202035,0.31560436050333607,0.8750965183193884,-0.7761158097483938,-1.1085927512676905,0.6508144468089804,1.9390233944530024,0.3859949342594697
26.5,0.03333333333333499,795,795,takeover,cartesian_freedrive,0.9426127473718672,0.00825259548408368,0.3163884223346238,0.8735553722077037,-0.7765635832624985,-1.1118366870162146,0.6506827766421849,1.9402451457484435,0.38467200750457525
26.533333333333335,0.03333333333333499,796,796,takeover,cartesian_freedrive,0.9426169057937125,0.008252586668280246,0.317165598305017,0.8720207878902587,-0.7770104954335078,-1.1150642861731834,0.6505513234395858,1.9414610796067784,0.3833527694052636
26.566666666666666,0.03333333333333144,797,797,takeover,cartesian_freedrive,0.9426210642155579,0.008252581670101372,0.3179359631109446,0.870492688714082,-0.7774565475248687,-1.1182757633958953,0.6504200877223022,1.9426712586248296,0.38203716846294833
26.6,0.03333333333333499,798,798,takeover,cartesian_freedrive,0.9426252226374032,0.008252578397904364,0.31869959536276765,0.8689710032374165,-0.7779017893235565,-1.1214712543182837,0.6502890698160649,1.943875747200903,0.38072515385518313
26.633333333333333,0.03333333333333144,799,799,takeover,cartesian_freedrive,0.9426392476253661,0.008259008789703927,0.3198876646466553,0.8669764757920785,-0.7784007311158049,-1.127008894739974,0.6503464879645166,1.9465878812397526,0.3783883829640061
26.666666666666668,0.03333333333333499,800,800,takeover,cartesian_freedrive,0.9426532726133288,0.00825613850561357,0.3211195414808043,0.864920970396764,-0.7788982536140234,-1.132874838621941,0.6504310003756247,1.9495243919187333,0.3759005058987611
26.7,0.03333333333333144,801,801,takeover,cartesian_freedrive,0.9426672976012916,0.008254134653950411,0.3223229644866077,0.8628852614898179,-0.779382882968485,-1.1386902462216844,0.6505166141640187,1.9524449713398024,0.37342238704503344
26.733333333333334,0.03333333333333499,802,802,takeover,cartesian_freedrive,0.9426813225892545,0.008253225223795325,0.3234983532444226,0.8608709316653026,-0.7798569088943913,-1.1444523300514857,0.650605230516345,1.9553474499803416,0.37095419146708086
26.766666666666666,0.03333333333333144,803,803,takeover,cartesian_freedrive,0.9426953475772173,0.008252832611214584,0.32464681727353617,0.8588781575774995,-0.7803217337835552,-1.1501619520331452,0.6506981417055109,1.9582316517490845,0.36849519279123544
26.8,0.03333333333333499,804,804,takeover,cartesian_freedrive,0.9427093725651801,0.008252715443211009,0.3257691900056281,0.8569067912919575,-0.7807783651993476,-1.1558202141137544,0.6507960176792658,1.961097912958455,0.3660448457931811
26.833333333333332,0.03333333333333144,805,805,takeover,cartesian_freedrive,0.9427233975531428,0.008252635296337687,0.32686614127834884,0.8549566916076743,-0.7812273514467393,-1.161427974760184,0.6508993434980208,1.9639462957650364,0.3636027093903063
26.866666666666667,0.03333333333333499,806,806,takeover,cartesian_freedrive,0.9427374225411058,0.008263711127322703,0.32793824036167607,0.8530276293456216,-0.7816691798396683,-1.1669860635251712,0.6510084118316234,1.9667769895156568,0.3611684138334664
26.9,0.03333333333333144,807,807,takeover,cartesian_freedrive,0.9427514475290686,0.008267111058338147,0.32898598350259045,0.8511192204431763,-0.7821041839848348,-1.172495764069055,0.6511233166634564,1.9695905541917667,0.35874160294976193
26.933333333333334,0.03333333333333499,808,808,takeover,cartesian_freedrive,0.9427654725170314,0.008268300421274445,0.3300097884350163,0.8492312964906725,-0.7825326121911123,-1.1779576747454297,0.6512442030758375,1.9723868424348299,0.35632202486234804
26.966666666666665,0.03333333333333144,809,809,takeover,cartesian_freedrive,0.9427794975049941,0.008268737625489946,0.3310100623000802,0.8473634879532499,-0.7829545953454525,-1.183372737225492,0.6513710822891556,1.9751663106879853,0.35390939827814266
27.0,0.03333333333333499,810,810,takeover,cartesian_freedrive,0.942793522492957,0.00826889449687858,0.3319871783546995,0.8455154809850045,-0.783370246352344,-1.1887418047628708,0.6515039669889905,1.9779292368917425,0.35150347125992465
27.033333333333335,0.03333333333333499,811,811,takeover,cartesian_freedrive,0.9428075474809199,0.008268945007647308,0.3329414816778584,0.8436869902735641,-0.7837796747809515,-1.194065660218089,0.6516428537821648,1.9806758123026154,0.34910401765967536
27.066666666666666,0.03333333333333144,812,812,takeover,cartesian_freedrive,0.9428215724688827,0.00826895696698627,0.3338733288065851,0.8418776625407534,-0.7841829575262715,-1.199345178746712,0.6517877303048449,1.9834064715773656,0.34671078227843527
27.1,0.03333333333333499,813,813,takeover,cartesian_freedrive,0.9428355974568454,0.008268955650256423,0.3347830379669072,0.8400872029762964,-0.7845801544512516,-1.204581144932961,0.6519385754379393,1.986121462330521,0.34432354970262896
27.133333333333333,0.03333333333333144,814,814,takeover,cartesian_freedrive,0.9428496224448082,0.008268948022443384,0.33567091498072094,0.8383153669346256,-0.7849713830419834,-1.209774205201487,0.6520953741463559,1.9888209014363927,0.34194212406866387
27.166666666666668,0.03333333333333499,815,815,takeover,cartesian_freedrive,0.942863647432771,0.008268937680965267,0.3365372651444035,0.8365618502211967,-0.7853566937196965,-1.2149251407991657,0.6522581000561338,1.9915051070546486,0.33956629129253607
27.2,0.03333333333333144,816,816,takeover,cartesian_freedrive,0.9428776724207338,0.00826892599278381,0.33738238020234984,0.8348263788179439,-0.7857361513440254,-1.2200346592006428,0.6524267291086239,1.9941743214678844,0.3371958519469268
27.233333333333334,0.03333333333333499,817,817,takeover,cartesian_freedrive,0.9428916974086967,0.00826891355404255,0.3382065730624342,0.8331086881159864,-0.7861098519701533,-1.2251034774738079,0.65260128752015,1.9968288022982184,0.33483057892702695
27.266666666666666,0.03333333333333144,818,818,takeover,cartesian_freedrive,0.9429057223966595,0.008268900742455208,0.3390100553982845,0.8314085163983803,-0.7864777657810642,-1.230132195873487,0.652781649401037,1.9994687324882543,0.33247035158321914
27.3,0.03333333333333499,819,819,takeover,cartesian_freedrive,0.9429197473846223,0.008268886654833257,0.3397930884930736,0.8297256309075108,-0.7868399503412433,-1.2351214389378031,0.6529677949940143,2.0020942725744817,0.330114994166194
27.333333333333332,0.03333333333333144,820,820,takeover,cartesian_freedrive,0.9429337723725851,0.008268872833692424,0.340555998706514,0.8280597533874134,-0.7871965369475741,-1.2400719467185621,0.6531597917295281,2.004705809600805,0.3277642485290697
27.366666666666667,0.03333333333333499,821,821,takeover,cartesian_freedrive,0.9429477973605479,0.008268858721895351,0.3412990075523879,0.8264106644565866,-0.7875475498812988,-1.2449842819162034,0.6533575806615921,2.0073034732278443,0.3254179752339825
27.4,0.03333333333333144,822,822,takeover,cartesian_freedrive,0.9429618223485108,0.008268843999431058,0.3420223453159896,0.8247781371658772,-0.78789300820764,-1.2498590304765387,0.6535611247743488,2.009887445033543,0.32307601822570015
27.433333333333334,0.03333333333333499,823,823,takeover,cartesian_freedrive,0.9429758473364735,0.008268829305853747,0.34272624657011286,0.8231619397055271,-0.7882329590105039,-1.2546967545118264,0.6537703916574623,2.0124579512086327,0.32073821488907833
27.466666666666665,0.03333333333333144,824,824,takeover,cartesian_freedrive,0.9429898723244363,0.00826881221346248,0.3434109561354156,0.8215618382413848,-0.7885674267473958,-1.2594980848620465,0.6539853883893173,2.015015247883154,0.31840438047524816
27.5,0.03333333333333499,825,825,takeover,cartesian_freedrive,0.9430038973123992,0.008268801643520604,0.3440766616185954,0.8199776597308162,-0.788896469588956,-1.2642634430388164,0.6542060438007415,2.0175593759172767,0.3160744094178411
27.533333333333335,0.03333333333333499,826,826,takeover,cartesian_freedrive,0.9430179223003621,0.008268781378629648,0.34472361013538316,0.8184091839813555,-0.7892201561968327,-1.2689934323112144,0.6544323843770551,2.0200905917740637,0.3137481113922521
27.566666666666666,0.03333333333333144,827,827,takeover,cartesian_freedrive,0.9430319472883247,0.00826876143864997,0.3453519891364521,0.8168562047820215,-0.7895384828839573,-1.2736885538796756,0.6546643533731887,2.0226090733086943,0.31142536101938834
27.6,0.03333333333333499,828,828,takeover,cartesian_freedrive,0.9430459722762876,0.008268738850417769,0.3459620611848213,0.8153185824246235,-0.7898516141997208,-1.278349284706557,0.6549020385714592,2.0251148754448773,0.3091059636597323
27.633333333333333,0.03333333333333144,829,829,takeover,cartesian_freedrive,0.9428260010987408,0.008262987347880219,0.34659194022242595,0.8135339326661873,-0.7904257687276535,-1.2816446533722132,0.654701152617802,2.0262239464947354,0.30758876443666344
27.666666666666668,0.03333333333333499,830,830,takeover,cartesian_freedrive,0.942606029921194,0.008256234885276171,0.3472243118788373,0.8117184396827558,-0.7910453534648579,-1.2847138955060855,0.6544373748112045,2.0271091315707475,0.3061968279529152
27.7,0.03333333333333144,831,831,takeover,cartesian_freedrive,0.9423860587436472,0.008253657294682632,0.34785405968005206,0.8099102605611906,-0.791670172666959,-1.287767464477455,0.6541763072563986,2.027986419911091,0.30480739285493685
27.733333333333334,0.03333333333333499,832,832,takeover,cartesian_freedrive,0.9421660875661004,0.008252692661486396,0.3484802695742364,0.8081086904789684,-0.7922986591582399,-1.2908067565269212,0.6539165657971346,2.0288574431146924,0.30342043023707327
27.766666666666666,0.03333333333333144,833,833,takeover,cartesian_freedrive,0.9419461163885536,0.008252328540143523,0.34910233955637243,0.8063130357559882,-0.7929294179755463,-1.2938321910818416,0.6536570517965343,2.029723031086588,0.3020362749271125
27.8,0.03333333333333499,834,834,takeover,cartesian_freedrive,0.9417261452110068,0.008252175014566493,0.34971999557818356,0.8045230415443613,-0.7935618856770045,-1.296843877253745,0.6533972599385464,2.0305831876875917,0.30065509882332614
27.833333333333332,0.03333333333333144,835,835,takeover,cartesian_freedrive,0.9415061740334599,0.008252116238148186,0.35033294639279716,0.8027384269663073,-0.7941954593749189,-1.2998418831021101,0.6531366168302305,2.0314381519157716,0.29927712478894997
27.866666666666667,0.03333333333333499,836,836,takeover,cartesian_freedrive,0.9412862028559134,0.00825208053500712,0.35094110444082943,0.8009589507573606,-0.7948298134319258,-1.3028265480319963,0.6528748982192538,2.0322883130184444,0.29790237853219725
27.9,0.03333333333333144,837,837,takeover,cartesian_freedrive,0.9410662316783664,0.008252053345857852,0.3515445606208064,0.7991846439494579,-0.7954651255301025,-1.3057978733427082,0.6526121831920135,2.0331334204077156,0.2965307923110607
27.933333333333334,0.03333333333333499,838,838,takeover,cartesian_freedrive,0.9408462605008197,0.00825203574674771,0.35214320475051797,0.7974154225229183,-0.7961011657191349,-1.3087558544788438,0.6523482230113828,2.033973432435153,0.2951624857948492
27.966666666666665,0.03333333333333144,839,839,takeover,cartesian_freedrive,0.9406262893232729,0.008252021697147172,0.3527371808253857,0.7956511710316607,-0.7967379994135632,-1.3117008222609428,0.6520831582807973,2.034808668016113,0.2937972944649013
28.0,0.03333333333333499,840,840,takeover,cartesian_freedrive,0.9404063181457261,0.008252046129407217,0.35332616019412666,0.7938918460013582,-0.7973752193993494,-1.3146325282608704,0.6518164177308159,2.035638781108043,0.2924355933068442
28.033333333333335,0.03333333333333499,841,841,takeover,cartesian_freedrive,0.9401863469681793,0.008252007616181476,0.35391061764331916,0.7921373589532212,-0.7980131765902597,-1.317551546846768,0.6515486621840058,2.0364643372827733,0.29107686198116617
28.066666666666666,0.03333333333333144,842,842,takeover,cartesian_freedrive,0.9399663757906325,0.008251986056074323,0.35449053532028785,0.7903876873816649,-0.7986520077069907,-1.320457914095243,0.6512797820352022,2.037285238738915,0.2897211554428737
28.1,0.03333333333333499,843,843,takeover,cartesian_freedrive,0.9397464046130857,0.00825199327538473,0.35506558145041833,0.7886428314601563,-0.7992920515711223,-1.323351265949621,0.6510091089198157,2.0381010471585896,0.2883689152003293
28.133333333333333,0.03333333333333144,844,844,takeover,cartesian_freedrive,0.9395264334355389,0.008253143593180256,0.3556366386125477,0.7869026191504842,-0.7999332740208139,-1.3262322932486714,0.6507379214431883,2.038913002764812,0.2870191465325769
28.166666666666668,0.03333333333333499,845,845,takeover,cartesian_freedrive,0.9393064622579921,0.008255774543399893,0.35620261348511983,0.7851670228227318,-0.800572277915556,-1.3291013590348018,0.6504650858912483,2.039719803027836,0.28567279822292924
28.2,0.03333333333333144,846,846,takeover,cartesian_freedrive,0.9390864910804453,0.008253316858037003,0.3567639996730388,0.7834360224129219,-0.8012103640157484,-1.3319569219618743,0.6501907243564385,2.040522024102925,0.28432955110278413
28.233333333333334,0.03333333333333499,847,847,takeover,cartesian_freedrive,0.9388665199028985,0.008252391746295495,0.3573211786069002,0.7817096757885487,-0.8018523429778511,-1.3348010770685033,0.6499152199476884,2.041319752142922,0.2829892075441492
28.266666666666666,0.03333333333333144,848,848,takeover,cartesian_freedrive,0.9386465487253517,0.008252041741359753,0.35787392152612,0.7799878487223543,-0.80249499287248,-1.3376331231027059,0.6496383655613742,2.042112987789874,0.28165186149787386
28.3,0.03333333333333499,849,849,takeover,cartesian_freedrive,0.9384265775478049,0.008251904334958727,0.35842227927389403,0.7782705037329158,-0.8031383267886282,-1.340453159371572,0.6493601787506071,2.042901760758604,0.28031747413806973
28.333333333333332,0.03333333333333144,850,850,takeover,cartesian_freedrive,0.9382066063702581,0.008251845555580197,0.3589663017529864,0.7765576044034753,-0.8037823191463151,-1.3432612820413232,0.6490806811791369,2.0436860971235333,0.2789860056956057
28.366666666666667,0.03333333333333499,851,851,takeover,cartesian_freedrive,0.9379866351927113,0.008251835278898592,0.3595060271252532,0.7748491056403379,-0.8044270094574343,-1.34605759603575,0.6487998658138066,2.0444660455268675,0.27765742918983943
28.4,0.03333333333333144,852,852,takeover,cartesian_freedrive,0.9377666640151645,0.008251823049786024,0.3600414734793448,0.7731449660499108,-0.8050723542254816,-1.3488421918912532,0.6485177101807394,2.04524162127738,0.2763317399306832
28.433333333333334,0.03333333333333499,853,853,takeover,cartesian_freedrive,0.9375466928376177,0.008251812297346702,0.3605727304119869,0.7714451485780728,-0.8057184354059489,-1.3516152043125476,0.6482342880230556,2.046012900206483,0.27500885561058036
28.466666666666665,0.03333333333333144,854,854,takeover,cartesian_freedrive,0.9373267216600709,0.008251802973644421,0.3610997105941079,0.7697496262844632,-0.8063647492153768,-1.354376468602187,0.6479494364935364,2.0467797475022533,0.2736888755772997
28.5,0.03333333333333499,855,855,takeover,cartesian_freedrive,0.9371067504825241,0.008255856351719444,0.36162269713439765,0.7680583830467164,-0.8070156495633104,-1.3571275141636288,0.6476633094076714,2.047542422636323,0.2723716924332895
28.533333333333335,0.03333333333333499,856,856,takeover,cartesian_freedrive,0.9368867793049773,0.008253239958745905,0.36214141889492013,0.7663712867906965,-0.8076637914734259,-1.3598660948955936,0.6473757693442268,2.048300877371009,0.27105727050706546
28.566666666666666,0.03333333333333144,857,857,takeover,cartesian_freedrive,0.9366668081274305,0.008252156646411095,0.36265599582565916,0.7646883289656077,-0.8083124391734792,-1.3625934760484495,0.6470868559305495,2.049055150732861,0.2697456449217497
28.6,0.03333333333333499,858,858,takeover,cartesian_freedrive,0.9364468369498837,0.008251746759343542,0.36316654850259905,0.7630095149046865,-0.8089618885890841,-1.3653096993477212,0.646796650332029,2.0498052340262896,0.26843672135407076
28.633333333333333,0.03333333333333144,859,859,takeover,cartesian_freedrive,0.9371771913272944,0.008251850095832678,0.36441573017605,0.7615086216002128,-0.8093640212224311,-1.3694395112509221,0.6468281537921197,2.052005156388908,0.26710863349685143
28.666666666666668,0.03333333333333499,860,860,takeover,cartesian_freedrive,0.9379075457047051,0.008251879453316789,0.3657692112077194,0.7600415946700972,-0.8097264905066411,-1.3737729236120682,0.6469107565669545,2.0544262779622313,0.26578079510216923
28.7,0.03333333333333144,861,861,takeover,cartesian_freedrive,0.9386379000821159,0.00825187961403705,0.3671113702042967,0.7585823730297593,-0.8100833692145646,-1.37808764561075,0.6469959028798121,2.0568426946411043,0.26445621407376135
28.733333333333334,0.03333333333333499,862,862,takeover,cartesian_freedrive,0.9393682544595265,0.008251870303000527,0.36844219593049315,0.757131095623168,-0.8104356228630367,-1.382382767414851,0.6470840557124112,2.059253155727571,0.2631345351879064
28.766666666666666,0.03333333333333144,863,863,takeover,cartesian_freedrive,0.9400986088369372,0.008251857610274202,0.3697620315615454,0.7556878843485927,-0.8107837201380231,-1.3866584676599143,0.6471756103267433,2.0616575744265093,0.2618155201106775
28.8,0.03333333333333499,864,864,takeover,cartesian_freedrive,0.940828963214348,0.008251843932257323,0.371071108151531,0.7542527737318164,-0.8111279067454312,-1.3909149437578872,0.6472707939771305,2.0640559401985414,0.2604990007001085
28.833333333333332,0.03333333333333144,865,865,takeover,cartesian_freedrive,0.9415593175917585,0.008251829206006422,0.37236959627562366,0.7528257525555367,-0.81146839506308,-1.395152399589136,0.647369735526699,2.0664482778368867,0.25918484977482686
28.866666666666667,0.03333333333333499,866,866,takeover,cartesian_freedrive,0.9422896719691694,0.008251813979357852,0.37365762122252605,0.7514067827705717,-0.8118052652484048,-1.3993710271726534,0.6474725047293326,2.0688346230152574,0.25787296842363744
28.9,0.03333333333333144,867,867,takeover,cartesian_freedrive,0.9430200263465799,0.008251797574988232,0.3749352890976043,0.74999580898156,-0.8121385606140716,-1.4035710365294916,0.6475791484660368,2.0712150332429937,0.2565632655970815
28.933333333333334,0.03333333333333499,868,868,takeover,cartesian_freedrive,0.9437503807239906,0.008251782213655986,0.37620269489739816,0.7485927666901303,-0.8124683342218328,-1.4077526158324485,0.6476896892064143,2.073589581129968,0.2552556599453929
28.966666666666665,0.03333333333333144,869,869,takeover,cartesian_freedrive,0.9444807351014013,0.008251767230087883,0.37745991740282137,0.7471975915877375,-0.8127946011731456,-1.4119159647949662,0.6478041382620304,2.075958317704912,0.2539500809931869
29.0,0.03333333333333499,870,870,takeover,cartesian_freedrive,0.945211089478812,0.008251751687129112,0.3787070289002133,0.7458102164673087,-0.8131173670867097,-1.4160612795399998,0.6479224996253832,2.0783212983949,0.2526464622920376
29.033333333333335,0.03333333333333499,871,871,takeover,cartesian_freedrive,0.9459414438562227,0.008251732207031303,0.37994410986498933,0.7444305755933252,-0.8134366634488028,-1.420188740238199,0.648044783647349,2.0806785862454316,0.25134473107383565
29.066666666666666,0.03333333333333144,872,872,takeover,cartesian_freedrive,0.9466717982336335,0.00825171572828415,0.38117122647305834,0.7430585939536424,-0.8137524893808344,-1.4242985359312628,0.6481709861613676,2.0830302646846404,0.2500448225126196
29.1,0.03333333333333499,873,873,takeover,cartesian_freedrive,0.9474021526110441,0.008251698903008805,0.3823884448299828,0.7416942055512983,-0.8140648401510083,-1.4283908608305,0.6483011067071793,2.0853763759006427,0.24874667537358114
29.133333333333333,0.03333333333333144,874,874,takeover,cartesian_freedrive,0.9481325069884547,0.0082516789486877,0.38359584682816794,0.7403373351196378,-0.8143737486856508,-1.432465906490016,0.6484351494923101,2.0877169965368076,0.2474502170510963
29.166666666666668,0.03333333333333499,875,875,takeover,cartesian_freedrive,0.9488628613658654,0.008251662337016174,0.3847934948081487,0.7389879106085194,-0.8146792077835624,-1.4365238546462145,0.6485731114570504,2.0900522048358283,0.24615538447233376
29.2,0.03333333333333144,876,876,takeover,cartesian_freedrive,0.9495932157432762,0.008251642238969804,0.38598144577792715,0.737645874357208,-0.8149812068506996,-1.4405648801279727,0.6487149929115128,2.0923820332955536,0.2448621214294935
29.233333333333334,0.03333333333333499,877,877,takeover,cartesian_freedrive,0.9503235701206869,0.008251625590428406,0.38715976641656596,0.7363111595950503,-0.8152797771349994,-1.444589142625478,0.6488607949945364,2.0947065641311386,0.24357036211264357
29.266666666666666,0.03333333333333144,878,878,takeover,cartesian_freedrive,0.9510539244980976,0.00825161033679277,0.38832851178917094,0.7349837076218072,-0.8155749067185307,-1.448596810592289,0.649010517927028,2.0970258409791365,0.2422800500490289
29.3,0.03333333333333499,879,879,takeover,cartesian_freedrive,0.9517842788755082,0.008251594076176148,0.38948773410742704,0.7336634592060836,-0.81586658179664,-1.4525880490681227,0.6491641595002811,2.099339910839866,0.24099113057639257
29.333333333333332,0.03333333333333144,880,880,takeover,cartesian_freedrive,0.9525146332529189,0.008251574369719895,0.39063749680396326,0.7323503565354503,-0.8161548365162057,-1.45656301006092,0.6493217244827111,2.1016488335998016,0.23970354140545025
29.366666666666667,0.03333333333333499,881,881,takeover,cartesian_freedrive,0.9532449876303297,0.008251557936269053,0.39177785450181324,0.7310443379739134,-0.8164396558620199,-1.4605218529839528,0.6494832155424364,2.103952676190805,0.23841722250732975
29.4,0.03333333333333144,882,882,takeover,cartesian_freedrive,0.9539753420077404,0.00825154270429963,0.39290885816138954,0.7297453491882183,-0.8167210405084343,-1.4644647311013257,0.6496486319302586,2.106251480149557,0.23713212077436985
29.433333333333334,0.03333333333333499,883,883,takeover,cartesian_freedrive,0.954705696385151,0.008251523998837032,0.3940305817751519,0.7284533602356486,-0.8169990417275151,-1.468391781076711,0.6498180013215757,2.1085452279675905,0.23584816909353506
29.466666666666665,0.03333333333333144,884,884,takeover,cartesian_freedrive,0.9554360507625618,0.008251508824196679,0.3951430069492232,0.727168240427769,-0.8172735004596967,-1.4723031971519907,0.6499912448696604,2.110834169780886,0.2345653499290557
29.5,0.03333333333333499,885,885,takeover,cartesian_freedrive,0.9561664051399724,0.008251494114628825,0.3962462573161763,0.7258900114348273,-0.8175445820318983,-1.4761990741125515,0.6501684481605907,2.113118164016364,0.23328356736029252
29.533333333333335,0.03333333333333499,886,886,takeover,cartesian_freedrive,0.9568967595173831,0.008251475034437235,0.39734035283850333,0.7246185977811448,-0.8178122286812293,-1.4800795730357663,0.6503495817865973,2.115397310903976,0.23200278631485594
29.566666666666666,0.03333333333333144,887,887,takeover,cartesian_freedrive,0.9576271138947938,0.00825145889661226,0.39842534738608265,0.7233539443102628,-0.8180764394490527,-1.4839448346830926,0.6505346547672379,2.1176716778907867,0.23072294558593845
29.6,0.03333333333333499,888,888,takeover,cartesian_freedrive,0.9583574682722045,0.008251442049471033,0.39950128316068,0.7220960016409401,-0.8183372043606099,-1.4877950013102599,0.6507236673931166,2.119941302520572,0.22944399648778588
29.633333333333333,0.03333333333333144,889,889,takeover,cartesian_freedrive,0.9576207838747273,0.008251494874292407,0.4005393819300214,0.7208277088701491,-0.8187915026307625,-1.4902346884652662,0.6504987843506337,2.1209662582062463,0.22894963848631103
29.666666666666668,0.03333333333333499,890,890,takeover,cartesian_freedrive,0.9568840994772501,0.008251510351555708,0.4015728810271241,0.7195599208543797,-0.8192798565024311,-1.492451978186839,0.6502109072744532,2.1217954267040193,0.22857800905049772
29.7,0.03333333333333144,891,891,takeover,cartesian_freedrive,0.9561474150797729,0.008251513215415784,0.4026069845994178,0.718294063540457,-0.8197712191560509,-1.494664207553602,0.6499234114341481,2.1226218848571925,0.22820812456168163
29.733333333333334,0.03333333333333499,892,892,takeover,cartesian_freedrive,0.9554107306822957,0.00825151146417496,0.40364116187843596,0.7170297107217648,-0.820264530011737,-1.4968725113414607,0.6496358057656693,2.123446871391762,0.22783975870768733
29.766666666666666,0.03333333333333144,893,893,takeover,cartesian_freedrive,0.9546740462848184,0.008251508019144711,0.4046750893274539,0.7157666019497166,-0.8207592598147716,-1.4990769573637102,0.6493476199764413,2.124270576928346,0.22747311827494507
29.8,0.03333333333333499,894,894,takeover,cartesian_freedrive,0.9539373618873414,0.008251504206021797,0.4057085807757227,0.7145045794968937,-0.8212550921611421,-1.5012775909645846,0.6490585757159345,2.1250931137304097,0.22710832555916932
29.833333333333332,0.03333333333333144,895,895,takeover,cartesian_freedrive,0.953200677489864,0.008251500003763904,0.4067415327446565,0.7132435464213829,-0.8217518646244064,-1.503474449125523,0.6487685072120195,2.125914551398267,0.22674545150347378
29.866666666666667,0.03333333333333499,896,896,takeover,cartesian_freedrive,0.9524639930923868,0.008251495497974685,0.40777388753631943,0.7119834406471377,-0.8222494692789819,-1.5056675617047621,0.648477315100333,2.1267349339046393,0.22638453731467997
29.9,0.03333333333333144,897,897,takeover,cartesian_freedrive,0.9517273086949095,0.00825149154523583,0.40880561522127096,0.7107242208177399,-0.8227478262541632,-1.5078569467632372,0.6481849381049899,2.1275542904496656,0.22602560672675456
29.933333333333334,0.03333333333333499,898,898,takeover,cartesian_freedrive,0.9509906242974324,0.008251486428762334,0.4098367085781658,0.7094658596765753,-0.8232469310666514,-1.510042606902435,0.6478913347685314,2.1283726431726273,0.22566867253397035
29.966666666666665,0.03333333333333144,899,899,takeover,cartesian_freedrive,0.9502539398999551,0.00825205103275593,0.4108671559418728,0.7082083255817186,-0.82374681556097,-1.512224636322387,0.6475965296581051,2.1291900037708102,0.2253137564622751
30.0,0.03333333333333499,900,900,takeover,cartesian_freedrive,0.949517255502478,0.008252445008473653,0.41189695119624203,0.7069516184212745,-0.8242472802145508,-1.514403005334845,0.6473003882439853,2.1300063872426587,0.22496082613754753
30.033333333333335,0.03333333333333499,901,901,takeover,cartesian_freedrive,0.9487805711050008,0.008251830455400852,0.41292611232412885,0.7056957110358031,-0.8247485144195384,-1.5165777568580954,0.6470029874483575,2.1308218038670717,0.22460991104677863
30.066666666666666,0.03333333333333144,902,902,takeover,cartesian_freedrive,0.9480438867075236,0.008251601625701358,0.413954630291369,0.7044405862056278,-0.8252503768329424,-1.518748933762569,0.6467043164187607,2.1316362597270824,0.2242610125511996
30.1,0.03333333333333499,903,903,takeover,cartesian_freedrive,0.9473072023100464,0.008251296271838258,0.41498244197090856,0.7031862116021244,-0.8257526126133714,-1.520916832645972,0.6464043995351214,2.1324497479563105,0.2239141410271295
30.133333333333333,0.03333333333333144,904,904,takeover,cartesian_freedrive,0.9465705179125692,0.008251170547795398,0.41600972961150734,0.7019326273854286,-0.82625592909608,-1.5230808315453652,0.6461031241945917,2.133262317322776,0.2235692645311722
30.166666666666668,0.03333333333333499,905,905,takeover,cartesian_freedrive,0.945833833515092,0.008251121379335471,0.41703641434773886,0.7006797950988053,-0.8267599598245055,-1.5252412696393753,0.6458005353104047,2.13407395580211,0.2232263985076873
30.2,0.03333333333333144,906,906,takeover,cartesian_freedrive,0.9450971491176148,0.008251063818640086,0.4180625004481399,0.6994277015375661,-0.827264688757329,-1.5273981841236886,0.6454966292069165,2.13488467045265,0.22288554470799513
30.233333333333334,0.03333333333333499,907,907,takeover,cartesian_freedrive,0.9443604647201376,0.008251029971859577,0.4190879971117174,0.6981763352707799,-0.8277701181742713,-1.52955159392019,0.6451913978323723,2.1356944690048683,0.2225467001477739
30.266666666666666,0.03333333333333144,908,908,takeover,cartesian_freedrive,0.9436237803226604,0.00825097568420613,0.42011291109079096,0.6969256840313128,-0.8282762322877525,-1.5317015220660692,0.6448848363636777,2.136503359049226,0.22220986709736223
30.3,0.03333333333333499,909,909,takeover,cartesian_freedrive,0.9428870959251832,0.008250953667810097,0.4211372586481717,0.6956757386338984,-0.8287830974788004,-1.5338479787157173,0.6445769336370739,2.13731134963382,0.22187504140704833
30.333333333333332,0.03333333333333144,910,910,takeover,cartesian_freedrive,0.942150411527706,0.008250942880489944,0.4221610442614822,0.694426486337763,-0.8292906776306307,-1.5359909892488905,0.6442676856179024,2.138118447694663,0.22154222499751927
30.366666666666667,0.03333333333333499,911,911,takeover,cartesian_freedrive,0.9414137271302288,0.008250898527605448,0.4231842757138707,0.6931779154328924,-0.8297989672749199,-1.5381305748757985,0.6439570868818768,2.13892466083998,0.22121141953735904
30.4,0.03333333333333144,912,912,takeover,cartesian_freedrive,0.9406770427327515,0.008250879511127565,0.4242069640370134,0.6919300154356014,-0.83030798537403,-1.5402667511446728,0.6436451280397009,2.1397299967546086,0.220882621190328
30.433333333333334,0.03333333333333499,913,913,takeover,cartesian_freedrive,0.9399403583352743,0.008250868996001888,0.4252291168998982,0.6906827747297827,-0.8308177262562804,-1.5423995389322285,0.6433318035976706,2.1405344629523553,0.22055583173168078
30.466666666666665,0.03333333333333144,914,914,takeover,cartesian_freedrive,0.9392036739377971,0.00825082425100733,0.42625074187774936,0.6894361817317413,-0.8313281840066609,-1.5445289590123623,0.643017108127014,2.1413380668937108,0.22023105319740255
30.5,0.03333333333333499,915,915,takeover,cartesian_freedrive,0.9384669895403199,0.008250805136530384,0.4272718500184994,0.6881902261331457,-0.8318393790335125,-1.5466550263377479,0.6427010319006946,2.1421408161435864,0.21990828165640589
30.533333333333335,0.03333333333333499,916,916,takeover,cartesian_freedrive,0.9377303051428427,0.008250786280917407,0.42829244697498636,0.6869448959095616,-0.8323512896805066,-1.5487777636166922,0.6423835704903987,2.1429427177410485,0.21958751994622674
30.566666666666666,0.03333333333333144,917,917,takeover,cartesian_freedrive,0.9369936207453655,0.008250776874328201,0.4293125450179873,0.6857001810844905,-0.8328639505908226,-1.5508971846816806,0.642064714669055,2.143743779709368,0.21926876691248653
30.6,0.03333333333333499,918,918,takeover,cartesian_freedrive,0.9362569363478883,0.00825077087524243,0.4303321506028847,0.6844560700436356,-0.8333773465910008,-1.553013310408946,0.6417444586729005,2.1445440090197634,0.2189520236207838
30.633333333333333,0.03333333333333144,919,919,takeover,cartesian_freedrive,0.9379466563277463,0.008336373934398683,0.4256700418870939,0.6867205114972401,-0.8319546954960131,-1.5527338583505537,0.6439525413035989,2.145979407093782,0.2143647442811986
30.666666666666668,0.03333333333333499,920,920,takeover,cartesian_freedrive,0.9396363763076043,0.008366061069079934,0.420033550013728,0.6895720647766411,-0.8301974961778618,-1.5520116302861118,0.6465406506668879,2.1474880415197797,0.2091342909799907
30.7,0.03333333333333144,921,921,takeover,cartesian_freedrive,0.9413260962874624,0.008407018985227685,0.414357393306597,0.6924608576318073,-0.828411174469587,-1.5512060296775136,0.6491200170226071,2.148965667585661,0.20392299964042435
30.733333333333334,0.03333333333333499,922,922,takeover,cartesian_freedrive,0.9430158162673205,0.0084169986702686,0.40864744730512254,0.6953864697576787,-0.8266024822221727,-1.550318405054923,0.65169217812943,2.150410322676472,0.19873275162405457
30.766666666666666,0.03333333333333144,923,923,takeover,cartesian_freedrive,0.9447055362471785,0.008420672010277297,0.40290689273544744,0.6983500472163997,-0.8247747712032472,-1.5493485482381482,0.6542589020333739,2.15182115999518,0.19356304179772268
30.8,0.03333333333333499,924,924,takeover,cartesian_freedrive,0.9463952562270366,0.00842199685034094,0.3971374181303388,0.7013522323685681,-0.8229302515852202,-1.548296321761023,0.6568209811664738,2.1531977107660474,0.1884138238835112
30.833333333333332,0.03333333333333144,925,925,takeover,cartesian_freedrive,0.9480849762068945,0.008422444364012903,0.391340252191004,0.7043933472512962,-0.8210704123591318,-1.5471616270348476,0.6593786224708214,2.154539730641712,0.18328533595470706
30.866666666666667,0.03333333333333499,926,926,takeover,cartesian_freedrive,0.9497746961867525,0.008422563960105815,0.3855163440818656,0.7074735243322803,-0.8191963518212891,-1.5459443882736024,0.6619316857189124,2.155847108615585,0.17817798364512163
30.9,0.03333333333333144,927,927,takeover,cartesian_freedrive,0.9514644161666104,0.008422560974323997,0.3796664763562919,0.7105927869767892,-0.8173089275372344,-1.5446445384288,0.6644798270823876,2.157119811732412,0.17309227161304974
30.933333333333334,0.03333333333333499,928,928,takeover,cartesian_freedrive,0.9531541361464686,0.008422511454528473,0.37379132965136114,0.7137510969100731,-0.8154088538809212,-1.5432620115988671,0.6670225843323406,2.1583578522617333,0.1680287625804969
30.966666666666665,0.03333333333333144,929,929,takeover,cartesian_freedrive,0.9548438561263264,0.008422444525375553,0.3678915186591094,0.7169483812371036,-0.8134967571701011,-1.5417967382216533,0.6695594248116414,2.1595612701470284,0.16298805475523775
31.0,0.03333333333333499,930,930,takeover,cartesian_freedrive,0.9565335761061846,0.00842237106346691,0.3619676171635861,0.7201845504563199,-0.8115732133673945,-1.5402486424862727,0.6720897784826994,2.1607301190064034,0.15797076550877773
31.033333333333335,0.03333333333333499,931,931,takeover,cartesian_freedrive,0.9582232960860426,0.008422294398160977,0.35602017013162857,0.7234595078239475,-0.8096387662315596,-1.538617640375579,0.6746130545804805,2.1618644601100625,0.15297752355069158
31.066666666666666,0.03333333333333144,932,932,takeover,cartesian_freedrive,0.9599130160659006,0.008422217232878977,0.350049700642053,0.7267731548875097,-0.8076939395652089,-1.5369036385236976,0.6771286510860222,2.1629643589018577,0.14800896461242039
31.1,0.03333333333333499,933,933,takeover,cartesian_freedrive,0.9616027360457586,0.008422139043959323,0.34405671628091,0.7301253959496643,-0.8057392440981344,-1.5351065335239582,0.6796359637813572,2.1640298807868272,0.143065726549269
31.133333333333333,0.03333333333333144,934,934,takeover,cartesian_freedrive,0.9632924560256166,0.008422059540030589,0.3380417093246154,0.7335161391492113,-0.8037751803356508,-1.533226211043777,0.6821343869365335,2.16506109132124,0.13814844968041723
31.166666666666668,0.03333333333333499,935,935,takeover,cartesian_freedrive,0.9649821760054746,0.008421979347640978,0.33200515911474554,0.7369452982014022,-0.8018022423238762,-1.531262545492092,0.6846233166846107,2.1660580545758457,0.13325777490708654
31.2,0.03333333333333144,936,936,takeover,cartesian_freedrive,0.9666718959853328,0.008421896614052394,0.3259475331213794,0.7404127934549534,-0.7998209156663336,-1.529215399470057,0.6871021534125039,2.1670208318477444,0.12839434253467438
31.233333333333334,0.03333333333333499,937,937,takeover,cartesian_freedrive,0.9683616159651907,0.008421810219730777,0.31986928549895066,0.7439185515314172,-0.7978316763889154,-1.527084623222074,0.6895703003574762,2.1679494829214074,0.12355879325492526
31.266666666666666,0.03333333333333144,938,938,takeover,cartesian_freedrive,0.9700513359450487,0.00842173150288274,0.31377086607623783,0.7474625085409249,-0.7958350151655665,-1.5248700555955617,0.6920271656613343,2.168844064044509,0.11875176605639776
31.3,0.03333333333333499,939,939,takeover,cartesian_freedrive,0.9717410559249067,0.008421654341044481,0.30765269732816014,0.7510446046464361,-0.7938314151855405,-1.5225715223003502,0.6944721627002803,2.1697046282770245,0.11397389894277372
31.333333333333332,0.03333333333333144,940,940,takeover,cartesian_freedrive,0.9734307759047647,0.008421577542101686,0.3015152022848917,0.7546647903267462,-0.7918213306457951,-1.520188834444896,0.6969047099195357,2.1705312256626117,0.10922583010753859
31.366666666666667,0.03333333333333499,941,941,takeover,cartesian_freedrive,0.9751204958846229,0.008421500119540726,0.2953587897842921,0.7583230242987532,-0.7898052264392442,-1.517721790368179,0.6993242329591621,2.171323901158054,0.10450819479755807
31.4,0.03333333333333144,942,942,takeover,cartesian_freedrive,0.9768102158644809,0.008421423117349265,0.28918385448374173,0.7620192727780977,-0.7877835606318171,-1.5151701738945602,0.7017301605316377,2.172082697220205,0.09982162883935694
31.433333333333334,0.03333333333333499,943,943,takeover,cartesian_freedrive,0.9784999358443388,0.008421346216184535,0.2829907795489431,0.7657535109600717,-0.7857567870365708,-1.5125337543936384,0.7041219282531197,2.172807651453542,0.0951667661138709
31.466666666666665,0.03333333333333144,944,944,takeover,cartesian_freedrive,0.9801896558241968,0.008421269327851769,0.27677993412177515,0.7695257220580063,-0.783725352265145,-1.5098122861329935,0.7064989757572282,2.1734987987364853,0.09054424054894893
31.5,0.03333333333333499,945,945,takeover,cartesian_freedrive,0.9818793758040548,0.00842119171492955,0.27055167547781656,0.7733358988576531,-0.7816896992924547,-1.5070055076923812,0.708860749591802,2.1741561681399104,0.08595468417543158
31.533333333333335,0.03333333333333499,946,946,takeover,cartesian_freedrive,0.9835690957839129,0.008421113749368409,0.26430634768519273,0.7771840431925348,-0.779650266129898,-1.5041131417039415,0.7112067018359574,2.17477978454609,0.08139872818161036
31.566666666666666,0.03333333333333144,947,947,takeover,cartesian_freedrive,0.985258815763771,0.008421028042356055,0.25804428064776425,0.781070166183594,-0.7776074810491591,-1.5011348936251168,0.7135362897462492,2.175369667503137,0.07687700343447462
31.6,0.03333333333333499,948,948,takeover,cartesian_freedrive,0.986948535743629,0.008420947001843478,0.2517657928332678,0.7849942894334606,-0.775561778946372,-1.4980704522396269,0.7158489774403229,2.1759258308893976,0.07239013872233248
31.633333333333333,0.03333333333333144,949,949,takeover,cartesian_freedrive,0.9871120990116627,0.008321713816930228,0.24969617227992966,0.7863815096408386,-0.7748072704340445,-1.4969764742412013,0.7165924242522442,2.1761484050176767,0.0710641469226271
31.666666666666668,0.03333333333333499,950,950,takeover,cartesian_freedrive,0.9872756622796967,0.008276111789150034,0.2483483568385283,0.787362355850658,-0.7742706844126803,-1.496186104066782,0.7171044263854429,2.1763135414149253,0.07022458836872662
31.7,0.03333333333333144,951,951,takeover,cartesian_freedrive,0.9874392255477303,0.008259228279574584,0.24701018024395513,0.7883475193987907,-0.7737447418076013,-1.4953925288118364,0.7176237088968983,2.176473357267287,0.069384996491613
31.733333333333334,0.03333333333333499,952,952,takeover,cartesian_freedrive,0.9876027888157641,0.00825298343837743,0.24567550022968687,0.7893370895036378,-0.7732250212783673,-1.4945945269250778,0.7181473769518478,2.1766292276116834,0.06854482779890084
31.766666666666666,0.03333333333333144,953,953,takeover,cartesian_freedrive,0.987766352083798,0.008250669396018845,0.24434262564477036,0.7903297946961767,-0.772708868352653,-1.4937924147196455,0.7186730707061223,2.1767823824352193,0.06770508996830318
31.8,0.03333333333333499,954,954,takeover,cartesian_freedrive,0.9879299153518318,0.008249808074722599,0.24301062436712845,0.791324951643637,-0.7721948152590596,-1.4929863062819495,0.7191994467245919,2.176933367030581,0.06686637453935364
31.833333333333332,0.03333333333333144,955,955,takeover,cartesian_freedrive,0.9880934786198655,0.008249483589811077,0.24167895602641587,0.7923221660450593,-0.7716820277641431,-1.4921762698266612,0.7197257236497052,2.1770825003797927,0.06602902881105376
31.866666666666667,0.03333333333333499,956,956,takeover,cartesian_freedrive,0.9882570418878993,0.008249357573984432,0.24034731894823277,0.7933212163539002,-0.7711700219392964,-1.4913623347203715,0.7202514599757351,2.177229957252595,0.06519324842479232
31.9,0.03333333333333144,957,957,takeover,cartesian_freedrive,0.9884206051559331,0.00824930711465213,0.23901553560253064,0.794321972947026,-0.7706585507419036,-1.4905445132613653,0.7207763879289544,2.1773758471928724,0.06435915467403609
31.933333333333334,0.03333333333333499,958,958,takeover,cartesian_freedrive,0.988584168423967,0.008249282353833737,0.23768350470311708,0.7953243634657715,-0.770147415431172,-1.4897228327948202,0.7213003683774547,2.177520223547722,0.06352681261852561
31.966666666666665,0.03333333333333144,959,959,takeover,cartesian_freedrive,0.9887477316920008,0.00824926710347548,0.2363511704564169,0.7963283467658795,-0.7696365514499935,-1.488897287217254,0.7218233077637612,2.1776631228551837,0.06269626635860831
32.0,0.03333333333333499,960,960,takeover,cartesian_freedrive,0.9889112949600346,0.008249255377471527,0.2350185011532388,0.7973339000455335,-0.7691259110125958,-1.4880678763237292,0.7223451537667887,2.1778045641677184,0.06186754224890459
32.03333333333333,0.03333333333333144,961,961,takeover,cartesian_freedrive,0.9890748582280684,0.008249245309794397,0.23368548310915085,0.7983410120795543,-0.7686154994870732,-1.4872345904964313,0.7228658730815369,2.177944558981619,0.061040657271376635
32.06666666666667,0.033333333333338544,962,962,takeover,cartesian_freedrive,0.9892384214961021,0.008249235661653743,0.2323520991966544,0.7993496741216859,-0.7681052411728134,-1.4863974416779162,0.723385448624056,2.178083111478528,0.06021562449130291
32.1,0.03333333333333144,963,963,takeover,cartesian_freedrive,0.989401984764136,0.008249225623440402,0.23101835984825111,0.8003598901644771,-0.7675951741350041,-1.4855564190615402,0.7239038805041431,2.178220213697118,0.059392443788938355
32.13333333333333,0.03333333333333144,964,964,takeover,cartesian_freedrive,0.9895655480321698,0.008249221264674717,0.22968428343336664,0.8013717003857709,-0.7670853797462246,-1.4847114624754854,0.7244211661245973,2.178355737808668,0.05857113330454074
32.166666666666664,0.03333333333333144,965,965,takeover,cartesian_freedrive,0.9897291113002036,0.008249213798759106,0.2283497884029886,0.8023850023434591,-0.7665756472263405,-1.4838626770236119,0.7249372322077866,2.17848998405637,0.0577517105776567
32.2,0.033333333333338544,966,966,takeover,cartesian_freedrive,0.9898926745682375,0.00824920501035758,0.22701493001092077,0.8033998555281607,-0.7660661059000765,-1.4830100046107304,0.7254521244690034,2.1786227878439726,0.056934164852481275
32.233333333333334,0.03333333333333144,967,967,takeover,cartesian_freedrive,0.9900562378362712,0.008249195739671701,0.22567970292032985,0.8044162580745244,-0.7655567482028298,-1.4821534399280551,0.7259658301469175,2.1787541549764313,0.056118506467036935
32.266666666666666,0.03333333333333144,968,968,takeover,cartesian_freedrive,0.990219801104305,0.008249186300960764,0.22434410801122753,0.8054342113960713,-0.7650475774671542,-1.4812929781650652,0.7264783443770924,2.178884085026537,0.055304741076839754
32.3,0.03333333333333144,969,969,takeover,cartesian_freedrive,0.9903833643723389,0.00824907163731781,0.223008245510106,0.8064536689299362,-0.7645405897372666,-1.480428784293333,0.7269895912904966,2.1790129277906356,0.0544928659499751
32.333333333333336,0.033333333333338544,970,970,takeover,cartesian_freedrive,0.9905469276403727,0.008251360006844786,0.2216720050029133,0.8074747370592953,-0.7640325266878512,-1.4795600812319691,0.727499558610947,2.179140082688814,0.05368289694642422
32.36666666666667,0.03333333333333144,971,971,takeover,cartesian_freedrive,0.9907104909084063,0.008249804238209427,0.2203353023275395,0.8084973663083695,-0.7635236741249715,-1.4786881803167269,0.7280086060532159,2.179265608029023,0.052874818202912066
32.4,0.03333333333333144,972,972,takeover,cartesian_freedrive,0.9908740541764401,0.008249211680513928,0.21899803491243247,0.809521659272865,-0.7630138287796394,-1.477811884011854,0.7285161870254231,2.179389103941412,0.05206891876401939
32.43333333333333,0.03333333333333144,973,973,takeover,cartesian_freedrive,0.991037617444474,0.008249040951932376,0.21766058729512114,0.810547303744361,-0.7625041751871642,-1.4769318616057407,0.7290228034329431,2.1795120671133343,0.05126459657088611
32.46666666666667,0.033333333333338544,974,974,takeover,cartesian_freedrive,0.9912011807125078,0.008249230278577258,0.21632282662329863,0.8115746068943901,-0.761995485854483,-1.4760477569512442,0.7295281319288907,2.1796333126685963,0.05046223754704932
32.5,0.03333333333333144,975,975,takeover,cartesian_freedrive,0.9913647439805416,0.00824930434678241,0.21498466077250897,0.8126034242204883,-0.7614875977064401,-1.4751598749447552,0.7300321529357677,2.179753282520164,0.04966187842349816
32.53333333333333,0.03333333333333144,976,976,takeover,cartesian_freedrive,0.9915283072485753,0.008249325533477823,0.21364616160995126,0.8136338454319583,-0.7609800663963601,-1.4742680564478312,0.7305349760342537,2.179871692348306,0.04886345534846039
32.56666666666667,0.033333333333338544,977,977,takeover,cartesian_freedrive,0.9916918705166092,0.00824932758768831,0.21230730427238564,0.8146658337940832,-0.7604727562174746,-1.4733722949660784,0.7310365691065762,2.1799886577617733,0.04806697425596298
32.6,0.03333333333333144,978,978,takeover,cartesian_freedrive,0.991855433784643,0.008249322865085422,0.21096809242671657,0.8156993929122923,-0.7599656485716599,-1.472472586754861,0.7315369355141538,2.1801041726680155,0.047272436707415
32.63333333333333,0.03333333333333144,979,979,takeover,cartesian_freedrive,0.9915946512630328,0.008249418131532273,0.21032655784118903,0.8164548124359639,-0.759511017880378,-1.4722361304299354,0.7319946786028599,2.1805967334753626,0.04678561008098466
32.666666666666664,0.03333333333333144,980,980,takeover,cartesian_freedrive,0.9913338687414224,0.008249447529859401,0.209793690519298,0.8171681080214013,-0.7590663841019528,-1.4721012498730695,0.7324462322648276,2.1811467627679986,0.04634678703192131
32.7,0.033333333333338544,981,981,takeover,cartesian_freedrive,0.9910730862198122,0.008249455403554285,0.20926130465503295,0.8178822954010199,-0.7586222182947964,-1.4719648239306433,0.7328980381461182,2.1816961215786206,0.04590839266810981
32.733333333333334,0.03333333333333144,982,982,takeover,cartesian_freedrive,0.990812303698202,0.008249455510529089,0.20872872323868552,0.8185974662005032,-0.7581782137464675,-1.4718263752525902,0.7333498932519611,2.182244624886973,0.04547029882761368
32.766666666666666,0.03333333333333144,983,983,takeover,cartesian_freedrive,0.9905515211765916,0.008249452292497302,0.20819585686375794,0.8193135557513885,-0.7577342532274008,-1.4716859134342695,0.7338016614594478,2.1827923265847,0.045032562918510606
32.8,0.03333333333333144,984,984,takeover,cartesian_freedrive,0.9902907386549813,0.008249447986336221,0.207662654477181,0.8200305258085819,-0.7572902426899095,-1.4715434455706489,0.7342532645245949,2.1833392577485427,0.04459521937198591
32.833333333333336,0.033333333333338544,985,985,takeover,cartesian_freedrive,0.990029956133371,0.008249443572955154,0.2071290875668221,0.8207483544666291,-0.7568461283426265,-1.47139897595267,0.7347046567373559,2.1838854361403675,0.0441582886252869
32.86666666666667,0.03333333333333144,986,986,takeover,cartesian_freedrive,0.9897691736117609,0.008249438693097789,0.20659514270066257,0.8214670298353486,-0.7564019059189963,-1.4712525060745092,0.7351558102753716,2.184430872535771,0.04372178285738611
32.9,0.03333333333333144,987,987,takeover,cartesian_freedrive,0.9895083910901505,0.00824943411707445,0.20606080986833172,0.8221865440722212,-0.7559575364300832,-1.4711040378954388,0.7356067090418373,2.1849755723991793,0.04328571020277029
32.93333333333333,0.03333333333333144,988,988,takeover,cartesian_freedrive,0.9892476085685402,0.008249429293040947,0.20552608785905824,0.8229068938832664,-0.7555130458968262,-1.4709535714895823,0.7360573416413129,2.185519539852286,0.04285007553029618
32.96666666666667,0.033333333333338544,989,989,takeover,cartesian_freedrive,0.9889868260469299,0.008249424683533329,0.20499097327029722,0.8236280761964913,-0.7550684079780811,-1.470801108051004,0.7365077014537352,2.18606277651897,0.04241488289933517
33.0,0.03333333333333144,990,990,takeover,cartesian_freedrive,0.9887260435253197,0.008249419865874616,0.204455467330257,0.8243500899950541,-0.7546236377474419,-1.4706466468475987,0.7369577828250974,2.1866052840090187,0.041980135081514575
33.03333333333333,0.03333333333333144,991,991,takeover,cartesian_freedrive,0.9884652610037095,0.008249414989849381,0.20391956999192695,0.8250729341682945,-0.7541787281640461,-1.4704901884511923,0.7374075818608676,2.187147062957814,0.0415458346287683
33.06666666666667,0.033333333333338544,992,992,takeover,cartesian_freedrive,0.9882044784820991,0.008249410441161346,0.20338328091088229,0.8257966076863773,-0.753733663114014,-1.4703317333092911,0.7378570955121697,2.1876881135908857,0.04111198397684764
33.1,0.03333333333333144,993,993,takeover,cartesian_freedrive,0.9879436959604888,0.008249405945076397,0.20284660329680207,0.8265211107925442,-0.753288468713813,-1.4701712810804413,0.7383063201442494,2.1882284367528526,0.040678584819522925
33.13333333333333,0.03333333333333144,994,994,takeover,cartesian_freedrive,0.9876829134388785,0.00824940117774152,0.20230953896906223,0.82724644334248,-0.7528431509932382,-1.4700088312765478,0.7387552527342175,2.188768032821515,0.04024563907287386
33.166666666666664,0.03333333333333144,995,995,takeover,cartesian_freedrive,0.9874221309172682,0.008250470651752379,0.20177210344777216,0.8279726043026607,-0.7523977604204487,-1.4698443287010656,0.7392039027403585,2.189306903766873,0.03981315400244396
33.2,0.033333333333338544,996,996,takeover,cartesian_freedrive,0.987161348395658,0.008250668984865397,0.2012342678574848,0.8286995967523669,-0.7519521764319157,-1.469677885314717,0.7396522341711863,2.189845046236985,0.039381116428336145
33.233333333333334,0.03333333333333144,997,997,takeover,cartesian_freedrive,0.9869005658740477,0.008249859167139089,0.2006960436308756,0.8294274162743653,-0.7515064581937282,-1.4695094729719436,0.740100268959185,2.190382461072909,0.03894953841682229
33.266666666666666,0.03333333333333144,998,998,takeover,cartesian_freedrive,0.9866397833524374,0.008249553565998576,0.20015740417245306,0.830156052583079,-0.7510605384646901,-1.4693392179598384,0.7405480288621052,2.1909191428762234,0.03851842794586723
33.3,0.03333333333333144,999,999,takeover,cartesian_freedrive,0.9863790008308271,0.008249425385461149,0.19961845211170814,0.8308855769773614,-0.7506147728014383,-1.4691668342228232,0.7409955076609217,2.191454951388158,0.03808777100927068
33.333333333333336,0.033333333333338544,1000,1000,takeover,cartesian_freedrive,0.9861182183092169,0.008249374990030737,0.19907909661355047,0.8316158817681181,-0.750168714654919,-1.4689923972544825,0.7414426327001364,2.191990187592659,0.037657584332378806
33.36666666666667,0.03333333333333144,1001,1001,takeover,cartesian_freedrive,0.9858574357876065,0.008249353155918179,0.1985393621128869,0.832347013750839,-0.7497225153530138,-1.4688159653772637,0.7418894479719098,2.1925246981629645,0.03722786460111774
33.4,0.03333333333333144,1002,1002,takeover,cartesian_freedrive,0.9855966532659963,0.008249341861457576,0.197999252499244,0.8330789737593972,-0.7492762000763166,-1.4686375358107966,0.7423359503337731,2.1930584829945707,0.036798613306785105
33.43333333333333,0.03333333333333144,1003,1003,takeover,cartesian_freedrive,0.985335870744386,0.008249334465708916,0.19745876934772807,0.8338117617022773,-0.7488297712341898,-1.4684571084387248,0.7427821371965597,2.1935915422524546,0.0363698322963822
33.46666666666667,0.033333333333338544,1004,1004,takeover,cartesian_freedrive,0.9850750882227757,0.008249328513906765,0.196917914221413,0.8345453774883417,-0.7483832311365125,-1.4682746831535194,0.7432280059799136,2.1941238761210986,0.0359415234165279
33.5,0.03333333333333144,1005,1005,takeover,cartesian_freedrive,0.9848143057011655,0.008249323098552653,0.1963766886711847,0.8352798210326785,-0.74793658208806,-1.4680902598418875,0.743673554094555,2.1946554847304034,0.035513688521764605
33.53333333333333,0.03333333333333144,1006,1006,takeover,cartesian_freedrive,0.9845535231795552,0.008249318020191389,0.1958350942224381,0.8360150922480337,-0.7474898261223692,-1.4679038384137881,0.7441187789762722,2.1951863682627955,0.03508632945985474
33.56666666666667,0.033333333333338544,1007,1007,takeover,cartesian_freedrive,0.9842927406579448,0.008249312932586569,0.19529313246676946,0.8367511910778603,-0.7470429660796982,-1.4677154186863823,0.7445636780236404,2.195716526844802,0.03465944808899464
33.6,0.03333333333333144,1008,1008,takeover,cartesian_freedrive,0.9840319581363346,0.008249307844614497,0.19475080491310282,0.8374881174451024,-0.7465960039926552,-1.4675250005572764,0.7450082486697676,2.1962459606203137,0.03423304626394578
33.63333333333333,0.03333333333333144,1009,1009,takeover,cartesian_freedrive,0.984325545102803,0.008256529367825139,0.19424929481877953,0.8367250437914131,-0.7465480991921678,-1.470217876485363,0.7456123228071716,2.197748407293467,0.031905930692468755
33.666666666666664,0.03333333333333144,1010,1010,takeover,cartesian_freedrive,0.9846191320692717,0.008253269195284567,0.19374539255440043,0.8357386752375272,-0.7465615884820023,-1.47334167739494,0.7462474988717314,2.1993939409697534,0.029281438812253056
33.7,0.033333333333338544,1011,1011,takeover,cartesian_freedrive,0.9849127190357401,0.008250939595773431,0.1932314691283293,0.8347621612922574,-0.7465747805866491,-1.4764472371950683,0.7468883208660383,2.2010310904940424,0.026654352309409678
33.733333333333334,0.03333333333333144,1012,1012,takeover,cartesian_freedrive,0.9852063060022085,0.008260518137354525,0.19270693380249368,0.8337960946978735,-0.7465859904834107,-1.4795325939131696,0.7475337329288846,2.2026595882955475,0.024026443971014774
33.766666666666666,0.03333333333333144,1013,1013,takeover,cartesian_freedrive,0.985499892968677,0.00826498403534811,0.19217119001467556,0.8328401006468092,-0.7465947774833532,-1.4825980219061006,0.7481831879655918,2.2042799665229005,0.02139784032311582
33.8,0.03333333333333144,1014,1014,takeover,cartesian_freedrive,0.9857934799351455,0.00826647015829824,0.19162413745846682,0.8318940995387065,-0.7466009058900834,-1.4856435039671314,0.7488363242936688,2.20589196820826,0.01876874152990402
33.833333333333336,0.033333333333338544,1015,1015,takeover,cartesian_freedrive,0.9860870669016139,0.008267001811515087,0.19106576333387587,0.830957911835011,-0.7466041247921802,-1.4886692550648535,0.7494929925978147,2.2074958789425834,0.016139140740140622
33.86666666666667,0.03333333333333144,1016,1016,takeover,cartesian_freedrive,0.9863806538680825,0.008267177188308446,0.1904960392204658,0.8300314396657701,-0.7466043013084009,-1.4916754080922978,0.7501530725277155,2.209091786297474,0.013509058149539056
33.9,0.03333333333333144,1017,1017,takeover,cartesian_freedrive,0.9866742408345508,0.008267222020482974,0.18991496000703698,0.8291146056411046,-0.7466013439482015,-1.494662074783167,0.75081647669098,2.210679764105645,0.01087850190910306
33.93333333333333,0.03333333333333144,1018,1018,takeover,cartesian_freedrive,0.9869678278010194,0.008267217724592338,0.18932257164722752,0.8282073612360368,-0.74659528847837,-1.4976293780911727,0.7514831853167419,2.212259844895972,0.00824744216733812
33.96666666666667,0.033333333333338544,1019,1019,takeover,cartesian_freedrive,0.9872614147674879,0.008267194883673357,0.18871891951636915,0.8273096633633014,-0.7465860834330665,-1.500577432960014,0.75215319074123,2.213832050963333,0.0056158482258811164
34.0,0.03333333333333144,1020,1020,takeover,cartesian_freedrive,0.9875550017339563,0.008267165309203097,0.18810402669457135,0.8264214587485942,-0.7465737260812504,-1.5035063518582976,0.7528264499213739,2.2153964401025457,0.002983711965121684
34.03333333333333,0.03333333333333144,1021,1021,takeover,cartesian_freedrive,0.9878485887004247,0.00826713374420613,0.18747793686598813,0.825542705372589,-0.7465582217976431,-1.5064162403580137,0.7535029474882032,2.216953050011281,0.0003510090391613626
34.06666666666667,0.033333333333338544,1022,1022,takeover,cartesian_freedrive,0.9881421756668933,0.00826710022800168,0.18684072691670095,0.8246733820147003,-0.7465396075830454,-1.5093072076221046,0.7541827140634577,2.218501869153245,-0.002282311087903205
34.1,0.03333333333333144,1023,1023,takeover,cartesian_freedrive,0.9884357626333617,0.008267067367657163,0.18619239902203108,0.8238134281385474,-0.7465178152543861,-1.512179358704704,0.7548656895006931,2.220042980620149,-0.0049162413929082095
34.13333333333333,0.03333333333333144,1024,1024,takeover,cartesian_freedrive,0.9887293495998302,0.008267034204343916,0.1855330274306914,0.8229628225634763,-0.7464929008900368,-1.5150327971938233,0.7555518990614861,2.221576379223749,-0.007550828280590081
34.166666666666664,0.03333333333333144,1025,1025,takeover,cartesian_freedrive,0.9890229365662986,0.008267001533272568,0.18486264720970616,0.8221215243877711,-0.7464648460542906,-1.5178676244781601,0.7562413236922296,2.223102105782869,-0.010186089168384174
34.2,0.033333333333338544,1026,1026,takeover,cartesian_freedrive,0.9893165235327672,0.00826696870568803,0.18418131197377974,0.8212895038574182,-0.7464336725800942,-1.5206839398429428,0.7569339653516406,2.224620176702864,-0.012822054082512344
34.233333333333334,0.03333333333333144,1027,1027,takeover,cartesian_freedrive,0.9896101104992356,0.008266935941820354,0.18348906267681223,0.8204667251381973,-0.7463993764630011,-1.5234818413001787,0.7576298125752302,2.226130623621057,-0.015458743994673627
34.266666666666666,0.03333333333333144,1028,1028,takeover,cartesian_freedrive,0.9899036974657041,0.008266902903778097,0.18278595477523837,0.8196531618099132,-0.7463619519120713,-1.526261425281201,0.7583288744588801,2.2276334545366754,-0.018096191233815555
34.3,0.03333333333333144,1029,1029,takeover,cartesian_freedrive,0.9901972844321726,0.008266870017435214,0.18207201615255195,0.818848771608939,-0.7463214393038443,-1.5290227856602694,0.7590311168672383,2.229128723927666,-0.020734403375099585
34.333333333333336,0.033333333333338544,1030,1030,takeover,cartesian_freedrive,0.9904908713986411,0.008266836974395201,0.18134730201874683,0.8180535298674683,-0.7462778316575561,-1.5317660154795065,0.7597365496943607,2.2306164373809163,-0.02337341195555595
34.36666666666667,0.03333333333333144,1031,1031,takeover,cartesian_freedrive,0.9907844583651096,0.008266828014489651,0.1806118564773119,0.8172674350681569,-0.7462311574656698,-1.534491155232081,0.7604451469610635,2.232096512378431,-0.026013211252998384
34.4,0.03333333333333144,1032,1032,takeover,cartesian_freedrive,0.9910780453315781,0.008266803350630963,0.17986572683504742,0.8164904008983579,-0.746181383283382,-1.5371983965199005,0.7611569447443273,2.233569179239616,-0.028653879846502216
34.43333333333333,0.03333333333333144,1033,1033,takeover,cartesian_freedrive,0.9913716322980465,0.008266773656857766,0.17910893724575405,0.8157224165904502,-0.7461285144924802,-1.5398877772257877,0.7618718948703314,2.235034380309115,-0.03129539692612379
34.46666666666667,0.033333333333338544,1034,1034,takeover,cartesian_freedrive,0.991665219264515,0.008266741491977661,0.17834155309314728,0.8149634658552461,-0.7460725881894761,-1.542559383256171,0.7625900159834491,2.236492106537968,-0.033937798269734476
34.5,0.03333333333333144,1035,1035,takeover,cartesian_freedrive,0.9919588062309834,0.008266709950490295,0.1775635826626123,0.814213501787117,-0.7460135627719426,-1.5452133006527258,0.763311262440985,2.2379424251805995,-0.03658107886704619
34.53333333333333,0.03333333333333144,1036,1036,takeover,cartesian_freedrive,0.992252393197452,0.00826667674829547,0.17677512084749428,0.8134725257022039,-0.7459515221589741,-1.5478496117775855,0.7640356856475649,2.2393852856393717,-0.039225294233448164
34.56666666666667,0.033333333333338544,1037,1037,takeover,cartesian_freedrive,0.9925459801639205,0.008266643843343842,0.17597616709028646,0.8127404870652077,-0.745886413225169,-1.5504684003873244,0.7647632309210897,2.240820766393263,-0.04187043255498536
34.6,0.03333333333333144,1038,1038,takeover,cartesian_freedrive,0.9928395671303889,0.00826661034987968,0.17516678798946902,0.8120173731994677,-0.7458182777299883,-1.5530697467425436,0.7654939186015194,2.2422488526293383,-0.04451652873605358
34.63333333333333,0.03333333333333144,1039,1039,takeover,cartesian_freedrive,0.9924997686332465,0.008259144689406845,0.17536901317751002,0.810197714082964,-0.7463269371727149,-1.5564849994598378,0.7656814981200213,2.243406594425721,-0.04662009890911171
34.666666666666664,0.03333333333333144,1040,1040,takeover,cartesian_freedrive,0.9921599701361042,0.008251929280726388,0.17572853126856136,0.8082145426664081,-0.7469296841694872,-1.56001405589716,0.765788093809913,2.2445160755442934,-0.048639334647818756
34.7,0.033333333333338544,1041,1041,takeover,cartesian_freedrive,0.9918201716389617,0.008249246865568636,0.17608532301199223,0.8062380826419293,-0.7475376032415892,-1.5635287063644048,0.7658958491709351,2.24561797929772,-0.05065676456310824
34.733333333333334,0.03333333333333144,1042,1042,takeover,cartesian_freedrive,0.9914803731418194,0.008248242378508049,0.1764376363124763,0.8042682570657431,-0.7481490550353855,-1.567028756741677,0.7660037005408376,2.2467136233049265,-0.052672286988307546
34.766666666666666,0.03333333333333144,1043,1043,takeover,cartesian_freedrive,0.9911405746446771,0.008247856202803487,0.17678496690034862,0.8023046312654446,-0.7487632537142426,-1.5705143910356496,0.7661108500063452,2.2478033210212054,-0.05468559932630066
34.8,0.03333333333333144,1044,1044,takeover,cartesian_freedrive,0.9908007761475347,0.008247698563579646,0.1771269662444842,0.8003468940251729,-0.7493796136916316,-1.5739857584974226,0.7662167578396896,2.2488873663723044,-0.056696488935284194
34.833333333333336,0.033333333333338544,1045,1045,takeover,cartesian_freedrive,0.9904609776503922,0.008247624463545081,0.17746345896901913,0.7983948544311356,-0.7499978469676473,-1.577442996366086,0.7663211236244426,2.2499659280641344,-0.058704852207397885
34.86666666666667,0.03333333333333144,1046,1046,takeover,cartesian_freedrive,0.9901211791532498,0.00824758194707083,0.17779437251145466,0.7964483926551595,-0.7506177860907163,-1.5808862182579677,0.7664237870693401,2.251039097007069,-0.06071064983330397
34.9,0.03333333333333144,1047,1047,takeover,cartesian_freedrive,0.9897813806561074,0.00824755102973403,0.1781196664907882,0.7945074156552285,-0.7512393213207151,-1.5843155332618752,0.7665246412165161,2.2521069560721356,-0.06271386251670218
34.93333333333333,0.03333333333333144,1048,1048,takeover,cartesian_freedrive,0.9894415821589652,0.008247524080178413,0.17843934426552235,0.7925718599010854,-0.7518624017054835,-1.5877310431154743,0.766623635792401,2.2531695481795695,-0.06471449813989108
34.96666666666667,0.033333333333338544,1049,1049,takeover,cartesian_freedrive,0.9891017836618228,0.008247457152811055,0.17875338975978206,0.7906416563209536,-0.7524869579211323,-1.5911328660597879,0.7667207210086748,2.2542269475419787,-0.06671254724037029
35.0,0.03333333333333144,1050,1050,takeover,cartesian_freedrive,0.9887619851646804,0.008247409959550787,0.1790618423740993,0.7887167645137234,-0.7531130217094191,-1.594521068261799,0.7668158675398987,2.2552791801374275,-0.06870805097533782
35.03333333333333,0.03333333333333144,1051,1051,takeover,cartesian_freedrive,0.988422186667538,0.008247377313858306,0.179364720121378,0.7867971383016027,-0.7537405615014606,-1.5978957588754663,0.7669090671385167,2.2563262818220955,-0.07070102085212777
35.06666666666667,0.033333333333338544,1052,1052,takeover,cartesian_freedrive,0.9880823881703955,0.008247349698150646,0.17966205364804871,0.7848827384366638,-0.7543695808553378,-1.6012570307201992,0.7670003123922002,2.2573682801591906,-0.07269148120038904
35.1,0.03333333333333144,1053,1053,takeover,cartesian_freedrive,0.9877425896732532,0.008247335307055844,0.17995386155679752,0.7829735204098004,-0.7550000401183449,-1.604604968496825,0.7670895846173154,2.258405218471538,-0.07467945088592468
35.13333333333333,0.03333333333333144,1054,1054,takeover,cartesian_freedrive,0.9874027911761109,0.008247312706043265,0.18024021423212425,0.7810694691434368,-0.755632027241532,-1.6079396748188939,0.7671769219978706,2.259437067995787,-0.07666497503795401
35.166666666666664,0.03333333333333144,1055,1055,takeover,cartesian_freedrive,0.9870629926789685,0.008248105775178288,0.180521265048709,0.7791705584243604,-0.7562669307360089,-1.611260864545768,0.7672620625546056,2.260464027049751,-0.07864807565526132
35.2,0.033333333333338544,1056,1056,takeover,cartesian_freedrive,0.9867231941818262,0.00825762433896136,0.1807963930478592,0.7772765905254004,-0.7568986203349807,-1.6145694357748346,0.7673455125818548,2.26148586368683,-0.08062867646113743
35.233333333333334,0.03333333333333144,1057,1057,takeover,cartesian_freedrive,0.9863833956846837,0.008251475009525664,0.18106623383491094,0.775387693334735,-0.7575329627344614,-1.6178649735250368,0.7674269213302872,2.262502788491457,-0.08260691205971474
35.266666666666666,0.03333333333333144,1058,1058,takeover,cartesian_freedrive,0.9860435971875413,0.008249185383318655,0.18133084146046197,0.7735038369031526,-0.7581706810823782,-1.6211476056527903,0.7675062580221895,2.2635148440363677,-0.0845827692517407
35.3,0.03333333333333144,1059,1059,takeover,cartesian_freedrive,0.985703798690399,0.008248325138838703,0.1815900991122796,0.7716249490259889,-0.7588099331325403,-1.624417425214533,0.767583586508625,2.264522009471673,-0.08655627306466705
35.333333333333336,0.033333333333338544,1060,1060,takeover,cartesian_freedrive,0.9853640001932567,0.008247991854803556,0.18184402360280819,0.7697509933881579,-0.7594506168977596,-1.6276745186712205,0.7676589053960665,2.2655243095030513,-0.08852744393504515
35.36666666666667,0.03333333333333144,1061,1061,takeover,cartesian_freedrive,0.9850242016961142,0.008252315556955813,0.18209267075414257,0.7678819529583187,-0.7600929436558843,-1.6309189404338258,0.7677322069705808,2.2665217350559668,-0.0904963023607525
35.4,0.03333333333333144,1062,1062,takeover,cartesian_freedrive,0.9846844031989718,0.008252253738975148,0.18233604503415834,0.7660177924059892,-0.7607395838770143,-1.6341510281188631,0.7678032950135042,2.2675144269358407,-0.09246270207631824
35.43333333333333,0.03333333333333144,1063,1063,takeover,cartesian_freedrive,0.9843446047018295,0.008249022106405492,0.18257430496846516,0.7641584458847761,-0.7613852739511944,-1.6373704591484561,0.7678726653969327,2.268502415560782,-0.09442718555565842
35.46666666666667,0.033333333333338544,1064,1064,takeover,cartesian_freedrive,0.9840048062046871,0.008247817855641312,0.18280717648430186,0.7623038998191888,-0.7620318376105495,-1.6405774177966024,0.7679398870816565,2.269485511024101,-0.09638924659688826
35.5,0.03333333333333144,1065,1065,takeover,cartesian_freedrive,0.9836650077075447,0.008247361047635453,0.18303483858289682,0.7604541236035868,-0.7626798464175412,-1.6437720324788434,0.7680050640614234,2.27046387646936,-0.09834907519462252
35.53333333333333,0.03333333333333144,1066,1066,takeover,cartesian_freedrive,0.9833252092104022,0.008247177543886706,0.18325731918771537,0.7586090889576267,-0.7633293274998951,-1.6469543862454727,0.7680681965676004,2.2714375308336843,-0.10030669401714663
35.56666666666667,0.033333333333338544,1067,1067,takeover,cartesian_freedrive,0.98298541071326,0.008247095099270647,0.1834746423304107,0.7567687659471102,-0.7639802690314881,-1.650124547669598,0.7681292786984493,2.272406497913331,-0.10226212297865399
35.6,0.03333333333333144,1068,1068,takeover,cartesian_freedrive,0.9826456122161176,0.008247049209110263,0.18368683035709713,0.7549331248175138,-0.7646326596130925,-1.65328258784879,0.7681883050897581,2.273370801288391,-0.10421538118223202
35.63333333333333,0.03333333333333144,1069,1069,takeover,cartesian_freedrive,0.9828549121639791,0.008254810974742708,0.18439857747710928,0.7512154110427623,-0.7657382179306246,-1.6603926706327985,0.768573951526099,2.276032773571423,-0.10832102393549396
35.666666666666664,0.03333333333333144,1070,1070,takeover,cartesian_freedrive,0.9830642121118406,0.008251665631560443,0.18516067928441401,0.7472304419348986,-0.7669282661581357,-1.6680632843163454,0.7690158375538221,2.2789356536659224,-0.11275945893837547
35.7,0.033333333333338544,1071,1071,takeover,cartesian_freedrive,0.9832735120597021,0.00824939450197795,0.18589736021871595,0.7432714128499048,-0.768128199394201,-1.675674854926741,0.7694605217700193,2.281814753535017,-0.11719563247091394
35.733333333333334,0.03333333333333144,1072,1072,takeover,cartesian_freedrive,0.9834828120075637,0.008248344199476027,0.18660669558611048,0.7393381261009371,-0.7693348488874959,-1.6832254735952001,0.7699052375672701,2.2846699755361146,-0.12162708443976605
35.766666666666666,0.03333333333333144,1073,1073,takeover,cartesian_freedrive,0.9836921119554253,0.008247898476292396,0.18728771432217942,0.7354294110219888,-0.7705464997329377,-1.690716143170611,0.7703483836231849,2.2875024034869877,-0.12605334418075834
35.8,0.03333333333333144,1074,1074,takeover,cartesian_freedrive,0.9839014119032867,0.00826060965203465,0.18794012035423782,0.7315445858773867,-0.7717623899667814,-1.6981477157823086,0.7707891231226415,2.2903123586824843,-0.13047428813602355
35.833333333333336,0.033333333333338544,1075,1075,takeover,cartesian_freedrive,0.9841107118511483,0.008264317432364917,0.18856351366040813,0.7276828636177255,-0.7729815235550652,-1.7055211787095377,0.7712268075179104,2.2931009858539175,-0.13488992520218993
35.86666666666667,0.03333333333333144,1076,1076,takeover,cartesian_freedrive,0.9843200117990099,0.008265642355377432,0.18915814142317317,0.7238439869977106,-0.7742041098301443,-1.7128372157600058,0.7716612256393939,2.2958680405402467,-0.13930040953070658
35.9,0.03333333333333144,1077,1077,takeover,cartesian_freedrive,0.9845293117468714,0.008266118970466934,0.18972391050452544,0.720027454930036,-0.7754296532620908,-1.7200966485747136,0.7720920822966256,2.2986141923545764,-0.1437058568952738
35.93333333333333,0.03333333333333144,1078,1078,takeover,cartesian_freedrive,0.984738611694733,0.008266279280464249,0.190260996888189,0.7162329769092229,-0.7766581323404796,-1.7273001910791235,0.7725192745962135,2.3013395847406777,-0.14810647279987865
35.96666666666667,0.033333333333338544,1079,1079,takeover,cartesian_freedrive,0.9849479116425943,0.008266321675686165,0.19076954967383183,0.7124602574694379,-0.7778894877337842,-1.734448548505342,0.7729427145173035,2.3040444499709847,-0.15250246376644142
36.0,0.03333333333333144,1080,1080,takeover,cartesian_freedrive,0.985157211590456,0.0082663169089436,0.19124972809575794,0.7087090304745863,-0.7791236693391987,-1.7415424051348194,0.7733623419847486,2.3067289754674336,-0.15689403837720794
36.03333333333333,0.03333333333333144,1081,1081,takeover,cartesian_freedrive,0.9853665115383176,0.008266355284074389,0.19170169979917473,0.7049790240899912,-0.7803606869874775,-1.7485824102688903,0.773778104682311,2.3093934395048037,-0.1612814360202298
36.06666666666667,0.033333333333338544,1082,1082,takeover,cartesian_freedrive,0.985575811486179,0.008266294359104824,0.1921256047748932,0.7012700164651888,-0.7816005159265248,-1.7555692029168715,0.7741899507820929,2.3120379338320953,-0.1656648042687266
36.1,0.03333333333333144,1083,1083,takeover,cartesian_freedrive,0.9857851114340406,0.008266253826477117,0.19252161446081484,0.6975817618427365,-0.7828431425124587,-1.7625033977256033,0.7745978549189155,2.3146627251941614,-0.17004441157139208
36.13333333333333,0.03333333333333144,1084,1084,takeover,cartesian_freedrive,0.9859944113819021,0.008266238775410044,0.19288993149940944,0.6939140557965336,-0.7840885458376303,-1.7693855922127868,0.7750018323711101,2.317267958688149,-0.174420495152154
36.166666666666664,0.03333333333333144,1085,1085,takeover,cartesian_freedrive,0.9862037113297637,0.008266208903479863,0.19323059475832036,0.6902666777080677,-0.7853367553730686,-1.77621635624108,0.7754017548354736,2.319853785401924,-0.17879315414532346
36.2,0.033333333333338544,1086,1086,takeover,cartesian_freedrive,0.9864130112776252,0.008266179704339339,0.1935438031149968,0.6866394376184316,-0.7865877612464299,-1.7829962500125407,0.7757976458769513,2.3224203626679163,-0.18316263920907286
36.233333333333334,0.03333333333333144,1087,1087,takeover,cartesian_freedrive,0.9866223112254867,0.008266138725400825,0.19382969912542541,0.6830321571277217,-0.7878415779753518,-1.789725813355019,0.7761894815139425,2.324967798035529,-0.18752913782166414
36.266666666666666,0.03333333333333144,1088,1088,takeover,cartesian_freedrive,0.9868316111733482,0.008266108122339055,0.19408838512340507,0.6794446277347097,-0.789098174703196,-1.7964055677197308,0.7765772209091106,2.327496333931912,-0.19189284639560253
36.3,0.03333333333333144,1089,1089,takeover,cartesian_freedrive,0.9870409111212097,0.008266082195907356,0.19432000562724677,0.6758766925740283,-0.7903575402950792,-1.8030360198974325,0.7769608527250033,2.3300060483368252,-0.19625394997473725
36.333333333333336,0.033333333333338544,1090,1090,takeover,cartesian_freedrive,0.9872502110690713,0.008266057867557443,0.19452466492606313,0.6723281814039214,-0.7916196686055792,-1.8096176593347013,0.7773403441833923,2.332497087209187,-0.20061262455360895
36.36666666666667,0.03333333333333144,1091,1091,takeover,cartesian_freedrive,0.9874595110169329,0.00826603305352372,0.19470248595555578,0.6687989416215591,-0.792884571657209,-1.816150960763562,0.7777156780080889,2.3349695625867066,-0.20496905350857675
36.4,0.03333333333333144,1092,1092,takeover,cartesian_freedrive,0.9876688109647944,0.008266005511539986,0.19485357327025968,0.6652888222867731,-0.7941522405591945,-1.8226363836108215,0.7780868301477003,2.3374235963382195,-0.20932341030968413
36.43333333333333,0.03333333333333144,1093,1093,takeover,cartesian_freedrive,0.9878781109126559,0.008265977013792544,0.194978019741149,0.6617976777394521,-0.7954226419086987,-1.8290743759056058,0.7784537772791226,2.3398593081719694,-0.2136758629722214
36.46666666666667,0.033333333333338544,1094,1094,takeover,cartesian_freedrive,0.9880874108605174,0.008265947736288082,0.19507593655337632,0.6583253778504944,-0.7966958055778678,-1.8354653634986327,0.7788165015898598,2.342276794217834,-0.2180265845977446
36.5,0.03333333333333144,1095,1095,takeover,cartesian_freedrive,0.988296710808379,0.008265917711723332,0.19514741537549998,0.6548717936698176,-0.7979717391196569,-1.8418097643039995,0.7791749814706237,2.344676159411279,-0.22237573949240308
36.53333333333333,0.03333333333333144,1096,1096,takeover,cartesian_freedrive,0.9885060107562404,0.00826588755598912,0.19519253366650532,0.6514367998585269,-0.7992504048409507,-1.8481079833345955,0.7795291948463012,2.347057509442699,-0.22672348545134155
36.56666666666667,0.033333333333338544,1097,1097,takeover,cartesian_freedrive,0.988715310704102,0.00826585722169157,0.19521138096489155,0.6480202842483397,-0.8005318032333467,-1.854360412049411,0.7798791271901075,2.349420928798732,-0.23106998443433627
36.6,0.03333333333333144,1098,1098,takeover,cartesian_freedrive,0.9889246106519636,0.008265888341263952,0.19520411145720157,0.6446221728103843,-0.801816022971709,-1.8605674152586629,0.7802247868060744,2.351766409794347,-0.23541543126177747
36.63333333333333,0.03333333333333144,1099,1099,takeover,cartesian_freedrive,0.9878468621506954,0.008263256016984815,0.19343010251228443,0.6474949514315693,-0.7993158621817448,-1.8603441698472614,0.7831362233797722,2.35404750293727,-0.2372857270693382
36.666666666666664,0.03333333333333144,1100,1100,takeover,cartesian_freedrive,0.9867691136494272,0.008252040157871,0.19138077537591186,0.651366349221704,-0.796210056698008,-1.8590958555349024,0.7864168923373828,2.3563183856566727,-0.23875160839887755
36.7,0.033333333333338544,1101,1101,takeover,cartesian_freedrive,0.9856913651481591,0.008247965015786621,0.18932195111364153,0.6552426834982079,-0.7930914220714338,-1.8578123212894366,0.7896715686057916,2.358585716172647,-0.24019697701039525
36.733333333333334,0.03333333333333144,1102,1102,takeover,cartesian_freedrive,0.984613616646891,0.008246439938018902,0.1872596323027748,0.6591222563795246,-0.78996879265929,-1.856497799062928,0.7929034093174744,2.3608470368370376,-0.24162627854854346
36.766666666666666,0.03333333333333144,1103,1103,takeover,cartesian_freedrive,0.9835358681456228,0.008245859267475977,0.18519669735338393,0.6630069225563897,-0.786846052346661,-1.8551520257539524,0.7961153521246005,2.3631008638122233,-0.24304106883068058
36.8,0.03333333333333144,1104,1104,takeover,cartesian_freedrive,0.9824581196443547,0.008245633126511828,0.1831348854786464,0.6668978123129629,-0.7837254360211066,-1.8537748289737277,0.7993090927348082,2.36534631599871,-0.24444220741646766
36.833333333333336,0.033333333333338544,1105,1105,takeover,cartesian_freedrive,0.9813803711430864,0.008245488642624203,0.1810752821364398,0.6707956202393137,-0.7806085850227413,-1.8523661199243293,0.8024855580774527,2.367582881692541,-0.24583015455636228
36.86666666666667,0.03333333333333144,1106,1106,takeover,cartesian_freedrive,0.9803026226418183,0.008245389236569714,0.17901852095261658,0.6747007676811038,-0.7774960688079452,-1.8509258605058143,0.8056452381591581,2.369810256299391,-0.24720514321396075
36.9,0.03333333333333144,1107,1107,takeover,cartesian_freedrive,0.97922487414055,0.00824530863396501,0.17696504179178174,0.6786135269542644,-0.7743887038341468,-1.849454038040441,0.8087883356587442,2.3720282774379924,-0.2485672512623685
36.93333333333333,0.03333333333333144,1108,1108,takeover,cartesian_freedrive,0.978147125639282,0.008245451424018108,0.17491522556467348,0.6825341154238281,-0.7712875191209309,-1.847950655458804,0.8119148716252326,2.374236779703025,-0.24991652518956173
36.96666666666667,0.033333333333338544,1109,1109,takeover,cartesian_freedrive,0.9770693771380137,0.008248759945950944,0.1728690228687949,0.6864625609247881,-0.7681918727608668,-1.8464157216414223,0.8150247911989981,2.376435964083635,-0.2512528062217467
37.0,0.03333333333333144,1110,1110,takeover,cartesian_freedrive,0.9759916286367456,0.00824689291147322,0.17082675776395867,0.6903990249406966,-0.7651023445930523,-1.844849264454947,0.8181180653640109,2.378625567294452,-0.25257606818195316
37.03333333333333,0.03333333333333144,1111,1111,takeover,cartesian_freedrive,0.9749138801354775,0.008246037300099289,0.16878858483851886,0.6943435859622311,-0.762018786799987,-1.8432512441340105,0.8211945799749223,2.3808055896699947,-0.2538862022074887
37.06666666666667,0.033333333333338544,1112,1112,takeover,cartesian_freedrive,0.9738361316342093,0.008245491011467328,0.16675467605674757,0.6982964068047829,-0.7589428974936465,-1.8416218278088676,0.8242541112728918,2.3829756948910603,-0.2551831642712351
37.1,0.03333333333333144,1113,1113,takeover,cartesian_freedrive,0.9727583831329412,0.008244437846799606,0.16472454670412423,0.7022572158180204,-0.7558730057118371,-1.8399609693037333,0.8272963545392259,2.385136948515759,-0.2564666290799486
37.13333333333333,0.03333333333333144,1114,1114,takeover,cartesian_freedrive,0.971680634631673,0.008244759588990432,0.1626986579033801,0.7062262455670998,-0.7528103343574688,-1.8382686291127008,0.8303211975169748,2.387288824395781,-0.25773663717010353
37.166666666666664,0.03333333333333144,1115,1115,takeover,cartesian_freedrive,0.9706028861304048,0.008245479951063148,0.1606773272706603,0.7102036909132915,-0.749755021545171,-1.8365448871933376,0.8333286168468436,2.3894307625927684,-0.25899306776777803
37.2,0.033333333333338544,1116,1116,takeover,cartesian_freedrive,0.9695251376291367,0.008245740269329312,0.15866015393389502,0.7141893347121235,-0.7467072803028109,-1.8347897400481206,0.8363181761476094,2.3915636770938926,-0.2602356799279878
37.233333333333334,0.03333333333333144,1117,1117,takeover,cartesian_freedrive,0.9684473891278685,0.00824582889476819,0.15664735986971248,0.7181833294733357,-0.7436671099552083,-1.833003233425888,0.8392897977989774,2.393687226866295,-0.26146439173192115
37.266666666666666,0.03333333333333144,1118,1118,takeover,cartesian_freedrive,0.9673696406266004,0.0082458536996193,0.15463899983369922,0.7221857175674755,-0.7406346847685569,-1.8311853808366259,0.8422432874493996,2.395801430420865,-0.2626790693000144
37.3,0.03333333333333144,1119,1119,takeover,cartesian_freedrive,0.9662918921253322,0.008245855728506564,0.15263500635676935,0.7261964864130408,-0.7376099899625663,-1.8293362114331229,0.845178408153031,2.3979064884380765,-0.263879551963079
37.333333333333336,0.033333333333338544,1120,1120,takeover,cartesian_freedrive,0.965214143624064,0.008245849186803225,0.15063570392229625,0.7302158155822058,-0.7345935061474439,-1.8274557260030333,0.8480950888875075,2.400001956840283,-0.26506576259683656
37.36666666666667,0.03333333333333144,1121,1121,takeover,cartesian_freedrive,0.9641363951227959,0.008245839067504342,0.14864091541659702,0.7342436382610443,-0.7315852023636044,-1.8255439552179824,0.8509930348137612,2.4020882282935014,-0.26623751428216585
37.4,0.03333333333333144,1122,1122,takeover,cartesian_freedrive,0.9630586466215277,0.008245826682229,0.14665071275812377,0.7382797830791652,-0.7285853101634951,-1.8236009127603194,0.8538720599667267,2.404165280033011,-0.26739467355087354
37.43333333333333,0.03333333333333144,1123,1123,takeover,cartesian_freedrive,0.9619808981202596,0.008245814717209737,0.14466515669451727,0.7423249864974928,-0.7255940026026911,-1.8216266098046312,0.8567319886842705,2.406233087473871,-0.2685371091970378
37.46666666666667,0.033333333333338544,1124,1124,takeover,cartesian_freedrive,0.9609031496189914,0.00824580422509592,0.14268430262422377,0.7463786281515973,-0.7226112174806725,-1.819621072582774,0.8595726567845982,2.408291588191394,-0.26966468094415685
37.5,0.03333333333333144,1125,1125,takeover,cartesian_freedrive,0.9598254011177232,0.008245792612441736,0.14070810881359314,0.7504409308490441,-0.7196372404806278,-1.8175843108443681,0.8623938165841019,2.41034097641244,-0.27077723255220343
37.53333333333333,0.03333333333333144,1126,1126,takeover,cartesian_freedrive,0.9587476526164551,0.008245782192117208,0.13873652601114494,0.7545119012408796,-0.7166719934734912,-1.8155163509717664,0.865195257377082,2.4123813902449456,-0.2718746093174882
37.56666666666667,0.033333333333338544,1127,1127,takeover,cartesian_freedrive,0.9576699041151869,0.008245770769106282,0.13676982509546906,0.7585916998697124,-0.7137160610892193,-1.8134171739434408,0.8679768679472487,2.4144124509894094,-0.2729567084491315
37.6,0.03333333333333144,1128,1128,takeover,cartesian_freedrive,0.9565921556139187,0.008245759763257844,0.13480795281904168,0.7626803375882285,-0.7107692422851126,-1.8112868089348253,0.8707384511142493,2.416434263017344,-0.27402337194718723
37.63333333333333,0.03333333333333144,1129,1129,takeover,cartesian_freedrive,0.9571797467798168,0.00826719750355526,0.13441066628497053,0.7587313540334958,-0.7126552033528455,-1.8160178093278374,0.870164189928555,2.4165467917851546,-0.277614886890102
37.666666666666664,0.03333333333333144,1130,1130,takeover,cartesian_freedrive,0.9577673379457149,0.008268822566208058,0.13426532425260665,0.7535258888807401,-0.7153638985819772,-1.8217577316724878,0.8690700828335827,2.416320467249255,-0.28158927318202703
37.7,0.033333333333338544,1131,1131,takeover,cartesian_freedrive,0.9583549291116128,0.008269564810328115,0.1341353457574483,0.7483497445838265,-0.7181305182169636,-1.827436444952225,0.8679566939995501,2.416053041073573,-0.28554669899358887
37.733333333333334,0.03333333333333144,1132,1132,takeover,cartesian_freedrive,0.9589425202775108,0.00830130904883923,0.13401072741609044,0.7432032212559244,-0.7209399870358152,-1.8330503089569543,0.8668152621000681,2.415751856117325,-0.28948002366949227
37.766666666666666,0.03333333333333144,1133,1133,takeover,cartesian_freedrive,0.9595301114434089,0.008308051242826539,0.13388611719627552,0.7380827129964783,-0.7237853134245236,-1.8386003313713328,0.8656390386485765,2.415420576129907,-0.2933861214268305
37.8,0.03333333333333144,1134,1134,takeover,cartesian_freedrive,0.960117702609307,0.008310237457781415,0.13375831467668936,0.7329859456381261,-0.7266621856890787,-1.8440872467100282,0.8644239677095387,2.415061476265707,-0.2972631568749581
37.833333333333336,0.033333333333338544,1135,1135,takeover,cartesian_freedrive,0.9607052937752049,0.008311078666867523,0.13362541820953727,0.7279114729496018,-0.7295679651683239,-1.8495116020830884,0.8631676123355214,2.414676001248262,-0.30111006966690645
37.86666666666667,0.03333333333333144,1136,1136,takeover,cartesian_freedrive,0.9612928849411029,0.008311419936979866,0.1334863032542299,0.7228583490131983,-0.7325009976398595,-1.8548738272293952,0.8618685113913355,2.414265092827769,-0.30492626484595253
37.9,0.03333333333333144,1137,1137,takeover,cartesian_freedrive,0.9618804761070009,0.008311569272158875,0.13334030916672532,0.7178259313034708,-0.7354601932136257,-1.8601742757035473,0.8605257929020242,2.4138293895079315,-0.3087114279591368
37.93333333333333,0.03333333333333144,1138,1138,takeover,cartesian_freedrive,0.962468067272899,0.008311645301303374,0.13318705631592068,0.7128137648078919,-0.7384448419723076,-1.8654132492734303,0.8591389426446147,2.413369342482094,-0.31246541537156874
37.96666666666667,0.033333333333338544,1139,1139,takeover,cartesian_freedrive,0.963055658438797,0.00831169873757586,0.1330263287822615,0.7078215089615596,-0.7414544214947268,-1.8705910135539285,0.8577076652377609,2.4128852888637757,-0.3161881858749734
38.0,0.03333333333333144,1140,1140,takeover,cartesian_freedrive,0.963643249604695,0.008311713440787951,0.13285801062767122,0.7028488971572969,-0.7444884199888193,-1.875707807268277,0.8562318025583143,2.412377492812885,-0.3198797627944285
38.03333333333333,0.03333333333333144,1141,1141,takeover,cartesian_freedrive,0.9642308407705931,0.008311719963343223,0.1326820415135047,0.6978957086548196,-0.7475466321330029,-1.8807638473961472,0.8547112833426167,2.411846172010342,-0.3235402084821752
38.06666666666667,0.033333333333338544,1142,1142,takeover,cartesian_freedrive,0.964818431936491,0.008311718615244901,0.13249839465158778,0.692961754852442,-0.7506288065570127,-1.8857593331989384,0.8531460934944606,2.4112915124888556,-0.3271696105556755
38.1,0.03333333333333144,1143,1143,takeover,cartesian_freedrive,0.9654060231023891,0.008311713994769375,0.13230706160215652,0.6880468692221368,-0.7537347004544541,-1.8906944480937904,0.8515362585386104,2.4107136786102945,-0.33076807404500913
38.13333333333333,0.03333333333333144,1144,1144,takeover,cartesian_freedrive,0.9659936142682871,0.00831171237549288,0.1321080430355543,0.6831509016514078,-0.756864084078461,-1.8955693613009617,0.8498818329395342,2.4101128180343516,-0.33433571517501454
38.166666666666664,0.03333333333333144,1145,1145,takeover,cartesian_freedrive,0.9665812054341851,0.008311707030408864,0.13190134278896723,0.6782737148844663,-0.7600167279870805,-1.900384229090012,0.8481828943021976,2.4094890651043257,-0.3378726587712377
38.2,0.033333333333338544,1146,1146,takeover,cartesian_freedrive,0.9671687966000833,0.008311700044442013,0.13168696592803023,0.6734151827154077,-0.7631924114184914,-1.9051391951078056,0.8464395390537484,2.408842543262332,-0.34137903676775216
38.233333333333334,0.03333333333333144,1147,1147,takeover,cartesian_freedrive,0.9677563877659812,0.00831169663806651,0.13146491619718687,0.668575188551113,-0.7663909138219455,-1.9098343911746127,0.8446518807146369,2.4081733663082647,-0.344854987678403
38.266666666666666,0.03333333333333144,1148,1148,takeover,cartesian_freedrive,0.9683439789318792,0.008311689763900527,0.13123519415280824,0.6637536244866753,-0.7696120055724806,-1.9144699379046222,0.8428200490319713,2.407481638670094,-0.3483006548209975
38.3,0.03333333333333144,1149,1149,takeover,cartesian_freedrive,0.9689315700977773,0.008311680673302641,0.1309977977429722,0.6589503911516008,-0.7728554609806637,-1.9190459446530261,0.8409441880902535,2.406767456302633,-0.35171618707809005
38.333333333333336,0.033333333333338544,1150,1150,takeover,cartesian_freedrive,0.9695191612636753,0.008311676188253845,0.13075272151597211,0.6541653972542824,-0.7761210529250681,-1.9235625100778304,0.8390244568500035,2.406030907091652,-0.3551017387207668
38.36666666666667,0.03333333333333144,1151,1151,takeover,cartesian_freedrive,0.9701067524295732,0.008311667437931823,0.13049995498539899,0.6493985591302299,-0.779408538883747,-1.928019722784181,0.8370610296238701,2.40527207058482,-0.3584574687563306
38.4,0.03333333333333144,1152,1152,takeover,cartesian_freedrive,0.9706943435954712,0.008311656781009008,0.13023948458557327,0.6446498010975734,-0.7827176826266591,-1.932417661044781,0.8350540946490382,2.4044910188974677,-0.3617835423577997
38.43333333333333,0.03333333333333144,1153,1153,takeover,cartesian_freedrive,0.9712819347613694,0.008311652613378398,0.12997129271312494,0.6399190551865991,-0.7860482454628877,-1.9367563932906224,0.8330038545030986,2.403687816275964,-0.3650801296582976
38.46666666666667,0.033333333333338544,1154,1154,takeover,cartesian_freedrive,0.9718695259272674,0.008311640748192153,0.1296953554911179,0.6352062605987473,-0.7893999635097615,-1.9410359788452527,0.8309105277954006,2.402862518902276,-0.3683474058912186
38.5,0.03333333333333144,1155,1155,takeover,cartesian_freedrive,0.9724571170931654,0.008311628054528356,0.12941164694755175,0.6305113646479007,-0.7927725923705122,-1.945256467269667,0.8287743463285284,2.4020151760322546,-0.37158555278249955
38.53333333333333,0.03333333333333144,1156,1156,takeover,cartesian_freedrive,0.9730447082590633,0.008311614827419359,0.12912013530719813,0.625834321905043,-0.7961658690130364,-1.9494178993965168,0.8265955576813105,2.401145829117869,-0.37479475732445133
38.56666666666667,0.033333333333338544,1157,1157,takeover,cartesian_freedrive,0.9736322994249614,0.008311662256468145,0.12882077944999568,0.6211751030244586,-0.7995795343397004,-1.9535203072351581,0.8243744194643023,2.4002544661974246,-0.3779751998210425
38.6,0.03333333333333144,1158,1158,takeover,cartesian_freedrive,0.9742198905908594,0.008311616823416948,0.1285135535093688,0.6165336523139853,-0.8030132972559553,-1.9575637144257871,0.8221112239670558,2.399341252973639,-0.3811271207591311
38.63333333333333,0.03333333333333144,1159,1159,takeover,cartesian_freedrive,0.9085812859403452,0.008314758127515812,0.12872144342437375,0.6155347623892409,-0.8030167616683661,-1.96045702714807,0.8229883148594911,2.4010874895343166,-0.3830003561844161
38.666666666666664,0.03333333333333144,1160,1160,takeover,cartesian_freedrive,0.8429426812898309,0.008270453951855196,0.1290040087724557,0.6151181832821692,-0.8024464211942595,-1.9631641585137862,0.824362574953093,2.4032457532499256,-0.3846808675238691
38.7,0.033333333333338544,1161,1161,takeover,cartesian_freedrive,0.7773040766393166,0.00868946071590178,0.12927678584494204,0.6147100461544889,-0.8018599024399806,-1.9658605733717343,0.8257493742474558,2.4054028303074544,-0.38636642843925995
38.733333333333334,0.03333333333333144,1162,1162,takeover,cartesian_freedrive,0.7116654719888023,0.010891625308820844,0.1295403732516452,0.6143079293398237,-0.8012673879040983,-1.968547053430674,0.8271463847414053,2.4075567358872862,-0.388058858934309
38.766666666666666,0.03333333333333144,1163,1163,takeover,cartesian_freedrive,0.6460268673382881,0.01351206533128177,0.1297946149456391,0.6139118479445839,-0.8006673387401758,-1.9712236025927874,0.8285540191180707,2.4097076216469104,-0.38975829103324805
38.8,0.03333333333333144,1164,1164,takeover,cartesian_freedrive,0.5803882626877737,0.016137709285669724,0.13003974504897356,0.6135219457901155,-0.8000596570653897,-1.9738902089361627,0.8299725244667573,2.4118552242034443,-0.3914647763138415
38.833333333333336,0.033333333333338544,1165,1165,takeover,cartesian_freedrive,0.5147496580372593,0.018763238931890233,0.13027613428274396,0.6131384026822663,-0.7994448482388495,-1.9765468584285673,0.8314020734360832,2.4139991076237477,-0.3931784706982854
38.86666666666667,0.03333333333333144,1166,1166,takeover,cartesian_freedrive,0.4491110533867452,0.021388728196994625,0.13050346475442326,0.6127610972272052,-0.7988224212503104,-1.9791935679946302,0.8328427752959292,2.4161397664441058,-0.3948994755529811
38.9,0.03333333333333144,1167,1167,takeover,cartesian_freedrive,0.3834724487362309,0.024014393307979744,0.13072201810088752,0.6123901626178418,-0.7981927185274186,-1.981830329623094,0.8342947410159163,2.418276837006611,-0.3966278418696219
38.93333333333333,0.03333333333333144,1168,1168,takeover,cartesian_freedrive,0.3178338440857166,0.02663984554051635,0.13093184585888704,0.6120256271914907,-0.7975558224324408,-1.9844571468452834,0.8357580653312627,2.420410275614027,-0.39836370628990686
38.96666666666667,0.033333333333338544,1169,1169,takeover,cartesian_freedrive,0.2521952394352023,0.02926542782355668,0.13113260315529257,0.6116673540259959,-0.7969111919126564,-1.9870740372013584,0.8372328071539353,2.4225405782104645,-0.4001071041071965
39.0,0.03333333333333144,1170,1170,takeover,cartesian_freedrive,0.18655663478468787,0.03189099263082444,0.13132512489152562,0.6113157018881233,-0.7962599733761103,-1.9896809738073997,0.8387190962241531,2.424666591262347,-0.4018581355280514
39.03333333333333,0.03333333333333144,1171,1171,takeover,cartesian_freedrive,0.12091803013417368,0.034516449390135415,0.13150847966838178,0.6109702846148855,-0.7956008556870178,-1.9922779953245904,0.840216943967172,2.426789632383686,-0.40361686152672505
39.06666666666667,0.033333333333338544,1172,1172,takeover,cartesian_freedrive,0.05527942548365938,0.03714208999087883,0.13168357138810108,0.6106314874728849,-0.7949350501762759,-1.9948650735045215,0.8417264919303865,2.428908443304379,-0.40538337269819963
39.1,0.03333333333333144,1173,1173,takeover,cartesian_freedrive,-0.010359179166854915,0.03976754663377845,0.13184954955086436,0.610298961455552,-0.7942613734974816,-1.9974422410107238,0.8432477436098686,2.43102423072495,-0.4071577186366494
39.13333333333333,0.03333333333333144,1174,1174,takeover,cartesian_freedrive,-0.07599778381736932,0.042393118439580726,0.1320073796289353,0.6099731137075464,-0.7935811225838544,-2.000009468492519,0.844780854433635,2.433135646167646,-0.4089400148601681
39.166666666666664,0.03333333333333144,1175,1175,takeover,cartesian_freedrive,-0.1416363884678835,0.045018666974349794,0.13215633507004812,0.609653649516355,-0.792893259511749,-2.0025667828473823,0.8463258360778505,2.435243721139408,-0.4107302913615205
39.2,0.033333333333338544,1176,1176,takeover,cartesian_freedrive,-0.2072749931183977,0.04764423087239505,0.1322966148079772,0.6093406576165878,-0.7921980523646608,-2.005114179148127,0.8478827766005838,2.4373481895525817,-0.41252863847509497
39.233333333333334,0.03333333333333144,1177,1177,takeover,cartesian_freedrive,-0.2729135977689121,0.05026974261196607,0.1324283856008884,0.6090342127732884,-0.7914957000240449,-2.007651653842326,0.8494517669059665,2.4394488251657704,-0.41433514177026726
39.266666666666666,0.03333333333333144,1178,1178,takeover,cartesian_freedrive,-0.3385522024194263,0.05289524761745218,0.1325517687496497,0.6087343714336253,-0.7907863345675034,-2.0101792040995354,0.8510328906617443,2.441545468371944,-0.41614987882867127
39.3,0.03333333333333144,1179,1179,takeover,cartesian_freedrive,-0.4041908070699405,0.05552081125867821,0.132666670529263,0.6084411012816655,-0.7900697983370458,-2.0126968338812428,0.852626216728036,2.4436382610247525,-0.4179729203059885
39.333333333333336,0.033333333333338544,1180,1180,takeover,cartesian_freedrive,-0.4698294117204549,0.058146342128925714,0.1327729476905958,0.6081543512336394,-0.7893458660883619,-2.0152045478909955,0.8542318078805731,2.4457274189428615,-0.4198043290506716
39.36666666666667,0.03333333333333144,1181,1181,takeover,cartesian_freedrive,-0.5354680163709693,0.06077187541743889,0.13287091623432332,0.607874256863819,-0.788614910574632,-2.01770233649212,0.8558497719517234,2.4478125001535687,-0.42164420326499297
39.4,0.03333333333333144,1182,1182,takeover,cartesian_freedrive,-0.6011066210214835,0.06339740943457804,0.13296045984993743,0.6076007786895123,-0.787876691088686,-2.0201902037411203,0.857480182333525,2.449893670850332,-0.4234926110731852
39.43333333333333,0.03333333333333144,1183,1183,takeover,cartesian_freedrive,-0.6667452256719977,0.06602285575294364,0.1330408350744589,0.6073336368579365,-0.7871296942482002,-2.0226681804766735,0.8591230862143593,2.451971958858031,-0.42534954343229314
39.46666666666667,0.033333333333338544,1184,1184,takeover,cartesian_freedrive,-0.7323838303225119,0.06864673364439719,0.13311427471963722,0.607073710246725,-0.7863782688387925,-2.0251361705735085,0.8607786401321149,2.4540443159363363,-0.4272153185500551
39.5,0.03333333333333144,1185,1185,takeover,cartesian_freedrive,-0.7980224349730265,0.07127202418229384,0.13317784153435788,0.6068198441499156,-0.7856173902230944,-2.027594276156043,0.8624467916482725,2.456115003572451,-0.4290897301170804
39.53333333333333,0.03333333333333144,1186,1186,takeover,cartesian_freedrive,-0.8636610396235407,0.07389763046080457,0.13323395268955213,0.6065730057211697,-0.7848509340776357,-2.030042430614629,0.8641277043612088,2.4581804275534553,-0.4309730440521185
39.56666666666667,0.033333333333338544,1187,1187,takeover,cartesian_freedrive,-0.9292996442740549,0.07652252701815732,0.13328174746232435,0.6063328625202659,-0.7840770258668173,-2.032480631527969,0.8658215134243424,2.460241891518198,-0.43286525345348786
39.6,0.03333333333333144,1188,1188,takeover,cartesian_freedrive,-0.9949382489245693,0.07914806343395814,0.13332139447607386,0.6060994845452096,-0.7832966245413332,-2.034908888902772,0.8675281936659022,2.462299211129596,-0.43476648198524886
39.63333333333333,0.03333333333333144,1189,1189,takeover,cartesian_freedrive,-0.9949382489245693,0.07979676416945831,0.1333265777415432,0.6060680498535028,-0.7831906769374786,-2.035236968869393,0.8677591612630943,2.462577242729927,-0.4350236470173985
39.666666666666664,0.03333333333333144,1190,1190,takeover,cartesian_freedrive,-0.9949382489245693,0.07979752900069631,0.13332660067333635,0.6060678980215966,-0.7831901506540002,-2.0352385482576167,0.8677602743681178,2.462578581757498,-0.43502488474842055
39.7,0.033333333333338544,1191,1191,takeover,cartesian_freedrive,-0.9949382489245693,0.07979752990244796,0.13332660079156666,0.606067897292522,-0.7831901482060063,-2.035238555857635,0.8677602797175565,2.4625785882024536,-0.43502489070568967
39.733333333333334,0.03333333333333144,1192,1192,takeover,cartesian_freedrive,-0.9949382489245693,0.07979752990351116,0.13332660079217198,0.6060678972890208,-0.783190148194616,-2.0352385558942063,0.867760279743267,2.4625785882334745,-0.43502489073436235
39.766666666666666,0.03333333333333144,1193,1193,takeover,cartesian_freedrive,-0.9949382489245693,0.07979752990351235,0.13332660079217493,0.6060678972890045,-0.7831901481945635,-2.0352385558943804,0.8677602797433903,2.462578588233622,-0.4350248907345004
39.8,0.03333333333333144,1194,1194,takeover,cartesian_freedrive,-0.9949382489245693,0.07979752990351235,0.13332660079217493,0.6060678972890045,-0.7831901481945635,-2.0352385558943804,0.8677602797433903,2.462578588233622,-0.43502489073450074
39.833333333333336,0.033333333333338544,1195,1195,takeover,cartesian_freedrive,-0.9949382489245693,0.07979752990351235,0.13332660079217493,0.6060678972890045,-0.7831901481945635,-2.0352385558943804,0.8677602797433903,2.462578588233622,-0.43502489073450074
39.86666666666667,0.03333333333333144,1196,1196,takeover,cartesian_freedrive,-0.9949382489245693,0.07979752990351235,0.13332660079217493,0.6060678972890045,-0.7831901481945635,-2.0352385558943804,0.8677602797433903,2.462578588233622,-0.43502489073450074
39.9,0.03333333333333144,1197,1197,takeover,cartesian_freedrive,-0.9949382489245693,0.07979752990351235,0.13332660079217493,0.6060678972890045,-0.7831901481945635,-2.0352385558943804,0.8677602797433903,2.462578588233622,-0.43502489073450074
39.93333333333333,0.03333333333333144,1198,1198,takeover,cartesian_freedrive,-0.9949382489245693,0.07979752990351235,0.13332660079217493,0.6060678972890045,-0.7831901481945635,-2.0352385558943804,0.8677602797433903,2.462578588233622,-0.43502489073450074
39.96666666666667,0.033333333333338544,1199,1199,takeover,cartesian_freedrive,-0.9949382489245693,0.07979752990351235,0.13332660079217493,0.6060678972890045,-0.7831901481945635,-2.0352385558943804,0.8677602797433903,2.462578588233622,-0.43502489073450074
40.0,0.03333333333333144,1200,1200,takeover,cartesian_freedrive,-0.9949382489245693,0.07979752990351235,0.13332660079217493,0.6060678972890045,-0.7831901481945635,-2.0352385558943804,0.8677602797433903,2.462578588233622,-0.43502489073450074
40.03333333333333,0.03333333333333144,1201,1201,takeover,cartesian_freedrive,-0.9949382489245693,0.07979752990351235,0.13332660079217493,0.6060678972890045,-0.7831901481945635,-2.0352385558943804,0.8677602797433903,2.462578588233622,-0.43502489073450074
40.06666666666667,0.033333333333338544,1202,1202,takeover,cartesian_freedrive,-0.9949382489245693,0.07979752990351235,0.13332660079217493,0.6060678972890045,-0.7831901481945635,-2.0352385558943804,0.8677602797433903,2.462578588233622,-0.43502489073450074
40.1,0.03333333333333144,1203,1203,takeover,cartesian_freedrive,-0.9949382489245693,0.07979752990351235,0.13332660079217493,0.6060678972890045,-0.7831901481945635,-2.0352385558943804,0.8677602797433903,2.462578588233622,-0.43502489073450074
40.13333333333333,0.03333333333333144,1204,1204,takeover,cartesian_freedrive,-0.9949382489245693,0.07979752990351235,0.13332660079217493,0.6060678972890045,-0.7831901481945635,-2.0352385558943804,0.8677602797433903,2.462578588233622,-0.43502489073450074
40.166666666666664,0.03333333333333144,1205,1205,takeover,cartesian_freedrive,-0.9949382489245693,0.07979752990351235,0.13332660079217493,0.6060678972890045,-0.7831901481945635,-2.0352385558943804,0.8677602797433903,2.462578588233622,-0.43502489073450074
40.2,0.033333333333338544,1206,1206,takeover,cartesian_freedrive,-0.9949382489245693,0.07979752990351235,0.13332660079217493,0.6060678972890045,-0.7831901481945635,-2.0352385558943804,0.8677602797433903,2.462578588233622,-0.43502489073450074
40.233333333333334,0.03333333333333144,1207,1207,takeover,cartesian_freedrive,-0.9949382489245693,0.07979752990351235,0.13332660079217493,0.6060678972890045,-0.7831901481945635,-2.0352385558943804,0.8677602797433903,2.462578588233622,-0.43502489073450074
40.266666666666666,0.03333333333333144,1208,1208,takeover,cartesian_freedrive,-0.9949382489245693,0.07979752990351235,0.13332660079217493,0.6060678972890045,-0.7831901481945635,-2.0352385558943804,0.8677602797433903,2.462578588233622,-0.43502489073450074
40.3,0.03333333333333144,1209,1209,takeover,cartesian_freedrive,-0.9949382489245693,0.07979752990351235,0.13332660079217493,0.6060678972890045,-0.7831901481945635,-2.0352385558943804,0.8677602797433903,2.462578588233622,-0.43502489073450074
40.333333333333336,0.033333333333338544,1210,1210,takeover,cartesian_freedrive,-0.9949382489245693,0.07979752990351235,0.13332660079217493,0.6060678972890045,-0.7831901481945635,-2.0352385558943804,0.8677602797433903,2.462578588233622,-0.43502489073450074
40.36666666666667,0.03333333333333144,1211,1211,takeover,cartesian_freedrive,-0.9949382489245693,0.07979752990351235,0.13332660079217493,0.6060678972890045,-0.7831901481945635,-2.0352385558943804,0.8677602797433903,2.462578588233622,-0.43502489073450074
40.4,0.03333333333333144,1212,1212,takeover,cartesian_freedrive,-0.9949382489245693,0.07979752990351235,0.13332660079217493,0.6060678972890045,-0.7831901481945635,-2.0352385558943804,0.8677602797433903,2.462578588233622,-0.43502489073450074
40.43333333333333,0.03333333333333144,1213,1213,takeover,cartesian_freedrive,-0.9949382489245693,0.07979752990351235,0.13332660079217493,0.6060678972890045,-0.7831901481945635,-2.0352385558943804,0.8677602797433903,2.462578588233622,-0.43502489073450074
40.46666666666667,0.033333333333338544,1214,1214,takeover,cartesian_freedrive,-0.9949382489245693,0.07979752990351235,0.13332660079217493,0.6060678972890045,-0.7831901481945635,-2.0352385558943804,0.8677602797433903,2.462578588233622,-0.43502489073450074
40.5,0.03333333333333144,1215,1215,takeover,cartesian_freedrive,-0.9949382489245693,0.07979752990351235,0.13332660079217493,0.6060678972890045,-0.7831901481945635,-2.0352385558943804,0.8677602797433903,2.462578588233622,-0.43502489073450074
40.53333333333333,0.03333333333333144,1216,1216,takeover,cartesian_freedrive,-0.9949382489245693,0.07979752990351235,0.13332660079217493,0.6060678972890045,-0.7831901481945635,-2.0352385558943804,0.8677602797433903,2.462578588233622,-0.43502489073450074
40.56666666666667,0.033333333333338544,1217,1217,takeover,cartesian_freedrive,-0.9949382489245693,0.07979752990351235,0.13332660079217493,0.6060678972890045,-0.7831901481945635,-2.0352385558943804,0.8677602797433903,2.462578588233622,-0.43502489073450074
40.6,0.03333333333333144,1218,1218,takeover,cartesian_freedrive,-0.9949382489245693,0.07979752990351235,0.13332660079217493,0.6060678972890045,-0.7831901481945635,-2.0352385558943804,0.8677602797433903,2.462578588233622,-0.43502489073450074
40.63333333333333,0.03333333333333144,1219,1219,takeover,cartesian_freedrive,-0.9949382489245693,0.07979752990351235,0.13332660079217493,0.6060678972890045,-0.7831901481945635,-2.0352385558943804,0.8677602797433903,2.462578588233622,-0.43502489073450074
40.666666666666664,0.03333333333333144,1220,1220,takeover,cartesian_freedrive,-0.9949382489245693,0.07979752990351235,0.13332660079217493,0.6060678972890045,-0.7831901481945635,-2.0352385558943804,0.8677602797433903,2.462578588233622,-0.43502489073450074
40.7,0.033333333333338544,1221,1221,takeover,cartesian_freedrive,-0.9949382489245693,0.07979752990351235,0.13332660079217493,0.6060678972890045,-0.7831901481945635,-2.0352385558943804,0.8677602797433903,2.462578588233622,-0.43502489073450074
40.733333333333334,0.03333333333333144,1222,1222,takeover,cartesian_freedrive,-0.9949382489245693,0.07979752990351235,0.13332660079217493,0.6060678972890045,-0.7831901481945635,-2.0352385558943804,0.8677602797433903,2.462578588233622,-0.43502489073450074
40.766666666666666,0.03333333333333144,1223,1223,takeover,cartesian_freedrive,-0.9949382489245693,0.07979752990351235,0.13332660079217493,0.6060678972890045,-0.7831901481945635,-2.0352385558943804,0.8677602797433903,2.462578588233622,-0.43502489073450074
40.8,0.03333333333333144,1224,1224,takeover,cartesian_freedrive,-0.9949382489245693,0.07979752990351235,0.13332660079217493,0.6060678972890045,-0.7831901481945635,-2.0352385558943804,0.8677602797433903,2.462578588233622,-0.43502489073450074
40.833333333333336,0.033333333333338544,1225,1225,takeover,cartesian_freedrive,-0.9949382489245693,0.07979752990351235,0.13332660079217493,0.6060678972890045,-0.7831901481945635,-2.0352385558943804,0.8677602797433903,2.462578588233622,-0.43502489073450074
40.86666666666667,0.03333333333333144,1226,1226,takeover,cartesian_freedrive,-0.9949382489245693,0.07979752990351235,0.13332660079217493,0.6060678972890045,-0.7831901481945635,-2.0352385558943804,0.8677602797433903,2.462578588233622,-0.43502489073450074
40.9,0.03333333333333144,1227,1227,takeover,cartesian_freedrive,-0.9949382489245693,0.07979752990351235,0.13332660079217493,0.6060678972890045,-0.7831901481945635,-2.0352385558943804,0.8677602797433903,2.462578588233622,-0.43502489073450074
40.93333333333333,0.03333333333333144,1228,1228,takeover,cartesian_freedrive,-0.9949382489245693,0.07979752990351235,0.13332660079217493,0.6060678972890045,-0.7831901481945635,-2.0352385558943804,0.8677602797433903,2.462578588233622,-0.43502489073450074
40.96666666666667,0.033333333333338544,1229,1229,takeover,cartesian_freedrive,-0.9949382489245693,0.07979752990351235,0.13332660079217493,0.6060678972890045,-0.7831901481945635,-2.0352385558943804,0.8677602797433903,2.462578588233622,-0.43502489073450074
41.0,0.03333333333333144,1230,1230,takeover,cartesian_freedrive,-0.9949382489245693,0.07979752990351235,0.13332660079217493,0.6060678972890045,-0.7831901481945635,-2.0352385558943804,0.8677602797433903,2.462578588233622,-0.43502489073450074
41.03333333333333,0.03333333333333144,1231,1231,takeover,cartesian_freedrive,-0.9949382489245693,0.07979752990351235,0.13332660079217493,0.6060678972890045,-0.7831901481945635,-2.0352385558943804,0.8677602797433903,2.462578588233622,-0.43502489073450074
41.06666666666667,0.033333333333338544,1232,1232,takeover,cartesian_freedrive,-0.9949382489245693,0.07979752990351235,0.13332660079217493,0.6060678972890045,-0.7831901481945635,-2.0352385558943804,0.8677602797433903,2.462578588233622,-0.43502489073450074
41.1,0.03333333333333144,1233,1233,takeover,cartesian_freedrive,-0.9949382489245693,0.07979752990351235,0.13332660079217493,0.6060678972890045,-0.7831901481945635,-2.0352385558943804,0.8677602797433903,2.462578588233622,-0.43502489073450074
41.12083333333333,0.020833333333328596,1234,1234,takeover,cartesian_freedrive,-0.9949382489245693,0.07979752990351235,0.13332660079217493,0.6060678972890045,-0.7831901481945635,-2.0352385558943804,0.8677602797433903,2.462578588233622,-0.43502489073450074
